subsystem	component	bundle_path	adapted_system_types	component_dependency_count	component_dependencies	third_party_dependency_count	third_party_dependencies	sub_component_target_count	sub_component_targets	inner_kit_count	test_entry_count	test_entries
ability	ability_base	foundation/ability/ability_base/bundle.json	standard	12	ability_runtime,bundle_framework,c_utils,hilog,hitrace,icu,ipc,resource_management,json,jsoncpp,zlib,window_manager	0		1	//foundation/ability/ability_base:base_innerkits_target	10	2	//foundation/ability/ability_base/test/unittest:unittest,//foundation/ability/ability_base/test/fuzztest:fuzztest
ability	ability_cangjie_wrapper	foundation/ability/ability_cangjie_wrapper/bundle.json	standard	12	ability_runtime,access_token,accesscontrol_cangjie_wrapper,cangjie_ark_interop,arkui_cangjie_wrapper,hiviewdfx_cangjie_wrapper,bundlemanager_cangjie_wrapper,communication_cangjie_wrapper,global_cangjie_wrapper,multimedia_cangjie_wrapper,window_cangjie_wrapper,testfwk_cangjie_wrapper	0		2	//foundation/ability/ability_cangjie_wrapper/ohos:ability_package,//foundation/ability/ability_cangjie_wrapper/kit/AbilityKit:kit.AbilityKit	8	0	
ability	ability_lite	foundation/ability/ability_lite/bundle.json	mini,small	7	bundle_framework_lite,kv_store,ui_lite,surface_lite,hilog,samgr_lite,window_manager_lite	3	bounds_checking_function,cJSON,freetype	3	//foundation/ability/ability_lite/frameworks/ability_lite:aafwk_abilitykit_lite,//foundation/ability/ability_lite/frameworks/abilitymgr_lite:aafwk_abilityManager_lite,//foundation/ability/ability_lite/services/abilitymgr_lite:aafwk_services_lite	0	0	
ability	ability_runtime	foundation/ability/ability_runtime/bundle.json	standard	75	ability_base,accessibility,access_token,ace_engine,api_metrics,app_domain_verify,app_file_service,appspawn,background_task_mgr,bounds_checking_function,bundle_framework,common_event_service,config_policy,c_utils,cJSON,data_share,dlp_permission_service,dsoftbus,eventhandler,ets_frontend,ets_runtime,ets_utils,faultloggerd,ffrt,form_fwk,graphic_2d,hiappevent,hichecker,hicollie,hilog,hisysevent,hitrace,hiview,i18n,icu,idl_tool,image_framework,init,input,ipc,json,kv_store,libjpeg-turbo,libuv,libxml2,media_library,memmgr,memory_utils,napi,netmanager_base,node,os_account,power_manager,preferences,previewer,qos_manager,relational_store,resource_management,resource_schedule_service,runtime_core,safwk,samgr,sandbox_manager,screenlock_mgr,selinux_adapter,storage_service,toolchain,udmf,webview,window_manager,zlib,hiperf,hiprofiler,taihe_ffi_gen,node	0		46	//foundation/ability/ability_runtime/agent_runtime_framework/interfaces/inner_api:agent_fwk,//foundation/ability/ability_runtime/agent_runtime_framework/services/agentmgr:agentmgr,//foundation/ability/ability_runtime/cli_tool_framework/etc/profile:aimgr_cfg,//foundation/ability/ability_runtime/cli_tool_framework/etc/profile:aimgr_trust,//foundation/ability/ability_runtime/cli_tool_framework/frameworks:cli_tool_framework_packages,//foundation/ability/ability_runtime/cli_tool_framework/interfaces/cli_tool:cli_tool_client,//foundation/ability/ability_runtime/cli_tool_framework/services/climgr:climgr,//foundation/ability/ability_runtime/services:ams_target,//foundation/ability/ability_runtime/services/sa_profile:ams_sa_profile,//foundation/ability/ability_runtime/services/quickfixmgr:quick_fix.cfg,//foundation/ability/ability_runtime/tools:tools_target,//foundation/ability/ability_runtime/interfaces/inner_api:innerkits_target,//foundation/ability/ability_runtime/interfaces/inner_api/insight_intent/intent_client:intent_client,//foundation/ability/ability_runtime/frameworks/native/ability/native:ability_thread,//foundation/ability/ability_runtime/frameworks/native/ability/native:app_service_extension_ani,//foundation/ability/ability_runtime/frameworks/native/ability/native:auto_fill_extension_ani,//foundation/ability/ability_runtime/frameworks/native/ability/native:extension_module,//foundation/ability/ability_runtime/frameworks/native/ability/native:insight_intent_executor_ani,//foundation/ability/ability_runtime/frameworks/native/ability/native:photo_editor_extension_ani,//foundation/ability/ability_runtime/frameworks/native/ability/native:service_extension_ani,//foundation/ability/ability_runtime/frameworks/native/ability/native:ui_ability_ani,//foundation/ability/ability_runtime/frameworks/native/ability/native:ui_extension_ani,//foundation/ability/ability_runtime/frameworks/native/ability/native:ui_service_extension_ani,//foundation/ability/ability_runtime/frameworks/native/appkit:ability_stage_ani,//foundation/ability/ability_runtime/frameworks/native/appkit:test_runner_ani,//foundation/ability/ability_runtime/frameworks/native/appkit:appkit_child,//foundation/ability/ability_runtime/frameworks/native/appkit:appkit_child_entry,//foundation/ability/ability_runtime/frameworks/native/child_process:child_process,//foundation/ability/ability_runtime/frameworks/native/insight_intent:insight_intent_innerkits,//foundation/ability/ability_runtime/frameworks/c/ability_runtime:ability_runtime,//foundation/ability/ability_runtime/frameworks/cj:cj_ability_packages,//foundation/ability/ability_runtime/frameworks/ets/ani:ani_packages,//foundation/ability/ability_runtime/frameworks/js/napi:napi_packages,//foundation/ability/ability_runtime/frameworks/ets/ets:ets_packages,//foundation/ability/ability_runtime/cj_environment/frameworks/cj_environment:cj_environment,//foundation/ability/ability_runtime/ets_environment/frameworks/ets_environment:ets_environment,//foundation/ability/ability_runtime/js_environment/frameworks/js_environment:js_environment,//foundation/ability/ability_runtime/services/abilitymgr/etc:appfwk_etc,//foundation/ability/ability_runtime/services/dialog_ui/ams_system_dialog:dialog_hap,//foundation/ability/ability_runtime/service_router_framework:srms_target,//foundation/ability/ability_runtime/service_router_framework:jsapi_target,//foundation/ability/ability_runtime/agent_runtime_framework/frameworks/ets/ets:agent_runtime_ets_packages,//foundation/ability/ability_runtime/agent_runtime_framework/frameworks/ets/ani:agent_runtime_ani_packages,//foundation/ability/ability_runtime/agent_runtime_framework/frameworks/js/napi:agent_runtime_napi_packages,//foundation/ability/ability_runtime/agent_runtime_framework/frameworks/native/agent_extension:agent_extension_module,//foundation/ability/ability_runtime/agent_runtime_framework/frameworks/native/agent_ui_extension_ability:agent_ui_extension_module	81	12	//foundation/ability/ability_runtime/cli_tool_framework/test/unittest:unittest,//foundation/ability/ability_runtime/test/moduletest:moduletest,//foundation/ability/ability_runtime/test/fuzztest:fuzztest,//foundation/ability/ability_runtime/test/unittest:unittest,//foundation/ability/ability_runtime/test/sample:sample,//foundation/ability/ability_runtime/tools/test:moduletest,//foundation/ability/ability_runtime/tools/test:systemtest,//foundation/ability/ability_runtime/tools/test:unittest,//foundation/ability/ability_runtime/cj_environment/test/unittest:unittest,//foundation/ability/ability_runtime/ets_environment/test/unittest:unittest,//foundation/ability/ability_runtime/js_environment/test/unittest:unittest,//foundation/ability/ability_runtime/service_router_framework:test_target
ability	dmsfwk	foundation/ability/dmsfwk/bundle.json	standard	56	ability_base,ability_runtime,access_token,av_codec,background_task_mgr,bluetooth,bundle_framework,cJSON,c_utils,common_event_service,config_policy,device_auth,device_info_manager,device_security_level,device_manager,distributed_bundle_framework,dmsfwk,dsoftbus,data_share,ets_frontend,eventhandler,enterprise_device_management,ffrt,form_fwk,graphic_2d,graphic_surface,hisysevent,hitrace,hilog,image_framework,init,input,ipc,json,kv_store,libuv,memmgr,media_foundation,napi,node,openssl,os_account,resource_management,resource_schedule_service,runtime_core,safwk,samgr,screenlock_mgr,video_processing_engine,window_manager,wifi,storage_service,distributed_notification_service,i18n,hiappevent,taihe_ffi_gen	0		0		6	9	//foundation/ability/dmsfwk/interfaces/innerkits/tests:dms_sdk_demo,//foundation/ability/dmsfwk/services/dtbschedmgr:unittest,//foundation/ability/dmsfwk/services/dtbabilitymgr:unittest,//foundation/ability/dmsfwk/services/dtbcollabmgr/src/ability_connection_manager:unittest,//foundation/ability/dmsfwk/services/dtbcollabmgr/src/channel_manager:unittest,//foundation/ability/dmsfwk/services/dtbcollabmgr/src/av_trans_stream_provider:unittest,//foundation/ability/dmsfwk/services/dtbschedmgr/test/dExtensionDemo:dExtensionDemo,//foundation/ability/dmsfwk/test:fuzztest,//foundation/ability/dmsfwk/frameworks:target_distributed_tests
ability	dmsfwk_lite	foundation/ability/dmsfwk_lite/bundle.json	small	6	utils_lite,hilog_lite,samgr_lite,bundle_framework_lite,ability_lite,huks	2	bounds_checking_function,cJSON	2	//foundation/ability/dmsfwk_lite:dtbschedmgr,//foundation/ability/dmsfwk_lite/moduletest/dtbschedmgr_lite:distributed_schedule_test_dms_door	1	0	
ability	form_fwk	foundation/ability/form_fwk/bundle.json	standard	49	ability_runtime,api_metrics,distributed_notification_service,bundle_framework,common_event_service,cJSON,faultloggerd,ffrt,hilog,ipc,napi,relational_store,os_account,power_manager,safwk,samgr,c_utils,ability_base,ets_runtime,eventhandler,hiappevent,hitrace,access_token,data_share,hicollie,hisysevent,kv_store,netmanager_base,resource_management,time_service,device_usage_statistics,ace_engine,memmgr,init,resource_schedule_service,jsoncpp,libxml2,config_policy,runtime_core,device_manager,dmsfwk,huks,selinux_adapter,openssl,window_manager,graphic_2d,qos_manager,input,image_framework	2	node,json	0		10	3	//foundation/ability/form_fwk/test:benchmarktest,//foundation/ability/form_fwk/test:unittest,//foundation/ability/form_fwk/test/fuzztest:fuzztest
ability	idl_tool	foundation/ability/idl_tool/bundle.json	standard	6	hilog,ipc,samgr,safwk,c_utils,bounds_checking_function	0		2	//foundation/ability/idl_tool:idl,//foundation/ability/idl_tool:idl_group	1	6	//foundation/ability/idl_tool/test/rust/moduletest:moduletest,//foundation/ability/idl_tool/test/rust/unittest:unittest,//foundation/ability/idl_tool/test/ts/moduletest:moduletest,//foundation/ability/idl_tool/test/ts/unittest:unittest,//foundation/ability/idl_tool/test/unittest:unittest,//foundation/ability/idl_tool/idl_tool_2/test/unittest:unittest
accesscontrol	accesscontrol_cangjie_wrapper	base/accesscontrol/accesscontrol_cangjie_wrapper/bundle.json	standard	4	access_token,cangjie_ark_interop,ability_cangjie_wrapper,hiviewdfx_cangjie_wrapper	0		2	//base/accesscontrol/accesscontrol_cangjie_wrapper/ohos/ability_access_ctrl:ohos.ability_access_ctrl,//base/accesscontrol/accesscontrol_cangjie_wrapper/ohos/security/permission_request_result:ohos.security.permission_request_result	2	0	
accesscontrol	sandbox_manager	base/accesscontrol/sandbox_manager/bundle.json	standard	22	ability_base,access_token,appspawn,bundle_framework,cJSON,c_utils,common_event_service,config_policy,data_share,eventhandler,hilog,hisysevent,ipc,media_library,os_account,relational_store,safwk,samgr,security_guard,init,selinux,bounds_checking_function	0		0		1	2	//base/accesscontrol/sandbox_manager:sandbox_manager_build_module_test,//base/accesscontrol/sandbox_manager:sandbox_manager_build_fuzz_test
account	os_account	base/account/os_account/bundle.json	standard	37	ability_base,ability_runtime,access_token,ace_engine,asset,cJSON,bundle_framework,common_event_service,c_utils,eventhandler,kv_store,hicollie,hilog,hisysevent,hitrace,huks,init,ipc,json,libuv,napi,node,pin_auth,runtime_core,safwk,samgr,security_guard,selinux_adapter,sqlite,storage_service,time_service,user_auth_framework,window_manager,openssl,config_policy,icu,tee_client	0		0		11	3	//base/account/os_account:account_build_unittest,//base/account/os_account:account_build_fuzztest,//base/account/os_account:account_build_moduletest
advertising	advertising	domains/advertising/advertising/bundle.json	standard	13	ability_base,ability_runtime,ace_engine,bundle_framework,cJSON,c_utils,config_policy,ipc,hilog,napi,safwk,samgr,libuv	0		1	//domains/advertising/advertising:advertising_native_packages	1	0	
advertising	oaid	domains/advertising/oaid/bundle.json	standard	17	ability_runtime,access_token,bundle_framework,cJSON,c_utils,config_policy,hilog,kv_store,ipc,napi,os_account,safwk,samgr,eventhandler,libuv,openssl,relational_store	0		1	//domains/advertising/oaid:oaid_native_packages	0	1	//domains/advertising/oaid/test/fuzztest:fuzztest
ai	ai_engine	foundation/ai/ai_engine/bundle.json	small	4	hilog,utils_base,ipc,samgr_lite	1	bounds_checking_function	1	//foundation/ai/ai_engine/services:ai	0	1	//foundation/ai/ai_engine/test
ai	intelligent_voice_framework	foundation/ai/intelligent_voice_framework/bundle.json	standard	27	ability_base,ability_runtime,access_token,c_utils,common_event_service,data_share,drivers_interface_intelligent_voice,hdf_core,hilog,image_framework,ipc,kv_store,audio_framework,napi,relational_store,safwk,samgr,state_registry,core_service,call_manager,huks,jsoncpp,power_manager,window_manager,ffrt,runtime_core,eventhandler	0		12	//foundation/ai/intelligent_voice_framework/services/intell_voice_service:intell_voice_server,//foundation/ai/intelligent_voice_framework/services/intell_voice_trigger:intelligentvoice_trigger,//foundation/ai/intelligent_voice_framework/services/intell_voice_engine:intelligentvoice_engine,//foundation/ai/intelligent_voice_framework/services:intell_voice_proxy,//foundation/ai/intelligent_voice_framework/services/etc:intell_voice_service.rc,//foundation/ai/intelligent_voice_framework/frameworks/js:intelligentvoice,//foundation/ai/intelligent_voice_framework/frameworks/js:intelligentvoice_js,//foundation/ai/intelligent_voice_framework/frameworks/native:intellvoice_native,//foundation/ai/intelligent_voice_framework/sa_profile:intell_voice_service_sa_profile,//foundation/ai/intelligent_voice_framework/utils:intell_voice_utils,//foundation/ai/intelligent_voice_framework/frameworks/taihe:intelligent_voice_framework_taihe,//foundation/ai/intelligent_voice_framework/frameworks/taihe:intelligent_voice_framework_taihe_gen_only	2	1	//foundation/ai/intelligent_voice_framework/tests:intell_voice_fuzz_test
ai	neural_network_runtime	foundation/ai/neural_network_runtime/bundle.json	standard	12	c_utils,drivers_interface_nnrt,hdf_core,hilog,hitrace,ipc,mindspore,init,json,jsoncpp,eventhandler,openssl	0		1	//foundation/ai/neural_network_runtime:nnrt_target	3	2	//foundation/ai/neural_network_runtime/test/unittest:unittest,//foundation/ai/neural_network_runtime:nnrt_fuzztest
applications	applications_cangjie_wrapper	applications/standard/applications_cangjie_wrapper/bundle.json	standard	4	cangjie_ark_interop,ability_cangjie_wrapper,hiviewdfx_cangjie_wrapper,settings	0		2	//applications/standard/applications_cangjie_wrapper/ohos/settings:ohos.settings,//applications/standard/applications_cangjie_wrapper/kit/BasicServicesKit:kit.BasicServicesKit	2	0	
applications	auth_widget	applications/standard/auth_widget/bundle.json	standard	0		0		1	//applications/standard/auth_widget:auth_widget	0	0	
applications	calendar_data	applications/standard/calendardata/bundle.json	standard	14	ability_base,ability_runtime,access_token,c_utils,data_share,hilog,ipc,napi,safwk,samgr,ace_engine,os_account,hiappevent,jsoncpp	0		0		1	1	//applications/standard/calendardata/calendarmanager/test:unittest
applications	camera	applications/standard/camera/bundle.json	standard	0		0		0		0	0	
applications	camera_sample_app	applications/sample/camera/bundle.json	small	12	ability_lite,bundle_framework_lite,surface_lite,ui_lite,graphic_utils_lite,kv_store,syspara_lite,camera_lite,media_lite,permission,samgr_lite,utils_base	2	bounds_checking_function,wpa_supplicant	5	//applications/sample/camera/launcher:launcher_hap,//applications/sample/camera/cameraApp:cameraApp_hap,//applications/sample/camera/setting:setting_hap,//applications/sample/camera/gallery:gallery_hap,//applications/sample/camera/media:media_sample	0	0	
applications	contacts_data	applications/standard/contacts_data/bundle.json	standard	34	file_api,icu,libphonenumber,node,ability_base,ability_runtime,access_token,bundle_framework,common_event_service,c_utils,cellular_data,core_service,data_share,eventhandler,hilog,ipc,jsoncpp,napi,os_account,preferences,relational_store,safwk,samgr,i18n,ace_engine,window_manager,player_framework,audio_framework,protobuf,ets_frontend,zlib,openssl,app_file_service,image_framework	0		0		0	7	//applications/standard/contacts_data/test/fuzztest/calllog_fuzzer:fuzztest,//applications/standard/contacts_data/test/fuzztest/contactsdata_fuzzer:fuzztest,//applications/standard/contacts_data/test/fuzztest/contactsother_fuzzer:fuzztest,//applications/standard/contacts_data/test/fuzztest/contactsutils_fuzzer:fuzztest,//applications/standard/contacts_data/test/fuzztest/database_fuzzer:fuzztest,//applications/standard/contacts_data/test/fuzztest/transliterate_fuzzer:fuzztest,//applications/standard/contacts_data/test/fuzztest/voicemail_fuzzer:fuzztest
applications	dlp_manager	applications/standard/dlp_manager/bundle.json	standard	0		0		1	//applications/standard/dlp_manager:dlp_manager	0	0	
applications	notes	applications/standard/notes/bundle.json	standard	7	ability_base,ability_runtime,relational_store,hiviewdfx_hilog_native,web_webview,resourceManager,medialibrary_standard	0		0		0	0	
applications	permission_manager	applications/standard/permission_manager/bundle.json	standard	0		0		1	//applications/standard/permission_manager:permission_manager	0	0	
applications	photos	applications/standard/photos/bundle.json	standard	0		0		0		0	0	
applications	settings	applications/standard/settings/bundle.json	standard	16	ability_base,ability_runtime,ace_engine,c_utils,data_share,hilog,relational_store,os_account,napi,ipc,runtime_core,hisysevent,samgr,distributed_notification_service,access_token,jsoncpp	0		8	//applications/standard/settings/napi/settings:settings,//applications/standard/settings/cj/settings:cj_settings_ffi,//applications/standard/settings/ani/settings:settings_ani,//applications/standard/settings/ani/settings:settings_etc,//applications/standard/settings/native/settings:settings_common,//applications/standard/settings/napi/intelligentscene:intelligentscene,//applications/standard/settings/ani/intelligentscene:intelligentscene_ani,//applications/standard/settings/ani/intelligentscene:intelligentscene_etc	2	0	
applications	user_certificate_manager	applications/standard/user_certificate_manager/bundle.json	standard	0		0		1	//applications/standard/user_certificate_manager:user_cert_manager	0	0	
applications	wifi_iot_sample_app	applications/sample/wifi-iot/app/bundle.json	mini	1	c_utils	0		1	//applications/sample/wifi-iot/app:app	0	0	
applications	wifi_iot_sample_app	applications/sample/wifi-iot/bundle.json	mini	5	utils_lite,liteos_m,peripheral,acts,samgr_lite	0		0		0	0	
arkcompiler	cangjie_ark_interop	arkcompiler/cangjie_ark_interop/bundle.json	standard	4	ability_runtime,napi,hiviewdfx_cangjie_wrapper,arkui_cangjie_wrapper	0		9	//arkcompiler/cangjie_ark_interop/ohos/ffi:ohos.ffi,//arkcompiler/cangjie_ark_interop/ohos/encoding:ohos.encoding.json,//arkcompiler/cangjie_ark_interop/ohos/encoding:ohos.json.static,//arkcompiler/cangjie_ark_interop/ohos:ohos.ark_interop,//arkcompiler/cangjie_ark_interop/ohos:ohos.ark_interop_helper,//arkcompiler/cangjie_ark_interop/ohos/labels:ohos.labels,//arkcompiler/cangjie_ark_interop/ohos/business_exception:ohos.business_exception,//arkcompiler/cangjie_ark_interop/ohos/callback_invoke:ohos.callback_invoke,//arkcompiler/cangjie_ark_interop/kit/CangjieKit:kit.CangjieKit	13	0	
arkcompiler	ets_frontend	arkcompiler/ets_frontend/bundle.json	standard	10	json,runtime_core,zlib,bounds_checking_function,protobuf,icu,abseil-cpp,hilog,typescript,flatbuffers	1	typescript	2	//arkcompiler/ets_frontend:ets_frontend_build,//arkcompiler/ets_frontend/ets2panda:libes2panda_public(//build/toolchain/linux:clang_x64)	9	1	//arkcompiler/ets_frontend/es2panda:es2abc_tests
arkcompiler	ets_runtime	arkcompiler/ets_runtime/bundle.json	standard	24	ability_base,faultloggerd,init,hitrace,hilog,hisysevent,qos_manager,runtime_core,c_utils,code_signature,libuv,zlib,bounds_checking_function,icu,access_token,eventhandler,ipc,safwk,samgr,common_event_service,ffrt,cJSON,hiview,json	0		9	//arkcompiler/ets_runtime:app_aot_jit_enable_list,//arkcompiler/ets_runtime:app_startup_snapshot,//arkcompiler/ets_runtime:ark_js_packages,//arkcompiler/ets_runtime:ark_js_host_linux_tools_packages,//arkcompiler/ets_runtime/etc:arkcompiler.para.dac,//arkcompiler/ets_runtime/compiler_service:ark_aot_compiler.cfg,//arkcompiler/ets_runtime/compiler_service:compiler_service,//arkcompiler/ets_runtime/compiler_service:system_framework_aot_enable_list.conf,//arkcompiler/ets_runtime/etc:arkcompiler.jsruntime.para	3	3	//arkcompiler/ets_runtime:ark_js_unittest,//arkcompiler/ets_runtime/compiler_service/test:compiler_service_unittest,//arkcompiler/ets_runtime/compiler_service/test:compiler_service_fuzztest
arkcompiler	jsvm	arkcompiler/jsvm/bundle.json	standard	13	bounds_checking_function,hilog,hisysevent,hitrace,hiview,icu,init,libuv,nghttp2,openssl,resource_schedule_service,zlib,faultloggerd	0		1	//arkcompiler/jsvm:jsvm_packages	1	1	//arkcompiler/jsvm/test/unittest:jsvm_unittest
arkcompiler	runtime_core	arkcompiler/runtime_core/bundle.json	standard	25	bounds_checking_function,ets_runtime,faultloggerd,hilog,hitrace,hisysevent,init,json,napi,toolchain,zlib,icu,vixl,c_utils,ets_utils,openssl,libuv,pcre2,libxml2,json,musl,elfio,node,qos_manager,ffrt	0		8	//arkcompiler/runtime_core:arkcompiler_params,//arkcompiler/runtime_core/arkplatform:arkplatform_packages,//arkcompiler/runtime_core/static_core:ark_packages,//arkcompiler/runtime_core:ark_device_packages,//arkcompiler/runtime_core/static_core/static_linker:static_linker,//arkcompiler/runtime_core/static_core/compiler/tools/paoc:ark_aot_host_tool,//arkcompiler/runtime_core/static_core/compiler/tools/aptool:ark_aptool,//arkcompiler/runtime_core/static_core/compiler/tools/aptool:ark_aptool_host	55	4	//arkcompiler/runtime_core/tests/fuzztest:fuzztest,//arkcompiler/runtime_core/static_core/plugins/ets/tests/ani/fuzztest:fuzztest,//arkcompiler/runtime_core/static_core/plugins/ets/tests/ets_sdk/fuzztest:fuzztest,//arkcompiler/runtime_core:runtime_core_unittest
arkcompiler	taihe_ffi_gen	arkcompiler/taihe_ffi_gen/bundle.json	standard,mini,small	0		0		2	//arkcompiler/taihe_ffi_gen:build_taihe_wrapper,//arkcompiler/taihe_ffi_gen:build_taihe	1	0	
arkcompiler	toolchain	arkcompiler/toolchain/bundle.json	standard	13	bounds_checking_function,ets_runtime,runtime_core,faultloggerd,init,hitrace,hilog,hisysevent,json,libuv,cJSON,openssl,ffrt	0		1	//arkcompiler/toolchain:ark_toolchain_packages	1	1	//arkcompiler/toolchain:ark_toolchain_unittest
arkui	ace_engine	foundation/arkui/ace_engine/bundle.json	standard	75	ability_base,hilog,hitrace,accessibility,frame_aware_sched,ability_runtime,api_metrics,ipc,samgr,preferences,relational_store,hisysevent,napi,hiview,hichecker,window_manager,c_utils,eventhandler,bundle_framework,ets_runtime,form_fwk,pasteboard,kv_store,udmf,os_account,graphic_2d,graphic_3d,graphic_surface,safwk,common_event_service,data_share,resource_management,runtime_core,i18n,hicollie,netmanager_base,netstack,init,image_framework,player_framework,audio_framework,access_token,input,webview,imf,device_status,soc_perf,security_component_manager,camera_framework,media_library,app_file_service,ets_utils,bounds_checking_function,libxml2,ffrt,icu,miscdevice,cJSON,curl,css-what,jsframework,opencl-headers,opengles,opencv,zlib,skia,libuv,resource_schedule_service,background_task_mgr,request,qrcodegen,sdk,screenlock_mgr,video_processing_engine,egl	0		0		13	2	//foundation/arkui/ace_engine/test/unittest:unittest,//foundation/arkui/ace_engine/test/benchmark:benchmark
arkui	ace_engine_lite	foundation/arkui/ace_engine_lite/bundle.json	mini,small	17	bundle_framework_lite,huks,ui_lite,surface_lite,i18n_lite,resource_management_lite,kv_store,utils_lite,ability_lite,init,camera_lite,media_lite,battery_lite,netstack,device_attest_lite,bounds_checking_function,jerryscript	2	cJSON,freetype	2	//foundation/arkui/ace_engine_lite/test:unittest,//foundation/arkui/ace_engine_lite/frameworks:jsfwk	1	0	
arkui	advanced_ui_component	foundation/arkui/advanced_ui_component/bundle.json	standard	6	hilog,napi,ace_engine,window_manager,c_utils,ipc	0		10	//foundation/arkui/advanced_ui_component/atomicservicenavigation/interfaces:atomicservicenavigation,//foundation/arkui/advanced_ui_component/atomicservicesearch/interfaces:atomicservicesearch,//foundation/arkui/advanced_ui_component/atomicservicetabs/interfaces:atomicservicetabs,//foundation/arkui/advanced_ui_component/atomicserviceweb/interfaces:atomicserviceweb,//foundation/arkui/advanced_ui_component/innerfullscreenlaunchcomponent/interfaces:innerfullscreenlaunchcomponent,//foundation/arkui/advanced_ui_component/interstitialdialogaction/interfaces:interstitialdialogaction,//foundation/arkui/advanced_ui_component/customappbar/atomicservicemenubar:atomicservicemenubar,//foundation/arkui/advanced_ui_component/customappbar/interfaces:custom_app_bar,//foundation/arkui/advanced_ui_component/halfscreenlaunchcomponent/interfaces:halfscreenlaunchcomponent,//foundation/arkui/advanced_ui_component/fullscreenlaunchcomponent/interfaces:fullscreenlaunchcomponent	0	0	
arkui	arkui_cangjie_wrapper	foundation/arkui/arkui_cangjie_wrapper/bundle.json	standard	7	cangjie_ark_interop,hiviewdfx_cangjie_wrapper,global_cangjie_wrapper,multimedia_cangjie_wrapper,arkweb_cangjie_wrapper,access_token,ace_engine	0		2	//foundation/arkui/arkui_cangjie_wrapper:arkui_cangjie_wrapper_package,//foundation/arkui/arkui_cangjie_wrapper/kit/ArkUI:kit.ArkUI	6	0	
arkui	napi	foundation/arkui/napi/bundle.json	standard	17	c_utils,ets_runtime,eventhandler,faultloggerd,hilog,hitrace,hiview,icu,libuv,node,ffrt,bounds_checking_function,init,runtime_core,ace_engine,resource_schedule_service,samgr	1	jerryscript	0		8	5	//foundation/arkui/napi:napi_packages_test,//foundation/arkui/napi/module_manager/test/unittest/module_manager_test:unittest,//foundation/arkui/napi/sample/native_module_systemtest:systemtest,//foundation/arkui/napi/test/unittest:unittest,//foundation/arkui/napi/test/fuzztest:fuzztest
arkui	ui_appearance	foundation/arkui/ui_appearance/bundle.json	standard	17	ability_runtime,ability_base,access_token,c_utils,config_policy,data_share,hicollie,hilog,init,ipc,napi,safwk,samgr,time_service,os_account,common_event_service,runtime_core	0		2	//foundation/arkui/ui_appearance:ui_appearance_packages,//foundation/arkui/ui_appearance/interfaces/ets/ani:ui_appearance_ani_package	1	1	//foundation/arkui/ui_appearance/test/unittest:unittest
arkui	ui_lite	foundation/arkui/ui_lite/bundle.json	mini,small,standard	11	graphic_utils_lite,surface_lite,window_manager_lite,media_lite,libjpeg-turbo,icu,cJSON,freetype,bounds_checking_function,libpng,harfbuzz	0		3	//foundation/arkui/ui_lite/test/unittest:arkui_ui_lite_test,//foundation/arkui/ui_lite/ext/updater:libupdater_layout,//foundation/arkui/ui_lite/ext/home_host:libhome_host_layout	3	0	
barrierfree	accessibility	foundation/barrierfree/accessibility/bundle.json	standard	40	graphic_2d,samgr,napi,window_manager,eventhandler,input,c_utils,common_event_service,ability_base,safwk,bundle_framework,ffrt,hicollie,hitrace,hilog,ipc,ability_runtime,init,access_token,display_manager,hisysevent,os_account,preferences,power_manager,data_share,resource_management,i18n,hiappevent,e2fsprogs,resource_schedule_service,cJSON,selinux_adapter,runtime_core,security_component_manager,memmgr,distributed_notification_service,time_service,json,ets_frontend,image_framework	0		0		6	11	//foundation/barrierfree/accessibility/services/test:moduletest,//foundation/barrierfree/accessibility/services/aams/test:unittest,//foundation/barrierfree/accessibility/services/aams_ext/test:unittest,//foundation/barrierfree/accessibility/frameworks/aafwk/test:unittest,//foundation/barrierfree/accessibility/frameworks/acfwk/test:unittest,//foundation/barrierfree/accessibility/frameworks/asacfwk/test:unittest,//foundation/barrierfree/accessibility/frameworks/common/test:unittest,//foundation/barrierfree/accessibility/common/interface/test/unittest:unittest,//foundation/barrierfree/accessibility/interfaces/innerkits/test/fuzztest:fuzztest,//foundation/barrierfree/accessibility/common/interface/test/fuzztest:fuzztest,//foundation/barrierfree/accessibility/interfaces/innerkits/test/benchmarktest:benchmarktest
build	build_framework	build/bundle.json	standard,small,mini	22	ace_engine,cJSON,c_utils,device_security_level,eventhandler,hdf_core,hilog,hilog_lite,hiview,huks,init,napi,ipc,rockchip_products,selinux,selinux_adapter,libffi,rust_bindgen,rust_cxx,ace_ets2bundle,ets_frontend,weex-loader	13	bounds_checking_function,e2fsprogs,f2fs-tools,googletest,jinja2,jsoncpp,libcoap,libdrm,musl,markupsafe,mbedtls,openssl,samgr_lite	3	//build/common:common_packages,//build/rust:default,//third_party/f2fs-tools:f2fs-tools_host_toolchain	2	1	//build/rust/tests:tests
bundlemanager	app_domain_verify	foundation/bundlemanager/app_domain_verify/bundle.json	standard	26	ability_base,ability_runtime,bundle_framework,c_utils,hilog,hisysevent,ipc,relational_store,napi,safwk,samgr,netstack,os_account,ffrt,cJSON,curl,preferences,access_token,eventhandler,hiappevent,hicollie,netmanager_base,memmgr,runtime_core,common_event_service,selinux_adapter	1	openssl	1	//foundation/bundlemanager/app_domain_verify:app_domain_verify_packages	7	2	//foundation/bundlemanager/app_domain_verify/test/unittest:app_domain_verify_unit_test,//foundation/bundlemanager/app_domain_verify/test/fuzztest:app_domain_verify_fuzz_test
bundlemanager	bundle_framework	foundation/bundlemanager/bundle_framework/bundle.json	standard	63	ability_base,ability_runtime,access_token,api_metrics,app_domain_verify,app_file_service,appverify,battery_manager,common_event_service,config_policy,c_utils,device_info_manager,device_manager,device_usage_statistics,dfs_service,display_manager,ecological_rule_manager,eventhandler,faultloggerd,ffrt,hicollie,hisysevent,hitrace,hilog,i18n,init,ipc,image_framework,memmgr,kv_store,libpng,libxml2,libuv,napi,node,openssl,os_account,power_manager,safwk,resource_management,samgr,sandbox_manager,selinux,selinux_adapter,syscap_codec,storage_service,window_manager,distributed_bundle_framework,relational_store,runtime_core,dlp_permission_service,code_signature,udmf,ace_engine,ets_runtime,json,zlib,appspawn,bounds_checking_function,webview,user_auth_framework,thermal_manager,icu	1	jsoncpp	3	//foundation/bundlemanager/bundle_framework:bms_target,//foundation/bundlemanager/bundle_framework/etc:bms_para,//foundation/bundlemanager/bundle_framework/interfaces/kits/ani:ani_bms_packages	12	1	//foundation/bundlemanager/bundle_framework:test_target
bundlemanager	bundle_framework_lite	foundation/bundlemanager/bundle_framework_lite/bundle.json	mini,small	7	ability_lite,utils_lite,hilog_lite,permission_lite,samgr_lite,resource_management_lite,appverify	4	zlib,bounds_checking_function,cJSON,jerryscript	2	//foundation/bundlemanager/bundle_framework_lite/services/bundlemgr_lite:appexecfwk_services_lite,//foundation/bundlemanager/bundle_framework_lite/frameworks/bundle_lite:appexecfwk_kits_lite	2	0	
bundlemanager	bundle_tool	foundation/bundlemanager/bundle_tool/bundle.json	standard	21	ability_base,access_token,ability_runtime,bundle_framework,common_event_service,c_utils,cJSON,device_manager,distributed_bundle_framework,hilog,init,ipc,os_account,samgr,selinux_adapter,json,jsoncpp,access_token,appverify,ffrt,kv_store	0		2	//foundation/bundlemanager/bundle_tool:bm,//foundation/bundlemanager/bundle_tool/ohos_bm:cli_tools_bm	0	3	//foundation/bundlemanager/bundle_tool/test:moduletest,//foundation/bundlemanager/bundle_tool/test:systemtest,//foundation/bundlemanager/bundle_tool/test:unittest
bundlemanager	bundlemanager_cangjie_wrapper	foundation/bundlemanager/bundlemanager_cangjie_wrapper/bundle.json	standard	5	cangjie_ark_interop,global_cangjie_wrapper,hiviewdfx_cangjie_wrapper,bundle_framework,ability_runtime	0		4	//foundation/bundlemanager/bundlemanager_cangjie_wrapper/ohos/bundle/bundle_manager:ohos.bundle.bundle_manager,//foundation/bundlemanager/bundlemanager_cangjie_wrapper/ohos/element_name:ohos.element_name,//foundation/bundlemanager/bundlemanager_cangjie_wrapper/ohos/metadata:ohos.metadata,//foundation/bundlemanager/bundlemanager_cangjie_wrapper/ohos/skill:ohos.skill	3	0	
bundlemanager	distributed_bundle_framework	foundation/bundlemanager/distributed_bundle_framework/bundle.json	standard	23	ability_base,access_token,bundle_framework,cJSON,c_utils,dsoftbus,hisysevent,hilog,i18n,ipc,image_framework,napi,os_account,resource_management,runtime_core,safwk,samgr,selinux_adapter,common_event_service,device_manager,hicollie,init,kv_store	0		4	//foundation/bundlemanager/distributed_bundle_framework:ani_dbms_packages,//foundation/bundlemanager/distributed_bundle_framework:inner_api_target,//foundation/bundlemanager/distributed_bundle_framework:jsapi_target,//foundation/bundlemanager/distributed_bundle_framework:dbms_target	1	1	//foundation/bundlemanager/distributed_bundle_framework:test_target
bundlemanager	ecological_rule_manager	foundation/bundlemanager/ecological_rule_manager/bundle.json	standard	10	ability_base,ability_runtime,bundle_framework,c_utils,eventhandler,hilog,ipc,safwk,samgr,access_token	0		1	//foundation/bundlemanager/ecological_rule_manager:ecological_rule_mgr_packages	2	1	//foundation/bundlemanager/ecological_rule_manager/test/unittest:unittest
castplus	cast_engine	foundation/CastEngine/castengine_cast_framework/bundle.json	standard	41	hilog,hisysevent,hitrace,media_foundation,access_token,audio_framework,av_codec,ipc,init,input,safwk,samgr,c_utils,eventhandler,power_manager,dsoftbus,device_manager,common_event_service,bundle_framework,ability_base,ability_runtime,ace_engine,napi,graphic_2d,graphic_surface,window_manager,player_framework,image_framework,wifi,device_auth,device_info_manager,thermal_manager,screenlock_mgr,state_registry,core_service,call_manager,os_account,sharing_framework,jsoncpp,openssl,json	2	bounds_checking_function,musl	5	//foundation/CastEngine/castengine_cast_framework/service:cast_engine_service,//foundation/CastEngine/castengine_cast_framework/interfaces/inner_api:cast_engine_client,//foundation/CastEngine/castengine_cast_framework/sa_profile:cast_engine_sa_profile,//foundation/CastEngine/castengine_cast_framework/etc/init:cast_engine_service.cfg,//foundation/CastEngine/castengine_cast_framework/interfaces/kits/js:cast	1	0	
castplus	sharing_framework	foundation/CastEngine/castengine_wifi_display/bundle.json	standard	35	ipc,safwk,media_foundation,av_codec,audio_framework,player_framework,camera_framework,wifi,hisysevent,device_manager,c_utils,graphic_2d,graphic_surface,drivers_peripheral_display,hilog,ability_base,samgr,ability_runtime,bundle_framework,napi,kv_store,access_token,drivers_interface_camera,eventhandler,ffmpeg,window_manager,bounds_checking_function,preferences,data_share,os_account,cJSON,json,jsoncpp,openssl,selinux_adapter	4	cJSON,jsoncpp,openssl,ffmpeg	0		1	3	//foundation/CastEngine/castengine_wifi_display/tests:test,//foundation/CastEngine/castengine_wifi_display/tests/unittest:wfd_unit_test,//foundation/CastEngine/castengine_wifi_display/tests/fuzztest/sink_fuzzer:wfd_sink_fuzz_test
commonlibrary	c_utils	commonlibrary/c_utils/bundle.json	standard	3	bounds_checking_function,hilog,rust_cxx	0		3	//commonlibrary/c_utils/base:utils,//commonlibrary/c_utils/base:utilsbase,//commonlibrary/c_utils/base:utils_rust	3	3	//commonlibrary/c_utils/base/test:unittest,//commonlibrary/c_utils/base/test/benchmarktest:benchmarktest,//commonlibrary/c_utils/base/test/fuzztest:fuzztest
commonlibrary	ets_utils	commonlibrary/ets_utils/bundle.json	standard	22	ace_engine,bounds_checking_function,napi,hilog,hisysevent,hitrace,init,qos_manager,bundle_framework,c_utils,ffrt,ipc,samgr,eventhandler,icu,openssl,libxml2,typescript,runtime_core,ets_frontend,libuv,node	0		20	//commonlibrary/ets_utils/base_sdk:base_sdk_ets,//commonlibrary/ets_utils/base_sdk:base_transfer_ets,//commonlibrary/ets_utils/js_api_module/uri:uri_packages,//commonlibrary/ets_utils/js_api_module/url:url_packages,//commonlibrary/ets_utils/js_api_module/convertxml:convertxml_packages,//commonlibrary/ets_utils/js_api_module/xml:xml_packages,//commonlibrary/ets_utils/js_api_module/buffer:buffer_packages,//commonlibrary/ets_utils/js_api_module/fastbuffer:fastbuffer_packages,//commonlibrary/ets_utils/js_concurrent_module/utils:utils_packages,//commonlibrary/ets_utils/js_concurrent_module/taskpool:taskpool_packages,//commonlibrary/ets_utils/js_concurrent_module/worker:worker_packages,//commonlibrary/ets_utils/js_sys_module/console:console_packages,//commonlibrary/ets_utils/js_sys_module/process:process_packages,//commonlibrary/ets_utils/js_sys_module/dfx:dfx_packages,//commonlibrary/ets_utils/js_sys_module/timer:timer_packages,//commonlibrary/ets_utils/js_util_module/util:util_packages,//commonlibrary/ets_utils/js_util_module/container:container_packages,//commonlibrary/ets_utils/js_util_module/json:json_packages,//commonlibrary/ets_utils/js_util_module/collections:collections_packages,//commonlibrary/ets_utils/js_util_module/stream:stream_packages	3	13	//commonlibrary/ets_utils/js_api_module/convertxml/test:unittest,//commonlibrary/ets_utils/js_api_module/uri/test:unittest,//commonlibrary/ets_utils/js_api_module/url/test:unittest,//commonlibrary/ets_utils/js_api_module/xml/test:unittest,//commonlibrary/ets_utils/js_api_module/buffer/test:unittest,//commonlibrary/ets_utils/js_concurrent_module/utils/test:unittest,//commonlibrary/ets_utils/js_concurrent_module/taskpool/test:unittest,//commonlibrary/ets_utils/js_concurrent_module/test:unittest,//commonlibrary/ets_utils/js_concurrent_module/worker/test:unittest,//commonlibrary/ets_utils/js_util_module/util/test:unittest,//commonlibrary/ets_utils/js_sys_module/console/test:unittest,//commonlibrary/ets_utils/js_sys_module/timer/test:unittest,//commonlibrary/ets_utils/js_sys_module/test:unittest
commonlibrary	memory_utils	commonlibrary/memory_utils/bundle.json	standard	7	bounds_checking_function,c_utils,drivers_interface_memorytracker,hilog,hitrace,init,ipc	0		4	//commonlibrary/memory_utils/libdmabufheap:libdmabufheap,//commonlibrary/memory_utils/libmeminfo:libmeminfo,//commonlibrary/memory_utils/libpurgeablemem:libpurgeablemem,//commonlibrary/memory_utils/libpurgeablemem:purgeable_memory_ndk	3	3	//commonlibrary/memory_utils/libdmabufheap/test:unittest,//commonlibrary/memory_utils/libmeminfo/test:libmeminfo_test,//commonlibrary/memory_utils/libpurgeablemem/test:libpurgeablemem_test
commonlibrary	utils_lite	commonlibrary/utils_lite/bundle.json	mini,small	8	ability_lite,init,graphic_utils_lite,resource_management_lite,ui_lite,ace_engine_lite,bounds_checking_function,musl	0		1	//commonlibrary/utils_lite:utils_lite	5	0	
commonlibrary	ylong_http	commonlibrary/rust/ylong_http/bundle.json	standard	3	ylong_runtime,openssl,rust_libc	0		1	//commonlibrary/rust/ylong_http/ylong_http:ylong_http	2	1	//commonlibrary/rust/ylong_http/ylong_http_client:unittest
commonlibrary	ylong_json	commonlibrary/rust/ylong_json/bundle.json	standard	1	rust_libc	0		0		1	1	//commonlibrary/rust/ylong_json:unittest
commonlibrary	ylong_runtime	commonlibrary/rust/ylong_runtime/bundle.json	standard	2	ffrt,rust_libc	0		2	//commonlibrary/rust/ylong_runtime/ylong_io:ylong_io,//commonlibrary/rust/ylong_runtime/ylong_signal:ylong_signal	5	2	//commonlibrary/rust/ylong_runtime/test:unittest,//commonlibrary/rust/ylong_runtime/test:sdvtest
communication	bluetooth	foundation/communication/bluetooth/bundle.json	standard	23	ability_base,ability_runtime,bundle_framework,c_utils,cJSON,common_event_service,eventhandler,ets_frontend,ffrt,hicollie,hilog,hisysevent,hiappevent,hitrace,init,ipc,libuv,napi,samgr,security_guard,runtime_core,bounds_checking_function,taihe_ffi_gen	0		0		11	1	//foundation/communication/bluetooth/test:unit_test
communication	bluetooth_service	foundation/communication/bluetooth_service/bundle.json	standard	31	ability_base,ability_runtime,audio_framework,av_session,hilog,hisysevent,hitrace,ipc,samgr,access_token,bluetooth,drivers_interface_bluetooth,eventhandler,ability_base,call_manager,core_service,hdf_core,init,input,safwk,common_event_service,state_registry,c_utils,jsoncpp,image_framework,googletest,libuv,libxml2,openssl,bounds_checking_function,bundle_framework	0		0		0	8	//foundation/communication/bluetooth_service/test/unittest/spp:unittest,//foundation/communication/bluetooth_service/test/unittest/host:unittest,//foundation/communication/bluetooth_service/test/unittest/ble:unittest,//foundation/communication/bluetooth_service/test/unittest/hid:unittest,//foundation/communication/bluetooth_service/test/unittest/pan:unittest,//foundation/communication/bluetooth_service/test/unittest/gatt_c:unittest,//foundation/communication/bluetooth_service/test/fuzztest/host:fuzztest,//foundation/communication/bluetooth_service/test/example/bluetoothtest:bluetoothtest
communication	communication_cangjie_wrapper	foundation/communication/communication_cangjie_wrapper/bundle.json	standard	3	cangjie_ark_interop,hiviewdfx_cangjie_wrapper,ipc	0		2	//foundation/communication/communication_cangjie_wrapper/ohos/rpc:ohos.rpc,//foundation/communication/communication_cangjie_wrapper/kit/IPCKit:kit.IPCKit	3	0	
communication	connected_nfc_tag	foundation/communication/connected_nfc_tag/bundle.json	standard	10	ipc,c_utils,hilog,napi,access_token,hisysevent,safwk,samgr,hdf_core,drivers_interface_connected_nfc_tag	0		0		1	1	//foundation/communication/connected_nfc_tag/test:test_connected_nfc_tag
communication	connectivity_cangjie_wrapper	foundation/communication/connectivity_cangjie_wrapper/bundle.json	standard	4	cangjie_ark_interop,hiviewdfx_cangjie_wrapper,bluetooth,wifi	0		9	//foundation/communication/connectivity_cangjie_wrapper/ohos/bluetooth:ohos.bluetooth,//foundation/communication/connectivity_cangjie_wrapper/ohos/bluetooth/a2dp:ohos.bluetooth.a2dp,//foundation/communication/connectivity_cangjie_wrapper/ohos/bluetooth/base_profile:ohos.bluetooth.base_profile,//foundation/communication/connectivity_cangjie_wrapper/ohos/bluetooth/ble:ohos.bluetooth.ble,//foundation/communication/connectivity_cangjie_wrapper/ohos/bluetooth/connection:ohos.bluetooth.connection,//foundation/communication/connectivity_cangjie_wrapper/ohos/bluetooth/constant:ohos.bluetooth.constant,//foundation/communication/connectivity_cangjie_wrapper/ohos/bluetooth/hfp:ohos.bluetooth.hfp,//foundation/communication/connectivity_cangjie_wrapper/ohos/wifi_manager:ohos.wifi_manager,//foundation/communication/connectivity_cangjie_wrapper/kit/ConnectivityKit:kit.ConnectivityKit	2	0	
communication	dhcp	foundation/communication/dhcp/bundle.json	small,standard	14	ability_runtime,bounds_checking_function,bundle_framework,c_utils,hilog,init,ipc,netmanager_base,safwk,access_token,samgr,ffrt,time_service,wifi	1	openssl	0		0	2	//foundation/communication/dhcp/test/unittest:dhcp_unittest,//foundation/communication/dhcp/test/fuzztest:fuzztest
communication	dsoftbus	foundation/communication/dsoftbus/bundle.json	mini,small,standard	43	ability_base,ability_runtime,access_token,bluetooth,bounds_checking_function,bundle_framework,common_event_service,data_share,kv_store,device_auth,device_info_manager,json,hicollie,hisysevent,hitrace,hilog,huks,init,ipc,openssl,os_account,relational_store,c_utils,safwk,samgr,sqlite,wifi,netmanager_base,cJSON,mbedtls,libcoap,zlib,libnl,power_manager,ffrt,usb_manager,selinux_adapter,time_service,napi,resource_schedule_service,device_standby,runtime_core,liburing	8	cJSON,json,mbedtls,openssl,bounds_checking_function,sqlite,zlib,libnl	0		9	4	//foundation/communication/dsoftbus/tests:benchmarktest,//foundation/communication/dsoftbus/tests:fuzztest,//foundation/communication/dsoftbus/tests:integration_test,//foundation/communication/dsoftbus/tests:unittest
communication	fusion_connectivity	foundation/communication/fusion_connectivity/bundle.json	standard	22	hilog,ipc,samgr,c_utils,ffrt,bluetooth,safwk,libuv,ets_frontend,napi,access_token,ability_base,ability_runtime,bundle_framework,eventhandler,init,common_event_service,cJSON,preferences,os_account,distributed_notification_service,hiappevent	0		0		1	2	//foundation/communication/fusion_connectivity/partner_agent/test:fusion_connectivity_test,//foundation/communication/fusion_connectivity/fusion_ranging/test:fusion_ranging_test
communication	ipc	foundation/communication/ipc/bundle.json	standard,small,mini	17	samgr,hitrace,hilog,c_utils,access_token,napi,ylong_runtime,ffrt,libuv,bounds_checking_function,hisysevent,json,selinux,rust,faultloggerd,runtime_core,rust_cxx	0		3	//foundation/communication/ipc:ipc_components,//foundation/communication/ipc/ipc/native/src/ani:rpc_ani_packages,//foundation/communication/ipc/ipc/native/src/taihe/:rpc_taihe_components	12	1	//foundation/communication/ipc/test:ipc_test
communication	netmanager_base	foundation/communication/netmanager_base/bundle.json	standard	51	bounds_checking_function,ipc,safwk,hilog,dhcp,hicollie,eventhandler,ability_base,access_token,hitrace,hisysevent,cJSON,c_utils,samgr,libuv,curl,jerryscript,init,ffrt,common_event_service,ability_runtime,data_share,napi,bundle_framework,relational_store,openssl,selinux,sqlite,os_account,libbpf,elfio,iptables,power_manager,cellular_data,core_service,distributed_notification_service,i18n,netmanager_ext,jsoncpp,qos_manager,runtime_core,time_service,faultloggerd,hiappevent,config_policy,ace_engine,ylong_runtime,rust_bindgen,rust_cxx,icu,state_registry	0		0		19	2	//foundation/communication/netmanager_base/test:unittest,//foundation/communication/netmanager_base/test/fuzztest:fuzztest
communication	netmanager_cangjie_wrapper	foundation/communication/netmanager_cangjie_wrapper/bundle.json	standard	4	cangjie_ark_interop,hiviewdfx_cangjie_wrapper,netmanager_base,netstack	0		4	//foundation/communication/netmanager_cangjie_wrapper/ohos/net/connection:ohos.net.connection,//foundation/communication/netmanager_cangjie_wrapper/ohos/net/http:ohos.net.http,//foundation/communication/netmanager_cangjie_wrapper/ohos/net:ohos.net,//foundation/communication/netmanager_cangjie_wrapper/kit/NetworkKit:kit.NetworkKit	2	0	
communication	netmanager_ext	foundation/communication/netmanager_ext/bundle.json	standard	44	bounds_checking_function,ipc,safwk,napi,dhcp,hilog,netmanager_base,eventhandler,bluetooth,hisysevent,huks,c_utils,samgr,usb_manager,drivers_interface_usb,wifi,bundle_framework,ability_runtime,access_token,cJSON,common_event_service,hitrace,window_manager,ability_base,os_account,relational_store,preferences,ffrt,hicollie,init,battery_manager,openssl,time_service,data_share,core_service,cellular_data,hdf_core,drivers_interface_ethernet,libxml2,json,hiappevent,runtime_core,rust_cxx,config_policy	0		0		9	1	//foundation/communication/netmanager_ext/test:netmanager_ext_test
communication	netstack	foundation/communication/netstack/bundle.json	standard	29	ability_base,bounds_checking_function,curl,ffrt,hilog,hitrace,hisysevent,ipc,zlib,cJSON,c_utils,init,napi,netmanager_base,ylong_http,openssl,hiprofiler,time_service,ability_runtime,samgr,libwebsockets,node,jsoncpp,access_token,hiappevent,bundle_framework,safwk,runtime_core,rust_cxx	0		0		10	1	//foundation/communication/netstack/test:netstack_test
communication	nfc	foundation/communication/nfc/bundle.json	standard	30	ipc,hilog,bounds_checking_function,bundle_framework,cJSON,c_utils,napi,ability_base,samgr,ability_runtime,access_token,common_event_service,eventhandler,hiappevent,miscdevice,preferences,safwk,init,hisysevent,data_share,ffrt,screenlock_mgr,power_manager,distributed_notification_service,wifi,i18n,bluetooth,image_framework,runtime_core,taihe_ffi_gen	0		0		7	1	//foundation/communication/nfc/test:test_nfc_service
communication	t2stack	foundation/communication/t2stack/bundle.json	mini,small,standard	8	bounds_checking_function,c_utils,cJSON,dsoftbus,hilog,libcoap,mbedtls,openssl	8	cJSON,json,mbedtls,openssl,bounds_checking_function,sqlite,zlib,libnl	0		0	0	
communication	wifi	foundation/communication/wifi/wifi/bundle.json	small,standard	46	ability_base,ability_runtime,access_token,battery_manager,bundle_framework,c_utils,cellular_data,certificate_manager,cJSON,common_event_service,core_service,data_share,dhcp,distributed_notification_service,drivers_interface_wlan,eventhandler,ffrt,hdf_core,hiappevent,hicollie,hilog,hisysevent,huks,i18n,image_framework,init,ipc,napi,netmanager_base,netmanager_ext,netstack,os_account,openssl,relational_store,safwk,samgr,power_manager,time_service,bounds_checking_function,libxml2,asset,runtime_core,icu,window_manager,security_guard,state_registry	2	googletest,wpa_supplicant	0		0	2	//foundation/communication/wifi/wifi/test/fuzztest/wifi_sta:fuzztest,//foundation/communication/wifi/wifi/test:unittest
communication	wifi_aware	foundation/communication/wifi_aware/bundle.json	small,standard	0		0		1	//foundation/communication/wifi_aware:wifiaware	0	0	
communication	wifi_lite	foundation/communication/wifi_lite/bundle.json	mini	0		0		1	//foundation/communication/wifi_lite:wifi	0	0	
customization	config_policy	base/customization/config_policy/bundle.json	standard,small	9	ability_runtime,c_utils,hisysevent,hilog,napi,init,bounds_checking_function,ipc,runtime_core	0		2	//base/customization/config_policy:config_policy_components,//base/customization/config_policy:ani_config_policy_components	1	2	//base/customization/config_policy/test/unittest:ConfigPolicyUtilsTest,//base/customization/config_policy/test/fuzztest:fuzztest
customization	enterprise_device_management	base/customization/enterprise_device_management/bundle.json	standard	61	ability_base,ability_runtime,access_token,api_metrics,audio_framework,bluetooth,bounds_checking_function,bundle_framework,cJSON,c_utils,camera_framework,call_manager,cellular_data,certificate_manager,common_event_service,core_service,data_share,distributed_notification_service,drivers_interface_usb,ets_frontend,ets_runtime,eventhandler,file_api,graphic_2d,netmanager_base,netmanager_ext,hilog,hisysevent,hitrace,i18n,image_framework,imf,init,input,ipc,libuv,location,napi,node,nfc,os_account,pasteboard,power_manager,relational_store,runtime_core,resource_management,safwk,samgr,screenlock_mgr,security_guard,disk_manager,telephony_data,time_service,udmf,update_service,usb_manager,user_auth_framework,wifi,window_manager,resource_schedule_service,device_usage_statistics	0		0		2	2	//base/customization/enterprise_device_management/test/unittest:unittest,//base/customization/enterprise_device_management/test/fuzztest:fuzztest
developtools	ace_ets2bundle	developtools/ace_ets2bundle/bundle.json	standard	5	node,sdk,ets_frontend,typescript,bounds_checking_function	1	typescript	10	//developtools/ace_ets2bundle:ets_loader_component_config,//developtools/ace_ets2bundle:ets_loader,//developtools/ace_ets2bundle:ets_loader_library,//developtools/ace_ets2bundle:components,//developtools/ace_ets2bundle:server,//developtools/ace_ets2bundle:codegen,//developtools/ace_ets2bundle:ets_loader_declaration,//developtools/ace_ets2bundle:ets_loader_ark_hap,//developtools/ace_ets2bundle/koala-wrapper:ohos_ets_koala_wrapper(//build/toolchain/linux:clang_x64),//developtools/ace_ets2bundle/ets1.2:ohos_ets_libarkts(//build/toolchain/linux:clang_x64)	6	0	
developtools	ace_js2bundle	developtools/ace_js2bundle/bundle.json	standard	0		2	parse5,weex-loader	3	//developtools/ace_js2bundle:ace_loader,//developtools/ace_js2bundle:ace_loader_library,//developtools/ace_js2bundle:ace_loader_ark_hap	1	0	
developtools	global_resource_tool	developtools/global_resource_tool/bundle.json	mini,small,standard	1	zlib	3	bounds_checking_function,cJSON,libpng	1	//developtools/global_resource_tool:restool	0	0	
developtools	hapsigner	developtools/hapsigner/hapsigntool_cpp/bundle.json	standard	7	bounds_checking_function,c_utils,cJSON,elfio,openssl,zlib,hilog	1	openssl	2	//developtools/hapsigner/binary_sign_tool:binary-sign-tool,//developtools/hapsigner/hapsigntool_cpp:hap-sign-tool	0	2	//developtools/hapsigner/hapsigntool_cpp_test/unittest:hapsigntool_pc_unittest,//developtools/hapsigner/hapsigntool_cpp_test/fuzztest:hapsigntool_pc_fuzztest
developtools	hdc	developtools/hdc/bundle.json	standard	25	init,c_utils,faultloggerd,hitrace,hilog,ipc,ability_base,ability_runtime,common_event_service,window_manager,ylong_runtime,bounds_checking_function,lz4,selinux,openssl,libusb,libuv,os_account,user_auth_framework,pin_auth,rust_rust-openssl,huks,rust_libc,hisysevent,i18n	0		7	//developtools/hdc:hdcd_system,//developtools/hdc/hdcd_user_permit:hdcd_user_permit,//developtools/hdc:hdc_register,//developtools/hdc:hdcd_updater,//developtools/hdc:hdc_updater,//developtools/hdc/sudo:sudo,//developtools/hdc/credential:hdc_credential	1	1	//developtools/hdc/test:hdc_fuzztest
developtools	hiperf	developtools/hiperf/bundle.json	standard	17	ability_base,abseil-cpp,bounds_checking_function,bundle_framework,cJSON,c_utils,config_policy,faultloggerd,hiprofiler,hilog,hisysevent,init,ipc,napi,protobuf,samgr,zlib	0		2	//developtools/hiperf:hiperf_target,//developtools/hiperf:hiperf_target_all	2	1	//developtools/hiperf/test:hiperf_test
developtools	hiprofiler	developtools/profiler/bundle.json	standard	41	ability_runtime,ability_base,access_token,arkxtest,bounds_checking_function,bundle_framework,common_event_service,cJSON,c_utils,faultloggerd,hiappevent,hichecker,hicollie,hidumper,hilog,hisysevent,hitrace,hiview,icu,ipc,init,libbpf,libpng,napi,protobuf,runtime_core,safwk,samgr,storage_service,drivers_interface_memorytracker,graphic_2d,os_account,window_manager,image_framework,ffrt,openssl,zlib,grpc,abseil-cpp,netmanager_base,ets_frontend	0		10	//developtools/profiler/device:hiprofiler_targets,//developtools/profiler/hidebug/interfaces/js/kits:profiler_jsapi_module,//developtools/profiler/hidebug/interfaces/ets/ani:ani_profiler_hidebug_package,//developtools/profiler/hidebug/frameworks/hidebug_ndk:ohhidebug,//developtools/profiler/hidebug/frameworks/native:hidebug_native,//developtools/profiler/hiebpf:hiebpf_tool,//developtools/profiler/timestamps:timestamps_tool,//developtools/profiler/tools/pagemap_parse:pagemap_tool,//developtools/profiler/host/smartperf/client/client_command/etc:spdaemon.para,//developtools/profiler/host/smartperf/client/client_command/etc:spdaemon.para.dac	11	6	//developtools/profiler/device:fuzztest,//developtools/profiler/device:unittest,//developtools/profiler/interfaces/kits/test:unittest,//developtools/profiler/hidebug/test/unittest:unittest,//developtools/profiler/hidebug/test/fuzztest:fuzztest,//developtools/profiler/proto_encoder/test:unittest
developtools	packing_tool	developtools/packing_tool/bundle.json	mini,small,standard	6	bounds_checking_function,cJSON,hilog,json,openssl,zlib	0		2	//developtools/packing_tool:packing_tool,//developtools/packing_tool:ohos_packing_tool	1	1	//developtools/packing_tool/packing_tool/frameworks/test/unittest:unittest
developtools	smartperf_host	developtools/smartperf_host/bundle.json	standard	17	ability_base,arkxtest,bounds_checking_function,common_event_service,c_utils,hilog,hisysevent,hiview,ipc,init,libpng,protobuf,samgr,graphic_2d,window_manager,image_framework,zlib	3	libsec_static,libunwind,sqlite	3	//developtools/smartperf_host/smartperf_device/device_command/:SP_daemon,//developtools/smartperf_host/smartperf_device/:SmartPerf,//developtools/smartperf_host/smartperf_device/device_command:smartperf_daemon	1	1	//developtools/smartperf_host/smartperf_device/device_command/test:unittest
developtools	syscap_codec	developtools/syscap_codec/bundle.json	small,standard	4	napi,bounds_checking_function,cJSON,runtime_core	0		2	//developtools/syscap_codec:syscap_codec,//developtools/syscap_codec/taihe:taihe_group	1	1	//developtools/syscap_codec/test/unittest/common:unittest
device_arm64_virt	qemu_virt_full	device/qemu/arm_virt/linux_full/bundle.json	standard	11	c_utils,drivers_interface_camera,drivers_interface_display,drivers_peripheral_camera,ffmpeg,graphic_surface,hdf_core,hilog,hitrace,ipc,samgr	1	libdrm	2	//drivers/peripheral/camera/vdi_base/usb_camera:usb_camera_vdi_impl,//device/qemu/arm_virt/linux_full:qemu-arm64-linux-full-group	0	1	//kernel/linux/build/test:linuxkerneltest
device_wukong100	device_wukong100	device/board/revoview/wukong100/bundle.json	standard	14	init,c_utils,drivers_peripheral_camera,part graphic_surface,graphic_surface,hdf_core,hilog,ipc,hitrace,hisysevent,drivers_interface_camera,drivers_interface_display,soc_p7885,product_wukong100	1	libjpeg-turbo	1	//device/board/revoview/wukong100:wukong100_group	0	0	
device_x86_64_virt	qemu_virt_full_x86_64	device/qemu/x86_64_virt/linux_full/bundle.json	standard	11	c_utils,drivers_interface_camera,drivers_interface_display,drivers_peripheral_camera,ffmpeg,graphic_surface,hdf_core,hilog,hitrace,ipc,samgr	1	libdrm	2	//drivers/peripheral/camera/vdi_base/usb_camera:usb_camera_vdi_impl,//device/qemu/x86_64_virt/linux_full:qemu-x86_64-linux-full-group	0	1	//kernel/linux/build/test:linuxkerneltest
deviceprofile	device_info_manager	foundation/deviceprofile/device_info_manager/bundle.json	standard	28	cJSON,c_utils,common_event_service,config_policy,data_share,ffrt,hicollie,hisysevent,hilog,ipc,json,syscap_codec,access_token,device_auth,samgr,kv_store,hitrace,eventhandler,safwk,dsoftbus,dmsfwk,device_manager,init,relational_store,os_account,asset,selinux_adapter,memmgr	0		0		2	4	//foundation/deviceprofile/device_info_manager/radar/test/unittest:dp_radar_helper_test_new,//foundation/deviceprofile/device_info_manager/services/core:unittest,//foundation/deviceprofile/device_info_manager/services/core/test/fuzztest:fuzztest,//foundation/deviceprofile/device_info_manager/common/test:common_test
distributeddatamgr	data_object	foundation/distributeddatamgr/data_object/bundle.json	standard	23	ability_runtime,bundle_framework,hitrace,dsoftbus,bounds_checking_function,napi,samgr,ipc,hilog,access_token,c_utils,device_manager,kv_store,libuv,common_event_service,dmsfwk,hisysevent,runtime_core,eventhandler,relational_store,ets_frontend,api_metrics,taihe_ffi_gen	2	ffmpeg,libexif	2	//foundation/distributeddatamgr/data_object/interfaces/jskits:build_module,//foundation/distributeddatamgr/data_object/frameworks/ets/taihe/ohos.data.distributedDataObject:distributed_dataobject_ani_pack	2	4	//foundation/distributeddatamgr/data_object/frameworks/innerkitsimpl/test/unittest:unittest,//foundation/distributeddatamgr/data_object/frameworks/jskitsimpl/test/unittest:unittest,//foundation/distributeddatamgr/data_object/frameworks/innerkitsimpl/test/fuzztest:fuzztest,//foundation/distributeddatamgr/data_object/frameworks/jskitsimpl/collaboration_edit/test:unittest
distributeddatamgr	data_share	foundation/distributeddatamgr/data_share/bundle.json	standard	21	ability_base,ability_runtime,access_token,bundle_framework,common_event_service,c_utils,ets_frontend,eventhandler,hisysevent,hitrace,hilog,ipc,kv_store,libuv,napi,node,relational_store,runtime_core,rust_bindgen,rust_cxx,samgr	0		0		11	5	//foundation/distributeddatamgr/data_share/test/native:unittest,//foundation/distributeddatamgr/data_share/test/js/data_share:unittest,//foundation/distributeddatamgr/data_share/test/unittest/native:unittest,//foundation/distributeddatamgr/data_share/test/ets/data_share_ets:stage_unittest,//foundation/distributeddatamgr/data_share/test/fuzztest:fuzztest
distributeddatamgr	datamgr_service	foundation/distributeddatamgr/datamgr_service/bundle.json	standard	40	ability_base,ability_runtime,access_token,bundle_framework,common_event_service,c_utils,dataclassification,data_share,device_auth,device_manager,dfs_service,dlp_permission_service,dsoftbus,hicollie,hilog,hisysevent,hitrace,huks,kv_store,image_framework,ipc,memmgr,napi,netmanager_base,os_account,qos_manager,relational_store,resource_management,safwk,samgr,screenlock_mgr,time_service,udmf,app_file_service,file_api,openssl,json,dmsfwk,data_object,icu	3	libuv,sqlite,zlib	7	//foundation/distributeddatamgr/datamgr_service/services/distributeddataservice/app:build_module,//foundation/distributeddatamgr/datamgr_service/services/distributeddataservice/framework:build_module,//foundation/distributeddatamgr/datamgr_service/services/distributeddataservice/rust/extension:build_module,//foundation/distributeddatamgr/datamgr_service/services/distributeddataservice/service:build_module,//foundation/distributeddatamgr/datamgr_service/conf:build_module,//foundation/distributeddatamgr/datamgr_service/services/distributeddataservice/service/data_share:build_module,//foundation/distributeddatamgr/datamgr_service/services/distributeddataservice/service/object/asset_loader:asset_sync_manager	1	3	//foundation/distributeddatamgr/datamgr_service:fuzztest,//foundation/distributeddatamgr/datamgr_service:build_native_test,//foundation/distributeddatamgr/datamgr_service/services/distributeddataservice/rust/ylong_cloud_extension:rust_ylong_cloud_ext_unit_test
distributeddatamgr	distributeddatamgr_cangjie_wrapper	foundation/distributeddatamgr/distributeddatamgr_cangjie_wrapper/bundle.json	standard	7	ability_cangjie_wrapper,cangjie_ark_interop,data_share,hiviewdfx_cangjie_wrapper,kv_store,preferences,relational_store	0		6	//foundation/distributeddatamgr/distributeddatamgr_cangjie_wrapper/ohos/data/data_share_predicates:ohos.data.data_share_predicates,//foundation/distributeddatamgr/distributeddatamgr_cangjie_wrapper/ohos/data/distributed_kv_store:ohos.data.distributed_kv_store,//foundation/distributeddatamgr/distributeddatamgr_cangjie_wrapper/ohos/data/preferences:ohos.data.preferences,//foundation/distributeddatamgr/distributeddatamgr_cangjie_wrapper/ohos/data/relational_store:ohos.data.relational_store,//foundation/distributeddatamgr/distributeddatamgr_cangjie_wrapper/ohos/data/values_bucket:ohos.data.values_bucket,//foundation/distributeddatamgr/distributeddatamgr_cangjie_wrapper/kit/ArkData:kit.ArkData	3	0	
distributeddatamgr	kv_store	foundation/distributeddatamgr/kv_store/bundle.json	standard	29	ability_base,ability_runtime,access_token,bounds_checking_function,bundle_framework,cJSON,c_utils,common_event_service,data_share,device_manager,dmsfwk,ets_frontend,eventhandler,file_api,hilog,hisysevent,hitrace,huks,ipc,json,jsoncpp,napi,openssl,runtime_core,safwk,samgr,sqlite,zlib,taihe_ffi_gen	4	bounds_checking_function,libuv,openssl,sqlite	14	//foundation/distributeddatamgr/kv_store/frameworks/libs/distributeddb:build_module,//foundation/distributeddatamgr/kv_store/interfaces/innerkits/distributeddata:build_module,//foundation/distributeddatamgr/kv_store/interfaces/innerkits/distributeddatamgr:build_module,//foundation/distributeddatamgr/kv_store/interfaces/jskits/distributeddata:build_module,//foundation/distributeddatamgr/kv_store/kvstoremock/interfaces/jskits/distributeddata:build_module,//foundation/distributeddatamgr/kv_store/interfaces/jskits/distributedkvstore:build_module,//foundation/distributeddatamgr/kv_store/kvstoremock/interfaces/jskits/distributedkvstore:build_module,//foundation/distributeddatamgr/kv_store/interfaces/innerkits/distributeddata:distributeddata_client_sync,//foundation/distributeddatamgr/kv_store/databaseutils:database_utils,//foundation/distributeddatamgr/kv_store/kvstoremock/interfaces/mock:build_module,//foundation/distributeddatamgr/kv_store/frameworks/ets/taihe/kv_store:distributedkvstore_ani_pack,//foundation/distributeddatamgr/kv_store/frameworks/innerkitsimpl/crypt:kv_store_crypt,//foundation/distributeddatamgr/kv_store/frameworks/innerkitsimpl/dm:build_module,//foundation/distributeddatamgr/kv_store/frameworks/innerkitsimpl/dms:build_module	19	9	//foundation/distributeddatamgr/kv_store/frameworks/libs/distributeddb/test:distributeddatamgr_fuzztest,//foundation/distributeddatamgr/kv_store:distributedtest,//foundation/distributeddatamgr/kv_store:build_native_test,//foundation/distributeddatamgr/kv_store:fuzztest,//foundation/distributeddatamgr/kv_store/test/unittest/distributeddata:unittest,//foundation/distributeddatamgr/kv_store/test/unittest/distributedKVStore:unittest,//foundation/distributeddatamgr/kv_store/frameworks/common/test:unittest,//foundation/distributeddatamgr/kv_store/frameworks/innerkitsimpl/kvdb/test:unittest,//foundation/distributeddatamgr/kv_store/databaseutils/test:unittest
distributeddatamgr	pasteboard	foundation/distributeddatamgr/pasteboard/bundle.json	standard	41	ability_base,ability_runtime,access_token,app_file_service,bundle_framework,cJSON,c_utils,common_event_service,device_info_manager,device_manager,data_share,dataclassification,dfs_service,dlp_permission_service,ets_frontend,eventhandler,file_api,hiappevent,hisysevent,hitrace,hilog,init,input,imf,ipc,image_framework,json,libuv,libxml2,memmgr,napi,os_account,resource_schedule_service,safwk,samgr,screenlock_mgr,time_service,udmf,window_manager,ffrt,runtime_core	0		0		6	2	//foundation/distributeddatamgr/pasteboard/test:unittest,//foundation/distributeddatamgr/pasteboard/test:fuzztest
distributeddatamgr	preferences	foundation/distributeddatamgr/preferences/bundle.json	standard	16	ability_runtime,bundle_framework,access_token,ets_frontend,napi,hilog,c_utils,ability_base,common_event_service,hisysevent,hitrace,ipc,bounds_checking_function,libxml2,runtime_core,ffrt	0		8	//foundation/distributeddatamgr/preferences/interfaces/inner_api:native_preferences,//foundation/distributeddatamgr/preferences/interfaces/ndk:libohpreferences,//foundation/distributeddatamgr/preferences/frameworks/js/napi/common:preferences_jscommon,//foundation/distributeddatamgr/preferences/frameworks/js/napi/preferences:preferences,//foundation/distributeddatamgr/preferences/frameworks/js/napi/sendable_preferences:sendablepreferences,//foundation/distributeddatamgr/preferences/frameworks/js/napi/storage:storage,//foundation/distributeddatamgr/preferences/frameworks/js/napi/system_storage:storage_napi,//foundation/distributeddatamgr/preferences/frameworks/ets/taihe/preferences:preferences_taihe	4	7	//foundation/distributeddatamgr/preferences/test/native:unittest,//foundation/distributeddatamgr/preferences/test/ndk:unittest,//foundation/distributeddatamgr/preferences/test/js:unittest,//foundation/distributeddatamgr/preferences/test/js:performancetest,//foundation/distributeddatamgr/preferences/test/js:stage_unittest,//foundation/distributeddatamgr/preferences/test/native:fuzztest,//foundation/distributeddatamgr/preferences/test/ndk:fuzztest
distributeddatamgr	relational_store	foundation/distributeddatamgr/relational_store/bundle.json	standard	27	ability_base,ability_runtime,access_token,common_event_service,c_utils,data_share,device_manager,eventhandler,hilog,hitrace,huks,ipc,kv_store,napi,samgr,hisysevent,bounds_checking_function,icu,sqlite,file_api,json,runtime_core,ets_frontend,api_metrics,openssl,taihe_ffi_gen,node	1	sqlite	22	//foundation/distributeddatamgr/relational_store/interfaces/inner_api/appdatafwk:native_appdatafwk,//foundation/distributeddatamgr/relational_store/interfaces/inner_api/dataability:native_dataability,//foundation/distributeddatamgr/relational_store/interfaces/inner_api/rdb_data_share_adapter:rdb_data_share_adapter,//foundation/distributeddatamgr/relational_store/interfaces/inner_api/rdb:native_rdb,//foundation/distributeddatamgr/relational_store/interfaces/inner_api/cloud_data:cloud_data_native,//foundation/distributeddatamgr/relational_store/frameworks/js/napi/cloud_data:clouddata,//foundation/distributeddatamgr/relational_store/interfaces/rdb_ndk_utils:native_rdb_ndk_utils,//foundation/distributeddatamgr/relational_store/interfaces/ndk:native_rdb_ndk,//foundation/distributeddatamgr/relational_store/frameworks/ets/taihe/cloud_data:clouddata_ani_pack,//foundation/distributeddatamgr/relational_store/frameworks/js/napi/dataability:dataability,//foundation/distributeddatamgr/relational_store/frameworks/js/napi/rdb:rdb,//foundation/distributeddatamgr/relational_store/frameworks/js/napi/rdb:napi_rdb,//foundation/distributeddatamgr/relational_store/frameworks/js/napi/relationalstore:relationalstore,//foundation/distributeddatamgr/relational_store/frameworks/js/napi/cloud_extension:cloudextension,//foundation/distributeddatamgr/relational_store/frameworks/ets/cloud_extension:cloud_extension_ext_ani_package,//foundation/distributeddatamgr/relational_store/frameworks/js/napi/common:commontype_napi,//foundation/distributeddatamgr/relational_store/frameworks/js/napi/sendablerelationalstore:sendablerelationalstore,//foundation/distributeddatamgr/relational_store/frameworks/native/icu:build_module,//foundation/distributeddatamgr/relational_store/frameworks/native/obs_mgr_adapter:rdb_obs_mgr_adapter,//foundation/distributeddatamgr/relational_store/frameworks/native/rdb_crypt:relational_store_crypt,//foundation/distributeddatamgr/relational_store/frameworks/ets/taihe/relational_store:relationalstore_ani_pack,//foundation/distributeddatamgr/relational_store/conf:build_module	13	27	//foundation/distributeddatamgr/relational_store/test/interface:unittest,//foundation/distributeddatamgr/relational_store/test/js/dataability:unittest,//foundation/distributeddatamgr/relational_store/test/js/rdb:performancetest,//foundation/distributeddatamgr/relational_store/test/js/rdb:unittest,//foundation/distributeddatamgr/relational_store/test/js/relationalstore:performancetest,//foundation/distributeddatamgr/relational_store/test/js/relationalstore:unittest,//foundation/distributeddatamgr/relational_store/test/js/clouddata:cloudtest,//foundation/distributeddatamgr/relational_store/test/ndk:unittest,//foundation/distributeddatamgr/relational_store/test/ndk:fuzztest,//foundation/distributeddatamgr/relational_store/test/ets/cloud_data:stage_unittest,//foundation/distributeddatamgr/relational_store/test/ets/cloud_data_no_permission:stage_unittest,//foundation/distributeddatamgr/relational_store/test/ets/cloud_data_system:stage_unittest,//foundation/distributeddatamgr/relational_store/test/native/appdatafwk:unittest,//foundation/distributeddatamgr/relational_store/test/native/clouddata:fuzztest,//foundation/distributeddatamgr/relational_store/test/native/clouddata:unittest,//foundation/distributeddatamgr/relational_store/test/native/dataability:unittest,//foundation/distributeddatamgr/relational_store/test/native/rdb:unittest,//foundation/distributeddatamgr/relational_store/test/native/rdb/unittest/mock_obs_manage_test:unittest,//foundation/distributeddatamgr/relational_store/test/native/rdb/unittest/dynamic_load_test:unittest,//foundation/distributeddatamgr/relational_store/test/native/rdb/unittest/sqlite_statement_test:unittest,//foundation/distributeddatamgr/relational_store/test/native/rdb/unittest/mockservice:unittest,//foundation/distributeddatamgr/relational_store/test/native/rdb:fuzztest,//foundation/distributeddatamgr/relational_store/test/native/rdb_data_ability_adapter:unittest,//foundation/distributeddatamgr/relational_store/test/native/rdb_data_share_adapter:unittest,//foundation/distributeddatamgr/relational_store/test/native/rdb:distributedtest,//foundation/distributeddatamgr/relational_store/test/ets/relational_store:stage_unittest,//foundation/distributeddatamgr/relational_store/test/ets/relational_store_system:stage_unittest
distributeddatamgr	udmf	foundation/distributeddatamgr/udmf/bundle.json	standard	28	ability_base,ability_runtime,access_token,bundle_framework,cJSON,c_utils,dfs_service,ets_frontend,hilog,hisysevent,hitrace,image_framework,init,ipc,json,kv_store,napi,node,samgr,app_file_service,os_account,selinux_adapter,libuv,libxml2,runtime_core,bounds_checking_function,api_metrics,taihe_ffi_gen	0		5	//foundation/distributeddatamgr/udmf:udmf_packages,//foundation/distributeddatamgr/udmf/interfaces/components:udmfcomponents,//foundation/distributeddatamgr/udmf/conf:utd_conf,//foundation/distributeddatamgr/udmf/interfaces/taihe:udmf_taihe,//foundation/distributeddatamgr/udmf/interfaces/taihe/ets:udmf_components_ets	20	2	//foundation/distributeddatamgr/udmf:unittest,//foundation/distributeddatamgr/udmf:fuzztest
distributedhardware	device_manager	foundation/distributedhardware/device_manager/bundle.json	standard,mini	40	ability_base,ability_runtime,access_token,bounds_checking_function,bluetooth,bundle_framework,cJSON,c_utils,common_event_service,data_share,device_auth,device_info_manager,dsoftbus,ets_frontend,eventhandler,ffrt,hicollie,hisysevent,hitrace,hilog,init,ipc,json,kv_store,mbedtls,memmgr,napi,libuv,node,openssl,os_account,power_manager,resource_management,runtime_core,safwk,samgr,screenlock_mgr,selinux_adapter,wifi,zlib	0		0		7	1	//foundation/distributedhardware/device_manager:device_manager_test
distributedhardware	distributed_audio	foundation/distributedhardware/distributed_audio/bundle.json	standard	25	access_token,accessibility,audio_framework,av_codec,cJSON,c_utils,device_security_level,device_manager,distributed_hardware_fwk,drivers_interface_audio,drivers_interface_distributed_audio,dsoftbus,eventhandler,hdf_core,hicollie,hisysevent,hitrace,hilog,init,media_foundation,ipc,os_account,player_framework,safwk,samgr	0		11	//foundation/distributedhardware/distributed_audio/sa_profile:daudio_sa_profile,//foundation/distributedhardware/distributed_audio/sa_profile:daudio.cfg,//foundation/distributedhardware/distributed_audio/audiohandler:distributed_audio_handler,//foundation/distributedhardware/distributed_audio/interfaces/inner_kits/native_cpp/audio_sink:distributed_audio_sink_sdk,//foundation/distributedhardware/distributed_audio/interfaces/inner_kits/native_cpp/audio_source:distributed_audio_source_sdk,//foundation/distributedhardware/distributed_audio/services/common:distributed_audio_utils,//foundation/distributedhardware/distributed_audio/services/audiomanager/servicesource:distributed_audio_source,//foundation/distributedhardware/distributed_audio/services/audiomanager/servicesink:distributed_audio_sink,//foundation/distributedhardware/distributed_audio/services/audiotransport/receiverengine:distributed_audio_decode_transport,//foundation/distributedhardware/distributed_audio/services/audiotransport/senderengine:distributed_audio_encode_transport,//foundation/distributedhardware/distributed_audio/services/test_example:audio_distributed_test	5	2	//foundation/distributedhardware/distributed_audio/interfaces/inner_kits/native_cpp/test/unittest:unittest,//foundation/distributedhardware/distributed_audio/interfaces/inner_kits/native_cpp/test/fuzztest:fuzztest
distributedhardware	distributed_camera	foundation/distributedhardware/distributed_camera/bundle.json	standard	29	accessibility,ipc,init,eventhandler,camera_framework,graphic_surface,distributed_hardware_fwk,device_security_level,device_manager,hdf_core,drivers_interface_display,drivers_interface_distributed_camera,c_utils,cJSON,dsoftbus,ffrt,ffmpeg,hicollie,media_foundation,hisysevent,hilog,samgr,hitrace,safwk,drivers_interface_camera,access_token,av_codec,os_account,sensor	0		11	//foundation/distributedhardware/distributed_camera/common:distributed_camera_utils,//foundation/distributedhardware/distributed_camera/interfaces/inner_kits/native_cpp/camera_sink:distributed_camera_sink_sdk,//foundation/distributedhardware/distributed_camera/interfaces/inner_kits/native_cpp/camera_source:distributed_camera_source_sdk,//foundation/distributedhardware/distributed_camera/services/cameraservice/cameraoperator/client:distributed_camera_client,//foundation/distributedhardware/distributed_camera/services/cameraservice/cameraoperator/handler:distributed_camera_handler,//foundation/distributedhardware/distributed_camera/services/cameraservice/sinkservice:distributed_camera_sink,//foundation/distributedhardware/distributed_camera/services/cameraservice/sourceservice:distributed_camera_source,//foundation/distributedhardware/distributed_camera/services/data_process:distributed_camera_data_process,//foundation/distributedhardware/distributed_camera/sa_profile:dcamera_sa_profile,//foundation/distributedhardware/distributed_camera/sa_profile:dcamera.cfg,//foundation/distributedhardware/distributed_camera/services/channel:distributed_camera_channel	0	13	//foundation/distributedhardware/distributed_camera/common/test/unittest:common_utils_test,//foundation/distributedhardware/distributed_camera/services/cameraservice/cameraoperator/client/test/sample:dcamera_client_demo,//foundation/distributedhardware/distributed_camera/services/cameraservice/cameraoperator/client/test/unittest:camera_client_test,//foundation/distributedhardware/distributed_camera/services/cameraservice/cameraoperator/handler/test/unittest:camera_handler_test,//foundation/distributedhardware/distributed_camera/services/cameraservice/sinkservice/test/unittest:sink_service_test,//foundation/distributedhardware/distributed_camera/services/cameraservice/sourceservice/test/unittest:source_service_test,//foundation/distributedhardware/distributed_camera/services/cameraservice/base/test/unittest:services_base_test,//foundation/distributedhardware/distributed_camera/services/channel/test/fuzztest:fuzztest,//foundation/distributedhardware/distributed_camera/services/channel/test/unittest:camera_channel_test,//foundation/distributedhardware/distributed_camera/services/data_process/test/unittest:data_process_test,//foundation/distributedhardware/distributed_camera/interfaces/inner_kits/native_cpp/test/sinkfuzztest:fuzztest,//foundation/distributedhardware/distributed_camera/interfaces/inner_kits/native_cpp/test/sourcefuzztest:fuzztest,//foundation/distributedhardware/distributed_camera/interfaces/inner_kits/native_cpp/test/unittest:dcamera_handler_test
distributedhardware	distributed_hardware_fwk	foundation/distributedhardware/distributed_hardware_fwk/bundle.json	standard	34	ability_base,ability_runtime,access_token,av_codec,bundle_framework,napi,dsoftbus,eventhandler,hitrace,c_utils,hilog,cJSON,samgr,ipc,safwk,hisysevent,device_manager,config_policy,init,kv_store,resource_schedule_service,media_foundation,bounds_checking_function,openssl,ffmpeg,runtime_core,zlib,ffrt,libevdev,selinux_adapter,os_account,memmgr,graphic_surface,node	0		12	//foundation/distributedhardware/distributed_hardware_fwk/application:DHardware_UI,//foundation/distributedhardware/distributed_hardware_fwk/av_transport/av_trans_engine/av_receiver:distributed_av_receiver,//foundation/distributedhardware/distributed_hardware_fwk/av_transport/av_trans_engine/av_sender:distributed_av_sender,//foundation/distributedhardware/distributed_hardware_fwk/av_transport/av_trans_handler/histreamer_ability_querier:histreamer_ability_querier,//foundation/distributedhardware/distributed_hardware_fwk/av_transport/framework:distributed_av_pipeline_fwk,//foundation/distributedhardware/distributed_hardware_fwk/interfaces/inner_kits:libdhfwk_sdk,//foundation/distributedhardware/distributed_hardware_fwk/interfaces/kits/napi:hardwaremanager,//foundation/distributedhardware/distributed_hardware_fwk/sa_profile:dhardware.cfg,//foundation/distributedhardware/distributed_hardware_fwk/sa_profile:dhfwk_sa_profile,//foundation/distributedhardware/distributed_hardware_fwk/services/distributedhardwarefwkservice:distributedhardwarefwksvr,//foundation/distributedhardware/distributed_hardware_fwk/utils:distributedhardwareutils,//foundation/distributedhardware/distributed_hardware_fwk/taihe:distributed_hardware_taihe	6	16	//foundation/distributedhardware/distributed_hardware_fwk/av_transport/av_trans_handler/histreamer_ability_querier/test/unittest/common:histreamer_ability_querier_test,//foundation/distributedhardware/distributed_hardware_fwk/av_transport/av_trans_control_center/test/unittest:AvTransControlCenterTest,//foundation/distributedhardware/distributed_hardware_fwk/utils/test:utils_test,//foundation/distributedhardware/distributed_hardware_fwk/services/distributedhardwarefwkservice/test/unittest:test,//foundation/distributedhardware/distributed_hardware_fwk/interfaces/inner_kits/test/demo:DistributedHardwareFwkKitDemo,//foundation/distributedhardware/distributed_hardware_fwk/interfaces/inner_kits/test/unittest:kit_test,//foundation/distributedhardware/distributed_hardware_fwk/services/distributedhardwarefwkservice/test/fuzztest:fuzztest,//foundation/distributedhardware/distributed_hardware_fwk/interfaces/inner_kits/test/fuzztest:fuzztest,//foundation/distributedhardware/distributed_hardware_fwk/av_transport/av_trans_engine/filters/test:filter_test,//foundation/distributedhardware/distributed_hardware_fwk/av_transport/framework/filter/test:framework_filter_test,//foundation/distributedhardware/distributed_hardware_fwk/av_transport/framework/pipeline/test:framework_pipeline_test,//foundation/distributedhardware/distributed_hardware_fwk/av_transport/av_trans_engine/av_receiver/test/unittest:receiver_test,//foundation/distributedhardware/distributed_hardware_fwk/av_transport/av_trans_engine/av_sender/test/unittest:sender_test,//foundation/distributedhardware/distributed_hardware_fwk/av_transport/av_trans_engine/plugin/test:plugin_test,//foundation/distributedhardware/distributed_hardware_fwk/av_transport/av_trans_control_center/test/fuzztest:fuzztest,//foundation/distributedhardware/distributed_hardware_fwk/av_transport/common/test:av_common_test
distributedhardware	distributed_input	foundation/distributedhardware/distributed_input/bundle.json	standard	24	access_token,accessibility,device_manager,eventhandler,hilog,ipc,json,libevdev,safwk,samgr,dsoftbus,c_utils,distributed_hardware_fwk,config_policy,hicollie,hisysevent,hitrace,graphic_surface,window_manager,openssl,os_account,graphic_2d,cJSON,selinux_adapter	0		17	//foundation/distributedhardware/distributed_input/interfaces/inner_kits:libdinput_sdk,//foundation/distributedhardware/distributed_input/sa_profile:distributed_input_source_sa_profile,//foundation/distributedhardware/distributed_input/sa_profile:distributed_input_sink_sa_profile,//foundation/distributedhardware/distributed_input/sa_profile:dinput.cfg,//foundation/distributedhardware/distributed_input/services/source/sourcemanager:libdinput_source,//foundation/distributedhardware/distributed_input/services/source/transport:libdinput_source_trans,//foundation/distributedhardware/distributed_input/services/source/inputinject:libdinput_inject,//foundation/distributedhardware/distributed_input/services/sink/sinkmanager:libdinput_sink,//foundation/distributedhardware/distributed_input/services/sink/transport:libdinput_sink_trans,//foundation/distributedhardware/distributed_input/services/sink/inputcollector:libdinput_collector,//foundation/distributedhardware/distributed_input/services/transportbase:libdinput_trans_base,//foundation/distributedhardware/distributed_input/services/state:libdinput_sink_state,//foundation/distributedhardware/distributed_input/sourcehandler:libdinput_source_handler,//foundation/distributedhardware/distributed_input/sinkhandler:libdinput_sink_handler,//foundation/distributedhardware/distributed_input/inputdevicehandler:libdinput_handler,//foundation/distributedhardware/distributed_input/dfx_utils:libdinput_dfx_utils,//foundation/distributedhardware/distributed_input/utils:libdinput_utils	1	18	//foundation/distributedhardware/distributed_input/interfaces/inner_kits/test:test,//foundation/distributedhardware/distributed_input/sourcehandler/test:test,//foundation/distributedhardware/distributed_input/sinkhandler/test:test,//foundation/distributedhardware/distributed_input/test:test,//foundation/distributedhardware/distributed_input/services/sink/transport/test:test,//foundation/distributedhardware/distributed_input/services/sink/inputcollector/test:test,//foundation/distributedhardware/distributed_input/services/source/transport/test:test,//foundation/distributedhardware/distributed_input/common/include/test:test,//foundation/distributedhardware/distributed_input/services/source/inputinject/test:test,//foundation/distributedhardware/distributed_input/services/source/sourcemanager/test:test,//foundation/distributedhardware/distributed_input/services/sink/sinkmanager/test:test,//foundation/distributedhardware/distributed_input/services/transportbase/test:test,//foundation/distributedhardware/distributed_input/utils/test:test,//foundation/distributedhardware/distributed_input/dfx_utils/test:test,//foundation/distributedhardware/distributed_input/interfaces/ipc/test:test,//foundation/distributedhardware/distributed_input/interfaces/ipc/test/fuzztest:fuzztest,//foundation/distributedhardware/distributed_input/inputdevicehandler/test:test,//foundation/distributedhardware/distributed_input/services/state/test:test
distributedhardware	distributed_screen	foundation/distributedhardware/distributed_screen/bundle.json	standard	28	access_token,accessibility,av_codec,device_manager,dsoftbus,eventhandler,hisysevent,init,ipc,hilog,input,json,ffrt,graphic_2d,graphic_surface,media_foundation,os_account,samgr,safwk,selinux_adapter,hicollie,hitrace,cJSON,c_utils,window_manager,distributed_hardware_fwk,libjpeg-turbo,hdf_core	0		11	//foundation/distributedhardware/distributed_screen/common:distributed_screen_utils,//foundation/distributedhardware/distributed_screen/interfaces/innerkits/native_cpp/screen_sink:distributed_screen_sink_sdk,//foundation/distributedhardware/distributed_screen/interfaces/innerkits/native_cpp/screen_source:distributed_screen_source_sdk,//foundation/distributedhardware/distributed_screen/services/screenclient:distributed_screen_client,//foundation/distributedhardware/distributed_screen/screenhandler:distributed_screen_handler,//foundation/distributedhardware/distributed_screen/services/screentransport/screensinktrans:distributed_screen_sinktrans,//foundation/distributedhardware/distributed_screen/services/screentransport/screensourcetrans:distributed_screen_sourcetrans,//foundation/distributedhardware/distributed_screen/services/screenservice/sinkservice:distributed_screen_sink,//foundation/distributedhardware/distributed_screen/services/screenservice/sourceservice:distributed_screen_source,//foundation/distributedhardware/distributed_screen/sa_profile:dscreen_sa_profile,//foundation/distributedhardware/distributed_screen/sa_profile:dscreen.cfg	2	18	//foundation/distributedhardware/distributed_screen/services/screendemo:distributedScreenTest,//foundation/distributedhardware/distributed_screen/common/test/unittest:ScreenCommonTest,//foundation/distributedhardware/distributed_screen/screenhandler/test/unittest/screenhandler:DscreenHandlerTest,//foundation/distributedhardware/distributed_screen/services/screenservice/test/unittest/sinkservice/dscreenservice:DScreenSinkStubTest,//foundation/distributedhardware/distributed_screen/services/screenservice/test/unittest/sinkservice/screenregionmgr:DscreenRegionMgrTest,//foundation/distributedhardware/distributed_screen/services/screenservice/test/unittest/sourceservice/dscreenservice:DScreenSourceStubTest,//foundation/distributedhardware/distributed_screen/services/screenservice/test/unittest/sourceservice/dscreenmgr:DscreenMgrTest,//foundation/distributedhardware/distributed_screen/services/screentransport/test/fuzztest:fuzztest,//foundation/distributedhardware/distributed_screen/services/screentransport/test/unittest:screen_transport_test,//foundation/distributedhardware/distributed_screen/services/softbusadapter/test/unittest:SoftBusAdapterTest,//foundation/distributedhardware/distributed_screen/services/softbusadapter/test/unittest:SoftbusPermissionCheckTest,//foundation/distributedhardware/distributed_screen/services/common/test/unittest:service_common_test,//foundation/distributedhardware/distributed_screen/interfaces/innerkits/native_cpp/test/unittest:screen_interface_test,//foundation/distributedhardware/distributed_screen/services/screenclient/test/unittest:ScreenClientTest,//foundation/distributedhardware/distributed_screen/screenhandler/test/fuzztest:fuzztest,//foundation/distributedhardware/distributed_screen/services/softbusadapter/test/fuzztest:fuzztest,//foundation/distributedhardware/distributed_screen/interfaces/innerkits/native_cpp/test/fuzztest:fuzztest,//foundation/distributedhardware/distributed_screen/services/screenservice/test/fuzztest:fuzztest
distributedhardware	mechbody_controller	foundation/distributedhardware/mechbody_controller/bundle.json	standard	29	access_token,ability_base,bluetooth,camera_framework,cJSON,c_utils,eventhandler,graphic_surface,ffrt,hilog,init,ipc,napi,safwk,samgr,ability_runtime,input,window_manager,sensor,os_account,hisysevent,runtime_core,drivers_interface_camera,device_manager,selinux_adapter,distributed_notification_service,api_metrics,icu,i18n	0		5	//foundation/distributedhardware/mechbody_controller/services:mechbody_service,//foundation/distributedhardware/mechbody_controller/interface/ets/mech_manager:mechanic_manager_group_ani,//foundation/distributedhardware/mechbody_controller/interface/napi/mech_manager:mechanicmanager_napi,//foundation/distributedhardware/mechbody_controller/etc/init:etc,//foundation/distributedhardware/mechbody_controller/sa_profile:mechbody_sa_profile	0	2	//foundation/distributedhardware/mechbody_controller/test/fuzztest:fuzztest,//foundation/distributedhardware/mechbody_controller/test/unittest:unittest
filemanagement	app_file_service	foundation/filemanagement/app_file_service/bundle.json	small,standard	31	ability_base,ability_runtime,access_token,bundle_framework,common_event_service,cJSON,c_utils,data_share,device_manager,faultloggerd,file_api,hicollie,hitrace,hilog,hisysevent,ipc,init,json,jsoncpp,napi,relational_store,runtime_core,os_account,openssl,power_manager,safwk,samgr,storage_service,sandbox_manager,selinux_adapter,zlib	1	bounds_checking_function	0		10	4	//foundation/filemanagement/app_file_service/test/fuzztest:fuzztest,//foundation/filemanagement/app_file_service:file_share_tests,//foundation/filemanagement/app_file_service:backup_tests,//foundation/filemanagement/app_file_service/test/fuzztest/filesharecreatedeletefile_fuzzer:fuzztest
filemanagement	dfs_service	foundation/filemanagement/dfs_service/bundle.json	small,standard	46	ability_base,ability_runtime,access_token,app_file_service,api_metrics,battery_manager,bundle_framework,c_utils,cJSON,common_event_service,dataclassification,data_share,device_auth,device_info_manager,device_manager,distributed_notification_service,dsoftbus,e2fsprogs,eventhandler,ffrt,file_api,hicollie,hilog,hisysevent,hitrace,i18n,init,ipc,json,libuv,napi,preferences,memmgr,netmanager_base,relational_store,runtime_core,safwk,storage_service,samgr,selinux_adapter,thermal_manager,os_account,power_manager,libfuse,zlib,user_file_service	0		0		13	4	//foundation/filemanagement/dfs_service:dfs_test_moudule,//foundation/filemanagement/dfs_service:cloudsync_test_module,//foundation/filemanagement/dfs_service:distributedfile_test_module,//foundation/filemanagement/dfs_service/test/fuzztest:dfs_service_fuzztest
filemanagement	disk_manager	foundation/filemanagement/disk_manager/bundle.json	standard	22	ability_base,ability_runtime,access_token,bounds_checking_function,common_event_service,c_utils,dfs_service,file_api,hilog,hisysevent,hitrace,init,ipc,json,libuv,napi,node,runtime_core,safwk,samgr,security_guard,taihe_ffi_gen	0		0		1	1	//foundation/filemanagement/disk_manager:test
filemanagement	file_api	foundation/filemanagement/file_api/bundle.json	mini,small,standard	27	ability_base,ability_runtime,access_token,api_metrics,app_file_service,bounds_checking_function,bundle_framework,c_utils,common_event_service,data_share,dfs_service,eventhandler,hilog,hisysevent,hitrace,init,ipc,liburing,libuv,napi,node,openssl,os_account,runtime_core,rust_libc,samgr,zlib	0		0		14	2	//foundation/filemanagement/file_api/interfaces/test/unittest:file_api_unittest,//foundation/filemanagement/file_api/interfaces/test/fuzztest:file_api_fuzztest
filemanagement	filemanagement_cangjie_wrapper	foundation/filemanagement/filemanagement_cangjie_wrapper/bundle.json	standard	4	app_file_service,cangjie_ark_interop,hiviewdfx_cangjie_wrapper,file_api	0		4	//foundation/filemanagement/filemanagement_cangjie_wrapper/kit/CoreFileKit:kit.CoreFileKit,//foundation/filemanagement/filemanagement_cangjie_wrapper/ohos/file:ohos.file,//foundation/filemanagement/filemanagement_cangjie_wrapper/ohos/file/fileuri:ohos.file.fileuri,//foundation/filemanagement/filemanagement_cangjie_wrapper/ohos/file/fs:ohos.file.fs	2	0	
filemanagement	storage_service	foundation/filemanagement/storage_service/bundle.json	small,standard	55	ability_base,ability_runtime,access_token,app_file_service,appspawn,bounds_checking_function,bundle_framework,cJSON,c_utils,config_policy,common_event_service,crypto_framework,data_share,dfs_service,drivers_interface_huks,e2fsprogs,eventhandler,exfatprogs,FreeBSD,f2fs-tools,file_api,gptfdisk,hicollie,hilog,hisysevent,hitrace,huks,init,ipc,libfuse,libgphoto2,libmtp,libusb,libuv,media_library,napi,node,ntfs-3g,relational_store,safwk,samgr,screenlock_mgr,selinux_adapter,security_guard,tee_client,os_account,openssl,user_auth_framework,zlib,qos_manager,usb_manager,runtime_core,json,resource_schedule_service,disk_manager	0		0		4	5	//foundation/filemanagement/storage_service/services/storage_daemon:storage_daemon_unit_test,//foundation/filemanagement/storage_service/services/storage_manager:storage_manager_unit_test,//foundation/filemanagement/storage_service/test/fuzztest:storage_service_fuzztest,//foundation/filemanagement/storage_service/test/fuzztest/cjstoragestatusservice_fuzzer:fuzztest,//foundation/filemanagement/storage_service/test/fuzztest/storge_fuzzer:fuzztest
filemanagement	user_file_service	foundation/filemanagement/user_file_service/bundle.json	standard	31	ability_base,ability_runtime,ace_engine,app_file_service,bounds_checking_function,ets_frontend,ipc,init,samgr,safwk,napi,file_api,bundle_framework,hilog,hitrace,access_token,os_account,c_utils,cJSON,libuv,node,image_framework,common_event_service,udmf,selinux_adapter,window_manager,dfs_service,sandbox_manager,relational_store,runtime_core,taihe_ffi_gen	0		0		4	2	//foundation/filemanagement/user_file_service/test/unittest:user_file_service_unit_test,//foundation/filemanagement/user_file_service/test/fuzztest:user_file_service_fuzz_test
game	game_controller_framework	domains/game/game_controller_framework/bundle.json	standard	15	hilog,ipc,safwk,samgr,c_utils,common_event_service,ffrt,json,input,window_manager,eventhandler,init,access_token,bundle_framework,graphic_2d	0		1	//domains/game/game_controller_framework:game_controller_framework_packages	2	2	//domains/game/game_controller_framework/test/unittest:unittest,//domains/game/game_controller_framework/test/fuzztest:fuzztest
global	font_manager	base/global/font_manager/bundle.json	standard	22	ability_base,ability_runtime,access_token,common_event_service,bounds_checking_function,c_utils,cJSON,eventhandler,hilog,hisysevent,hitrace,init,libuv,ipc,napi,node,safwk,samgr,graphic_2d,runtime_core,os_account,storage_service	0		4	//base/global/font_manager/interfaces/ani:ani_package_font_manager,//base/global/font_manager/interfaces/js/kits:fontmanager,//base/global/font_manager/sa_profile:font_server_profile,//base/global/font_manager/service:font_service_ability	1	2	//base/global/font_manager/test/unittest:unittest,//base/global/font_manager/test/fuzztest:fuzztest
global	global_cangjie_wrapper	base/global/global_cangjie_wrapper/bundle.json	standard	6	cangjie_ark_interop,hiviewdfx_cangjie_wrapper,arkui_cangjie_wrapper,resource_management,ace_engine,i18n	0		2	//base/global/global_cangjie_wrapper/ohos:global_cangjie_wrapper_package,//base/global/global_cangjie_wrapper/kit/LocalizationKit:kit.LocalizationKit	6	0	
global	i18n	base/global/i18n/bundle.json	standard	31	ability_base,ability_runtime,access_token,bounds_checking_function,bundle_framework,cellular_data,common_event_service,config_policy,core_service,cJSON,c_utils,eventhandler,hilog,icu,init,ipc,jsoncpp,libphonenumber,libpng,libxml2,memmgr,napi,openssl,os_account,preferences,protobuf,resource_management,safwk,samgr,selinux_adapter,runtime_core	0		11	//base/global/i18n/frameworks/zone:zone_util,//base/global/i18n/frameworks/intl:build_module,//base/global/i18n/interfaces/js/innerkits/intl:build_module,//base/global/i18n/interfaces/js/kits:build_module,//base/global/i18n/interfaces/cj:build_module,//base/global/i18n/frameworks/intl:geocoding_depends,//base/global/i18n/ta:binary_files,//base/global/i18n/sa_profile:i18n_service_ability_profile,//base/global/i18n/services:i18n_service_ability,//base/global/i18n/interfaces/ets/ani:ani_package_i18n,//base/global/i18n/ndk:native_i18n	7	5	//base/global/i18n/frameworks/intl/test:intl_test,//base/global/i18n/frameworks/zone/test:zone_util_test,//base/global/i18n/frameworks/intl/test/fuzztest:fuzztest,//base/global/i18n/ndk/test:ndk_test,//base/global/i18n/services/test:i18n_service_test
global	i18n_lite	base/global/i18n_lite/bundle.json	mini,small	1	utils_lite	1	bounds_checking_function	3	//base/global/i18n_lite/frameworks/i18n:global_i18n,//base/global/i18n_lite/interfaces/kits:global_i18n_dat,//base/global/i18n_lite/interfaces/kits/js/builtin:nativeapi_locale_simulator	2	1	//base/global/i18n_lite/frameworks/i18n/test:I18nTest
global	resource_management	base/global/resource_management/bundle.json	standard	23	ability_base,ability_runtime,hilog,hisysevent,hitrace,napi,node,libuv,ace_engine,bundle_framework,common_event_service,c_utils,init,zlib,bounds_checking_function,icu,cJSON,graphic_2d,runtime_core,ipc,ets_runtime,ets_frontend,api_metrics	0		11	//base/global/resource_management/interfaces/js/kits:resourcemanager,//base/global/resource_management/interfaces/js/kits:sendableresourcemanager,//base/global/resource_management/interfaces/cj:cj_resource_manager_ffi,//base/global/resource_management/frameworks/resmgr:global_resmgr,//base/global/resource_management/frameworks/resmgr:librawfile,//base/global/resource_management/frameworks/resmgr:win_resmgr,//base/global/resource_management/frameworks/resmgr:linux_resmgr,//base/global/resource_management/frameworks/resmgr:mac_resmgr,//base/global/resource_management/frameworks/resmgr:ohresmgr,//base/global/resource_management/interfaces/ets/ani:ani_package_resmgr,//base/global/resource_management/interfaces/js/innerkits/core:resmgr_napi_core_preview	10	2	//base/global/resource_management/frameworks/resmgr/test:unittest,//base/global/resource_management/test/fuzztest:fuzztest
global	resource_management_lite	base/global/resource_management_lite/bundle.json	mini,small	2	utils_lite,bounds_checking_function	0		1	//base/global/resource_management_lite/frameworks/resmgr_lite:global_resmgr	1	1	//base/global/resource_management_lite/frameworks/resmgr_lite/test:unittest
global	system_resources	base/global/system_resources/bundle.json	standard	1	ets_frontend	0		2	//base/global/system_resources/systemres:systemres_hap,//base/global/system_resources:ohos_fonts	1	0	
global	timezone	base/global/timezone/bundle.json	standard	0		0		1	//base/global/timezone/data:icu_tzdata	0	0	
graphic	graphic_2d	foundation/graphic/graphic_2d/bundle.json	standard	61	window_manager,resource_management,api_metrics,napi,node,samgr,hdf_core,hilog,hisysevent,hitrace,ability_runtime,bundle_framework,drivers_interface_display,c_utils,access_token,safwk,eventhandler,config_policy,init,input,hicollie,image_framework,ipc,graphic_surface,graphics_effect,player_framework,resource_schedule_service,soc_perf,accessibility,frame_aware_sched,memmgr,sensor,qos_manager,video_processing_engine,bounds_checking_function,egl,opengles,vulkan-headers,vulkan-loader,cJSON,jsoncpp,openssl,zlib,libuv,icu,libpng,ffrt,libxml2,skia,vma,lz4,faultloggerd,freetype,rust_cxx,media_foundation,selinux_adapter,runtime_core,hiview,i18n,api_metrics,selinux_adapter	1	skia	0		33	13	//foundation/graphic/graphic_2d:graphic_common_test,//foundation/graphic/graphic_2d/frameworks/surfaceimage/test:test,//foundation/graphic/graphic_2d/rosen/modules/render_service_client:test,//foundation/graphic/graphic_2d/rosen/modules/ressched/test/unittest:unittest,//foundation/graphic/graphic_2d/rosen/test/2d_graphics:test,//foundation/graphic/graphic_2d/rosen/modules/animation/window_animation/test:test,//foundation/graphic/graphic_2d/rosen/modules/render_service_base/test:test,//foundation/graphic/graphic_2d/rosen/modules/safuzz:safuzztest,//foundation/graphic/graphic_2d/rosen/test/2d_graphics/drawing:drawing_demo,//foundation/graphic/graphic_2d/rosen/test/dtk:dtk,//foundation/graphic/graphic_2d/frameworks/text/test:text_test,//foundation/graphic/graphic_2d/rosen/test/frame_load:test,//foundation/graphic/graphic_2d/rosen/test/render_service:test
graphic	graphic_3d	foundation/graphic/graphic_3d/bundle.json	standard	31	c_utils,hilog,graphic_2d,graphic_surface,hitrace,icu,init,input,ipc,bounds_checking_function,resource_management,resource_schedule_service,napi,ability_runtime,bundle_framework,qos_manager,libpng,libjpeg-turbo,vulkan-loader,vulkan-headers,skia,freetype,zlib,runtime_core,meshoptimizer,api_metrics,egl,opengles,window_manager,form_fwk,ability_base	0		22	//foundation/graphic/graphic_3d/lume/LumeEngine:libAGPEngine,//foundation/graphic/graphic_3d/lume/LumeEngine/DLL:libAGPDLL,//foundation/graphic/graphic_3d/lume/LumeRender:libPluginAGPRender,//foundation/graphic/graphic_3d/lume/Lume_3D/DLL:libPluginAGP3D,//foundation/graphic/graphic_3d/lume/Lume_3D:libAGP3D,//foundation/graphic/graphic_3d/lume/LumePng:libPluginAGPPng,//foundation/graphic/graphic_3d/lume/LumeJpg:libPluginAGPJpg,//foundation/graphic/graphic_3d/3d_scene_adapter:scene_bridge_ani,//foundation/graphic/graphic_3d/3d_widget_adapter:lib3dWidgetAdapter,//foundation/graphic/graphic_3d/lume/LumeBinaryCompile/LumeShaderCompiler:binary_compile_shader,//foundation/graphic/graphic_3d/lume/LumeBinaryCompile/lumeassetcompiler:binary_compile_asset,//foundation/graphic/graphic_3d/lume/LumeEngine/ecshelper:libAGPEcshelper,//foundation/graphic/graphic_3d/lume/LumeMeta:libPluginMetaObject,//foundation/graphic/graphic_3d/lume/LumeScene:libPluginLumeSceneImporter,//foundation/graphic/graphic_3d/lume/LumeScene:libPluginLumeSceneMetadataImporter,//foundation/graphic/graphic_3d/lume/LumeScene:libPluginSceneWidget,//foundation/graphic/graphic_3d/kits/js:libscene,//foundation/graphic/graphic_3d/kits/ets:graphics_3d_taihe,//foundation/graphic/graphic_3d/camera_preview_plugin:libPluginCamPreview,//foundation/graphic/graphic_3d/lume/LumeDotfield:libPluginDotfield,//foundation/graphic/graphic_3d/lume/LumeBoidsSwarm:libPluginBoidsSwarm,//foundation/graphic/graphic_3d/lume/LumeMRT:libPluginMRT	9	17	//foundation/graphic/graphic_3d/3d_widget_adapter/test:unittest,//foundation/graphic/graphic_3d/lume/LumeBase/test/unittest:unittest,//foundation/graphic/graphic_3d/lume/LumePng/test/unittest:unittest,//foundation/graphic/graphic_3d/lume/LumeJpg/test/unittest:unittest,//foundation/graphic/graphic_3d/lume/LumeDotfield/test/unittest:unittest,//foundation/graphic/graphic_3d/lume/LumeBoidsSwarm/test/unittest:unittest,//foundation/graphic/graphic_3d/lume/LumeEngine/test/unittest:unittest,//foundation/graphic/graphic_3d/lume/LumeRender/test/unittest:unittest,//foundation/graphic/graphic_3d/lume/Lume_3D/test/unittest:unittest,//foundation/graphic/graphic_3d/lume/LumeMeta/test/unittest:unittest,//foundation/graphic/graphic_3d/lume/LumeScene/test/unittest:unittest,//foundation/graphic/graphic_3d/lume/Lume_3D/test/fuzztest/gltf2loader_fuzzer:fuzztest,//foundation/graphic/graphic_3d/lume/LumeEngine/test/fuzztest/json_fuzzer:fuzztest,//foundation/graphic/graphic_3d/lume/LumeEngine/test/fuzztest/image_loader_fuzzer:fuzztest,//foundation/graphic/graphic_3d/lume/LumeScene/test/fuzztest/gltf_load_fuzzer:fuzztest,//foundation/graphic/graphic_3d/lume/LumeScene/test/fuzztest/json_parse_fuzzer:fuzztest,//foundation/graphic/graphic_3d/lume/LumeScene/test/fuzztest/property_path_fuzzer:fuzztest
graphic	graphic_cangjie_wrapper	foundation/graphic/graphic_cangjie_wrapper/bundle.json	standard	3	cangjie_ark_interop,graphic_2d,hiviewdfx_cangjie_wrapper	0		3	//foundation/graphic/graphic_cangjie_wrapper/kit/ArkGraphics2D:kit.ArkGraphics2D,//foundation/graphic/graphic_cangjie_wrapper/ohos/graphics:ohos.graphics,//foundation/graphic/graphic_cangjie_wrapper/ohos/graphics/color_space_manager:ohos.graphics.color_space_manager	3	0	
graphic	graphic_surface	foundation/graphic/graphic_surface/bundle.json	standard	15	access_token,bounds_checking_function,cJSON,c_utils,config_policy,drivers_interface_display,eventhandler,hicollie,hilog,hitrace,hisysevent,init,ipc,samgr,selinux_adapter	0		7	//foundation/graphic/graphic_surface/surface:surface,//foundation/graphic/graphic_surface/sync_fence:sync_fence,//foundation/graphic/graphic_surface/buffer_handle:buffer_handle,//foundation/graphic/graphic_surface/utils/frame_report:frame_report,//foundation/graphic/graphic_surface/utils/hebc_white_list:hebc_white_list,//foundation/graphic/graphic_surface/surface:surface_static,//foundation/graphic/graphic_surface/sync_fence:sync_fence_static	7	6	//foundation/graphic/graphic_surface/surface/test:test,//foundation/graphic/graphic_surface/buffer_handle/test:test,//foundation/graphic/graphic_surface/sync_fence/test:test,//foundation/graphic/graphic_surface/utils/frame_report/test:test,//foundation/graphic/graphic_surface/utils/hebc_white_list/test:test,//foundation/graphic/graphic_surface/utils/rs_frame_report_ext/test:test
graphic	graphic_utils_lite	foundation/graphic/graphic_utils_lite/bundle.json	mini,small	3	hilog_lite,drivers_peripheral_display,bounds_checking_function	0		2	//foundation/graphic/graphic_utils_lite:utils_lite,//foundation/graphic/graphic_utils_lite/test:graphic_utils_lite_test	1	0	
graphic	graphics_effect	foundation/graphic/graphics_effect/bundle.json	standard	9	bounds_checking_function,c_utils,graphic_2d,hitrace,hilog,init,openssl,skia,libxml2	0		1	//foundation/graphic/graphics_effect:graphics_effect_core	1	1	//foundation/graphic/graphics_effect/test:test
graphic	surface_lite	foundation/graphic/surface_lite/bundle.json	small	3	drivers_peripheral_display,graphic_utils_lite,ipc	1	bounds_checking_function	2	//foundation/graphic/surface_lite:surface_lite,//foundation/graphic/surface_lite/test:surface_lite_test	0	0	
hdf	drivers_devhost	drivers/peripheral/devhost/bundle.json	standard	6	hdf_core,hilog,c_utils,init,ipc,bounds_checking_function	0		1	//drivers/peripheral/devhost:entry	0	0	
hdf	drivers_interface_act_recg	drivers/interface/activity_recognition/bundle.json	small,standard	4	ipc,hdf_core,hilog,c_utils	0		1	//drivers/interface/activity_recognition/v1_0:ar_idl_target	3	0	
hdf	drivers_interface_audio	drivers/interface/audio/bundle.json	small,standard	3	c_utils,hdf_core,hilog	0		3	//drivers/interface/audio/effect/v1_0:libeffect_proxy_1.0,//drivers/interface/audio/v6_0:libaudio_proxy_6.0,//drivers/interface/audio/v6_1:libaudio_proxy_6.1	10	0	
hdf	drivers_interface_battery	drivers/interface/battery/bundle.json	small,standard	4	ipc,hdf_core,hilog,c_utils	0		1	//drivers/interface/battery/v2_0:battery_idl_target	3	0	
hdf	drivers_interface_bluetooth	drivers/interface/bluetooth/bundle.json	standard	4	ipc,hdf_core,hilog,c_utils	0		3	//drivers/interface/bluetooth/hci/v1_0:bluetooth_hci_idl_target,//drivers/interface/bluetooth/a2dp/v2_0:bluetooth_a2dp_idl_target,//drivers/interface/bluetooth/lp_ble/v1_0:bluetooth_lp_ble_idl_target	10	0	
hdf	drivers_interface_camera	drivers/interface/camera/bundle.json	small,standard	6	ipc,hdf_core,hilog,c_utils,graphic_surface,bounds_checking_function	0		19	//drivers/interface/camera/metadata/v1_0:camera_vendor_tag_idl_target,//drivers/interface/camera/v1_6:camera_idl_target,//drivers/interface/camera/v1_5:camera_idl_target,//drivers/interface/camera/v1_4:camera_idl_target,//drivers/interface/camera/v1_3:camera_idl_target,//drivers/interface/camera/v1_2:camera_idl_target,//drivers/interface/camera/v1_1:camera_idl_target,//drivers/interface/camera/v1_0:camera_idl_target,//drivers/interface/camera/sequenceable/buffer_producer:libbuffer_producer_sequenceable_1.0,//drivers/interface/camera/sequenceable/buffer_handle:libbuffer_handle_sequenceable_1.0,//drivers/interface/camera/sequenceable/map_data:libmap_data_sequenceable_1.0,//drivers/interface/camera/metadata:metadata,//drivers/interface/camera/v1_6:libcamera_stub_1.6,//drivers/interface/camera/v1_5:libcamera_stub_1.5,//drivers/interface/camera/v1_4:libcamera_stub_1.4,//drivers/interface/camera/v1_3:libcamera_stub_1.3,//drivers/interface/camera/v1_2:libcamera_stub_1.2,//drivers/interface/camera/v1_1:libcamera_stub_1.1,//drivers/interface/camera/v1_0:libcamera_stub_1.0	27	0	
hdf	drivers_interface_codec	drivers/interface/codec/bundle.json	standard,small	4	ipc,hdf_core,hilog,c_utils	0		3	//drivers/interface/codec/v4_0:codec_idl_target,//drivers/interface/codec/image/v2_1:image_idl_target,//drivers/interface/codec/zcodec/v1_0:zcodec_idl_target	10	0	
hdf	drivers_interface_connected_nfc_tag	drivers/interface/connected_nfc_tag/bundle.json	standard	4	ipc,hdf_core,hilog,c_utils	0		3	//drivers/interface/connected_nfc_tag/v1_0:connected_nfc_tag_idl_target,//drivers/interface/connected_nfc_tag/v1_1:connected_nfc_tag_idl_target,//drivers/interface/connected_nfc_tag/v1_1:libconnected_nfc_tag_stub_1.1	5	0	
hdf	drivers_interface_display	drivers/interface/display/bundle.json	small,standard	8	bounds_checking_function,hdf_core,hilog,c_utils,ipc,graphic_surface,init,hitrace	0		28	//drivers/interface/display/buffer/v1_0:display_buffer_idl_target,//drivers/interface/display/buffer/v1_0:libdisplay_buffer_hdi_impl,//drivers/interface/display/buffer/v1_1:display_buffer_idl_target,//drivers/interface/display/buffer/v1_1:libdisplay_buffer_hdi_impl_v1_1,//drivers/interface/display/buffer/v1_2:display_buffer_idl_target,//drivers/interface/display/buffer/v1_2:libdisplay_buffer_hdi_impl_v1_2,//drivers/interface/display/buffer/v1_3:display_buffer_idl_target,//drivers/interface/display/buffer/v1_3:libdisplay_buffer_hdi_impl_v1_3,//drivers/interface/display/buffer/v1_4:display_buffer_idl_target,//drivers/interface/display/buffer/v1_4:libdisplay_buffer_hdi_impl_v1_4,//drivers/interface/display/composer/cache_manager:libcomposer_buffer_cache,//drivers/interface/display/composer/v1_0:display_composer_idl_target,//drivers/interface/display/composer/v1_1:display_composer_idl_target,//drivers/interface/display/composer/v1_1:libdisplay_composer_hdi_impl_1.1,//drivers/interface/display/composer/v1_2:display_composer_idl_target,//drivers/interface/display/composer/v1_2:libdisplay_composer_hdi_impl_1.2,//drivers/interface/display/composer/v1_3:display_composer_idl_target,//drivers/interface/display/composer/v1_3:libdisplay_composer_hdi_impl_1.3,//drivers/interface/display/composer/v1_4:display_composer_idl_target,//drivers/interface/display/composer/v1_4:libdisplay_composer_hdi_impl_1.4,//drivers/interface/display/composer/v1_5:display_composer_idl_target,//drivers/interface/display/composer/v1_5:libdisplay_composer_hdi_impl_1.5,//drivers/interface/display/graphic/common/v1_0:display_commontype_idl_target,//drivers/interface/display/graphic/common/v1_1:display_commontype_idl_target,//drivers/interface/display/graphic/common/v2_0:display_commontype_idl_target,//drivers/interface/display/graphic/common/v2_1:display_commontype_idl_target,//drivers/interface/display/graphic/common/v2_2:display_commontype_idl_target,//drivers/interface/display/graphic/common/v2_3:display_commontype_idl_target	62	0	
hdf	drivers_interface_distributed_audio	drivers/interface/distributed_audio/bundle.json	standard	4	ipc,hdf_core,hilog,c_utils	0		4	//drivers/interface/distributed_audio/audio/v1_0:daudio_idl_target,//drivers/interface/distributed_audio/audio/v2_0:daudio_idl_target,//drivers/interface/distributed_audio/audioext/v2_1:daudioext_idl_target,//drivers/interface/distributed_audio/audioext/v3_0:daudioext_idl_target	9	0	
hdf	drivers_interface_distributed_camera	drivers/interface/distributed_camera/bundle.json	standard	4	ipc,hdf_core,hilog,c_utils	0		1	//drivers/interface/distributed_camera/v1_1:distributed_camera_provider_idl_target	3	0	
hdf	drivers_interface_drm	drivers/interface/drm/bundle.json	standard	4	ipc,hdf_core,hilog,c_utils	0		4	//drivers/interface/drm/v1_0:drm_idl_target,//drivers/interface/drm/v1_0:libdrm_stub_1.0,//drivers/interface/drm/v1_1:drm_idl_target,//drivers/interface/drm/v1_1:libdrm_stub_1.1	6	0	
hdf	drivers_interface_ethernet	drivers/interface/ethernet/bundle.json	standard	4	ipc,hdf_core,hilog,c_utils	0		1	//drivers/interface/ethernet/v1_0:ethernet_idl_target	3	0	
hdf	drivers_interface_face_auth	drivers/interface/face_auth/bundle.json	standard	6	ipc,hdf_core,hilog,c_utils,graphic_surface,drivers_interface_camera	0		1	//drivers/interface/face_auth/v3_0:face_auth_idl_target	3	0	
hdf	drivers_interface_fingerprint_auth	drivers/interface/fingerprint_auth/bundle.json	standard	4	ipc,hdf_core,hilog,c_utils	0		1	//drivers/interface/fingerprint_auth/v2_0:fingerprint_auth_idl_target	3	0	
hdf	drivers_interface_huks	drivers/interface/huks/bundle.json	standard	3	hdf_core,hilog,c_utils	0		2	//drivers/interface/huks/v1_1:huks_idl_target,//drivers/interface/huks/v1_2:huks_idl_target	4	0	
hdf	drivers_interface_input	drivers/interface/input/bundle.json	standard,small	4	c_utils,ipc,hdf_core,hilog	0		3	//drivers/interface/input/v1_0:input_idl_target,//drivers/interface/input/ddk/v1_0:hid_ddk_idl_target,//drivers/interface/input/ddk/v1_1:hid_ddk_idl_target	8	0	
hdf	drivers_interface_intelligent_voice	drivers/interface/intelligent_voice/bundle.json	standard	4	c_utils,hdf_core,hilog,ipc	0		7	//drivers/interface/intelligent_voice/engine/v1_3:intell_voice_engine_idl_target,//drivers/interface/intelligent_voice/engine/v1_2:intell_voice_engine_idl_target,//drivers/interface/intelligent_voice/engine/v1_1:intell_voice_engine_idl_target,//drivers/interface/intelligent_voice/engine/v1_0:intell_voice_engine_idl_target,//drivers/interface/intelligent_voice/trigger/v1_2:intell_voice_trigger_idl_target,//drivers/interface/intelligent_voice/trigger/v1_1:intell_voice_trigger_idl_target,//drivers/interface/intelligent_voice/trigger/v1_0:intell_voice_trigger_idl_target	21	0	
hdf	drivers_interface_light	drivers/interface/light/bundle.json	standard,small,mini	4	ipc,hdf_core,hilog,c_utils	0		1	//drivers/interface/light/v1_0:light_idl_target	3	0	
hdf	drivers_interface_location_agnss	drivers/interface/location/agnss/bundle.json	standard	4	ipc,hdf_core,hilog,c_utils	0		2	//drivers/interface/location/agnss/v2_0:location_agnss_idl_target,//drivers/interface/location/agnss/v2_1:location_agnss_idl_target	6	0	
hdf	drivers_interface_location_geofence	drivers/interface/location/geofence/bundle.json	standard	4	ipc,hdf_core,hilog,c_utils	0		1	//drivers/interface/location/geofence/v2_0:location_geofence_idl_target	3	0	
hdf	drivers_interface_location_gnss	drivers/interface/location/gnss/bundle.json	standard	4	ipc,hdf_core,hilog,c_utils	0		1	//drivers/interface/location/gnss/v2_0:location_gnss_idl_target	3	0	
hdf	drivers_interface_lpfence	drivers/interface/location/lpfence/bundle.json	standard	4	ipc,hdf_core,hilog,c_utils	0		6	//drivers/interface/location/lpfence/cellbatching/v1_0:lpfence_cellbatching_idl_target,//drivers/interface/location/lpfence/cellfence/v1_0:lpfence_cellfence_idl_target,//drivers/interface/location/lpfence/geofence/v1_0:lpfence_geofence_idl_target,//drivers/interface/location/lpfence/wififence/v1_0:lpfence_wififence_idl_target,//drivers/interface/location/lpfence/safe_location/v1_0:lpfence_safe_location_idl_target,//drivers/interface/location/lpfence/mntn/v1_0:lpfence_mntn_idl_target	18	0	
hdf	drivers_interface_lpplayer	drivers/interface/low_power_player/bundle.json	standard,small	4	ipc,hdf_core,hilog,c_utils	0		1	//drivers/interface/low_power_player/v1_0:low_power_player_idl_target	3	0	
hdf	drivers_interface_memorytracker	drivers/interface/memorytracker/bundle.json	standard	4	ipc,hdf_core,hilog,c_utils	0		1	//drivers/interface/memorytracker/v1_0:memorytracker_idl_target	3	0	
hdf	drivers_interface_midi	drivers/interface/midi/bundle.json	small,standard,mini	3	c_utils,hdf_core,hilog	0		1	//drivers/interface/midi/v1_0:midi_idl_target	2	0	
hdf	drivers_interface_motion	drivers/interface/motion/bundle.json	standard,small	4	ipc,hdf_core,hilog,c_utils	0		2	//drivers/interface/motion/v1_0:motion_idl_target,//drivers/interface/motion/v1_1:motion_idl_target	6	0	
hdf	drivers_interface_nfc	drivers/interface/nfc/bundle.json	standard	4	ipc,hdf_core,hilog,c_utils	0		2	//drivers/interface/nfc/v1_1:nfc_idl_target,//drivers/interface/nfc/v1_1:libnfc_stub_1.1	3	0	
hdf	drivers_interface_nnrt	drivers/interface/nnrt/bundle.json	standard	4	ipc,hdf_core,hilog,c_utils	0		3	//drivers/interface/nnrt/v1_0:nnrt_idl_target,//drivers/interface/nnrt/v2_0:nnrt_idl_target,//drivers/interface/nnrt/v2_1:nnrt_idl_target	9	0	
hdf	drivers_interface_partitionslot	drivers/interface/partitionslot/bundle.json	standard	4	ipc,hdf_core,hilog,c_utils	0		1	//drivers/interface/partitionslot/v1_0:partitionslot_idl_target	3	0	
hdf	drivers_interface_pin_auth	drivers/interface/pin_auth/bundle.json	standard	4	ipc,hdf_core,hilog,c_utils	0		1	//drivers/interface/pin_auth/v3_0:pin_auth_idl_target	3	0	
hdf	drivers_interface_power	drivers/interface/power/bundle.json	small,standard	4	ipc,hdf_core,hilog,c_utils	0		3	//drivers/interface/power/v1_0:power_idl_target,//drivers/interface/power/v1_2:power_idl_target,//drivers/interface/power/v1_3:power_idl_target	9	0	
hdf	drivers_interface_ril	drivers/interface/ril/bundle.json	standard	4	c_utils,hilog,hdf_core,ipc	0		5	//drivers/interface/ril/v1_1:ril_idl_target,//drivers/interface/ril/v1_2:ril_idl_target,//drivers/interface/ril/v1_3:ril_idl_target,//drivers/interface/ril/v1_4:ril_idl_target,//drivers/interface/ril/v1_5:ril_idl_target	15	0	
hdf	drivers_interface_secure_element	drivers/interface/secure_element/bundle.json	standard	4	ipc,hdf_core,hilog,c_utils	0		2	//drivers/interface/secure_element/v1_0:secure_element_idl_target,//drivers/interface/secure_element/sim_secure_element/v1_0:sim_secure_element_idl_target	6	0	
hdf	drivers_interface_sensor	drivers/interface/sensor/bundle.json	standard,small	4	ipc,hdf_core,hilog,c_utils	0		3	//drivers/interface/sensor/v3_0:sensor_idl_target,//drivers/interface/sensor/v3_1:sensor_idl_target,//drivers/interface/sensor/convert/v1_0:sensor_convert_idl_target	7	0	
hdf	drivers_interface_serial	drivers/interface/serial/bundle.json	standard	4	ipc,hdf_core,hilog,c_utils	0		1	//drivers/interface/serial/v1_0:serials_idl_target	2	0	
hdf	drivers_interface_thermal	drivers/interface/thermal/bundle.json	small,standard	4	ipc,hdf_core,hilog,c_utils	0		1	//drivers/interface/thermal/v1_1:thermal_idl_target	3	0	
hdf	drivers_interface_usb	drivers/interface/usb/bundle.json	standard,small	4	c_utils,ipc,hdf_core,hilog	0		10	//drivers/interface/usb/v1_0:usb_idl_target,//drivers/interface/usb/v1_1:usb_idl_target,//drivers/interface/usb/v1_2:usb_idl_target,//drivers/interface/usb/v2_0:usb_idl_target,//drivers/interface/usb/v2_1:usb_idl_target,//drivers/interface/usb/serial/v1_0:serial_idl_target,//drivers/interface/usb/gadget/mtp/v1_0:usbfn_mtp_idl_target,//drivers/interface/usb/ddk/v1_0:usb_ddk_idl_target,//drivers/interface/usb/ddk/v1_1:usb_ddk_idl_target,//drivers/interface/usb/ddk/v1_2:usb_ddk_idl_target	35	0	
hdf	drivers_interface_user_auth	drivers/interface/user_auth/bundle.json	standard	4	ipc,hdf_core,hilog,c_utils	0		2	//drivers/interface/user_auth/v4_0:user_auth_idl_target,//drivers/interface/user_auth/v4_1:user_auth_idl_target	6	0	
hdf	drivers_interface_vibrator	drivers/interface/vibrator/bundle.json	standard,small	5	ipc,hdf_core,hilog,hilog_lite,c_utils	0		1	//drivers/interface/vibrator/v2_0:vibrator_idl_target	3	0	
hdf	drivers_interface_wlan	drivers/interface/wlan/bundle.json	standard	4	hdf_core,hilog,c_utils,ipc	0		7	//drivers/interface/wlan/v1_1:wlan_idl_target,//drivers/interface/wlan/v1_2:wlan_idl_target,//drivers/interface/wlan/v1_3:wlan_idl_target,//drivers/interface/wlan/wpa/v2_0:wpa_idl_target,//drivers/interface/wlan/hostapd/v1_0:hostapd_idl_target,//drivers/interface/wlan/chip/v2_0:chip_idl_target,//drivers/interface/wlan/chip/v3_0:chip_idl_target	21	0	
hdf	drivers_peripheral_audio	drivers/peripheral/audio/bundle.json	standard,small	11	c_utils,cJSON,hilog,hdf_core,drivers_interface_audio,bounds_checking_function,hitrace,hicollie,alsa-lib,hisysevent,ipc	0		3	//drivers/peripheral/audio:hdi_audio,//drivers/peripheral/audio/effect:effect_model,//drivers/peripheral/audio:libaudio_header_static	1	4	//drivers/peripheral/audio/test:audio_test_entry,//drivers/peripheral/audio/test/sample:idl_audio_sample,//drivers/peripheral/audio/test/audio_utils/audio_mixer:audio_mixer,//drivers/peripheral/audio/effect/test:effect_test
hdf	drivers_peripheral_battery	drivers/peripheral/battery/bundle.json	standard,small	8	cJSON,c_utils,config_policy,drivers_interface_battery,hdf_core,hicollie,hilog,ipc	0		1	//drivers/peripheral/battery:battery_entry	0	3	//drivers/peripheral/battery/interfaces/hdi_service/test:unittest,//drivers/peripheral/battery/interfaces/hdi_service/test:systemtest,//drivers/peripheral/battery/interfaces/hdi_service/test:fuzzer
hdf	drivers_peripheral_bluetooth	drivers/peripheral/bluetooth/bundle.json	standard	12	c_utils,drivers_peripheral_bluetooth,hdf_core,hilog,ipc,samgr,drivers_interface_bluetooth,hitrace,cJSON,bluetooth,init,bounds_checking_function	0		2	//drivers/peripheral/bluetooth/hci:bluetooth_hci_entry,//drivers/peripheral/bluetooth/audio:hdi_audio_bluetooth	0	0	
hdf	drivers_peripheral_camera	drivers/peripheral/camera/bundle.json	standard,small	17	hdf_core,hilog,samgr,init,ipc,drivers_tools,drivers_interface_camera,graphic_surface,c_utils,hitrace,hisysevent,bounds_checking_function,libexif,libjpeg-turbo,ffmpeg,googletest,hicollie	0		1	//drivers/peripheral/camera:camera_hal	6	1	//drivers/peripheral/camera/test:camera_hal_test
hdf	drivers_peripheral_clearplay	drivers/peripheral/clearplay/bundle.json	standard	8	bounds_checking_function,drivers_interface_drm,c_utils,hdf_core,hilog,ipc,openssl,cJSON	0		1	//drivers/peripheral/clearplay:clearplay_entry	2	0	
hdf	drivers_peripheral_codec	drivers/peripheral/codec/bundle.json	standard	11	bounds_checking_function,c_utils,drivers_interface_codec,drivers_interface_display,drivers_peripheral_display,graphic_surface,hdf_core,hitrace,hilog,ipc,openmax	0		1	//drivers/peripheral/codec:hdf_media_codec	1	1	//drivers/peripheral/codec/test:hdf_test_media_codec
hdf	drivers_peripheral_connected_nfc_tag	drivers/peripheral/connected_nfc_tag/bundle.json	standard	5	ipc,hdf_core,hilog,c_utils,drivers_interface_connected_nfc_tag	0		1	//drivers/peripheral/connected_nfc_tag:connected_nfc_tag_entry	0	0	
hdf	drivers_peripheral_display	drivers/peripheral/display/bundle.json	standard,small	11	hdf_core,hilog,c_utils,ipc,drivers_interface_display,graphic_surface,init,hitrace,libdrm,hicollie,bounds_checking_function	0		1	//drivers/peripheral/display:display_entry	3	1	//drivers/peripheral/display:display_test_entry
hdf	drivers_peripheral_distributed_audio	drivers/peripheral/distributed_audio/bundle.json	standard	9	ipc,init,hdf_core,hilog,hicollie,drivers_interface_distributed_audio,c_utils,cJSON,samgr	0		2	//drivers/peripheral/distributed_audio:distributed_audio_entry,//drivers/peripheral/distributed_audio/hdi_service/common:libdaudio_hdf_utils	0	3	//drivers/peripheral/distributed_audio/hdi_service/audio/v1_0/test/unittest:hdi_service_audio_test,//drivers/peripheral/distributed_audio/hdi_service/audio_ext/v1_0/test/unittest:hdi_service_audio_ext_test,//drivers/peripheral/distributed_audio/hdi_service/audio/v1_0/test/fuzztest:fuzztest
hdf	drivers_peripheral_distributed_camera	drivers/peripheral/distributed_camera/bundle.json	standard	10	ipc,hdf_core,hilog,c_utils,cJSON,samgr,drivers_interface_display,drivers_interface_distributed_camera,graphic_surface,drivers_interface_camera	0		1	//drivers/peripheral/distributed_camera:distributed_camera_entry	0	3	//drivers/peripheral/distributed_camera/hdi_service/test/fuzztest:hdf_dcamera_fuzztest,//drivers/peripheral/distributed_camera/hdi_service/test/sample:dcamera_hdf_demo,//drivers/peripheral/distributed_camera/hdi_service/test/unittest:hdf_service_test
hdf	drivers_peripheral_ethernet	drivers/peripheral/ethernet/bundle.json	standard	8	hdf_core,hilog,c_utils,drivers_interface_ethernet,wpa_supplicant,init,libnl,ipc	0		1	//drivers/peripheral/ethernet:ethernet_entry	1	0	
hdf	drivers_peripheral_face_auth	drivers/peripheral/face_auth/bundle.json	standard	7	ipc,hdf_core,hilog,c_utils,drivers_interface_camera,drivers_interface_face_auth,graphic_surface	0		1	//drivers/peripheral/face_auth:face_auth_entry	0	1	//drivers/peripheral/face_auth/test/fuzztest/face_auth:hdf_face_auth_fuzztest
hdf	drivers_peripheral_fingerprint_auth	drivers/peripheral/fingerprint_auth/bundle.json	standard	5	ipc,hdf_core,hilog,c_utils,drivers_interface_fingerprint_auth	0		1	//drivers/peripheral/fingerprint_auth:fingerprint_auth_entry	0	1	//drivers/peripheral/fingerprint_auth/test/fuzztest/fingerprint_auth:hdf_fingerprint_auth_fuzztest
hdf	drivers_peripheral_huks	drivers/peripheral/huks/bundle.json	standard	5	bounds_checking_function,hilog,c_utils,hdf_core,drivers_interface_huks	0		1	//drivers/peripheral/huks:huks_entry	0	1	//drivers/peripheral/huks/test:huks_hdi_test
hdf	drivers_peripheral_input	drivers/peripheral/input/bundle.json	standard,small	7	ipc,c_utils,hdf_core,hilog,hilog_lite,drivers_interface_input,access_token	1	bounds_checking_function	1	//drivers/peripheral/input:input_entry	2	1	//drivers/peripheral/input/test:hdf_test_input
hdf	drivers_peripheral_intelligent_voice	drivers/peripheral/intelligent_voice/bundle.json	standard	5	c_utils,drivers_interface_intelligent_voice,hdf_core,hilog,ipc	0		2	//drivers/peripheral/intelligent_voice:intell_voice_engine_entry,//drivers/peripheral/intelligent_voice:intell_voice_trigger_entry	0	0	
hdf	drivers_peripheral_light	drivers/peripheral/light/bundle.json	standard,small	8	bounds_checking_function,ipc,hdf_core,hilog,c_utils,drivers_interface_light,hitrace,hilog_lite	0		1	//drivers/peripheral/light:light_entry	2	1	//drivers/peripheral/light/test:hdf_test_light
hdf	drivers_peripheral_location_agnss	drivers/peripheral/location/agnss/bundle.json	standard	7	c_utils,drivers_interface_location_agnss,drivers_peripheral_location_gnss,ipc,hdf_core,hilog,samgr	0		1	//drivers/peripheral/location/agnss:location_agnss_entry	0	1	//drivers/peripheral/location/agnss/test:hdf_test_agnss
hdf	drivers_peripheral_location_geofence	drivers/peripheral/location/geofence/bundle.json	standard	7	c_utils,drivers_interface_location_geofence,drivers_peripheral_location_gnss,ipc,hdf_core,hilog,init	0		1	//drivers/peripheral/location/geofence:location_geofence_entry	0	0	
hdf	drivers_peripheral_location_gnss	drivers/peripheral/location/gnss/bundle.json	standard	6	c_utils,drivers_interface_location_gnss,ipc,hdf_core,hilog,samgr	0		1	//drivers/peripheral/location/gnss:location_gnss_entry	1	1	//drivers/peripheral/location/gnss/test:hdf_test_gnss
hdf	drivers_peripheral_lpplayer	drivers/peripheral/low_power_player/bundle.json	standard	8	drivers_interface_lpplayer,bounds_checking_function,c_utils,graphic_surface,hdf_core,hitrace,hilog,ipc	0		1	//drivers/peripheral/low_power_player:lpp_idl_service	0	0	
hdf	drivers_peripheral_memorytracker	drivers/peripheral/memorytracker/bundle.json	standard	5	ipc,hdf_core,hilog,c_utils,drivers_interface_memorytracker	0		1	//drivers/peripheral/memorytracker:memorytracker_entry	0	1	//drivers/peripheral/memorytracker/test:memorytracker_unittest
hdf	drivers_peripheral_midi	drivers/peripheral/midi/bundle.json	standard,small,mini	6	alsa-lib,hilog,c_utils,hdf_core,hitrace,drivers_interface_midi	0		1	//drivers/peripheral/midi:midi_entry	0	1	//drivers/peripheral/midi/test:midi_hdi_test
hdf	drivers_peripheral_motion	drivers/peripheral/motion/bundle.json	standard,small	7	bounds_checking_function,ipc,hdf_core,hilog,hitrace,c_utils,drivers_interface_motion	0		1	//drivers/peripheral/motion:motion_entry	1	1	//drivers/peripheral/motion/test:hdf_test_motion
hdf	drivers_peripheral_nfc	drivers/peripheral/nfc/bundle.json	standard	7	ipc,hdf_core,hilog,c_utils,drivers_interface_nfc,hisysevent,init	0		1	//drivers/peripheral/nfc:nfc_entry	0	1	//drivers/peripheral/nfc/test:test_hdf_nfc_service
hdf	drivers_peripheral_partitionslot	drivers/peripheral/partitionslot/bundle.json	standard	6	ipc,c_utils,hdf_core,init,hilog,drivers_interface_partitionslot	0		1	//drivers/peripheral/partitionslot:partitionslot_entry	1	1	//drivers/peripheral/partitionslot/test:partitionslot_unittest
hdf	drivers_peripheral_pin_auth	drivers/peripheral/pin_auth/bundle.json	standard	8	bounds_checking_function,ipc,hdf_core,hilog,c_utils,init,drivers_interface_pin_auth,openssl	0		1	//drivers/peripheral/pin_auth:pin_auth_entry	0	2	//drivers/peripheral/pin_auth/test:driver_pinauth_fuzztest,//drivers/peripheral/pin_auth/test:driver_pinauth_unittest
hdf	drivers_peripheral_power	drivers/peripheral/power/bundle.json	standard,small	11	cJSON,c_utils,config_policy,drivers_interface_power,hdf_core,hicollie,hilog,hisysevent,libxml2,ipc,init	1	cJSON	3	//drivers/peripheral/power/etc/para:power_para,//drivers/peripheral/power/etc/para:power_para_dac,//drivers/peripheral/power:power_entry	0	1	//drivers/peripheral/power/test:hdf_test_power
hdf	drivers_peripheral_ril	drivers/peripheral/ril/bundle.json	standard	7	c_utils,drivers_interface_power,drivers_interface_ril,hdf_core,hilog,ipc,ril_adapter	0		1	//drivers/peripheral/ril:ril_entry	0	0	
hdf	drivers_peripheral_secure_element	drivers/peripheral/secure_element/bundle.json	standard	6	ipc,hdf_core,hilog,c_utils,init,drivers_interface_secure_element	0		1	//drivers/peripheral/secure_element:secure_element_entry	0	1	//drivers/peripheral/secure_element/test:test_hdf_se_service
hdf	drivers_peripheral_sensor	drivers/peripheral/sensor/bundle.json	standard,small	8	bounds_checking_function,ipc,hdf_core,hilog,hitrace,c_utils,drivers_interface_sensor,hilog_lite	0		1	//drivers/peripheral/sensor:sensor_entry	2	1	//drivers/peripheral/sensor/test:hdf_test_sensor
hdf	drivers_peripheral_serial	drivers/peripheral/serial/bundle.json	standard	6	ipc,hdf_core,hilog,hitrace,c_utils,drivers_interface_serial	0		1	//drivers/peripheral/serial:hdf_serials	0	1	//drivers/peripheral/serial/test:hdf_test_serial
hdf	drivers_peripheral_thermal	drivers/peripheral/thermal/bundle.json	standard,small	11	c_utils,config_policy,drivers_interface_thermal,init,ipc,hdf_core,hilog,hisysevent,hitrace,libxml2,zlib	0		2	//drivers/peripheral/thermal:thermal_entry,//drivers/peripheral/thermal/etc:param_files	0	1	//drivers/peripheral/thermal/test:hdf_test_thermal
hdf	drivers_peripheral_usb	drivers/peripheral/usb/bundle.json	standard,small	12	ipc,hdf_core,hilog,samgr,init,hitrace,c_utils,drivers_interface_usb,hisysevent,access_token,libusb,bounds_checking_function	0		1	//drivers/peripheral/usb:usb_entry	5	1	//drivers/peripheral/usb/test:hdf_test_usb
hdf	drivers_peripheral_user_auth	drivers/peripheral/user_auth/bundle.json	standard	7	bounds_checking_function,ipc,hdf_core,c_utils,hilog,drivers_interface_user_auth,openssl	0		1	//drivers/peripheral/user_auth:user_auth_entry	0	2	//drivers/peripheral/user_auth/test/fuzztest/user_auth:driver_userauth_fuzztest,//drivers/peripheral/user_auth/test/unittest:driver_userauth_unittest
hdf	drivers_peripheral_vibrator	drivers/peripheral/vibrator/bundle.json	standard,small	8	bounds_checking_function,ipc,hdf_core,hilog,c_utils,hitrace,drivers_interface_vibrator,hilog_lite	0		1	//drivers/peripheral/vibrator:vibrator_entry	2	1	//drivers/peripheral/vibrator/test:hdf_test_vibrator
hdf	drivers_peripheral_wlan	drivers/peripheral/wlan/bundle.json	standard,small	11	hdf_core,hilog,c_utils,drivers_interface_wlan,wpa_supplicant,init,libnl,ipc,faultloggerd,hilog_lite,bounds_checking_function	0		4	//drivers/peripheral/wlan:wlan_entry,//drivers/peripheral/wlan/wpa:wpa_entry,//drivers/peripheral/wlan/hostapd:hostapd_entry,//drivers/peripheral/wlan/chip:wlan_chip_entry	3	1	//drivers/peripheral/wlan/test:hdf_test_wlan
hdf	drivers_tools	drivers/interface/tools/bundle.json	standard,small,mini	0		0		1	//drivers/interface/tools/hc-gen:hc_gen	1	0	
hdf	external_device_manager	drivers/external_device_manager/bundle.json	standard	29	api_metrics,hilog,init,ipc,samgr,ability_base,common_event_service,c_utils,os_account,drivers_interface_usb,bundle_framework,ability_runtime,hdf_core,hisysevent,hitrace,napi,safwk,eventhandler,ace_engine,access_token,relational_store,drivers_interface_input,cJSON,distributed_notification_service,i18n,image_framework,runtime_core,selinux_adapter,bounds_checking_function	0		10	//drivers/external_device_manager/frameworks:ext_devmgr_frameworks,//drivers/external_device_manager/services/native/driver_extension:driver_extension_module,//drivers/external_device_manager/sa_profile:ext_dev_mgr_sa,//drivers/external_device_manager/services:driver_extension_manager,//drivers/external_device_manager/services:driver_extension_manager_test,//drivers/external_device_manager/services/native/driver_extension_manager/src/drivers_pkg_manager:drivers_pkg_manager,//drivers/external_device_manager/services/native/driver_extension_manager/src/device_manager:driver_extension_device_manager,//drivers/external_device_manager/services/native/driver_extension_manager/src/bus_extension/core:driver_extension_bus_core,//drivers/external_device_manager/services/native/driver_extension_manager/src/bus_extension/usb:driver_extension_usb_bus,//drivers/external_device_manager/services/native/driver_extension_manager/src/drivers_hisysevent:report_sys_event	1	4	//drivers/external_device_manager/test/unittest:external_device_manager_ut,//drivers/external_device_manager/test/unittest/driver_extension_context_test:driver_extension_context_test,//drivers/external_device_manager/test/fuzztest:fuzztest,//drivers/external_device_manager/test/moduletest:external_device_manager_mt
hdf	hdf_core	drivers/hdf_core/bundle.json	standard,small,mini	9	hilog,c_utils,init,ipc,samgr,selinux_adapter,hilog_lite,hicollie,bounds_checking_function	0		1	//drivers/hdf_core/adapter:uhdf_entry	8	1	//drivers/hdf_core/adapter:uhdf_test_entry
hiviewdfx	api_metrics	base/hiviewdfx/hiviewdfx_api_metrics/bundle.json	standard	5	hilog,c_utils,relational_store,storage_service,ffrt	0		1	//base/hiviewdfx/hiviewdfx_api_metrics:histogrammanager	1	0	
hiviewdfx	blackbox_lite	base/hiviewdfx/blackbox_lite/bundle.json	mini	2	utils_lite,liteos_m	0		1	//base/hiviewdfx/blackbox_lite:blackbox_lite	0	0	
hiviewdfx	faultloggerd	base/hiviewdfx/faultloggerd/bundle.json	small,standard	17	ability_base,bounds_checking_function,bundle_framework,cJSON,c_utils,ets_frontend,ffrt,hilog,hisysevent,hitrace,init,ipc,jsoncpp,libuv,lzma,samgr,selinux	0		1	//base/hiviewdfx/faultloggerd:faultloggerd_targets	15	1	//base/hiviewdfx/faultloggerd:faultloggerd_tests
hiviewdfx	hiappevent	base/hiviewdfx/hiappevent/bundle.json	standard	22	ability_base,ability_runtime,api_metrics,bundle_framework,common_event_service,c_utils,eventhandler,ets_frontend,ffrt,hitrace,hilog,hicollie,hisysevent,init,ipc,napi,relational_store,resource_management,samgr,storage_service,jsoncpp,runtime_core	0		7	//base/hiviewdfx/hiappevent/frameworks/native/libhiappevent:libhiappevent_base,//base/hiviewdfx/hiappevent/frameworks/native/ndk:hiappevent_ndk,//base/hiviewdfx/hiappevent/frameworks/js/napi:hiappevent,//base/hiviewdfx/hiappevent/frameworks/js/napi:hiappevent_v9,//base/hiviewdfx/hiappevent/frameworks/cj/ffi:cj_hiappevent_ffi,//base/hiviewdfx/hiappevent/interfaces/native/inner_api:hiappevent_innerapi,//base/hiviewdfx/hiappevent/frameworks/ets/ani:ani_hiappevent_package	3	1	//base/hiviewdfx/hiappevent/test:unittest
hiviewdfx	hichecker	base/hiviewdfx/hichecker/bundle.json	standard	15	api_metrics,c_utils,ets_frontend,ets_runtime,faultloggerd,hilog,init,hitrace,hisysevent,napi,runtime_core,ace_engine,eventhandler,window_manager,ipc	0		6	//base/hiviewdfx/hichecker/interfaces/native/innerkits:libhichecker,//base/hiviewdfx/hichecker/interfaces/js/kits/napi:hichecker,//base/hiviewdfx/hichecker/interfaces/js/kits/napi/js_leak_watcher:jsleakwatcher,//base/hiviewdfx/hichecker/interfaces/js/kits/napi/js_leak_watcher:jsleakwatchernative,//base/hiviewdfx/hichecker/frameworks/native:libhichecker_source,//base/hiviewdfx/hichecker/interfaces/ets/ani:ani_hichecker_package	2	2	//base/hiviewdfx/hichecker/test:unittest,//base/hiviewdfx/hichecker/test:hichecker_fuzztest
hiviewdfx	hicollie	base/hiviewdfx/hicollie/bundle.json	standard	15	api_metrics,bounds_checking_function,hilog,hisysevent,c_utils,eventhandler,faultloggerd,ffrt,ipc,init,hiview,storage_service,samgr,libuv,ability_runtime	0		5	//base/hiviewdfx/hicollie/interfaces/app:libapp_hicollie,//base/hiviewdfx/hicollie/interfaces/native/innerkits:libhicollie,//base/hiviewdfx/hicollie/frameworks/native/thread_sampler:libthread_sampler,//base/hiviewdfx/hicollie/interfaces/rust:hicollie_rust,//base/hiviewdfx/hicollie/interfaces/ndk:ohhicollie	3	3	//base/hiviewdfx/hicollie/frameworks/app/test/unittest:unittest,//base/hiviewdfx/hicollie/frameworks/native/test/unittest/common:unittest,//base/hiviewdfx/hicollie/interfaces/ndk/test/unittest:unittest
hiviewdfx	hidumper	base/hiviewdfx/hidumper/bundle.json	standard	24	ability_base,access_token,bundle_framework,c_utils,eventhandler,hilog,hiview,hicollie,init,ipc,memmgr,netmanager_base,safwk,samgr,skia,drivers_interface_memorytracker,hdf_core,ability_runtime,graphic_2d,hisysevent,zlib,ffrt,cJSON,memory_utils	0		2	//base/hiviewdfx/hidumper:bin,//base/hiviewdfx/hidumper:service	4	2	//base/hiviewdfx/hidumper/test:unittest,//base/hiviewdfx/hidumper/test:fuzztest
hiviewdfx	hidumper_lite	base/hiviewdfx/hidumper_lite/bundle.json	mini	2	liteos_m,utils_lite	1	bounds_checking_function	1	//base/hiviewdfx/hidumper_lite:hidumper	0	0	
hiviewdfx	hievent_lite	base/hiviewdfx/hievent_lite/bundle.json	mini	2	hiview_lite,samgr_lite	0		1	//base/hiviewdfx/hievent_lite:hievent_lite	0	0	
hiviewdfx	hilog	base/hiviewdfx/hilog/bundle.json	standard	8	bounds_checking_function,c_utils,cJSON,ffrt,init,napi,zlib,runtime_core	0		12	//base/hiviewdfx/hilog/services/hilogtool:hilog,//base/hiviewdfx/hilog/services/hilogd:hilogd,//base/hiviewdfx/hilog/interfaces/js:hilog_napi,//base/hiviewdfx/hilog/interfaces/cj:cj_hilog_ffi,//base/hiviewdfx/hilog/frameworks/hilog_ndk:hilog_ndk,//base/hiviewdfx/hilog/interfaces/native/innerkits:libhilog_base,//base/hiviewdfx/hilog/interfaces/native/innerkits:libhilog_snapshot,//base/hiviewdfx/hilog/interfaces/native/innerkits:libhilog,//base/hiviewdfx/hilog/interfaces/native/innerkits:libhilog_host,//base/hiviewdfx/hilog/interfaces/rust:hilog_rust,//base/hiviewdfx/hilog/interfaces/ets/ani:ani_hilog_package,//base/hiviewdfx/hilog/interfaces/sandbox_log:libsandboxlog	8	3	//base/hiviewdfx/hilog/test:hilog_unittest,//base/hiviewdfx/hilog/test:hilog_moduletest,//base/hiviewdfx/hilog/test:fuzztest
hiviewdfx	hilog_lite	base/hiviewdfx/hilog_lite/bundle.json	mini,small	5	ace_engine_lite,battery_lite,hiview_lite,samgr_lite,utils_lite	1	bounds_checking_function	6	//base/hiviewdfx/hilog_lite/frameworks/mini:hilog_lite,//base/hiviewdfx/hilog_lite/frameworks/featured:hilog_static,//base/hiviewdfx/hilog_lite/frameworks/featured:hilog_shared,//base/hiviewdfx/hilog_lite/services/apphilogcat:apphilogcat,//base/hiviewdfx/hilog_lite/frameworks/js:ace_hilog_kits,//base/hiviewdfx/hilog_lite/test:hilog_lite_test	2	0	
hiviewdfx	hisysevent	base/hiviewdfx/hisysevent/bundle.json	standard	15	access_token,bounds_checking_function,c_utils,ets_frontend,hilog,hitrace,ipc,jsoncpp,libuv,napi,node,safwk,samgr,storage_service,runtime_core	0		6	//base/hiviewdfx/hisysevent/interfaces/native/innerkits/hisysevent:libhisysevent,//base/hiviewdfx/hisysevent/interfaces/native/innerkits/hisysevent_manager:libhisyseventmanager,//base/hiviewdfx/hisysevent/interfaces/js/kits:hisysevent_napi_ref,//base/hiviewdfx/hisysevent/interfaces/rust/innerkits:hisysevent_rust,//base/hiviewdfx/hisysevent/frameworks/native:hisysevent,//base/hiviewdfx/hisysevent/interfaces/ets/ani:ani_hisysevent_package	4	3	//base/hiviewdfx/hisysevent/test:moduletest,//base/hiviewdfx/hisysevent/test:unittest,//base/hiviewdfx/hisysevent/test:fuzztest
hiviewdfx	hitrace	base/hiviewdfx/hitrace/bundle.json	small,standard	13	bounds_checking_function,cJSON,c_utils,ets_frontend,faultloggerd,hilog,hilog_lite,hisysevent,hiview,init,napi,zlib,runtime_core	0		1	//base/hiviewdfx/hitrace:hitrace_all_target	8	3	//base/hiviewdfx/hitrace/test:hitrace_systemtest,//base/hiviewdfx/hitrace/test:hitrace_unittest,//base/hiviewdfx/hitrace/test:hitrace_fuzztest
hiviewdfx	hiview	base/hiviewdfx/hiview/bundle.json	standard	49	ability_base,ability_runtime,access_token,bounds_checking_function,bundle_framework,common_event_service,config_policy,cJSON,c_utils,data_share,device_usage_statistics,drivers_interface_memorytracker,ets_frontend,ets_runtime,faultloggerd,ffrt,graphic_2d,hicollie,hidumper,hilog,hiprofiler,hisysevent,icu,init,input,ipc,jsoncpp,libxml2,openssl,os_account,power_manager,preferences,relational_store,safwk,samgr,storage_service,thermal_manager,libuv,napi,node,hiperf,hitrace,wifi,window_manager,zlib,resource_schedule_service,eventhandler,selinux_adapter,runtime_core	0		12	//base/hiviewdfx/hiview:hiview_package,//base/hiviewdfx/hiview/plugins/faultlogger:fwk_group_fault_log_extension,//base/hiviewdfx/hiview/plugins/faultlogger/interfaces/js/napi:faultlogger_napi,//base/hiviewdfx/hiview/plugins/faultlogger/interfaces/cj:cj_faultlogger_ffi,//base/hiviewdfx/hiview/interfaces/js/napi:loglibrary_napi,//base/hiviewdfx/hiview/interfaces/inner_api/unified_collection/client:libucollection_client,//base/hiviewdfx/hiview/interfaces/inner_api/unified_collection/utility:libucollection_graphic,//base/hiviewdfx/hiview/interfaces/inner_api/unified_collection/utility:libucollection_utility,//base/hiviewdfx/hiview/framework/native/unified_collection/graphic_memory:libgraphic_memory,//base/hiviewdfx/hiview/framework/native/unified_collection/trace_manager:libtrace_manager,//base/hiviewdfx/hiview/interfaces/ets/ani:ani_loglibrary_package,//base/hiviewdfx/hiview/hiretrieval:hiretrieval_packages	11	1	//base/hiviewdfx/hiview:hiview_test_package
hiviewdfx	hiview_lite	base/hiviewdfx/hiview_lite/bundle.json	mini	1	liteos_m	1	bounds_checking_function	1	//base/hiviewdfx/hiview_lite:hiview_lite	0	0	
hiviewdfx	hiviewdfx_cangjie_wrapper	base/hiviewdfx/hiviewdfx_cangjie_wrapper/bundle.json	standard	4	cangjie_ark_interop,hiappevent,hilog,hitrace	0		5	//base/hiviewdfx/hiviewdfx_cangjie_wrapper/ohos/hilog:ohos.hilog,//base/hiviewdfx/hiviewdfx_cangjie_wrapper/ohos/hiviewdfx:ohos.hiviewdfx,//base/hiviewdfx/hiviewdfx_cangjie_wrapper/ohos/hiviewdfx/hi_app_event:ohos.hiviewdfx.hi_app_event,//base/hiviewdfx/hiviewdfx_cangjie_wrapper/ohos/hi_trace_meter:ohos.hi_trace_meter,//base/hiviewdfx/hiviewdfx_cangjie_wrapper/kit/PerformanceAnalysisKit:kit.PerformanceAnalysisKit	4	0	
ide	previewer	ide/tools/previewer/bundle.json	mini,standard	5	ace_engine,window_manager,ability_runtime,graphic_2d,zlib	4	bounds_checking_function,libjpeg-turbo,libwebsockets,cJSON	11	//ide/tools/previewer/cli:cli_lite,//ide/tools/previewer/cli:cli_rich,//ide/tools/previewer/jsapp:jsapp_lite,//ide/tools/previewer/jsapp:jsapp_rich,//ide/tools/previewer/mock:mock_lite,//ide/tools/previewer/mock:mock_rich,//ide/tools/previewer/util:util_lite,//ide/tools/previewer/util:util_rich,//ide/tools/previewer:rich_previewer,//ide/tools/previewer:lite_previewer,//ide/tools/previewer/jsapp/rich/external:ide_extension	2	0	
inputmethod	imf	base/inputmethod/imf/bundle.json	standard	38	init,napi,samgr,common_event_service,ipc,eventhandler,bundle_framework,ability_runtime,hilog,ability_base,safwk,input,c_utils,access_token,i18n,window_manager,os_account,hisysevent,hitrace,ffrt,graphic_2d,config_policy,data_share,resource_schedule_service,memmgr,hicollie,resource_management,screenlock_mgr,cJSON,icu,selinux_adapter,runtime_core,ace_engine,hiview,api_metrics,ets_frontend,node,libuv	0		0		7	2	//base/inputmethod/imf/test/fuzztest:fuzztest,//base/inputmethod/imf/test/unittest:unittest
iothardware	peripheral	base/iothardware/peripheral/bundle.json	mini	0		0		1	//base/iothardware/peripheral:iothardware	0	0	
kernel	linux	kernel/linux/build/bundle.json	standard	1	bounds_checking_function	0		1	//kernel/linux/build:linux_kernel	0	1	//kernel/linux/build/test:linuxkerneltest
kernel	liteos_a	kernel/liteos_a/bundle.json	small	0		12	bounds_checking_function,toybox,NuttX,FatFs,mksh,musl,mbedtls,FreeBSD,zlib,lwip,optimized-routines,googletest	1	//kernel/liteos_a:liteos_a	0	0	
kernel	liteos_m	kernel/liteos_m/bundle.json	mini	1	utils_lite	6	bounds_checking_function,cmsis,FatFs,littlefs,lwip,musl	2	//kernel/liteos_m:kernel,//kernel/liteos_m:build_kernel_image	0	0	
kernel	uniproton	kernel/uniproton/bundle.json	mini	1	utils_lite	1	bounds_checking_function	2	//kernel/uniproton:kernel,//kernel/uniproton:build_kernel_image	0	0	
location	location	base/location/location/bundle.json	standard	48	ability_base,ability_runtime,access_token,background_task_mgr,bundle_framework,call_manager,cellular_data,common_event_service,core_service,c_utils,data_share,drivers_interface_location_agnss,drivers_interface_location_gnss,drivers_interface_location_geofence,eventhandler,ffrt,form_fwk,hdf_core,hiappevent,hicollie,hisysevent,hiview,hilog,icu,i18n,init,input,ipc,libuv,napi,os_account,relational_store,resource_schedule_service,runtime_core,safwk,samgr,selinux_adapter,sms_mms,wifi,window_manager,bluetooth,distributed_notification_service,image_framework,device_standby,time_service,netmanager_base,cJSON,json	0		0		6	10	//base/location/location/test/location_common:unittest,//base/location/location/test/location_geocode:unittest,//base/location/location/test/location_geofence:unittest,//base/location/location/test/location_gnss:unittest,//base/location/location/test/location_locator:unittest,//base/location/location/test/location_manager:unittest,//base/location/location/test/location_network:unittest,//base/location/location/test/location_passive:unittest,//base/location/location/test/location_mock_ipc:unittest,//base/location/location/test/fuzztest:fuzztest
location	location_cangjie_wrapper	base/location/location_cangjie_wrapper/bundle.json	standard	3	cangjie_ark_interop,hiviewdfx_cangjie_wrapper,location	0		2	//base/location/location_cangjie_wrapper/ohos/geo_location_manager:ohos.geo_location_manager,//base/location/location_cangjie_wrapper/kit/LocationKit:kit.LocationKit	2	0	
msdp	device_status	base/msdp/device_status/bundle.json	standard	49	ability_runtime,accessibility,access_token,ace_engine,bundle_framework,cJSON,hicollie,hilog,ipc,safwk,samgr,c_utils,common_event_service,napi,image_framework,eventhandler,device_manager,sensor,init,input,json,hisysevent,window_manager,hitrace,ability_base,graphic_2d,udmf,device_info_manager,dsoftbus,ylong_runtime,dfs_service,qos_manager,memmgr,os_account,libxml2,wifi,power_manager,resource_schedule_service,motion,libuv,data_share,rust_libc,hiappevent,runtime_core,time_service,openssl,node,egl,opengles	1	jsoncpp	0		6	4	//base/msdp/device_status:device_status_tests,//base/msdp/device_status/test/fuzztest:device_status_fuzztest,//base/msdp/device_status/test/fuzztest/inputevent_fuzzer:fuzztest,//base/msdp/device_status/test/fuzztest/dragdatautil_fuzzer:fuzztest
multimedia	audio_framework	foundation/multimedia/audio_framework/bundle.json	standard	60	ability_base,ability_runtime,access_token,accessibility,bluetooth,bundle_framework,background_task_mgr,c_utils,cJSON,cellular_data,common_event_service,config_policy,core_service,data_share,device_manager,distributed_notification_service,drivers_interface_audio,drivers_interface_distributed_audio,drivers_interface_bluetooth,eventhandler,ffrt,hdf_core,hicollie,hisysevent,hitrace,hiview,hilog,i18n,image_framework,init,input,ipc,kv_store,libxml2,napi,os_account,power_manager,resource_management,resource_schedule_service,safwk,samgr,sensor,bounds_checking_function,sonic,pulseaudio,libuv,libxml2,cJSON,opensles,qos_manager,media_foundation,runtime_core,usb_manager,ringtone_library,frame_aware_sched,window_manager,call_manager,icu,json,ets_frontend	0		0		23	11	//foundation/multimedia/audio_framework/test:audio_unit_test,//foundation/multimedia/audio_framework/test:audio_module_test,//foundation/multimedia/audio_framework/test:audio_fuzz_test,//foundation/multimedia/audio_framework/test:audio_benchmark_test,//foundation/multimedia/audio_framework/frameworks/native/audiorenderer:audio_renderer_test_packages,//foundation/multimedia/audio_framework/frameworks/native/audiocapturer:audio_capturer_test_packages,//foundation/multimedia/audio_framework/frameworks/native/audioloopback:audio_loopback_test_packages,//foundation/multimedia/audio_framework/frameworks/native/opensles:audio_opensles_test_packages,//foundation/multimedia/audio_framework/frameworks/native/toneplayer:audio_toneplayer_test,//foundation/multimedia/audio_framework/services/audio_service:audio_service_test_packages,//foundation/multimedia/audio_framework/services/audio_policy:audio_policy_test_packages
multimedia	audio_lite	foundation/multimedia/audio_lite/bundle.json	mini,small	0		1	bounds_checking_function	1	//foundation/multimedia/audio_lite/frameworks:audio_capturer_lite	0	0	
multimedia	av_codec	foundation/multimedia/av_codec/bundle.json	standard	47	opus,access_token,netmanager_base,bounds_checking_function,c_utils,dav1d,drivers_interface_codec,drivers_interface_display,eventhandler,graphic_2d,graphic_surface,hdf_core,hiappevent,hicollie,hidumper,hilog,hisysevent,hitrace,init,ipc,qos_manager,safwk,samgr,window_manager,media_foundation,audio_framework,drm_framework,ffmpeg,lame,opencore-amr,libvpx,libxml2,video_processing_engine,curl,openssl,hiview,cJSON,bundle_framework,openmax,memory_utils,config_policy,json,resource_schedule_service,certificate_manager,api_metrics,egl,opengles	0		0		21	5	//foundation/multimedia/av_codec/test:av_codec_demo_test,//foundation/multimedia/av_codec/test:av_codec_unit_test,//foundation/multimedia/av_codec/test:av_codec_module_test,//foundation/multimedia/av_codec/test:av_codec_fuzz_test,//foundation/multimedia/av_codec/test:video_codec_unit_test
multimedia	av_session	foundation/multimedia/av_session/bundle.json	standard	39	ability_base,ability_runtime,cJSON,data_share,json,init,access_token,ace_engine,audio_framework,bundle_framework,c_utils,cast_engine,curl,data_object,device_manager,dsoftbus,eventhandler,graphic_surface,hilog,hisysevent,hitrace,input,ipc,image_framework,napi,safwk,samgr,distributed_notification_service,relational_store,runtime_core,window_manager,background_task_mgr,bluetooth,os_account,hicollie,openssl,bounds_checking_function,ets_frontend,taihe_ffi_gen	0		0		5	13	//foundation/multimedia/av_session/frameworks/native/ohavsession/test/unittest:oh_av_session_unittest,//foundation/multimedia/av_session/frameworks/native/session/test/unittest:av_session_unittest,//foundation/multimedia/av_session/frameworks/native/session/test/unittest/napi/avsession_jsunittest:jsunittest,//foundation/multimedia/av_session/frameworks/native/session/test/unittest/napi/avsession_controller_jsunittest:jsunittest,//foundation/multimedia/av_session/frameworks/native/session/test/fuzztest:fuzztest,//foundation/multimedia/av_session/frameworks/native/session/test/benchmarktest:benchmarktest,//foundation/multimedia/av_session/interfaces/inner_api/native/session/test/fuzztest/avcontrolcommand_fuzzer:fuzztest,//foundation/multimedia/av_session/interfaces/inner_api/native/session/test/fuzztest/avmetadata_fuzzer:fuzztest,//foundation/multimedia/av_session/interfaces/inner_api/native/session/test/fuzztest/avplaybackstate_fuzzer:fuzztest,//foundation/multimedia/av_session/interfaces/inner_api/native/session/test/fuzztest/avsessiondescriptor_fuzzer:fuzztest,//foundation/multimedia/av_session/interfaces/inner_api/native/session/test/fuzztest/avsessionpixelmap_fuzzer:fuzztest,//foundation/multimedia/av_session/services/session/server/test:av_session_server_unittest,//foundation/multimedia/av_session/services/session/server/test/fuzztest:fuzztest
multimedia	camera_framework	foundation/multimedia/camera_framework/bundle.json	standard	51	ability_base,ability_runtime,access_token,ace_engine,audio_framework,av_codec,bounds_checking_function,bundle_framework,c_utils,common_event_service,config_policy,data_share,device_manager,distributed_notification_service,drivers_interface_camera,drivers_interface_display,eventhandler,graphic_2d,graphic_surface,hdf_core,hicollie,hilog,hisysevent,hitrace,i18n,init,ipc,image_effect,image_framework,libexif,media_foundation,media_library,runtime_core,napi,os_account,qos_manager,resource_management,resource_schedule_service,safwk,samgr,sensor,thermal_manager,battery_manager,power_manager,window_manager,memmgr,e2fsprogs,libxml2,openssl,icu,storage_service	0		0		10	2	//foundation/multimedia/camera_framework/common/test/unittest:camera_common_utils_test,//foundation/multimedia/camera_framework/frameworks/native/camera/test/unittest/camera_ndk_unittest:camera_ndk_test
multimedia	camera_lite	foundation/multimedia/camera_lite/bundle.json	mini,small	3	hilog_lite,permission_lite,surface_lite	1	bounds_checking_function	1	//foundation/multimedia/camera_lite/frameworks:camera_lite	0	0	
multimedia	drm_framework	foundation/multimedia/drm_framework/bundle.json	standard	26	ability_base,ability_runtime,access_token,curl,safwk,napi,samgr,hitrace,ipc,hisysevent,c_utils,hilog,hidumper,hicollie,hdf_core,eventhandler,bundle_framework,drivers_interface_drm,memmgr,hiappevent,json,init,data_share,os_account,runtime_core,netmanager_base	0		0		5	3	//foundation/multimedia/drm_framework/frameworks/native/test:drmframeworktest,//foundation/multimedia/drm_framework/frameworks/native/test/unittest:drm_framework_capi_unittest_v1_0,//foundation/multimedia/drm_framework/frameworks/native/test/fuzztest:drm_framework_capi_fuzztest_v1_0
multimedia	image_effect	foundation/multimedia/image_effect/bundle.json	standard	16	hitrace,hilog,napi,image_framework,graphic_2d,graphic_surface,c_utils,ability_base,bounds_checking_function,cJSON,drivers_interface_display,hisysevent,libexif,qos_manager,video_processing_engine,skia	2	egl,opengles	1	//foundation/multimedia/image_effect:image_effect	2	1	//foundation/multimedia/image_effect/test:image_effect_test
multimedia	image_framework	foundation/multimedia/image_framework/bundle.json	standard	44	ability_runtime,access_token,bounds_checking_function,bundle_framework,c_utils,graphic_2d,graphic_surface,hichecker,hitrace,hilog,hisysevent,ipc,napi,zlib,init,memory_utils,drivers_interface_codec,drivers_interface_display,hdf_core,memmgr,libjpeg-turbo,libexif,libpng,opencl-headers,ffmpeg,astc-encoder,skia,samgr,resource_management,json,ffrt,openmax,os_account,runtime_core,qos_manager,eventhandler,ets_runtime,libtiff,api_metrics,dav1d,xmp_toolkit_sdk,egl,opengles,jsoncpp	0		4	//foundation/multimedia/image_framework:image_framework,//foundation/multimedia/image_framework:plugins,//foundation/multimedia/image_framework/frameworks/kits/taihe:image_framework_taihe,//foundation/multimedia/image_framework/frameworks/kits/taihe:image_framework_taihe_gen_only	22	2	//foundation/multimedia/image_framework/frameworks/innerkitsimpl/test:unittest,//foundation/multimedia/image_framework/frameworks/innerkitsimpl/test/fuzztest:fuzztest
multimedia	media_foundation	foundation/multimedia/media_foundation/bundle.json	mini,small,standard	30	ability_base,hilog,hilog_lite,hitrace,audio_framework,openmax,drivers_interface_display,drivers_interface_codec,graphic_2d,graphic_surface,hdf_core,c_utils,init,player_framework,ipc,ffrt,ffmpeg,bounds_checking_function,pulseaudio,hisysevent,window_manager,curl,safwk,samgr,skia,bundle_framework,image_framework,qos_manager,resource_schedule_service,memory_utils	1	curl	3	//foundation/multimedia/media_foundation:histreamer,//foundation/multimedia/media_foundation:media_foundation,//foundation/multimedia/media_foundation/services/media_monitor:media_monitor_packages	9	3	//foundation/multimedia/media_foundation/test:histreamer_test,//foundation/multimedia/media_foundation/tests:media_foundation_unit_test,//foundation/multimedia/media_foundation/services/media_monitor/test/unittest:media_monitor_unit_test
multimedia	media_library	foundation/multimedia/media_library/bundle.json	small,standard	72	ability_base,ability_runtime,access_token,ace_engine,app_file_service,battery_manager,bundle_framework,c_utils,cellular_data,camera_framework,core_service,common_event_service,data_share,device_manager,dfs_service,drivers_interface_display,drivers_interface_usb,e2fsprogs,eventhandler,file_api,graphic_2d,graphic_surface,hicollie,hilog,hisysevent,hitrace,huks,i18n,icu,image_effect,init,ipc,kv_store,libexif,memory_utils,memmgr,image_framework,napi,resource_management,resource_schedule_service,runtime_core,os_account,player_framework,power_manager,relational_store,safwk,samgr,security_component_manager,storage_service,thermal_manager,usb_manager,window_manager,background_task_mgr,ffrt,preferences,wifi,libxml2,zlib,device_standby,libfuse,netmanager_base,openssl,jsoncpp,image_framework,media_foundation,qos_manager,hiappevent,ets_frontend,json,drivekit_native,bounds_checking_function,form_fwk	0		0		13	2	//foundation/multimedia/media_library/frameworks/innerkitsimpl/test:test,//foundation/multimedia/media_library/frameworks/innerkitsimpl/test/fuzztest:media_library_fuzztest
multimedia	media_lite	foundation/multimedia/media_lite/bundle.json	mini,small	5	hilog_lite,audio_lite,camera_lite,permission_lite,init	1	bounds_checking_function	7	//foundation/multimedia/media_lite/frameworks/recorder_lite:recorder_lite,//foundation/multimedia/media_lite/frameworks/player_lite:player_lite,//foundation/multimedia/media_lite/services:media_lite,//foundation/multimedia/camera_lite/test:lite_camera_test,//foundation/multimedia/media_lite/test/unittest:lite_medialite_test,//foundation/multimedia/audio_lite/test:lite_audio_test,//foundation/multimedia/media_lite/interfaces/kits/player_lite/js/builtin:audio_lite_api	0	0	
multimedia	media_utils_lite	foundation/multimedia/media_utils_lite/bundle.json	mini,small	0		0		0		1	0	
multimedia	midi_framework	foundation/multimedia/midi_framework/bundle.json	standard,small,mini	15	ability_base,access_token,bluetooth,c_utils,common_event_service,hicollie,hitrace,hilog,init,ipc,qos_manager,safwk,samgr,usb_manager,drivers_interface_midi	0		0		0	3	//foundation/multimedia/midi_framework/test:midi_unit_test,//foundation/multimedia/midi_framework/test:midi_demo_test,//foundation/multimedia/midi_framework/test:midi_fuzz_test
multimedia	multimedia_cangjie_wrapper	foundation/multimedia/multimedia_cangjie_wrapper/bundle.json	standard	11	ability_cangjie_wrapper,bundlemanager_cangjie_wrapper,cangjie_ark_interop,distributeddatamgr_cangjie_wrapper,global_cangjie_wrapper,graphic_cangjie_wrapper,hiviewdfx_cangjie_wrapper,media_library,camera_framework,image_framework,player_framework	0		9	//foundation/multimedia/multimedia_cangjie_wrapper/ohos/multimedia:ohos.multimedia,//foundation/multimedia/multimedia_cangjie_wrapper/ohos/multimedia/image:ohos.multimedia.image,//foundation/multimedia/multimedia_cangjie_wrapper/ohos/multimedia/media:ohos.multimedia.media,//foundation/multimedia/multimedia_cangjie_wrapper/ohos/multimedia/camera:ohos.multimedia.camera,//foundation/multimedia/multimedia_cangjie_wrapper/ohos/file/photo_access_helper:ohos.file.photo_access_helper,//foundation/multimedia/multimedia_cangjie_wrapper/kit/MediaLibraryKit:kit.MediaLibraryKit,//foundation/multimedia/multimedia_cangjie_wrapper/kit/ImageKit:kit.ImageKit,//foundation/multimedia/multimedia_cangjie_wrapper/kit/MediaKit:kit.MediaKit,//foundation/multimedia/multimedia_cangjie_wrapper/kit/CameraKit:kit.CameraKit	3	0	
multimedia	player_framework	foundation/multimedia/player_framework/bundle.json	standard	68	openssl,av_session,ets_runtime,safwk,hilog,window_manager,napi,samgr,hitrace,audio_framework,ipc,graphic_2d,graphic_surface,hisysevent,c_utils,zlib,access_token,image_framework,hiview,eventhandler,ffrt,init,input,hicollie,media_foundation,netmanager_base,drivers_interface_display,openmax,hdf_core,ability_base,ability_runtime,bundle_framework,distributed_notification_service,relational_store,resource_management,av_codec,miscdevice,drm_framework,qos_manager,config_policy,power_manager,media_library,common_event_service,call_manager,core_service,state_registry,resource_schedule_service,ffmpeg,bounds_checking_function,libxml2,libuv,data_share,ringtone_library,os_account,i18n,skia,camera_framework,drivers_interface_camera,image_effect,jsoncpp,memmgr,hiappevent,drivers_interface_lpplayer,runtime_core,json,histreamer_ext,egl,opengles	1	bounds_checking_function	0		14	2	//foundation/multimedia/player_framework/test:media_fuzz_test,//foundation/multimedia/player_framework/test:media_unit_test
multimedia	ringtone_library	foundation/multimedia/ringtone_library/bundle.json	small,standard	28	ability_base,ability_runtime,access_token,app_file_service,bundle_framework,c_utils,common_event_service,config_policy,data_share,hilog,hicollie,hisysevent,hitrace,image_framework,init,ipc,kv_store,libxml2,media_foundation,media_library,napi,player_framework,relational_store,samgr,preferences,os_account,safwk,ets_frontend	0		0		2	1	//foundation/multimedia/ringtone_library/test/unittest:test
multimedia	video_processing_engine	foundation/multimedia/video_processing_engine/bundle.json	standard	24	c_utils,graphic_2d,graphic_surface,hilog,hitrace,drivers_interface_display,ffrt,init,hdf_core,image_framework,media_foundation,napi,ipc,runtime_core,safwk,samgr,eventhandler,libxml2,skia,egl,opengles,bounds_checking_function,opencl-headers,window_manager	0		4	//foundation/multimedia/video_processing_engine/framework:videoprocessingengine,//foundation/multimedia/video_processing_engine/services:video_processing_service_group,//foundation/multimedia/video_processing_engine/interfaces/kits/taihe:video_processing_engine_taihe_gen_only,//foundation/multimedia/video_processing_engine/interfaces/kits/taihe:video_processing_engine_taihe_group	7	4	//foundation/multimedia/video_processing_engine/test:demo_test,//foundation/multimedia/video_processing_engine/test:unit_test,//foundation/multimedia/video_processing_engine/test:module_test,//foundation/multimedia/video_processing_engine/test:fuzz_test
multimodalinput	input	foundation/multimodalinput/input/bundle.json	standard	52	api_metrics,window_manager,hisysevent,start,napi,c_utils,ipc,hitrace,resource_schedule_service,eventhandler,image_framework,graphic_2d,graphic_surface,drivers_interface_input,drivers_interface_display,safwk,ability_runtime,access_token,ability_base,samgr,config_policy,hicollie,init,preferences,security_component_manager,hilog,common_event_service,data_share,relational_store,faultloggerd,ffrt,hdf_core,bounds_checking_function,icu,call_manager,libinput,screenlock_mgr,googletest,player_framework,cJSON,qos_manager,audio_framework,graphic_surface,ipc,sensor,idl_tool,runtime_core,libinput,libuv,os_account,openssl,zlib	4	libuv,libevdev,mtdev,rust	0		20	1	//foundation/multimodalinput/input:mmi_tests
notification	common_event_service	base/notification/common_event_service/bundle.json	standard	28	bundle_framework,hicollie,hisysevent,hitrace,init,ipc,access_token,safwk,ability_base,ability_runtime,eventhandler,hilog,napi,samgr,os_account,c_utils,ffrt,kv_store,config_policy,libuv,ace_engine,node,cJSON,selinux_adapter,runtime_core,json,ets_frontend,api_metrics	0		0		3	11	//base/notification/common_event_service/frameworks/core/test/unittest:unittest,//base/notification/common_event_service/frameworks/extension/test:unittest,//base/notification/common_event_service/frameworks/native/test/unittest:unittest,//base/notification/common_event_service/services/test/moduletest:moduletest,//base/notification/common_event_service/services/test/unittest:unittest,//base/notification/common_event_service/test/fuzztest:fuzztest,//base/notification/common_event_service/test/systemtest:systemtest,//base/notification/common_event_service/tools:moduletest,//base/notification/common_event_service/tools:systemtest,//base/notification/common_event_service/tools:unittest,//base/notification/common_event_service/test/benchmarktest:benchmarktest
notification	distributed_notification_service	base/notification/distributed_notification_service/bundle.json	standard	56	samgr,hitrace,napi,hilog,relational_store,data_share,device_usage_statistics,bundle_framework,time_service,safwk,media_foundation,ability_runtime,ability_base,audio_framework,common_event_service,os_account,hisysevent,hicollie,access_token,ipc,player_framework,miscdevice,image_framework,init,input,eventhandler,c_utils,runtime_core,i18n,device_manager,kv_store,ffrt,device_standby,resource_management,config_policy,screenlock_mgr,ace_engine,openssl,power_manager,dsoftbus,zlib,libuv,json,libxml2,node,icu,node,cJSON,selinux_adapter,bluetooth,resource_schedule_service,background_task_mgr,window_manager,graphic_2d,api_metrics,ets_frontend	5	libuv,libxml2,icu,json,node	0		2	16	//base/notification/distributed_notification_service/services/reminder/test/unittest:unittest,//base/notification/distributed_notification_service/services/ans/test/unittest:unittest,//base/notification/distributed_notification_service/services/distributed/test/unittest:ans_unit_test,//base/notification/distributed_notification_service/services/domain:unittest,//base/notification/distributed_notification_service/services/infrastructure:unittest,//base/notification/distributed_notification_service/services/test/moduletest:moduletest,//base/notification/distributed_notification_service/services/infrastructure/test/unittest:unittest,//base/notification/distributed_notification_service/frameworks/test/moduletest:moduletest,//base/notification/distributed_notification_service/frameworks/reminder/test/unittest:unittest,//base/notification/distributed_notification_service/frameworks/ans/test/unittest:unittest,//base/notification/distributed_notification_service/frameworks/core/test/unittest:unittest,//base/notification/distributed_notification_service/frameworks/extension/test/unittest:unittest,//base/notification/distributed_notification_service/test:systemtest,//base/notification/distributed_notification_service/tools:unittest,//base/notification/distributed_notification_service/test/bechmarktest:benchmarktest,//base/notification/distributed_notification_service/test/fuzztest:fuzztest
notification	eventhandler	base/notification/eventhandler/bundle.json	standard	11	hitrace,hilog,hichecker,napi,ffrt,c_utils,init,ipc,resource_schedule_service,runtime_core,bounds_checking_function	0		0		3	4	//base/notification/eventhandler/frameworks/eventhandler/test:unittest,//base/notification/eventhandler/frameworks/test/moduletest:moduletest,//base/notification/eventhandler/test/fuzztest:fuzztest,//base/notification/eventhandler/test/systemtest:systemtest
notification	notification_cangjie_wrapper	base/notification/notification_cangjie_wrapper/bundle.json	standard	3	cangjie_ark_interop,common_event_service,hiviewdfx_cangjie_wrapper	0		1	//base/notification/notification_cangjie_wrapper/ohos/common_event_manager:ohos.common_event_manager	2	0	
officeservice	object_editor	foundation/officeservice/object_editor/bundle.json	standard	25	hilog,c_utils,samgr,image_framework,ipc,safwk,ability_base,ability_runtime,access_token,eventhandler,napi,relational_store,resource_management,dlp_permission_service,os_account,bundle_framework,cJSON,udmf,app_file_service,common_event_service,icu,hisysevent,hitrace,init,window_manager	0		0		0	1	//foundation/officeservice/object_editor/test:test_target
ostest	wukong	test/ostest/wukong/bundle.json	standard	18	ability_base,ability_runtime,access_token,accessibility,bundle_framework,common_event_service,graphic_2d,hidumper,hisysevent,hilog,init,input,ipc,image_framework,samgr,c_utils,window_manager,libpng	0		1	//test/ostest/wukong:wukong	0	1	//test/ostest/wukong/test:unittest
powermgr	battery_lite	base/powermgr/battery_lite/bundle.json	mini,small	4	utils_lite,samgr_lite,ipc,hilog_lite	1	bounds_checking_function	2	//base/powermgr/battery_lite:batterymgr_lite,//base/powermgr/battery_lite/frameworks/js:ace_battery_kits	0	1	//base/powermgr/battery_lite/test/Interface_test:unittest
powermgr	battery_manager	base/powermgr/battery_manager/bundle.json	standard	38	ability_base,ability_runtime,access_token,audio_framework,bundle_framework,common_event_service,config_policy,cJSON,c_utils,drivers_interface_battery,drivers_interface_display,drivers_interface_input,drivers_interface_light,eventhandler,ffrt,graphic_surface,hdf_core,hicollie,hisysevent,hilog,ipc,init,libdrm,libpng,media_foundation,miscdevice,napi,player_framework,power_manager,runtime_core,safwk,samgr,ui_lite,graphic_utils_lite,input,distributed_notification_service,i18n,image_framework	0		0		3	8	//base/powermgr/battery_manager/test:battery_frameworks_unittest,//base/powermgr/battery_manager/test:battery_unittest,//base/powermgr/battery_manager/test:battery_systemtest,//base/powermgr/battery_manager/test:battery_fuzzertest,//base/powermgr/battery_manager/test:battery_benchmarktest,//base/powermgr/battery_manager/test:battery_apitest,//base/powermgr/battery_manager/frameworks/ets/taihe:battery_manager_taihe_test,//base/powermgr/battery_manager/tools:cli_test_group
powermgr	battery_statistics	base/powermgr/battery_statistics/bundle.json	standard	22	ability_base,ability_runtime,battery_manager,bluetooth,call_manager,common_event_service,config_policy,cJSON,c_utils,display_manager,eventhandler,hicollie,hisysevent,hilog,ipc,napi,os_account,power_manager,runtime_core,safwk,samgr,wifi	0		0		3	12	//base/powermgr/battery_statistics/test:unittest,//base/powermgr/battery_statistics/test:fuzztest,//base/powermgr/battery_statistics/test:systemtest,//base/powermgr/battery_statistics/frameworks/ets/taihe:batterystats_taihe_test,//base/powermgr/battery_statistics/test/fuzztest/dump_fuzzer:fuzztest,//base/powermgr/battery_statistics/test/fuzztest/onremotedied_fuzzer:fuzztest,//base/powermgr/battery_statistics/test/fuzztest/isvalidjsonstring_fuzzer:fuzztest,//base/powermgr/battery_statistics/test/fuzztest/isvalidjsonstringandnoempty_fuzzer:fuzztest,//base/powermgr/battery_statistics/test/fuzztest/isvalidjsonnumber_fuzzer:fuzztest,//base/powermgr/battery_statistics/test/fuzztest/batterystatsclient_fuzzer:fuzztest,//base/powermgr/battery_statistics/test/fuzztest/getcount_fuzzer:fuzztest,//base/powermgr/battery_statistics/test/fuzztest/reset_fuzzer:fuzztest
powermgr	display_manager	base/powermgr/display_manager/bundle.json	standard	23	ability_base,ability_runtime,cJSON,c_utils,data_share,ets_runtime,eventhandler,ffrt,graphic_2d,hicollie,hisysevent,hiview,hilog,ipc,image_framework,napi,power_manager,runtime_core,safwk,samgr,sensor,skia,window_manager	0		0		2	6	//base/powermgr/display_manager/state_manager/test:displaymgr_coverage_test,//base/powermgr/display_manager/state_manager/test:displaymgr_fuzztest,//base/powermgr/display_manager/state_manager/test:systemtest,//base/powermgr/display_manager/brightness_manager/test:brightness_manager_test,//base/powermgr/display_manager/state_manager/frameworks/ets/taihe:display_manager_taihe_test,//base/powermgr/display_manager/tools/ohos-displayManager:ohos-displayManager-cli-test
powermgr	power_manager	base/powermgr/power_manager/bundle.json	standard	39	ability_base,ability_runtime,access_token,battery_manager,cJSON,common_event_service,config_policy,c_utils,data_share,display_manager,drivers_interface_power,ets_runtime,eventhandler,ffrt,graphic_2d,hdf_core,hicollie,hisysevent,hitrace,hiview,hilog,init,input,ipc,image_framework,libxml2,napi,os_account,runtime_core,safwk,samgr,sensor,device_standby,window_manager,miscdevice,bundle_framework,resource_schedule_service,selinux_adapter,api_metrics	0		0		11	6	//base/powermgr/power_manager/test:apitest,//base/powermgr/power_manager/test:unittest,//base/powermgr/power_manager/test:fuzztest,//base/powermgr/power_manager/test:systemtest,//base/powermgr/power_manager/tools/ohos-powerManager/tests:cli-test,//base/powermgr/power_manager/frameworks/ets/taihe:power_manager_taihe_test
powermgr	powermgr_cangjie_wrapper	base/powermgr/powermgr_cangjie_wrapper/bundle.json	standard	2	cangjie_ark_interop,battery_manager	0		1	//base/powermgr/powermgr_cangjie_wrapper/ohos/battery_info:ohos.battery_info	2	0	
powermgr	powermgr_lite	base/powermgr/powermgr_lite/bundle.json	mini,small	5	utils_lite,samgr_lite,ipc,hilog_lite,window_manager_lite	1	bounds_checking_function	1	//base/powermgr/powermgr_lite:powermgr_lite	1	1	//base/powermgr/powermgr_lite/test/Interface_test:unittest
powermgr	thermal_manager	base/powermgr/thermal_manager/bundle.json	standard	37	ability_base,ability_runtime,access_token,ace_engine,appspawn,audio_framework,battery_statistics,battery_manager,bundle_framework,cJSON,common_event_service,config_policy,c_utils,display_manager,drivers_interface_battery,drivers_interface_thermal,eventhandler,ffrt,hdf_core,hicollie,hisysevent,hilog,init,ipc,libxml2,image_framework,napi,netmanager_base,power_manager,runtime_core,safwk,samgr,selinux_adapter,api_metrics,soc_perf,time_service,window_manager	0		0		5	7	//base/powermgr/thermal_manager/test:unittest,//base/powermgr/thermal_manager/test:fuzztest,//base/powermgr/thermal_manager/test:systemtest,//base/powermgr/thermal_manager/frameworks/ets/taihe:thermal_manager_taihe_test,//base/powermgr/thermal_manager/test/fuzztest/thermallevelcallbackstub_fuzzer:fuzztest,//base/powermgr/thermal_manager/test/fuzztest/thermal_fuzzer:fuzztest,//base/powermgr/thermal_manager/test/fuzztest/thermalsrvsensorinfo_fuzzer:fuzztest
print	print_fwk	base/print/print_fwk/bundle.json	standard	47	ability_base,ability_runtime,access_token,backends,bounds_checking_function,bundle_framework,c_utils,common_event_service,cups,cups-filters,curl,drivers_interface_usb,distributed_notification_service,eventhandler,hisysevent,hilog,init,i18n,ipc,jsoncpp,napi,netmanager_ext,openssl,os_account,resource_management,safwk,samgr,selinux_adapter,security_guard,time_service,udmf,usb_manager,wifi,cJSON,runtime_core,ace_engine,libxml2,input,image_framework,data_share,enterprise_device_management,huks,api_metrics,ets_frontend,node,libuv,config_policy	1	zlib	0		6	1	//base/print/print_fwk/test:test
product_arm64_virt	product_arm64_virt	vendor/ohemu/qemu_arm64_linux_full/bundle.json	standard	0		0		1	//vendor/ohemu/qemu_arm64_linux_full/power_config:power_mode_config	0	0	
product_wukong100	product_wukong100	vendor/revoview/wukong100/bundle.json	standard	8	soc_p7885,init,c_utils,hdf_core,samgr,ipc,hilog,bounds_checking_function	1	bounds_checking_function	12	//vendor/revoview/wukong100/default_app_config:default_app_config,//vendor/revoview/wukong100/image_conf:custom_image_conf,//vendor/revoview/wukong100/preinstall-config:preinstall-config,//vendor/revoview/wukong100/resourceschedule:resourceschedule,//vendor/revoview/wukong100/bootanimation:bootanimation_config,//vendor/revoview/wukong100/etc:product_etc_conf,//vendor/revoview/wukong100/hals/audio:hdf_audio_config,//vendor/revoview/wukong100/hals/codec/:hdf_codec_config,//vendor/revoview/wukong100/hdf_config/uhdf:hdf_config,//vendor/revoview/wukong100/window_config:window_config,//vendor/revoview/wukong100/audio_conf:product_audio_conf,//vendor/revoview/wukong100/app:test_app	0	0	
product_x86_64_virt	product_x86_64_virt	vendor/ohemu/qemu_x86_64_linux_full/bundle.json	standard	0		0		1	//vendor/ohemu/qemu_x86_64_linux_full/power_config:power_mode_config	0	0	
request	request	base/request/request/bundle.json	standard	36	rust_cxx,ylong_runtime,ylong_http,os_account,samgr,init,ipc,certificate_manager,common_event_service,netmanager_base,eventhandler,ability_runtime,app_file_service,safwk,access_token,relational_store,napi,ability_base,hilog,hitrace,hisysevent,core_service,cellular_data,distributed_notification_service,c_utils,netstack,storage_service,ffrt,openssl,curl,libuv,resource_management,i18n,bundle_framework,runtime_core,ets_frontend	0		0		6	18	//base/request/request/test/fuzztest:fuzztest,//base/request/request/test/unittest/js_test/requestAgentTaskTest:unittest,//base/request/request/test/unittest/js_test/requestQueryTaskTest:unittest,//base/request/request/test/unittest/js_test/requestSystemQueryTest:unittest,//base/request/request/test/unittest/cpp_test/saTest:unittest,//base/request/request/test/unittest/cpp_test/preload:unittest,//base/request/request/test/unittest/cpp_test/fwkTest:unittest,//base/request/request/test/unittest/cpp_test/innerTest:unittest,//base/request/request/test/unittest/cpp_test/netstack:unittest,//base/request/request/test/unittest/cpp_test/inotifyImage:unittest,//base/request/request/test/unittest/cpp_test/preloadNapi:unittest,//base/request/request/services/tests:unittest,//base/request/request/frameworks/native/cache_download:unittest,//base/request/request/frameworks/native/cache_core:unittest,//base/request/request/common/netstack_rs:unittest,//base/request/request/common/ffrt_rs:unittest,//base/request/request/common/utils:unittest,//base/request/request/common/database:unittest
request	request_cangjie_wrapper	base/request/request_cangjie_wrapper/bundle.json	standard	5	cangjie_ark_interop,arkui_cangjie_wrapper,hiviewdfx_cangjie_wrapper,ability_cangjie_wrapper,request	0		1	//base/request/request_cangjie_wrapper/ohos/request:ohos.request	2	0	
resourceschedule	background_task_mgr	foundation/resourceschedule/background_task_mgr/bundle.json	standard	32	ability_base,ability_runtime,access_token,ace_engine,audio_framework,bundle_framework,common_event_service,config_policy,eventhandler,hitrace,hilog,ipc,init,napi,os_account,resource_management,resource_schedule_service,safwk,samgr,c_utils,distributed_notification_service,hicollie,hisysevent,hiview,i18n,relational_store,icu,runtime_core,ets_frontend,image_framework,json,taihe_ffi_gen	0		0		2	1	//foundation/resourceschedule/background_task_mgr:test_background_task_mgr_all
resourceschedule	device_standby	foundation/resourceschedule/device_standby/bundle.json	standard	29	ability_base,ability_runtime,access_token,background_task_mgr,battery_manager,bundle_framework,call_manager,common_event_service,config_policy,c_utils,eventhandler,hicollie,hilog,hitrace,idl_tool,init,ipc,input,napi,netmanager_base,power_manager,runtime_core,safwk,samgr,sensor,time_service,work_scheduler,json,resource_schedule_service	0		0		5	6	//foundation/resourceschedule/device_standby/interfaces/innerkits/test/unittest:unittest,//foundation/resourceschedule/device_standby/services/test/unittest:unittest,//foundation/resourceschedule/device_standby/plugins/test/unittest:unittest,//foundation/resourceschedule/device_standby/services/test/fuzztest:fuzztest,//foundation/resourceschedule/device_standby/plugins/test/fuzztest:fuzztest,//foundation/resourceschedule/device_standby/utils/test/fuzztest:fuzztest
resourceschedule	device_usage_statistics	foundation/resourceschedule/device_usage_statistics/bundle.json	standard	24	relational_store,runtime_core,safwk,config_policy,os_account,ipc,access_token,ability_runtime,hicollie,hilog,samgr,c_utils,cJSON,napi,background_task_mgr,power_manager,selinux_adapter,time_service,init,ffrt,hisysevent,hitrace,window_manager,ets_frontend	0		0		2	2	//foundation/resourceschedule/device_usage_statistics:test_all,//foundation/resourceschedule/device_usage_statistics/test/fuzztest/bundle_fuzzer:BundleActiveEventFuzzTest
resourceschedule	ffrt	foundation/resourceschedule/ffrt/bundle.json	standard	6	bounds_checking_function,c_utils,hilog,hisysevent,faultloggerd,napi	0		2	//foundation/resourceschedule/ffrt:libffrt,//foundation/resourceschedule/ffrt:ffrt_ndk	1	1	//foundation/resourceschedule/ffrt/test/ut:ffrt_unittest_ffrt
resourceschedule	frame_aware_sched	foundation/resourceschedule/frame_aware_sched/bundle.json	standard	9	bounds_checking_function,c_utils,eventhandler,ffrt,hitrace,hilog,libxml2,samgr,safwk	0		5	//foundation/resourceschedule/frame_aware_sched/interfaces/innerkits/frameintf:frame_ui_intf,//foundation/resourceschedule/frame_aware_sched/interfaces/innerkits/frameintf:frame_msg_intf,//foundation/resourceschedule/frame_aware_sched/interfaces/innerkits/frameintf:frame_trace_intf,//foundation/resourceschedule/frame_aware_sched/interfaces/innerkits/frameintf:rtg_interface,//foundation/resourceschedule/frame_aware_sched/profiles:frame_aware_sched_config	4	1	//foundation/resourceschedule/frame_aware_sched/test:frame_unittest
resourceschedule	memmgr	foundation/resourceschedule/memmgr/bundle.json	standard	17	ipc,ability_base,bundle_framework,safwk,background_task_mgr,ability_runtime,os_account,common_event_service,eventhandler,hilog,c_utils,samgr,resource_management,access_token,init,libxml2,json	0		6	//foundation/resourceschedule/memmgr/sa_profile:memmgr_sa_profile,//foundation/resourceschedule/memmgr/services/memmgrservice:memmgrservice,//foundation/resourceschedule/memmgr/services/memmgrservice:memmgrservice_init,//foundation/resourceschedule/memmgr/profile:memmgr_config,//foundation/resourceschedule/memmgr/profile:memmgr.para,//foundation/resourceschedule/memmgr/profile:memmgr.para.dac	1	3	//foundation/resourceschedule/memmgr/test:memmgr_unittest,//foundation/resourceschedule/memmgr/test/fuzztest:memmgr_fuzztest,//foundation/resourceschedule/memmgr/test/fuzztest/mem_fuzzer:fuzztest
resourceschedule	qos_manager	foundation/resourceschedule/qos_manager/bundle.json	standard	13	ability_base,ability_runtime,access_token,config_policy,c_utils,frame_aware_sched,hilog,hitrace,init,ipc,libxml2,safwk,samgr	0		9	//foundation/resourceschedule/qos_manager/etc/init:concurrent_task_service.cfg,//foundation/resourceschedule/qos_manager/etc/param:ffrt.para,//foundation/resourceschedule/qos_manager/etc/param:ffrt.para.dac,//foundation/resourceschedule/qos_manager/sa_profile:concurrent_task_sa_profile,//foundation/resourceschedule/qos_manager/services:concurrentsvc,//foundation/resourceschedule/qos_manager/frameworks/concurrent_task_client:concurrent_task_client,//foundation/resourceschedule/qos_manager/qos:qos,//foundation/resourceschedule/qos_manager/frameworks/native:qos_ndk,//foundation/resourceschedule/qos_manager/qos:pi_mutex	3	2	//foundation/resourceschedule/qos_manager/test:concurrent_unittest,//foundation/resourceschedule/qos_manager/test/fuzztest:fuzztest
resourceschedule	resource_schedule_service	foundation/resourceschedule/resource_schedule_service/bundle.json	standard	41	ability_base,ability_runtime,access_token,audio_framework,av_session,background_task_mgr,bluetooth,bundle_framework,c_utils,cJSON,common_event_service,config_policy,core_service,data_share,device_standby,eventhandler,ffrt,frame_aware_sched,hilog,hisysevent,hitrace,init,idl_tool,ipc,napi,netmanager_base,input,os_account,request,samgr,safwk,selinux_adapter,soc_perf,state_registry,window_manager,power_manager,json,libxml2,jsoncpp,runtime_core,ets_frontend	0		0		10	15	//foundation/resourceschedule/resource_schedule_service/ressched/common/test/unittest:unittest,//foundation/resourceschedule/resource_schedule_service/ressched/test/unittest:unittest,//foundation/resourceschedule/resource_schedule_service/ressched_executor/test/unittest:unittest,//foundation/resourceschedule/resource_schedule_service/ressched_executor/plugins/socperf_executor_plugin/framework/test/unittest:unittest,//foundation/resourceschedule/resource_schedule_service/ressched/plugins/cgroup_sched_plugin/test/unittest:unittest,//foundation/resourceschedule/resource_schedule_service/ressched/sched_controller/test/unittest:unittest,//foundation/resourceschedule/resource_schedule_service/ressched/plugins/frame_aware_plugin/test/unittest:unittest,//foundation/resourceschedule/resource_schedule_service/ressched/plugins/socperf_plugin/test/unittest:unittest,//foundation/resourceschedule/resource_schedule_service/ressched/plugins/socperf_plugin/test/fuzztest:fuzztest,//foundation/resourceschedule/resource_schedule_service/ressched/plugins/device_standby_plugin/test/fuzztest:fuzztest,//foundation/resourceschedule/resource_schedule_service/ressched/test/fuzztest:fuzztest,//foundation/resourceschedule/resource_schedule_service/ressched/test/testutil:ressched_test,//foundation/resourceschedule/resource_schedule_service/ressched/sched_controller/test/fuzztest:fuzztest,//foundation/resourceschedule/resource_schedule_service/ressched/interfaces/kits/test/unittest/systemload_jsunittest:js_unittest,//foundation/resourceschedule/resource_schedule_service/ressched/plugins/cgroup_sched_plugin/test/fuzztest:fuzztest
resourceschedule	soc_perf	foundation/resourceschedule/soc_perf/bundle.json	standard	17	access_token,cJSON,c_utils,config_policy,eventhandler,ffrt,hitrace,hilog,ipc,init,safwk,samgr,selinux_adapter,hisysevent,libxml2,resource_schedule_service,json	0		0		1	3	//foundation/resourceschedule/soc_perf:test_soc_perf_all,//foundation/resourceschedule/soc_perf/test/fuzztest:fuzztest,//foundation/resourceschedule/soc_perf/test/fuzztest/lxjRUC_fuzzer:fuzztest
resourceschedule	work_scheduler	foundation/resourceschedule/work_scheduler/bundle.json	standard	33	thermal_manager,bundle_framework,safwk,os_account,common_event_service,ipc,c_utils,ability_runtime,hilog,samgr,hisysevent,napi,battery_manager,ability_base,eventhandler,ffrt,background_task_mgr,device_standby,device_usage_statistics,access_token,netmanager_base,time_service,init,data_share,config_policy,hiview,hicollie,hitrace,power_manager,resource_schedule_service,runtime_core,ets_frontend,taihe_ffi_gen	0		0		2	1	//foundation/resourceschedule/work_scheduler:test_work_scheduler_all
sdk	sdk	interface/sdk-js/bundle.json	mini,small,standard	1	ets_frontend	0		0		13	0	
sdk	sdk_cangjie	interface/sdk_cangjie/bundle.json	standard	3	cangjie_ark_interop,arkui_cangjie_wrapper,flatbuffers	0		0		0	0	
security	access_token	base/security/access_token/bundle.json	standard	39	ability_base,ability_runtime,asset,audio_framework,ace_engine,bounds_checking_function,bundle_framework,c_utils,camera_framework,cJSON,common_event_service,config_policy,device_manager,dsoftbus,eventhandler,ffrt,hicollie,hisysevent,hitrace,hilog,init,ipc,json,memmgr,napi,openssl,os_account,power_manager,relational_store,safwk,samgr,screenlock_mgr,selinux_adapter,security_guard,sqlite,window_manager,zlib,runtime_core,appverify	0		0		15	2	//base/security/access_token:accesstoken_build_fuzz_test,//base/security/access_token:accesstoken_build_module_test
security	appverify	base/security/appverify/bundle.json	standard,small,mini	10	bounds_checking_function,cJSON,c_utils,hilog,init,ipc,openssl,os_account,samgr,zlib	2	bounds_checking_function,mbedtls	1	//base/security/appverify:appverify_components	2	1	//base/security/appverify:testcase_packages
security	asset	base/security/asset/bundle.json	standard	29	ability_base,ability_runtime,access_token,bounds_checking_function,bundle_framework,cJSON,common_event_service,c_utils,data_share,memmgr,hilog,hitrace,hisysevent,huks,ipc,kv_store,napi,netmanager_base,node,resource_schedule_service,safwk,samgr,sqlite,os_account,rust_cxx,ylong_json,ylong_runtime,openssl,screenlock_mgr	0		0		6	1	//base/security/asset:asset_bin_test
security	certificate_framework	base/security/certificate_framework/bundle.json	standard	8	c_utils,crypto_framework,hilog,napi,node,openssl,runtime_core,taihe_ffi_gen	0		1	//base/security/certificate_framework:certificate_framework_component	2	2	//base/security/certificate_framework:certificate_framework_test,//base/security/certificate_framework:certificate_framework_fuzztest
security	certificate_manager	base/security/certificate_manager/bundle.json	mini,small,standard	24	ability_base,ace_engine,ability_runtime,access_token,bounds_checking_function,bundle_framework,cJSON,common_event_service,c_utils,eventhandler,hisysevent,hilog,huks,ipc,init,napi,os_account,relational_store,safwk,samgr,security_guard,selinux_adapter,openssl,runtime_core	0		0		2	5	//base/security/certificate_manager/test:unittest,//base/security/certificate_manager/test:module_test,//base/security/certificate_manager/test:multi_thread_test,//base/security/certificate_manager/test:permission_test,//base/security/certificate_manager/test/fuzz_test:fuzztest
security	code_signature	base/security/code_signature/bundle.json	standard	24	hilog,hitrace,hisysevent,ability_base,c_utils,ipc,samgr,safwk,huks,eventhandler,access_token,ylong_json,appverify,init,openssl,fsverity-utils,screenlock_mgr,common_event_service,bounds_checking_function,rust_rust-openssl,selinux,elfio,bundle_framework,rust_cxx	0		1	//base/security/code_signature:subcomponents	4	1	//base/security/code_signature/test:testgroup
security	crypto_framework	base/security/crypto_framework/bundle.json	standard,mini	13	hilog,c_utils,napi,node,openssl,bounds_checking_function,runtime_core,huks,ace_engine_lite,hilog_lite,mbedtls,taihe_ffi_gen,api_metrics	0		1	//base/security/crypto_framework:crypto_framework_component	3	2	//base/security/crypto_framework:crypto_framework_test,//base/security/crypto_framework:crypto_framework_fuzztest
security	dataclassification	base/security/dataclassification/bundle.json	standard,small,mini	7	access_token,device_security_level,hilog,init,c_utils,cJSON,selinux_adapter	0		1	//base/security/dataclassification:dataclassification_build_module	1	1	//base/security/dataclassification/test:dataclassification_test_build
security	device_auth	base/security/device_auth/bundle.json	standard,small,mini	23	ability_base,access_token,bounds_checking_function,cJSON,common_event_service,c_utils,dsoftbus,hilog,hisysevent,hitrace,huks,init,mbedtls,napi,openssl,os_account,samgr,safwk,ipc,netmanager_base,memmgr,eventhandler,selinux_adapter	0		5	//base/security/device_auth:deviceauth_napi_build,//base/security/device_auth:deviceauth_sdk_build,//base/security/device_auth:deviceauth_service_build,//base/security/device_auth:deviceauth_build,//base/security/device_auth/frameworks/deviceauth_lite:hichainsdk	1	2	//base/security/device_auth/test:deviceauth_test_build,//base/security/device_auth/frameworks/deviceauth_lite/test:deviceauth_lite_test_build
security	device_security_level	base/security/device_security_level/bundle.json	standard,small,mini	14	cJSON,c_utils,device_auth,device_manager,dsoftbus,hilog,hisysevent,hitrace,huks,ipc,safwk,samgr,openssl,access_token	0		0		2	2	//base/security/device_security_level/test/dslm_unit_test:dslm_test,//base/security/device_security_level/test/dslm_fuzz_test:dslm_fuzz
security	dlp_permission_service	base/security/dlp_permission_service/bundle.json	standard	34	hitrace,ipc,os_account,access_token,bundle_framework,file_api,app_file_service,common_event_service,init,ability_base,ability_runtime,hilog,hisysevent,huks,napi,safwk,samgr,c_utils,config_policy,kv_store,ace_engine,json,zlib,openssl,libfuse,graphic_2d,image_framework,window_manager,resource_management,eventhandler,memmgr,security_guard,node,libuv	0		1	//base/security/dlp_permission_service:dlp_permission_build_module	5	2	//base/security/dlp_permission_service/test:dlp_permission_build_module_test,//base/security/dlp_permission_service/test:dlp_permission_build_fuzz_test
security	huks	base/security/huks/bundle.json	standard,small,mini	29	hdf_core,ability_base,ability_runtime,access_token,bundle_framework,c_utils,common_event_service,hicollie,device_manager,hisysevent,hitrace,hilog,hilog_lite,ipc,napi,node,os_account,safwk,samgr,user_auth_framework,drivers_interface_user_auth,drivers_interface_huks,openssl,openhitls,bounds_checking_function,mbedtls,cJSON,init,ets_frontend	0		0		3	2	//base/security/huks:huks_sdk_test,//base/security/huks/test/fuzz_test:fuzztest
security	permission_lite	base/security/permission_lite/bundle.json	small,mini	3	hilog_lite,samgr_lite,ipc	2	bounds_checking_function,cJSON	1	//base/security/permission_lite/services:permission_lite	2	1	//base/security/permission_lite/services/unittest:unittest
security	security_cangjie_wrapper	base/security/security_cangjie_wrapper/bundle.json	standard	4	cangjie_ark_interop,hiviewdfx_cangjie_wrapper,crypto_framework,huks	0		5	//base/security/security_cangjie_wrapper/ohos/security/crypto_framework:ohos.security.crypto_framework,//base/security/security_cangjie_wrapper/ohos/security/huks:ohos.security.huks,//base/security/security_cangjie_wrapper/ohos/security:ohos.security,//base/security/security_cangjie_wrapper/kit/CryptoArchitectureKit:kit.CryptoArchitectureKit,//base/security/security_cangjie_wrapper/kit/UniversalKeystoreKit:kit.UniversalKeystoreKit	2	0	
security	security_component_manager	base/security/security_component_manager/bundle.json	standard	17	ability_base,ability_runtime,access_token,bundle_framework,c_utils,data_share,eventhandler,ffrt,hilog,hisysevent,hitrace,graphic_2d,ipc,json,safwk,samgr,window_manager	1	cJSON	1	//base/security/security_component_manager:security_component_build_module	2	2	//base/security/security_component_manager:security_component_build_module_test,//base/security/security_component_manager:security_component_build_fuzz_test
security	security_guard	base/security/security_guard/bundle.json	standard	27	ability_base,ability_runtime,access_token,c_utils,common_event_service,device_manager,hdf_core,hiappevent,hisysevent,hilog,init,ipc,json,napi,netmanager_base,openssl,os_account,preferences,safwk,samgr,time_service,appverify,ffrt,bundle_framework,cJSON,selinux_adapter,sqlite	0		18	//base/security/security_guard/sa_profile:sg_sa_profile_standard,//base/security/security_guard/sa_profile:security_guard.init,//base/security/security_guard/oem_property:security_audit_cfg,//base/security/security_guard/oem_property:security_guard_cfg,//base/security/security_guard/oem_property:config_update_trust_list_cfg,//base/security/security_guard/oem_property:security_guard_event_group_cfg,//base/security/security_guard/oem_property:security_guard_model_cfg,//base/security/security_guard/oem_property:security_guard_event_cfg,//base/security/security_guard:sg_classify_service_build_module,//base/security/security_guard:sg_collect_service_build_module,//base/security/security_guard:security_guard_napi,//base/security/security_guard/sa_profile:security_collector_sa_profile_standard,//base/security/security_guard/sa_profile:security_collector.init,//base/security/security_guard:security_collector_service_build_module,//base/security/security_guard:security_collector_manager_build_module,//base/security/security_guard/frameworks/common/classify:libsg_classify_sdk,//base/security/security_guard/frameworks/common/collect:libsg_collect_sdk,//base/security/security_guard/frameworks/common/collector:libsg_collector_sdk	3	3	//base/security/security_guard:security_guard_build_module_test,//base/security/security_guard:security_guard_fuzz_test,//base/security/security_guard:security_guard_unit_test
security	selinux_adapter	base/security/selinux_adapter/bundle.json	standard	8	cJSON,c_utils,FreeBSD,hilog,bounds_checking_function,hisysevent,selinux,pcre2	0		1	//base/security/selinux_adapter:selinux_group	9	1	//base/security/selinux_adapter/test:unittest
sensors	medical_sensor	base/sensors/medical_sensor/bundle.json	standard	12	access_token,c_utils,drivers_interface_sensor,drivers_peripheral_sensor,eventhandler,ets_runtime,hilog,hisysevent,napi,ipc,samgr,safwk	0		6	//base/sensors/medical_sensor/interfaces/native:medical_ndk_target,//base/sensors/medical_sensor/interfaces/plugin:medical_js_target,//base/sensors/medical_sensor/frameworks/native/medical_sensor:medical_native_target,//base/sensors/medical_sensor/services/medical_sensor:medical_service_target,//base/sensors/medical_sensor/utils:medical_utils_target,//base/sensors/medical_sensor/sa_profile:medical_sa_profiles	1	2	//base/sensors/medical_sensor/interfaces/native/test:unittest,//base/sensors/medical_sensor/interfaces/plugin/test/unittest:unittest
sensors	miscdevice	base/sensors/miscdevice/bundle.json	standard	22	ability_base,ability_runtime,access_token,common_event_service,c_utils,data_share,drivers_interface_light,drivers_interface_vibrator,ets_frontend,hilog,hisysevent,hitrace,ipc,init,memmgr,napi,os_account,qos_manager,safwk,samgr,cJSON,runtime_core	0		0		4	7	//base/sensors/miscdevice/test/unittest/vibrator/js:unittest,//base/sensors/miscdevice/test/fuzztest/vibrator:fuzztest,//base/sensors/miscdevice/test/fuzztest/light:fuzztest,//base/sensors/miscdevice/test/unittest/vibrator/native:unittest,//base/sensors/miscdevice/test/unittest/vibrator/capi:unittest,//base/sensors/miscdevice/test/unittest/light:unittest,//base/sensors/miscdevice/test/fuzztest/service:fuzztest
sensors	sensor	base/sensors/sensor/bundle.json	standard	27	ability_base,ability_runtime,bundle_framework,common_event_service,c_utils,cJSON,data_share,ets_frontend,hilog,hisysevent,napi,node,libuv,drivers_interface_sensor,access_token,hicollie,hitrace,ipc,memmgr,safwk,samgr,eventhandler,init,selinux_adapter,runtime_core,hiview,os_account	0		0		3	7	//base/sensors/sensor/test/unittest/interfaces/js:unittest,//base/sensors/sensor/test/unittest/interfaces/kits:unittest,//base/sensors/sensor/test/fuzztest/interfaces:fuzztest,//base/sensors/sensor/test/unittest/interfaces/inner_api:unittest,//base/sensors/sensor/test/fuzztest/services:fuzztest,//base/sensors/sensor/test/unittest/coverage:unittest,//base/sensors/sensor/test/fuzztest/sensor_fuzzer:fuzztest
sensors	sensor_lite	base/sensors/sensor_lite/bundle.json	mini	5	drivers_peripheral_sensor,hilog_lite,ipc,samgr_lite,utils_lite	1	bounds_checking_function	2	//base/sensors/sensor_lite/services:sensor_service,//base/sensors/sensor_lite/frameworks:sensor_lite	0	1	//base/sensors/sensor_lite/interfaces/kits/native:unittest
sensors	sensors_cangjie_wrapper	base/sensors/sensors_cangjie_wrapper/bundle.json	standard	3	cangjie_ark_interop,hiviewdfx_cangjie_wrapper,sensor	0		2	//base/sensors/sensors_cangjie_wrapper/ohos/sensor:ohos.sensor,//base/sensors/sensors_cangjie_wrapper/kit/SensorServiceKit:kit.SensorServiceKit	2	0	
sensors	start	base/sensors/start/bundle.json	standard	0		0		2	//base/sensors/start/etc/init:sensors.rc,//base/sensors/start/etc/init:msdp.rc	0	0	
soc_p7885	soc_p7885	device/soc/unisoc/p7885/bundle.json	standard	29	hilog,graphic_2d,c_utils,hitrace,drivers_interface_location_gnss,drivers_interface_nnrt,drivers_interface_audio,hdf_core,ipc,ability_base,ability_runtime,bundle_framework,p7885_event_service,drivers_interface_light,eventhandler,hicollie,hisysevent,image_framework,power_manager,safwk,samgr,window_manager,graphic_chipsetsdk,graphic_surface,memory_utils,libdmabufheap,drivers_interface_display,init,ril_adapter	2	libdrm,libxml2	18	//device/soc/unisoc/p7885/hardware/display:display_composer_model,//device/soc/unisoc/p7885/hardware/display:display_buffer_model,//device/soc/unisoc/p7885/hardware/gpu:gpu_vendor,//device/soc/unisoc/p7885/hardware/modem/telephony:radio,//device/soc/unisoc/p7885/hardware/npu:npu_vendor,//device/soc/unisoc/p7885/hardware/bluetooth:bluetooth_group,//device/soc/unisoc/p7885/hardware/wcn:wcn_group,//device/soc/unisoc/p7885/hardware/audio:audio_unsioc,//device/soc/unisoc/p7885/hardware/camera_unisoc/soc_p7885/camera_hal:cameraHalSo,//device/soc/unisoc/p7885/hardware/camera_unisoc/soc_p7885/etc:sensor_etc,//device/soc/unisoc/p7885/hardware/camera_unisoc/soc_p7885/isp_lib:isp3A,//device/soc/unisoc/p7885/hardware/camera_unisoc/soc_p7885/tuning/gc08a3:tuning_gc08a3,//device/soc/unisoc/p7885/hardware/omx_il:lib_omx,//device/soc/unisoc/p7885/hardware/camera_unisoc/soc_p7885/tuning/gc05a2_f:tuning_gc05a2_f,//device/soc/unisoc/p7885/modules:modules,//device/soc/unisoc/p7885/pac:pac,//device/soc/unisoc/p7885/hardware/location:location_group,//device/soc/unisoc/p7885/unisoc_wrapper:unisoc_wrapper	0	1	//device/soc/unisoc/p7885/hardware/npu/nnrt/test:unittest
startup	appspawn	base/startup/appspawn/bundle.json	small,standard	37	ability_base,c_utils,ipc,selinux_adapter,selinux,hilog,init,ability_runtime,access_token,eventhandler,config_policy,resource_management,hitrace,common_event_service,hisysevent,security_component_manager,napi,netmanager_base,ace_engine,os_account,hilog_lite,samgr_lite,kv_store,ability_lite,ace_engine_lite,surface_lite,ui_lite,code_signature,bounds_checking_function,zlib,cJSON,json,faultloggerd,dlp_permission_service,ffrt,webview,hiprofiler	4	bounds_checking_function,zlib,selinux,cJSON	1	//base/startup/appspawn:appspawn_all	3	3	//base/startup/appspawn/test:moduletest,//base/startup/appspawn/test:unittest,//base/startup/appspawn/test:fuzztest
startup	bootstrap_lite	base/startup/bootstrap_lite/bundle.json	mini,small	1	samgr_lite	1	bounds_checking_function	1	//base/startup/bootstrap_lite/services/source:bootstrap	0	0	
startup	hvb	base/startup/hvb/bundle.json	standard	1	bounds_checking_function	0		1	//base/startup/hvb:hvb_group	2	0	
startup	init	base/startup/init/bundle.json	mini,small,standard	26	appspawn,safwk,c_utils,napi,ipc,config_policy,hdf_core,hilog,hilog_lite,samgr,access_token,hvb,hisysevent,hiprofiler,bounds_checking_function,bundle_framework,selinux,selinux_adapter,storage_service,mbedtls,zlib,cJSON,hicollie,drivers_interface_partitionslot,code_signature,runtime_core	3	mksh,e2fsprogs,f2fs-tools	0		16	1	//base/startup/init/test:testgroup
startup	startup_cangjie_wrapper	base/startup/startup_cangjie_wrapper/bundle.json	standard	2	cangjie_ark_interop,init	0		1	//base/startup/startup_cangjie_wrapper/ohos/device_info:ohos.device_info	2	0	
systemabilitymgr	safwk	foundation/systemabilitymgr/safwk/bundle.json	standard	12	ffrt,hilog,hitrace,ipc,init,json,samgr,c_utils,access_token,rust_cxx,ylong_runtime,hisysevent	0		0		4	2	//foundation/systemabilitymgr/safwk/test:unittest,//foundation/systemabilitymgr/safwk/test/fuzztest/systemabilityfwk_fuzzer:fuzztest
systemabilitymgr	safwk_lite	foundation/systemabilitymgr/safwk_lite/bundle.json	small	6	ability_lite,bundle_framework_lite,dmsfwk_lite,hilog_lite,permission_lite,samgr_lite	2	bounds_checking_function,cJSON	1	//foundation/systemabilitymgr/safwk_lite:foundation	0	0	
systemabilitymgr	samgr	foundation/systemabilitymgr/samgr/bundle.json	standard	24	ability_base,access_token,c_utils,common_event_service,device_manager,dsoftbus,ffrt,hicollie,hilog,hisysevent,hitrace,init,ipc,json,libxml2,mksh,preferences,safwk,selinux_adapter,qos_manager,toybox,config_policy,rust_cxx,ylong_runtime	0		0		4	3	//foundation/systemabilitymgr/samgr/services/samgr/native/test:unittest,//foundation/systemabilitymgr/samgr/test/fuzztest:fuzztest,//foundation/systemabilitymgr/samgr/services/common/test:unittest
systemabilitymgr	samgr_lite	foundation/systemabilitymgr/samgr_lite/bundle.json	mini,small	7	hilog_lite,ipc,liteos_m,mksh,permission_lite,toybox,utils_lite	2	bounds_checking_function,cJSON	1	//foundation/systemabilitymgr/samgr_lite:samgr	1	0	
systemabilitymgr	selectionfwk	foundation/systemabilitymgr/selectionfwk/bundle.json	mini,small,standard	32	c_utils,eventhandler,ipc,safwk,hilog,hitrace,samgr,icu,init,input,napi,ability_base,ability_runtime,access_token,window_manager,pasteboard,relational_store,resource_management,graphic_2d,bundle_framework,ffrt,config_policy,os_account,cJSON,common_event_service,hicollie,hisysevent,memmgr,resource_schedule_service,hiappevent,udmf,runtime_core	0		16	//foundation/systemabilitymgr/selectionfwk/common:selection_common,//foundation/systemabilitymgr/selectionfwk/etc/init:selection_service_cfg,//foundation/systemabilitymgr/selectionfwk/etc/para:selection_para,//foundation/systemabilitymgr/selectionfwk/etc/para:selection_para_dac,//foundation/systemabilitymgr/selectionfwk/service:selection_service,//foundation/systemabilitymgr/selectionfwk/service/plugins:selection_plugins_impl,//foundation/systemabilitymgr/selectionfwk/sa_profile:selection_service_sa_profile,//foundation/systemabilitymgr/selectionfwk/frameworks/js/napi/selection_panel:selectionpanel_napi,//foundation/systemabilitymgr/selectionfwk/frameworks/js/napi/selection_extension_ability:selectionextensionability_napi,//foundation/systemabilitymgr/selectionfwk/frameworks/js/napi/selection_extension_context:selectionextensioncontext_napi,//foundation/systemabilitymgr/selectionfwk/frameworks/native/selection_extension:selection_extension_ability_native,//foundation/systemabilitymgr/selectionfwk/frameworks/js/napi/selection_ability:selectionmanager_napi,//foundation/systemabilitymgr/selectionfwk/frameworks/native/selection_ability:selection_ability,//foundation/systemabilitymgr/selectionfwk/interfaces/inner_kits/selection_client:selection_client,//foundation/systemabilitymgr/selectionfwk/frameworks/ets/taihe:selection_taihe_group,//foundation/systemabilitymgr/selectionfwk/frameworks/ets/ets:selection_extension_ability_etc	1	2	//foundation/systemabilitymgr/selectionfwk/test/unittest:selection_manager_ut,//foundation/systemabilitymgr/selectionfwk/test/fuzztest:selection_service_fuzztest
tee	tee_client	base/tee/tee_client/bundle.json	small,standard	19	ability_base,access_token,call_manager,c_utils,hilog,image_framework,power_manager,safwk,samgr,window_manager,ipc,dsoftbus,device_manager,bounds_checking_function,zlib,openssl,bundle_framework,hisysevent,init	0		0		2	3	//base/tee/tee_client/test/fuzztest/teeclient:fuzztest,//base/tee/tee_client/test/fuzztest/libteecvendor:libteec_vendor_fuzztest,//base/tee/tee_client/test/unittest:unittest
tee	tee_dev_kit	base/tee/tee_dev_kit/bundle.json	small,standard	0		2	musl,bounds_checking_function	0		0	0	
tee	tee_os_framework	base/tee/tee_os_framework/bundle.json	standard	0		0		0		0	0	
tee	tee_os_kernel	base/tee/tee_os_kernel/bundle.json	standard	0		0		1	//base/tee/tee_os_kernel/build:tee_os	0	0	
telephony	call_manager	base/telephony/call_manager/bundle.json	standard	44	ability_base,ability_runtime,access_token,bluetooth,c_utils,cellular_data,common_event_service,core_service,cJSON,data_share,distributed_notification_service,eventhandler,ffrt,graphic_2d,graphic_surface,hilog,hicollie,hisysevent,hitrace,init,ipc,audio_framework,camera_framework,napi,os_account,player_framework,power_manager,protobuf,safwk,samgr,libuv,sms_mms,image_framework,miscdevice,location,dsoftbus,input,device_manager,openssl,libphonenumber,screenlock_mgr,runtime_core,taihe_ffi_gen,window_manager	2	libphonenumber,json	0		2	2	//base/telephony/call_manager/test/unittest:unittest,//base/telephony/call_manager/test/fuzztest:fuzztest
telephony	cellular_call	base/telephony/cellular_call/bundle.json	standard	25	ability_base,ability_runtime,abseil-cpp,access_token,cJSON,json,c_utils,call_manager,common_event_service,core_service,data_share,eventhandler,ffrt,graphic_surface,hilog,hisysevent,hitrace,init,ipc,libphonenumber,resource_management,safwk,samgr,security_guard,telephony_data	0		0		2	2	//base/telephony/cellular_call/test:unittest,//base/telephony/cellular_call/test/fuzztest:fuzztest
telephony	cellular_data	base/telephony/cellular_data/bundle.json	standard	26	ability_base,ability_runtime,access_token,ace_engine,c_utils,common_event_service,core_service,data_share,eventhandler,hicollie,hilog,hisysevent,hitrace,init,ipc,napi,netmanager_base,preferences,relational_store,safwk,samgr,telephony_data,runtime_core,rust_cxx,power_manager,netmanager_ext	0		0		2	2	//base/telephony/cellular_data/test:unittest,//base/telephony/cellular_data/test/fuzztest:fuzztest
telephony	core_service	base/telephony/core_service/bundle.json	standard	40	ability_base,ability_runtime,access_token,api_metrics,battery_manager,bundle_framework,cJSON,c_utils,common_event_service,config_policy,data_share,drivers_interface_ril,eventhandler,ffrt,runtime_core,rust_cxx,hdf_core,hicollie,hilog,hisysevent,i18n,init,ipc,location,napi,netmanager_base,netmanager_ext,power_manager,preferences,protobuf,resource_management,safwk,samgr,telephony_data,time_service,huks,libphonenumber,libpng,libxml2,openssl	0		0		6	2	//base/telephony/core_service/test:unittest,//base/telephony/core_service/test/fuzztest:fuzztest
telephony	ril_adapter	base/telephony/ril_adapter/bundle.json	standard	9	bounds_checking_function,c_utils,drivers_interface_power,drivers_interface_ril,hdf_core,hilog,init,ipc,samgr	0		0		3	2	//base/telephony/ril_adapter/test:unittest,//base/telephony/ril_adapter/test/fuzztest:fuzztest
telephony	sms_mms	base/telephony/sms_mms/bundle.json	standard	30	ability_base,ability_runtime,access_token,bundle_framework,c_utils,common_event_service,core_service,curl,data_share,eventhandler,ffrt,hilog,hisysevent,icu,init,ipc,image_framework,libphonenumber,libuv,napi,netmanager_base,netstack,os_account,power_manager,resource_management,runtime_core,safwk,samgr,protobuf,telephony_data	0		7	//base/telephony/sms_mms:tel_sms_mms,//base/telephony/sms_mms/frameworks/native:tel_sms_mms_api,//base/telephony/sms_mms/frameworks/cj:cj_sms_ffi,//base/telephony/sms_mms/frameworks/js/napi/:sms,//base/telephony/sms_mms/sa_profile:sms_mms_sa_profile,//base/telephony/sms_mms/services/etc:sms_short_code_rules,//base/telephony/sms_mms/frameworks/ets/taihe:telephony_sms_taihe	2	2	//base/telephony/sms_mms/test:unittest,//base/telephony/sms_mms/test/fuzztest:fuzztest
telephony	state_registry	base/telephony/state_registry/bundle.json	standard	20	ability_base,access_token,c_utils,common_event_service,core_service,cellular_data,eventhandler,hicollie,hilog,init,ipc,libuv,napi,safwk,samgr,node,call_manager,netmanager_base,runtime_core,rust_cxx	0		0		2	2	//base/telephony/state_registry/test:unittest,//base/telephony/state_registry/test/fuzztest:fuzztest
telephony	telephony_cangjie_wrapper	base/telephony/telephony_cangjie_wrapper/bundle.json	standard	4	cangjie_ark_interop,hiviewdfx_cangjie_wrapper,ability_cangjie_wrapper,call_manager	0		3	//base/telephony/telephony_cangjie_wrapper/ohos/telephony:ohos.telephony,//base/telephony/telephony_cangjie_wrapper/ohos/telephony/call:ohos.telephony.call,//base/telephony/telephony_cangjie_wrapper/kit/TelephonyKit:kit.TelephonyKit	2	0	
telephony	telephony_data	base/telephony/telephony_data/bundle.json	standard	27	ability_base,ability_runtime,access_token,cJSON,c_utils,config_policy,common_event_service,core_service,data_share,eventhandler,hisysevent,hitrace,hilog,init,ipc,libphonenumber,napi,preferences,protobuf,resource_management,safwk,samgr,screenlock_mgr,huks,kv_store,relational_store,zlib	0		0		2	1	//base/telephony/telephony_data/test:unittest
testfwk	arkxtest	test/testfwk/arkxtest/bundle.json	standard	37	common_event_service,ipc,ability_base,window_manager,c_utils,napi,accessibility,image_framework,ability_runtime,hilog,input,json,pasteboard,eventhandler,hidumper,samgr,safwk,soc_perf,init,access_token,graphic_2d,runtime_core,libuv,udmf,hiview,hisysevent,data_share,libjpeg-turbo,libpng,time_service,imf,os_account,font_manager,ui_appearance,api_metrics,location,libxml2	0		8	//test/testfwk/arkxtest/uitest:uitestkit,//test/testfwk/arkxtest/coverage_signal_handler:coverage_signal_handler,//test/testfwk/arkxtest/testserver/init:testserver_etc,//test/testfwk/arkxtest/testserver/sa_profile:testserver_sa_profile,//test/testfwk/arkxtest/testserver/src:test_server_service,//test/testfwk/arkxtest/testserver/src:test_server_client,//test/testfwk/arkxtest/perftest:perftestkit,//test/testfwk/arkxtest/testhelper:testhelperkit	2	5	//test/testfwk/arkxtest/uitest:uitestkit_test,//test/testfwk/arkxtest/testserver/test/unittest:TestSA_unittest,//test/testfwk/arkxtest/testserver/test/fuzztest:testserver_fuzztest,//test/testfwk/arkxtest/perftest:perftest_unittest,//test/testfwk/arkxtest/testhelper:testhelper_unittest
testfwk	developer_test	test/testfwk/developer_test/bundle.json	mini,small,standard	0		0		4	//test/testfwk/developer_test/examples/app_info:app_info,//test/testfwk/developer_test/examples/detector:detector,//test/testfwk/developer_test/examples/calculator:calculator,//test/testfwk/developer_test/examples/calculator:calculator_static	2	8	//test/testfwk/developer_test/examples/app_info/test:unittest,//test/testfwk/developer_test/examples/calculator/test:unittest,//test/testfwk/developer_test/examples/calculator/test:fuzztest,//test/testfwk/developer_test/examples/calculator/test:benchmarktest,//test/testfwk/developer_test/examples/detector/test:unittest,//test/testfwk/developer_test/examples/sleep/test:performance,//test/testfwk/developer_test/examples/distributedb/test:distributedtest,//test/testfwk/developer_test/examples/stagetest/actsbundlemanagerstagetest:unittest
testfwk	testfwk_cangjie_wrapper	test/testfwk/testfwk_cangjie_wrapper/bundle.json	standard	5	ability_cangjie_wrapper,arkxtest,cangjie_ark_interop,hiviewdfx_cangjie_wrapper,init	0		2	//test/testfwk/testfwk_cangjie_wrapper/ohos/ui_test:ohos.ui_test,//test/testfwk/testfwk_cangjie_wrapper/kit/TestKit:kit.TestKit	3	0	
testfwk	xdevice	test/testfwk/xdevice/bundle.json	mini,small,standard	0		0		0		0	0	
theme	screenlock_mgr	base/theme/screenlock_mgr/bundle.json	standard	26	safwk,napi,samgr,common_event_service,ipc,eventhandler,os_account,bundle_framework,ability_base,ability_runtime,hitrace,access_token,init,window_manager,hilog,user_auth_framework,c_utils,ffrt,preferences,time_service,runtime_core,nfc,data_share,hisysevent,sensor,ets_frontend	0		0		1	4	//base/theme/screenlock_mgr/frameworks/js/napi/test:unittest,//base/theme/screenlock_mgr/test:unittest,//base/theme/screenlock_mgr/test/fuzztest:fuzztest,//base/theme/screenlock_mgr/test/fuzztest/screenlocklistenerstatechanged_fuzzer:fuzztest
theme	wallpaper_mgr	base/theme/wallpaper_mgr/bundle.json	standard	28	graphic_2d,samgr,common_event_service,hiview,ipc,hitrace,hisysevent,ability_runtime,safwk,access_token,napi,ability_base,hilog,c_utils,bundle_framework,os_account,window_manager,image_framework,player_framework,eventhandler,runtime_core,init,memmgr,config_policy,cJSON,selinux_adapter,graphic_surface,media_foundation	0		0		1	3	//base/theme/wallpaper_mgr/test:unittest,//base/theme/wallpaper_mgr/test/fuzztest:fuzztest,//base/theme/wallpaper_mgr/frameworks/js/napi/test:unittest
thirdparty	abseil-cpp	third_party/abseil-cpp/bundle.json	standard	0		0		0		19	0	
thirdparty	alsa-lib	third_party/alsa-lib/bundle.json	standard	0		0		1	//third_party/alsa-lib:libasound	2	0	
thirdparty	alsa-utils	third_party/alsa-utils/bundle.json	standard	0		1	alsa-lib	1	//third_party/alsa-utils:entry	0	0	
thirdparty	astc-encoder	third_party/astc-encoder/bundle.json	standard	0		0		1	//third_party/astc-encoder:astc_encoder_shared	1	0	
thirdparty	backends	third_party/backends/bundle.json	standard	3	hilog,c_utils,libusb	3	libxml2,libpng,libjpeg-turbo	1	//third_party/backends:third_sane	1	0	
thirdparty	benchmark	third_party/benchmark/bundle.json	small,standard	0		0		0		1	0	
thirdparty	bounds_checking_function	third_party/bounds_checking_function/bundle.json	mini,small,standard	0		0		1	//third_party/bounds_checking_function:libsec_shared	2	0	
thirdparty	brotli	third_party/brotli/bundle.json	small,standard	0		0		0		1	0	
thirdparty	bzip2	third_party/bzip2/bundle.json	standard	0		0		0		1	0	
thirdparty	cangjie_compiler	third_party/cangjie_compiler/bundle.json	standard	4	mingw-w64,llvm-project,flatbuffers,bounds_checking_function	0		0		0	0	
thirdparty	cangjie_runtime	third_party/cangjie_runtime/bundle.json	standard	4	bounds_checking_function,openssl,pcre2,flatbuffers	0		1	//third_party/cangjie_runtime:cangjie_prebuilts_package	0	0	
thirdparty	cangjie_tools	third_party/cangjie_tools/bundle.json	standard	3	flatbuffers,json,sqlite	0		0		0	0	
thirdparty	cares	third_party/cares/bundle.json	standard	0		0		0		2	0	
thirdparty	cJSON	third_party/cJSON/bundle.json	mini,small,standard	0		0		0		2	0	
thirdparty	cmsis	third_party/cmsis/bundle.json	mini	0		0		0		0	0	
thirdparty	css-what	third_party/css-what/bundle.json	standard	0		0		0		1	0	
thirdparty	cups	third_party/cups/bundle.json	standard	8	c_utils,drivers_interface_usb,hilog,usb_manager,zlib,openssl,libusb,ipc	0		1	//third_party/cups:third_party_cups	1	0	
thirdparty	cups-filters	third_party/cups-filters/bundle.json	standard	5	zlib,cups,libpng,openssl,libjpeg-turbo	0		1	//third_party/cups-filters:third_party_cupsfilters	1	0	
thirdparty	curl	third_party/curl/bundle.json	small,standard	6	cares,nghttp2,openssl,zlib,brotli,openhitls	6	nghttp2,openssl,zlib,cares,nghttp2,openhitls	1	//third_party/curl:curl_target	3	0	
thirdparty	dav1d	third_party/dav1d/bundle.json	standard	0		0		1	//third_party/dav1d:dav1d_ohos	1	0	
thirdparty	decimal.js	third_party/decimal.js/bundle.json	standard	1	napi	0		1	//third_party/decimal.js:decimal	0	0	
thirdparty	e2fsprogs	third_party/e2fsprogs/bundle.json	standard	2	selinux,c_utils	0		0		13	0	
thirdparty	egl	third_party/EGL/bundle.json	standard	0		0		0		1	0	
thirdparty	elfio	third_party/elfio/bundle.json	standard	0		0		1	//third_party/elfio:elfio(//build/toolchain/linux:clang_x64)	1	0	
thirdparty	elfutils	third_party/elfutils/bundle.json	standard	1	zlib	0		0		1	0	
thirdparty	exfatprogs	third_party/exfatprogs/bundle.json	standard	0		0		0		4	0	
thirdparty	expat	third_party/expat/bundle.json	standard	0		0		1	//third_party/expat:expat	2	0	
thirdparty	f2fs-tools	third_party/f2fs-tools/bundle.json	standard	2	bounds_checking_function,e2fsprogs	0		0		3	0	
thirdparty	FatFs	third_party/FatFs/bundle.json	mini,small	0		0		0		0	0	
thirdparty	ffmpeg	third_party/ffmpeg/bundle.json	standard	1	musl	0		1	//third_party/ffmpeg:libohosffmpeg	1	0	
thirdparty	flatbuffers	third_party/flatbuffers/bundle.json	standard,small	0		0		1	//third_party/flatbuffers:libflatbuffers_static	2	0	
thirdparty	FreeBSD	third_party/FreeBSD/bundle.json	small,standard	0		0		0		6	0	
thirdparty	freetype	third_party/freetype/bundle.json	mini,small	2	libpng,zlib	0		0		1	0	
thirdparty	fsverity-utils	third_party/fsverity-utils/bundle.json	standard	1	openssl	0		0		1	0	
thirdparty	glfw	third_party/glfw/bundle.json	standard	0		0		0		1	0	
thirdparty	glslang	third_party/glslang/bundle.json	standard	0		0		3	//third_party/glslang:glslang,//third_party/glslang/SPIRV:SPIRV_source,//third_party/glslang/glslang:libdeqp_glslang	1	0	
thirdparty	gn	third_party/gn/bundle.json	mini,small,standard	0		0		0		0	0	
thirdparty	googletest	third_party/googletest/bundle.json	small,standard	0		0		0		7	0	
thirdparty	gptfdisk	third_party/gptfdisk/bundle.json	standard	2	e2fsprogs,popt	0		1	//third_party/gptfdisk:ohos_fixparts	2	0	
thirdparty	grpc	third_party/grpc/bundle.json	standard	6	hilog,protobuf,abseil-cpp,openssl,re2,zlib	0		1	//third_party/grpc:grpc_plugin_toolchain	4	0	
thirdparty	harfbuzz	third_party/harfbuzz/bundle.json	small,mini,standard	0		0		1	//third_party/harfbuzz:harfbuzz_static	1	0	
thirdparty	icu	third_party/icu/bundle.json	mini,small,standard	4	init,hilog,updater,openssl	0		6	//third_party/icu/icu4c:shared_icuuc,//third_party/icu/icu4c:shared_icui18n,//third_party/icu/ohos_icu4c:icundk,//third_party/icu/icu4c:static_icu,//third_party/icu/ohos_icu4c:icudt72l_diff,//third_party/icu/ohos_icu4c:icu72_dat_mount	7	0	
thirdparty	iptables	third_party/iptables/bundle.json	standard	0		0		3	//third_party/iptables:iptables,//third_party/iptables:iptables-restore,//third_party/iptables:iptables-save	3	0	
thirdparty	jerryscript	third_party/jerryscript/bundle.json	mini,small	0		0		0		3	0	
thirdparty	jinja2	third_party/jinja2/bundle.json	mini,small,standard	0		0		0		0	0	
thirdparty	jsframework	third_party/jsframework/bundle.json	standard	1	css-what	0		0		1	0	
thirdparty	json	third_party/json/bundle.json	standard	0		0		0		1	0	
thirdparty	jsoncpp	third_party/jsoncpp/bundle.json	mini,small,standard	0		0		1	//third_party/jsoncpp:jsoncpp	2	0	
thirdparty	lame	third_party/lame/bundle.json	standard	0		0		1	//third_party/lame:lame	1	0	
thirdparty	libabigail	third_party/libabigail/bundle.json	standard	1	elfutils	0		1	//third_party/libabigail:libabigail-tools_host_toolchain	0	0	
thirdparty	libbpf	third_party/libbpf/bundle.json	standard	2	elfio,zlib	0		0		1	0	
thirdparty	libcoap	third_party/libcoap/bundle.json	mini,small,standard	1	bounds_checking_function	0		0		1	0	
thirdparty	libdrm	third_party/libdrm/bundle.json	standard	0		0		1	//third_party/libdrm:libdrm	1	0	
thirdparty	libevdev	third_party/libevdev/bundle.json	standard	0		0		0		1	0	
thirdparty	libexif	third_party/libexif/bundle.json	standard	1	bounds_checking_function	0		1	//third_party/libexif:libexif	1	0	
thirdparty	libfuse	third_party/libfuse/bundle.json	standard	1	c_utils	0		0		1	0	
thirdparty	libinput	third_party/libinput/bundle.json	standard	4	libevdev,mtdev,hilog,input	0		0		1	0	
thirdparty	libjpeg-turbo	third_party/libjpeg-turbo/bundle.json	standard,mini	0		0		1	//third_party/libjpeg-turbo:turbojpeg	2	0	
thirdparty	libnl	third_party/libnl/bundle.json	standard	0		0		0		1	0	
thirdparty	libphonenumber	third_party/libphonenumber/bundle.json	standard	4	abseil-cpp,bounds_checking_function,icu,protobuf	0		2	//third_party/libphonenumber/cpp:phonenumber_standard,//third_party/libphonenumber/cpp:geocoding	2	1	//third_party/libphonenumber/cpp/test:libphonenumber_test
thirdparty	libpng	third_party/libpng/bundle.json	small,mini,standard	1	zlib	1	zlib	2	//third_party/libpng:libpng,//third_party/libpng:libpng_static	2	0	
thirdparty	libtiff	third_party/libtiff/bundle.json	standard	4	c_utils,zlib,libjpeg-turbo,lzma	0		1	//third_party/libtiff:libtiff	1	0	
thirdparty	libunwind	third_party/libunwind/bundle.json	mini,standard	0		0		1	//third_party/libunwind:libunwind	1	0	
thirdparty	liburing	third_party/liburing/bundle.json	mini,small,standard	0		0		1	//third_party/liburing:liburing	1	0	
thirdparty	libusb	third_party/libusb/bundle.json	standard	0		0		0		1	0	
thirdparty	libuv	third_party/libuv/bundle.json	standard	4	ffrt,hilog,hitrace,init	0		0		2	0	
thirdparty	libvpx	third_party/libvpx/bundle.json	standard	0		0		1	//third_party/libvpx:vpxdec_ohos	1	0	
thirdparty	libwebsockets	third_party/libwebsockets/bundle.json	standard	2	openssl,zlib	0		0		1	0	
thirdparty	libxml2	third_party/libxml2/bundle.json	mini,small,standard	0		0		1	//third_party/libxml2:libxml2	2	0	
thirdparty	littlefs	third_party/littlefs/bundle.json	mini	0		0		0		0	0	
thirdparty	ltp	third_party/ltp/bundle.json	standard	0		0		0		0	0	
thirdparty	lwip	third_party/lwip/bundle.json	mini,small	0		0		0		0	0	
thirdparty	lz4	third_party/lz4/bundle.json	standard	0		0		0		2	0	
thirdparty	lzma	third_party/lzma/bundle.json	standard	0		0		0		2	0	
thirdparty	markupsafe	third_party/markupsafe/bundle.json	mini,small,standard	0		0		0		0	0	
thirdparty	mbedtls	third_party/mbedtls/bundle.json	mini,small,standard	1	bounds_checking_function	1	bounds_checking_function	0		2	0	
thirdparty	mesa3d	third_party/mesa3d/bundle.json	standard	6	c_utils,graphic_surface,hilog,hitrace,init,qos_manager	2	expat,zlib	1	//third_party/mesa3d:zink_opengl	1	0	
thirdparty	meshoptimizer	third_party/meshoptimizer/bundle.json	standard	0		0		0		1	0	
thirdparty	mindspore	third_party/mindspore/bundle.json	standard	14	c_utils,hilog,hiappevent,hdf_core,ipc,neural_network_runtime,drivers_interface_nnrt,ability_runtime,napi,resource_management,bounds_checking_function,flatbuffers,runtime_core,qos_manager	0		2	//third_party/mindspore/:mindspore-all,//third_party/mindspore/mindspore-src/source/mindspore-lite/src/litert/taihe/ability_delegator:mindspore_taihe	6	1	//third_party/mindspore:mindspore-test
thirdparty	mksh	third_party/mksh/bundle.json	standard,small	0		0		0		1	0	
thirdparty	mtdev	third_party/mtdev/bundle.json	standard	0		0		0		1	0	
thirdparty	musl	third_party/musl/bundle.json	mini,small,standard	6	init,bounds_checking_function,FreeBSD,cJSON,optimized_routines,jemalloc	0		0		4	1	//third_party/musl/fuzztest:fuzztest
thirdparty	nghttp2	third_party/nghttp2/bundle.json	small,standard	0		0		0		2	0	
thirdparty	ninja	third_party/ninja/bundle.json	mini,small,standard	0		0		0		0	0	
thirdparty	node	third_party/node/bundle.json	standard	0		0		0		1	0	
thirdparty	noto-cjk	third_party/noto-cjk/bundle.json	mini,small,standard	0		0		1	//third_party/noto-cjk:fonts_notocjk	1	0	
thirdparty	notofonts	third_party/notofonts/bundle.json	mini,small,standard	0		0		1	//third_party/notofonts:fonts_notofonts	1	0	
thirdparty	ntfs-3g	third_party/ntfs-3g/bundle.json	standard	0		0		0		4	0	
thirdparty	NuttX	third_party/NuttX/bundle.json	small	0		0		0		0	0	
thirdparty	opencl-headers	third_party/opencl-headers/bundle.json	standard	0		0		1	//third_party/opencl-headers:libcl	1	0	
thirdparty	opencore-amr	third_party/opencore-amr/bundle.json	standard	1	c_utils	0		0		1	0	
thirdparty	opengles	third_party/openGLES/bundle.json	standard	0		0		0		1	0	
thirdparty	openhitls	third_party/openhitls/bundle.json	standard	1	bounds_checking_function	0		5	//third_party/openhitls:openhitls_bsl,//third_party/openhitls:openhitls_crypto,//third_party/openhitls:openhitls_pki,//third_party/openhitls:openhitls_tls,//third_party/openhitls:openhitls_auth	5	0	
thirdparty	openmax	third_party/openmax/bundle.json	standard,small	0		0		1	//third_party/openmax:libopenmax_static	1	0	
thirdparty	opensles	third_party/openSLES/bundle.json	standard	0		0		0		1	0	
thirdparty	openssl	third_party/openssl/bundle.json	standard	0		0		1	//third_party/openssl:openssl	5	0	
thirdparty	optimized_routines	third_party/optimized-routines/bundle.json	mini,small,standard	0		0		2	//third_party/optimized-routines:optimized_static,//third_party/optimized-routines:optimize_math	2	0	
thirdparty	opus	third_party/opus/bundle.json	standard	1	c_utils	0		0		1	0	
thirdparty	parse5	third_party/parse5/bundle.json	standard	1	ace_js2bundle	0		0		1	0	
thirdparty	pcre2	third_party/pcre2/bundle.json	standard	0		0		0		6	0	
thirdparty	popt	third_party/popt/bundle.json	standard	0		0		0		1	0	
thirdparty	protobuf	third_party/protobuf/bundle.json	standard	2	hilog,abseil-cpp	0		1	//third_party/protobuf:protobuf_static_toolchain	8	0	
thirdparty	pulseaudio	third_party/pulseaudio/bundle.json	standard	5	hilog,hitrace,init,c_utils,bounds_checking_function	0		14	//third_party/pulseaudio/ohosbuild/src/daemon:pulseaudio,//third_party/pulseaudio/ohosbuild/src/modules:module-cli-protocol-unix,//third_party/pulseaudio/ohosbuild/src/modules:module-native-protocol-fd,//third_party/pulseaudio/ohosbuild/src/modules:module-native-protocol-tcp,//third_party/pulseaudio/ohosbuild/src/modules:module-native-protocol-unix,//third_party/pulseaudio/ohosbuild/src/modules:module-suspend-on-idle,//third_party/pulseaudio/ohosbuild/src/pulse:pulse-simple,//third_party/pulseaudio/ohosbuild/src/pulse:pulse,//third_party/pulseaudio/ohosbuild/src/pulsecore:cli,//third_party/pulseaudio/ohosbuild/src/pulsecore:protocol-cli,//third_party/pulseaudio/ohosbuild/src/pulsecore:protocol-native,//third_party/pulseaudio/ohosbuild/src/pulsecore:pulsecore,//third_party/pulseaudio/ohosbuild/src:pulsecommon,//third_party/pulseaudio/sonic:sonic	15	0	
thirdparty	python	third_party/python/bundle.json	mini,small,standard	0		0		0		0	0	
thirdparty	PyYAML	third_party/PyYAML/bundle.json	mini,standard	0		0		0		0	0	
thirdparty	qrcodegen	third_party/qrcodegen/bundle.json	small,mini,standard	0		0		0		2	0	
thirdparty	re2	third_party/re2/bundle.json	standard	1	abseil-cpp	0		0		1	0	
thirdparty	rust_aho_corasick	third_party/rust/crates/aho-corasick/bundle.json	standard	0		0		0		1	0	
thirdparty	rust_atty	third_party/rust/crates/atty/bundle.json	standard	1	rust_libc	0		0		1	0	
thirdparty	rust_autocfg	third_party/rust/crates/autocfg/bundle.json	standard	0		0		0		1	0	
thirdparty	rust_bindgen	third_party/rust/crates/bindgen/bundle.json	standard	0		0		0		1	0	
thirdparty	rust_bitflags	third_party/rust/crates/bitflags/bundle.json	standard	0		0		0		1	0	
thirdparty	rust_cfg_if	third_party/rust/crates/cfg-if/bundle.json	standard	0		0		0		1	0	
thirdparty	rust_clang_sys	third_party/rust/crates/clang-sys/bundle.json	standard	0		0		0		1	0	
thirdparty	rust_clap	third_party/rust/crates/clap/bundle.json	standard	0		0		0		2	0	
thirdparty	rust_codespan	third_party/rust/crates/codespan/bundle.json	standard	0		0		0		1	0	
thirdparty	rust_cxx	third_party/rust/crates/cxx/bundle.json	standard	0		0		0		4	0	
thirdparty	rust_either	third_party/rust/crates/either/bundle.json	standard	0		0		0		1	0	
thirdparty	rust_env_logger	third_party/rust/crates/env_logger/bundle.json	standard	0		0		0		1	0	
thirdparty	rust_foreign_types	third_party/rust/crates/foreign-types/bundle.json	standard	0		0		0		1	0	
thirdparty	rust_glob	third_party/rust/crates/glob/bundle.json	standard	0		0		0		1	0	
thirdparty	rust_heck	third_party/rust/crates/heck/bundle.json	standard	0		0		0		1	0	
thirdparty	rust_humantime	third_party/rust/crates/humantime/bundle.json	standard	0		0		0		1	0	
thirdparty	rust_io_lifetimes	third_party/rust/crates/io-lifetimes/bundle.json	standard	1	rust_libc	0		0		1	0	
thirdparty	rust_is_terminal	third_party/rust/crates/is-terminal/bundle.json	standard	0		0		0		1	0	
thirdparty	rust_lazy_static	third_party/rust/crates/lazy-static.rs/bundle.json	standard	0		0		0		1	0	
thirdparty	rust_lazycell	third_party/rust/crates/lazycell/bundle.json	standard	0		0		0		1	0	
thirdparty	rust_libc	third_party/rust/crates/libc/bundle.json	standard	0		0		0		1	0	
thirdparty	rust_libloading	third_party/rust/crates/libloading/bundle.json	standard	0		0		0		1	0	
thirdparty	rust_link_cplusplus	third_party/rust/crates/link-cplusplus/bundle.json	standard	0		0		0		1	0	
thirdparty	rust_linux_raw_sys	third_party/rust/crates/linux-raw-sys/bundle.json	standard	0		0		0		1	0	
thirdparty	rust_log	third_party/rust/crates/log/bundle.json	standard	0		0		0		1	0	
thirdparty	rust_memchr	third_party/rust/crates/memchr/bundle.json	standard	0		0		0		1	0	
thirdparty	rust_memoffset	third_party/rust/crates/memoffset/bundle.json	standard	0		0		0		1	0	
thirdparty	rust_minimal_lexical	third_party/rust/crates/minimal-lexical/bundle.json	standard	0		0		0		1	0	
thirdparty	rust_nix	third_party/rust/crates/nix/bundle.json	standard	0		0		0		1	0	
thirdparty	rust_nom	third_party/rust/crates/nom/bundle.json	standard	0		0		0		1	0	
thirdparty	rust_once_cell	third_party/rust/crates/once_cell/bundle.json	standard	0		0		0		1	0	
thirdparty	rust_os_str_bytes	third_party/rust/crates/os_str_bytes/bundle.json	standard	0		0		0		1	0	
thirdparty	rust_peeking_take_while	third_party/rust/crates/peeking_take_while/bundle.json	standard	0		0		0		1	0	
thirdparty	rust_pin_utils	third_party/rust/crates/pin-utils/bundle.json	standard	0		0		0		1	0	
thirdparty	rust_proc_macro_error	third_party/rust/crates/proc-macro-error/bundle.json	standard	0		0		0		1	0	
thirdparty	rust_proc-macro2	third_party/rust/crates/proc-macro2/bundle.json	standard	0		0		0		1	0	
thirdparty	rust_quote	third_party/rust/crates/quote/bundle.json	standard	0		0		0		1	0	
thirdparty	rust_regex	third_party/rust/crates/regex/bundle.json	standard	0		0		0		1	0	
thirdparty	rust_rust_cexpr	third_party/rust/crates/rust-cexpr/bundle.json	standard	0		0		0		1	0	
thirdparty	rust_rust-openssl	third_party/rust/crates/rust-openssl/bundle.json	standard	2	openssl,rust_libc	0		1	//third_party/rust/crates/rust-openssl/openssl:lib	1	0	
thirdparty	rust_rustc_hash	third_party/rust/crates/rustc-hash/bundle.json	standard	0		0		0		1	0	
thirdparty	rust_rustix	third_party/rust/crates/rustix/bundle.json	standard	0		0		0		1	0	
thirdparty	rust_serde	third_party/rust/crates/serde/bundle.json	standard	0		0		0		1	0	
thirdparty	rust_shlex	third_party/rust/crates/shlex/bundle.json	standard	0		0		0		1	0	
thirdparty	rust_static_assertions_rs	third_party/rust/crates/static-assertions-rs/bundle.json	standard	0		0		0		1	0	
thirdparty	rust_strsim_rs	third_party/rust/crates/strsim-rs/bundle.json	standard	0		0		0		1	0	
thirdparty	rust_syn	third_party/rust/crates/syn/bundle.json	standard	0		0		0		1	0	
thirdparty	rust_termcolor	third_party/rust/crates/termcolor/bundle.json	standard	0		0		0		1	0	
thirdparty	rust_unicode_width	third_party/rust/crates/unicode-width/bundle.json	standard	0		0		0		1	0	
thirdparty	rust_unicode-ident	third_party/rust/crates/unicode-ident/bundle.json	standard	0		0		0		1	0	
thirdparty	rust_version_check	third_party/rust/crates/version_check/bundle.json	standard	0		0		0		1	0	
thirdparty	rust_which_rs	third_party/rust/crates/which-rs/bundle.json	standard	0		0		0		1	0	
thirdparty	sane-airscan	third_party/sane-airscan/bundle.json	standard	6	hilog,libxml2,libpng,libjpeg-turbo,backends,libuv	0		1	//third_party/sane-airscan:third_airscan	0	0	
thirdparty	selinux	third_party/selinux/bundle.json	standard	2	pcre2,FreeBSD	0		11	//third_party/selinux:checkpolicy,//third_party/selinux:secilc,//third_party/selinux:sefcontext_compile,//third_party/selinux:chkcon,//third_party/selinux:getenforce,//third_party/selinux:getfilecon,//third_party/selinux:getpidcon,//third_party/selinux:selinux_check_access,//third_party/selinux:selinuxexeccon,//third_party/selinux:setenforce,//third_party/selinux:setfilecon	14	0	
thirdparty	skia	third_party/skia/bundle.json	standard	17	hilog,hitrace,init,bounds_checking_function,zlib,jsoncpp,egl,opengles,faultloggerd,icu,expat,graphic_2d,libpng,freetype,faultloggerd,harfbuzz,vma	1	vulkan-headers	1	//third_party/skia:skia_canvaskit	8	0	
thirdparty	sonic	third_party/sonic/bundle.json	standard	0		0		0		1	0	
thirdparty	spirv-tools	third_party/spirv-tools/bundle.json	standard	0		0		0		0	0	
thirdparty	sqlite	third_party/sqlite/bundle.json	standard	3	c_utils,icu,openssl	0		4	//third_party/sqlite:sqlite,//third_party/sqlite:sqlite3,//third_party/sqlite:sqliteicu,//third_party/sqlite:sqlitecompressvfs	4	1	//third_party/sqlite/unittest:unittest
thirdparty	tex-hyphen	third_party/tex-hyphen/bundle.json	mini,small,standard	1	icu	0		1	//third_party/tex-hyphen:hyphenation_patterns	0	0	
thirdparty	toybox	third_party/toybox/bundle.json	standard,small	3	selinux,openssl,zlib	0		2	//third_party/toybox:toybox,//third_party/toybox:su	2	0	
thirdparty	typescript	third_party/typescript/bundle.json	standard	0		0		0		1	0	
thirdparty	tzdata	third_party/tzdata/bundle.json	standard	0		0		1	//third_party/tzdata/data:zoneinfo	0	0	
thirdparty	unity	third_party/unity/bundle.json	mini,small	0		0		0		0	0	
thirdparty	vixl	third_party/vixl/bundle.json	standard	0		0		1	//third_party/vixl:libvixl	1	0	
thirdparty	vk-gl-cts	third_party/vk-gl-cts/bundle.json	standard	0		0		0		0	0	
thirdparty	vma	third_party/vma/bundle.json	mini,small,standard	1	vulkan-headers	0		2	//third_party/vma:vma,//third_party/vma:vma_static	2	0	
thirdparty	vulkan-headers	third_party/vulkan-headers/bundle.json	standard	0		0		1	//third_party/vulkan-headers:vulkan_headers	1	0	
thirdparty	vulkan-loader	third_party/vulkan-loader/bundle.json	standard	7	bundle_framework,c_utils,samgr,ipc,hilog,init,vulkan-headers	0		1	//third_party/vulkan-loader:vulkan_loader	1	0	
thirdparty	weex-loader	third_party/weex-loader/bundle.json	standard	0		0		0		1	0	
thirdparty	wpa_supplicant	third_party/wpa_supplicant/bundle.json	small,standard	15	drivers_peripheral_wlan,drivers_peripheral_ethernet,certificate_manager,c_utils,hdf_core,hilog,init,ipc,openssl,bounds_checking_function,samgr,cJSON,hisysevent,libnl,huks	0		5	//third_party/wpa_supplicant/wpa_supplicant-2.9_standard:wpa,//third_party/wpa_supplicant/wpa_supplicant-2.9_standard:wpa_client,//third_party/wpa_supplicant/wpa_supplicant-2.9_standard:wpa_client_vendor,//third_party/wpa_supplicant/wpa_supplicant-2.9_standard:wpa_supplicant,//third_party/wpa_supplicant/wpa_supplicant-2.9_standard:hostapd	3	1	//third_party/wpa_supplicant/wpa_supplicant-2.9_standard:wpa_supplicant_test
thirdparty	xmp_toolkit_sdk	third_party/xmp_toolkit_sdk/bundle.json	standard	2	zlib,expat	0		1	//third_party/xmp_toolkit_sdk:xmpsdk	1	0	
thirdparty	zlib	third_party/zlib/bundle.json	standard	0		0		0		3	0	
time	time_cangjie_wrapper	base/time/time_cangjie_wrapper/bundle.json	standard	3	cangjie_ark_interop,hiviewdfx_cangjie_wrapper,time_service	0		1	//base/time/time_cangjie_wrapper/ohos/system_date_time:ohos.system_date_time	2	0	
time	time_service	base/time/time_service/bundle.json	standard	23	napi,samgr,common_event_service,cJSON,os_account,ipc,ability_base,ability_runtime,relational_store,hilog,hicollie,safwk,c_utils,access_token,hisysevent,device_standby,init,power_manager,runtime_core,json,resource_management,ets_frontend,bundle_framework	0		0		4	7	//base/time/time_service/test/fuzztest:fuzztest,//base/time/time_service/test/unittest/service_test:unittest,//base/time/time_service/test/unittest/js_test:unittest,//base/time/time_service/test/unittest/native_test:unittest,//base/time/time_service/test/fuzztest/timesetname_fuzzer:fuzztest,//base/time/time_service/test/fuzztest/timesetdisposable_fuzzer:fuzztest,//base/time/time_service/test/fuzztest/time_fuzzer:fuzztest
updater	packaging_tools	base/update/packaging_tools/bundle.json	mini,small,standard	0		0		0		0	0	
updater	sys_installer	base/update/sys_installer/bundle.json	standard	22	c_utils,hilog,hvb,ipc,safwk,samgr,updater,access_token,hisysevent,selinux_adapter,init,bounds_checking_function,cJSON,curl,lz4,openssl,zlib,bzip2,drivers_peripheral_partitionslot,time_service,ability_runtime,ability_base	0		3	//base/update/sys_installer/frameworks/ipc_server:sys_installer,//base/update/sys_installer/frameworks/ipc_server/etc:sys_installer_etc,//base/update/sys_installer/frameworks/ipc_server/sa_profile:sys_installer_sa_profile	5	2	//base/update/sys_installer:fuzztest,//base/update/sys_installer:unittest
updater	sys_installer_lite	base/update/sys_installer_lite/bundle.json	mini,small,standard	2	init,utils_lite	2	bounds_checking_function,mbedtls	1	//base/update/sys_installer_lite/frameworks:sys_installer_lite	1	0	
updater	update_service	base/update/updateservice/bundle.json	standard	27	ability_runtime,bounds_checking_function,bundle_framework,c_utils,cJSON,curl,eventhandler,hilog,ipc,safwk,samgr,napi,node,access_token,hisysevent,init,libxml2,updater,ability_base,netmanager_base,openssl,preferences,sys_installer,storage_service,time_service,relational_store,runtime_core	0		0		3	1	//base/update/updateservice/test/unittest:unittest
updater	updater	base/update/updater/bundle.json	standard	19	init,hdc,drivers_interface_input,drivers_peripheral_partitionslot,c_utils,hilog,selinux_adapter,ui_lite,graphic_utils_lite,bounds_checking_function,bzip2,cJSON,libdrm,libpng,libuv,lz4,openssl,selinux,zlib	0		21	//base/update/updater/resources:updater_resources,//base/update/updater/services/etc:updater_files,//base/update/updater/services/package:libupdaterpackage,//base/update/updater/services/package:libverify_shared,//base/update/updater/services/script:libupdaterscript,//base/update/updater/services/log:libupdaterlog,//base/update/updater/services/updater_binary:updater_binary,//base/update/updater/services:updater,//base/update/updater/services/applypatch:libapplypatch,//base/update/updater/services/fs_manager:libfsmanager,//base/update/updater/utils:libutils,//base/update/updater/utils:updater_reboot,//base/update/updater/utils:write_updater,//base/update/updater/services/diffpatch/patch:libpatch,//base/update/updater/services/diffpatch/diff:libdiff,//base/update/updater/services/diffpatch:diff(//build/toolchain/linux:clang_${host_cpu}),//base/update/updater/services/diffpatch/patch_shared:libupdater_patch_static,//base/update/updater/services/ui:libui,//base/update/updater/services/flow_update/update_bin:libBinFlowUpdate,//base/update/updater/services/stream_update:libbinchunkupdate,//base/update/updater/services/write_state:libwritestate	37	2	//base/update/updater:unittest,//base/update/updater:fuzztest
usb	usb_manager	base/usb/usb_manager/bundle.json	standard	30	hilog,ability_base,napi,bundle_framework,common_event_service,data_share,distributed_notification_service,drivers_interface_usb,i18n,init,ipc,safwk,c_utils,samgr,security_guard,access_token,memmgr,os_account,runtime_core,relational_store,ability_runtime,hisysevent,cJSON,bounds_checking_function,hitrace,selinux_adapter,hdf_core,external_device_manager,eventhandler,api_metrics	0		0		2	3	//base/usb/usb_manager/test/device:usb_device_test,//base/usb/usb_manager/test/native:usb_unittest_test,//base/usb/usb_manager/tools/ohos-usbManager:usb_cli_test
useriam	companion_device_auth	base/useriam/companion_device_auth/bundle.json	standard	24	ability_base,ability_runtime,access_token,ace_engine,c_utils,device_manager,dsoftbus,hicollie,hilog,hisysevent,init,ipc,json,jsoncpp,napi,openssl,os_account,runtime_core,rust_cxx,rust_libc,rust_rust-openssl,safwk,samgr,user_auth_framework	0		0		5	3	//base/useriam/companion_device_auth/test/unittest:companion_device_auth_unittest,//base/useriam/companion_device_auth/test/fuzztest:companion_device_auth_fuzztest,//base/useriam/companion_device_auth/test/moduletest:companion_device_auth_moduletest
useriam	face_auth	base/useriam/face_auth/bundle.json	standard	19	access_token,c_utils,display_manager,drivers_interface_camera,drivers_interface_face_auth,graphic_surface,hdf_core,hilog,init,ipc,miscdevice,napi,power_manager,safwk,samgr,sensor,user_auth_framework,runtime_core,selinux_adapter	0		0		0	2	//base/useriam/face_auth/test/fuzztest:faceauth_fuzztest,//base/useriam/face_auth/test/unittest:faceauth_unittest
useriam	fingerprint_auth	base/useriam/fingerprint_auth/bundle.json	standard	19	ability_base,c_utils,common_event_service,display_manager,drivers_interface_fingerprint_auth,egl,graphic_2d,graphic_surface,hilog,ipc,miscdevice,opengles,power_manager,safwk,samgr,user_auth_framework,window_manager,hdf_core,skia	0		0		0	2	//base/useriam/fingerprint_auth/test/fuzztest:fingerprintauth_fuzztest,//base/useriam/fingerprint_auth/test/unittest:fingerprintauth_unittest
useriam	pin_auth	base/useriam/pin_auth/bundle.json	standard	16	ability_base,hilog,ipc,safwk,samgr,access_token,miscdevice,user_auth_framework,drivers_interface_pin_auth,c_utils,enterprise_device_management,openssl,data_share,init,hdf_core,hisysevent	0		0		1	2	//base/useriam/pin_auth/test/unittest:PinAuth_UT_test,//base/useriam/pin_auth/test/fuzztest:pin_auth_fuzz_test
useriam	user_auth_framework	base/useriam/user_auth_framework/bundle.json	standard	34	ability_base,ability_runtime,ace_engine,bounds_checking_function,bundle_framework,hilog,hicollie,ipc,safwk,samgr,init,hisysevent,drivers_interface_user_auth,access_token,os_account,napi,node,libuv,hdf_core,hitrace,c_utils,common_event_service,window_manager,device_manager,dsoftbus,ets_frontend,hiappevent,jsoncpp,screenlock_mgr,ffrt,preferences,eventhandler,config_policy,runtime_core	0		0		5	2	//base/useriam/user_auth_framework/test:iam_unittest,//base/useriam/user_auth_framework/test:iam_fuzztest
vendor	hardware	device/soc/hisilicon/common/hal/media/bundle.json	mini,small	0		0		1	//device/soc/hisilicon/common/hal/media:hardware_media_sdk	0	0	
vendor	hi3861_sdk	device/soc/hisilicon/hi3861v100/sdk_liteos/bundle.json	mini,small	0		0		1	//device/soc/hisilicon/hi3861v100/sdk_liteos:wifiiot_sdk	0	0	
vendor	middleware	device/soc/hisilicon/common/hal/middleware/bundle.json	mini,small	0		0		1	//device/soc/hisilicon/common/hal/middleware:middleware_source_sdk	0	0	
web	arkweb_cangjie_wrapper	base/web/arkweb_cangjie_wrapper/bundle.json	standard	5	cangjie_ark_interop,arkui_cangjie_wrapper,multimedia_cangjie_wrapper,hiviewdfx_cangjie_wrapper,webview	0		3	//base/web/arkweb_cangjie_wrapper/ohos/web:ohos.web,//base/web/arkweb_cangjie_wrapper/ohos/web/webview:ohos.web.webview,//base/web/arkweb_cangjie_wrapper/kit/ArkWeb:kit.ArkWeb	3	0	
web	webview	base/web/webview/bundle.json	standard	75	ability_base,ability_runtime,access_token,ace_engine,api_metrics,app_file_service,appspawn,audio_framework,av_codec,av_session,background_task_mgr,battery_manager,bundle_framework,c_utils,camera_framework,cellular_data,certificate_manager,cJSON,common_event_service,config_policy,core_service,data_share,drivers_interface_display,drivers_interface_camera,enterprise_device_management,ets_frontend,eventhandler,file_api,graphic_2d,graphic_surface,hilog,hisysevent,hitrace,huks,i18n,icu,image_framework,imf,init,input,ipc,jsoncpp,location,napi,media_foundation,netmanager_base,pasteboard,player_framework,power_manager,print_fwk,relational_store,resource_schedule_service,safwk,samgr,screenlock_mgr,sensor,soc_perf,time_service,udmf,window_manager,netstack,protobuf,libxml2,openssl,drm_framework,drivers_peripheral_display,selinux_adapter,resource_management,runtime_core,jsoncpp,os_account,zlib,ace_engine,egl,opengles	0		14	//base/web/webview/interfaces/kits/ani:ani_packages,//base/web/webview/interfaces/kits/cj:cj_webview_ffi,//base/web/webview/interfaces/kits/napi:webview_napi,//base/web/webview/interfaces/kits/napi:neterrorlist_napi,//base/web/webview/interfaces/kits/napi/web_native_messaging_extension:web_native_messaging_extension_napi,//base/web/webview/interfaces/native:webview_ndk,//base/web/webview/ohos_glue:ohos_base_glue_source,//base/web/webview/ohos_nweb:chrome_crashpad_handler,//base/web/webview/ohos_nweb:libnweb,//base/web/webview/ohos_nweb:nweb_hap,//base/web/webview/ohos_adapter:nweb_ohos_adapter,//base/web/webview/ohos_wrapper:nweb_ohos_wrapper,//base/web/webview/sa/web_native_messaging:web_native_messaging,//base/web/webview/arkweb_utils:libarkweb_utils	8	212	//base/web/webview/test/fuzztest/arkwebutils_fuzzer:fuzztest,//base/web/webview/test/fuzztest/load_fuzzer:fuzztest,//base/web/webview/test/fuzztest/cannavigatebackorforward_fuzzer:fuzztest,//base/web/webview/test/fuzztest/executejavascript_fuzzer:fuzztest,//base/web/webview/test/fuzztest/executejavascriptcode_fuzzer:fuzztest,//base/web/webview/test/fuzztest/loadwithdata_fuzzer:fuzztest,//base/web/webview/test/fuzztest/loadwithdataandbaseurl_fuzzer:fuzztest,//base/web/webview/test/fuzztest/loadurl_fuzzer:fuzztest,//base/web/webview/test/fuzztest/ontouchmove_fuzzer:fuzztest,//base/web/webview/test/fuzztest/ontouchpress_fuzzer:fuzztest,//base/web/webview/test/fuzztest/ontouchrelease_fuzzer:fuzztest,//base/web/webview/test/fuzztest/registerarkjsfunction_fuzzer:fuzztest,//base/web/webview/test/fuzztest/verifypackageinstall_fuzzer:fuzztest,//base/web/webview/test/fuzztest/zoom_fuzzer:fuzztest,//base/web/webview/test/fuzztest/ohos_adapter/camera_adapter/formatadapter_fuzzer:fuzztest,//base/web/webview/test/fuzztest/ohos_adapter/camera_adapter/videocapturerangeadapter_fuzzer:fuzztest,//base/web/webview/test/fuzztest/ohos_adapter/camera_adapter/videocontrolsupportadapter_fuzzer:fuzztest,//base/web/webview/test/fuzztest/ohos_adapter/camera_adapter/videodevicedescriptoradapter_fuzzer:fuzztest,//base/web/webview/test/fuzztest/putbackgroundcolor_fuzzer:fuzztest,//base/web/webview/test/fuzztest/unregisterarkjsfunction_fuzzer:fuzztest,//base/web/webview/test/fuzztest/sendkeyevent_fuzzer:fuzztest,//base/web/webview/test/fuzztest/registerasyncjsproxy_fuzzer:fuzztest,//base/web/webview/test/fuzztest/ohos_adapter/aafwk_adapter/aafwkrenderscheduler_fuzzer:fuzztest,//base/web/webview/test/fuzztest/ohos_adapter/aafwk_adapter/aafwkstartrender_fuzzer:fuzztest,//base/web/webview/test/fuzztest/ohos_adapter/aafwk_adapter/aafwkattachrender_fuzzer:fuzztest,//base/web/webview/test/fuzztest/ohos_adapter/aafwk_adapter/aafwkbrowserclientadapter_fuzzer:fuzztest,//base/web/webview/test/fuzztest/ohos_adapter/aafwk_adapter/aafwkbrowserhost_fuzzer:fuzztest,//base/web/webview/test/fuzztest/ohos_adapter/accesstoken_fuzzer:fuzztest,//base/web/webview/test/fuzztest/ohos_adapter/audio_adapter:fuzztest,//base/web/webview/test/fuzztest/ohos_adapter/resschedadapter_fuzzer:fuzztest,//base/web/webview/test/fuzztest/ohos_adapter/sensoradapter_fuzzer:fuzztest,//base/web/webview/test/fuzztest/ohos_adapter/backgroundtaskimpl_fuzzer:fuzztest,//base/web/webview/test/fuzztest/ohos_adapter/datashareadapter_fuzzer:fuzztest,//base/web/webview/test/fuzztest/ohos_adapter/datetimeformatadapter_fuzzer:fuzztest,//base/web/webview/test/fuzztest/ohos_adapter/enterprisedevicemanagementadapter_fuzzer:fuzztest,//base/web/webview/test/fuzztest/ohos_adapter/eventhandler_fuzzer:fuzztest,//base/web/webview/test/fuzztest/ohos_adapter/printmanager_fuzzer:fuzztest,//base/web/webview/test/fuzztest/ohos_adapter/setandgetrunwebinitcallback_fuzzer:fuzztest,//base/web/webview/test/fuzztest/ohos_adapter/interfaces/createaafwk_fuzzer:fuzztest,//base/web/webview/test/fuzztest/ohos_adapter/interfaces/createpowerclient_fuzzer:fuzztest,//base/web/webview/test/fuzztest/ohos_adapter/interfaces/createdisplaymgr_fuzzer:fuzztest,//base/web/webview/test/fuzztest/ohos_adapter/interfaces/creategetdatabase_fuzzer:fuzztest,//base/web/webview/test/fuzztest/ohos_adapter/interfaces/createnetconnect_fuzzer:fuzztest,//base/web/webview/test/fuzztest/ohos_adapter/interfaces/creategetpasteboard_fuzzer:fuzztest,//base/web/webview/test/fuzztest/ohos_adapter/interfaces/createaudiorender_fuzzer:fuzztest,//base/web/webview/test/fuzztest/ohos_adapter/interfaces/createaudiosystem_fuzzer:fuzztest,//base/web/webview/test/fuzztest/ohos_adapter/interfaces/createmmiadapter_fuzzer:fuzztest,//base/web/webview/test/fuzztest/ohos_adapter/interfaces/createsocperclient_fuzzer:fuzztest,//base/web/webview/test/fuzztest/ohos_adapter/battery_adapter:fuzztest,//base/web/webview/test/fuzztest/ohos_adapter/display_adapter/displaycreate_fuzzer:fuzztest,//base/web/webview/test/fuzztest/ohos_adapter/display_adapter/displaydestroy_fuzzer:fuzztest,//base/web/webview/test/fuzztest/ohos_adapter/display_adapter/displaychange_fuzzer:fuzztest,//base/web/webview/test/fuzztest/ohos_adapter/display_adapter/convertrotation_fuzzer:fuzztest,//base/web/webview/test/fuzztest/ohos_adapter/display_adapter/convertorientation_fuzzer:fuzztest,//base/web/webview/test/fuzztest/ohos_adapter/display_adapter/getwidth_fuzzer:fuzztest,//base/web/webview/test/fuzztest/ohos_adapter/display_adapter/getheight_fuzzer:fuzztest,//base/web/webview/test/fuzztest/ohos_adapter/display_adapter/getvirtual_fuzzer:fuzztest,//base/web/webview/test/fuzztest/ohos_adapter/display_adapter/getrotation_fuzzer:fuzztest,//base/web/webview/test/fuzztest/ohos_adapter/display_adapter/getorientation_fuzzer:fuzztest,//base/web/webview/test/fuzztest/ohos_adapter/display_adapter/getdisplayid_fuzzer:fuzztest,//base/web/webview/test/fuzztest/ohos_adapter/display_adapter/getdisplay_fuzzer:fuzztest,//base/web/webview/test/fuzztest/ohos_adapter/display_adapter/registerdisplay_fuzzer:fuzztest,//base/web/webview/test/fuzztest/ohos_adapter/display_adapter/unregisterdisplay_fuzzer:fuzztest,//base/web/webview/test/fuzztest/ohos_adapter/distributeddatamgr_adapter/webdatabase/clearallpermission_fuzzer:fuzztest,//base/web/webview/test/fuzztest/ohos_adapter/distributeddatamgr_adapter/webdatabase/clearpermissionbyorigin_fuzzer:fuzztest,//base/web/webview/test/fuzztest/ohos_adapter/distributeddatamgr_adapter/webdatabase/databaseoncreate_fuzzer:fuzztest,//base/web/webview/test/fuzztest/ohos_adapter/distributeddatamgr_adapter/webdatabase/deletehttpauthcredentials_fuzzer:fuzztest,//base/web/webview/test/fuzztest/ohos_adapter/distributeddatamgr_adapter/webdatabase/existhttpauthcredentials_fuzzer:fuzztest,//base/web/webview/test/fuzztest/ohos_adapter/distributeddatamgr_adapter/webdatabase/existpermissionbyorigin_fuzzer:fuzztest,//base/web/webview/test/fuzztest/ohos_adapter/distributeddatamgr_adapter/webdatabase/gethttpauthcredentials_fuzzer:fuzztest,//base/web/webview/test/fuzztest/ohos_adapter/distributeddatamgr_adapter/webdatabase/getoriginbypermission_fuzzer:fuzztest,//base/web/webview/test/fuzztest/ohos_adapter/distributeddatamgr_adapter/webdatabase/getpermissionresultbyorigin_fuzzer:fuzztest,//base/web/webview/test/fuzztest/ohos_adapter/distributeddatamgr_adapter/webdatabase/keytotablename_fuzzer:fuzztest,//base/web/webview/test/fuzztest/ohos_adapter/distributeddatamgr_adapter/webdatabase/pmscreatedatabase_fuzzer:fuzztest,//base/web/webview/test/fuzztest/ohos_adapter/distributeddatamgr_adapter/webdatabase/pmsdatabaseoncreate_fuzzer:fuzztest,//base/web/webview/test/fuzztest/ohos_adapter/distributeddatamgr_adapter/webdatabase/pmsdatabaseonupgrade_fuzzer:fuzztest,//base/web/webview/test/fuzztest/ohos_adapter/distributeddatamgr_adapter/webdatabase/savehttpauthcredentials_fuzzer:fuzztest,//base/web/webview/test/fuzztest/ohos_adapter/distributeddatamgr_adapter/webdatabase/setpermissionbyorigin_fuzzer:fuzztest,//base/web/webview/test/fuzztest/ohos_adapter/power_mgr_adapter:fuzztest,//base/web/webview/test/fuzztest/ohos_adapter/keystore_adapter/keystoreadapterimpl_fuzzer:fuzztest,//base/web/webview/test/fuzztest/ohos_adapter/location_adapter/createlocationproxyadapter_fuzzer:fuzztest,//base/web/webview/test/fuzztest/ohos_adapter/ohosimagedecoderadapterimpl_fuzzer:fuzztest,//base/web/webview/test/fuzztest/ohos_adapter/graphic_adapter/vsyncadapter_fuzzer:fuzztest,//base/web/webview/test/fuzztest/ohos_adapter/graphic_adapter/nativeimageadapter_fuzzer:fuzztest,//base/web/webview/test/fuzztest/ohos_adapter/flowbufferadapter_fuzzer:fuzztest,//base/web/webview/test/fuzztest/ohos_adapter/ohosimagedecoder_fuzzer:fuzztest,//base/web/webview/test/fuzztest/ohos_adapter/multimodalinput_adapter/getdeviceids_fuzzer:fuzztest,//base/web/webview/test/fuzztest/ohos_adapter/multimodalinput_adapter/getkeyboardtype_fuzzer:fuzztest,//base/web/webview/test/fuzztest/ohos_adapter/multimodalinput_adapter/ondeviceadded_fuzzer:fuzztest,//base/web/webview/test/fuzztest/ohos_adapter/multimodalinput_adapter/ondeviceremoved_fuzzer:fuzztest,//base/web/webview/test/fuzztest/ohos_adapter/multimodalinput_adapter/registerdevlistener_fuzzer:fuzztest,//base/web/webview/test/fuzztest/ohos_adapter/multimodalinput_adapter/unregisterdevlistener_fuzzer:fuzztest,//base/web/webview/test/fuzztest/ohos_adapter/soc_perf_adapter/applysocperfconfigbyid_fuzzer:fuzztest,//base/web/webview/test/fuzztest/ohos_adapter/pasteboard_adapter/clipboardtoimagealphatype_fuzzer:fuzztest,//base/web/webview/test/fuzztest/ohos_adapter/pasteboard_adapter/clipboardtoimagecolortype_fuzzer:fuzztest,//base/web/webview/test/fuzztest/ohos_adapter/pasteboard_adapter/getimgdata_fuzzer:fuzztest,//base/web/webview/test/fuzztest/ohos_adapter/pasteboard_adapter/getmimetype_fuzzer:fuzztest,//base/web/webview/test/fuzztest/ohos_adapter/pasteboard_adapter/imagetoclipboardalphatype_fuzzer:fuzztest,//base/web/webview/test/fuzztest/ohos_adapter/pasteboard_adapter/imagetoclipboardcolortype_fuzzer:fuzztest,//base/web/webview/test/fuzztest/ohos_adapter/pasteboard_adapter/addhtmlrecord_fuzzer:fuzztest,//base/web/webview/test/fuzztest/ohos_adapter/pasteboard_adapter/getrecordat_fuzzer:fuzztest,//base/web/webview/test/fuzztest/ohos_adapter/pasteboard_adapter/sethtmltext_fuzzer:fuzztest,//base/web/webview/test/fuzztest/ohos_adapter/pasteboard_adapter/setplaintext_fuzzer:fuzztest,//base/web/webview/test/fuzztest/ohos_adapter/pasteboard_adapter/setcustomdata_fuzzer:fuzztest,//base/web/webview/test/fuzztest/ohos_adapter/pasteboard_adapter/seturi_fuzzer:fuzztest,//base/web/webview/test/fuzztest/ohos_adapter/pasteboard_adapter/onpasteboardchanged_fuzzer:fuzztest,//base/web/webview/test/fuzztest/ohos_adapter/pasteboard_adapter/openremoteuri_fuzzer:fuzztest,//base/web/webview/test/fuzztest/ohos_adapter/pasteboard_adapter/removepasteboardchangedobserver_fuzzer:fuzztest,//base/web/webview/test/fuzztest/ohos_adapter/cert_mgr_adapter/getcertmaxsize_fuzzer:fuzztest,//base/web/webview/test/fuzztest/ohos_adapter/cert_mgr_adapter/getusercertdata_fuzzer:fuzztest,//base/web/webview/test/fuzztest/ohos_adapter/certmgr_fuzzer:fuzztest,//base/web/webview/test/fuzztest/ohos_adapter/media_adapter/bufferinfoadapterimpl_fuzzer:fuzztest,//base/web/webview/test/fuzztest/ohos_adapter/media_adapter/capabilitydataadapterimpl_fuzzer:fuzztest,//base/web/webview/test/fuzztest/ohos_adapter/media_adapter/codecformatadapterimpl_fuzzer:fuzztest,//base/web/webview/test/fuzztest/ohos_adapter/media_adapter/mediaavsession_fuzzer/mediaavsessionadapter_fuzzer:fuzztest,//base/web/webview/test/fuzztest/ohos_adapter/media_adapter/mediaavsession_fuzzer/mediaavsessioncallback_fuzzer:fuzztest,//base/web/webview/test/fuzztest/ohos_adapter/media_adapter/mediaavsessionadapterimpl_fuzzer:fuzztest,//base/web/webview/test/fuzztest/ohos_adapter/media_adapter/mediacodecdecoder_fuzzer/mediacodecdecodercallback_fuzzer:fuzztest,//base/web/webview/test/fuzztest/ohos_adapter/media_adapter/mediacodecdecoderadapterimpl_fuzzer:fuzztest,//base/web/webview/test/fuzztest/ohos_adapter/media_adapter/mediacodecencoderadapterimpl_fuzzer:fuzztest,//base/web/webview/test/fuzztest/ohos_adapter/media_adapter/mediacodeclistadapterimpl_fuzzer:fuzztest,//base/web/webview/test/fuzztest/ohos_adapter/media_adapter/ohosbufferadapterimpl_fuzzer:fuzztest,//base/web/webview/test/fuzztest/ohos_adapter/media_adapter/playerframeworkadapterimpl_fuzzer:fuzztest,//base/web/webview/test/fuzztest/ohos_adapter/ashmemcreate_fuzzer:fuzztest,//base/web/webview/test/fuzztest/ohos_adapter/systemproperties_fuzzer:fuzztest,//base/web/webview/test/fuzztest/ohos_nweb/loadlib_fuzzer:fuzztest,//base/web/webview/test/fuzztest/ohos_nweb/getcookiemanager_fuzzer:fuzztest,//base/web/webview/test/fuzztest/ohos_nweb/getnweb_fuzzer:fuzztest,//base/web/webview/test/fuzztest/ohos_nweb/getdatabase_fuzzer:fuzztest,//base/web/webview/test/fuzztest/ohos_nweb/getwebstorage_fuzzer:fuzztest,//base/web/webview/test/fuzztest/ohos_nweb/requestbuffer_fuzzer:fuzztest,//base/web/webview/test/fuzztest/ohos_nweb/copyframe_fuzzer:fuzztest,//base/web/webview/test/fuzztest/ohos_nweb/flushbuffer_fuzzer:fuzztest,//base/web/webview/test/fuzztest/ohos_nweb/sethttpdns_fuzzer:fuzztest,//base/web/webview/test/fuzztest/ohos_nweb/setwebdebug_fuzzer:fuzztest,//base/web/webview/test/fuzztest/ohos_nweb/selectcertrequest_fuzzer:fuzztest,//base/web/webview/test/fuzztest/drawingtextadapter_fuzzer:fuzztest,//base/web/webview/test/fuzztest/ohos_nweb/napi_fuzzer:fuzztest,//base/web/webview/test/fuzztest/ohos_adapter/nativeimage_fuzzer:fuzztest,//base/web/webview/test/fuzztest/ohos_nweb/initandrun_fuzzer:fuzztest,//base/web/webview/test/fuzztest/ohos_nweb/nwebhelper_fuzzer:fuzztest,//base/web/webview/test/fuzztest/ohos_nweb/hisysevent_fuzzer:fuzztest,//base/web/webview/test/fuzztest/ohos_adapter/screencaptureadapterimpl_fuzzer/setcapturecallback_fuzzer:fuzztest,//base/web/webview/test/fuzztest/ohos_adapter/screencaptureadapterimpl_fuzzer/acquireaudiobuffer_fuzzer:fuzztest,//base/web/webview/test/fuzztest/ohos_adapter/screencaptureadapterimpl_fuzzer/releaseaudiobuffer_fuzzer:fuzztest,//base/web/webview/test/fuzztest/ohos_adapter/screencaptureadapterimpl_fuzzer/init_fuzzer:fuzztest,//base/web/webview/test/fuzztest/nativebufferadapter_fuzzer:fuzztest,//base/web/webview/test/fuzztest/ohos_adapter/screencaptureadapterimpl_fuzzer/screencapturecallback_fuzzer/onaudiobufferavailable_fuzzer:fuzztest,//base/web/webview/test/fuzztest/ohos_adapter/screencaptureadapterimpl_fuzzer/screencapturecallback_fuzzer/onerror_fuzzer:fuzztest,//base/web/webview/test/fuzztest/ohos_adapter/screencaptureadapterimpl_fuzzer/screencapturecallback_fuzzer/onstatechange_fuzzer:fuzztest,//base/web/webview/test/fuzztest/ohos_adapter/screencaptureadapterimpl_fuzzer/screencapturecallback_fuzzer/onvideobufferavailable_fuzzer:fuzztest,//base/web/webview/test/fuzztest/ohos_adapter/ohosimagedecoderadapterimpl_fuzzer/ohosimagedecoderadapterimplgetmethods_fuzzer:fuzztest,//base/web/webview/test/fuzztest/ohos_adapter/ohosimagedecoderadapterimpl_fuzzer/releasepixelmap_fuzzer:fuzztest,//base/web/webview/test/fuzztest/ohos_adapter/ohosadapterhelperimpl_fuzzer:fuzztest,//base/web/webview/test/unittest/nweb_value_test:unittest,//base/web/webview/test/unittest/display_manager_adapter_impl_test:unittest,//base/web/webview/test/unittest/net_connect_adapter_test:unittest,//base/web/webview/test/unittest/power_mgr_client_adapter_impl_test:unittest,//base/web/webview/test/unittest/nweb_helper_test:unittest,//base/web/webview/test/unittest/nweb_hisysevent_test:unittest,//base/web/webview/test/unittest/nweb_config_helper_test:unittest,//base/web/webview/test/unittest/ohos_adapter/permission_data_base_adapter_test:unittest,//base/web/webview/test/unittest/ohos_adapter/date_time_adapter_impl_test:unittest,//base/web/webview/test/unittest/pasteboard_adapter:unittest,//base/web/webview/test/unittest/battery_mgr_adapter_impl:unittest,//base/web/webview/test/unittest/aafwk_app_client_adapter:unittest,//base/web/webview/test/unittest/ani_webview_controller_test:unittest,//base/web/webview/test/unittest/ark_hisysevent_adapter_test:unittest,//base/web/webview/test/unittest/mmi_adapter:unittest,//base/web/webview/test/unittest/ohos_adapter_helper:unittest,//base/web/webview/test/unittest/napi_web_cookie_manager_test:unittest,//base/web/webview/test/unittest/ohos_adapter/res_sched_adapter_impl_test:unittest,//base/web/webview/test/unittest/ohos_adapter/web_data_base_adapter_impl_test:unittest,//base/web/webview/test/unittest/ohos_adapter/ohos_resource_adapter_test:unittest,//base/web/webview/test/unittest/ohos_adapter/ohos_image_adapter:unittest,//base/web/webview/test/unittest/ohos_adapter/graphic_adapter_test:unittest,//base/web/webview/test/unittest/ohos_adapter/datashare_adapter_impl_test:unittest,//base/web/webview/test/unittest/ohos_adapter/ohos_init_web_adapter:unittest,//base/web/webview/test/unittest/ohos_adapter/system_properties_adapter:unittest,//base/web/webview/test/unittest/ohos_adapter/cert_mgr_adapter_test:unittest,//base/web/webview/test/unittest/ohos_adapter/location_callback_adapter_test:unittest,//base/web/webview/test/unittest/ohos_adapter/location_proxy_adapter_test:unittest,//base/web/webview/test/unittest/ohos_adapter/screen_capture_adapter_impl_test:unittest,//base/web/webview/test/unittest/ohos_adapter/screenlock_manager_adapter_impl_test:unittest,//base/web/webview/test/unittest/ohos_adapter/net_proxy_adapter_test:unittest,//base/web/webview/test/unittest/ohos_adapter/camera_adapter_impl_test:unittest,//base/web/webview/test/unittest/ohos_adapter/background_task_impl_test:unittest,//base/web/webview/test/unittest/ohos_adapter/enterprise_device_impl_test:unittest,//base/web/webview/test/unittest/ohos_adapter/keystore_adapter_impl_test:unittest,//base/web/webview/test/unittest/ohos_adapter/print_manager_adapter_impl_test:unittest,//base/web/webview/test/unittest/audio_adapter_impl_test:unittest,//base/web/webview/test/unittest/app_fwk_update_client_test:unittest,//base/web/webview/test/unittest/arkweb_utils_test:unittest,//base/web/webview/test/unittest/net_connect_callback_impl_test:unittest,//base/web/webview/test/unittest/net_connect_adapter_impl_test:unittest,//base/web/webview/test/unittest/nweb_surface_adapter_test:unittest,//base/web/webview/test/unittest/soc_perf_adapter_test:unittest,//base/web/webview/test/unittest/ohos_adapter/access_token_adapter_test:unittest,//base/web/webview/test/unittest/ohos_adapter/event_handler_adapter_test:unittest,//base/web/webview/test/unittest/ohos_adapter/hiviewdfx_adapter_test:unittest,//base/web/webview/test/unittest/ohos_adapter/imf_adapter_test:unittest,//base/web/webview/test/unittest/ohos_adapter/media_adapter_test:unittest,//base/web/webview/test/unittest/ohos_adapter/migration_manager_adapter_test:unittest,//base/web/webview/test/unittest/ohos_adapter/flowbuffer_adapter_impl_test:unittest,//base/web/webview/test/unittest/ohos_adapter/sensor_adapter_impl_test:unittest,//base/web/webview/test/unittest/napi_common_test:unittest,//base/web/webview/test/unittest/ohos_adapter/native_buffer_adapter_test:unittest,//base/web/webview/test/unittest/ohos_adapter/drawing_text_adapter_test:unittest,//base/web/webview/test/unittest/webview_value_test:unittest,//base/web/webview/test/unittest/web_native_messaging_client_test:unittest,//base/web/webview/test/unittest/sa_web_native_messaging_common_test:unittest,//base/web/webview/test/unittest/native_common_test:unittest
window	window_cangjie_wrapper	foundation/window/window_cangjie_wrapper/bundle.json	standard	7	ability_cangjie_wrapper,arkui_cangjie_wrapper,cangjie_ark_interop,hiviewdfx_cangjie_wrapper,multimedia_cangjie_wrapper,ability_runtime,window_manager	0		2	//foundation/window/window_cangjie_wrapper/ohos/window:ohos.window,//foundation/window/window_cangjie_wrapper/ohos/display:ohos.display	3	0	
window	window_manager	foundation/window/window_manager/bundle.json	standard	54	sensor,ability_base,graphic_2d,graphic_surface,hisysevent,ability_runtime,napi,common_event_service,hilog,access_token,init,bundle_framework,ipc,power_manager,hitrace,samgr,input,safwk,display_manager,config_policy,ace_engine,image_framework,preferences,hiview,ffrt,dsoftbus,hicollie,eventhandler,icu,c_utils,soc_perf,relational_store,resource_management,resource_schedule_service,imf,frame_aware_sched,memmgr,data_share,accessibility,security_component_manager,libjpeg-turbo,libxml2,selinux_adapter,cJSON,bounds_checking_function,device_status,runtime_core,zlib,screenlock_mgr,os_account,api_metrics,json,egl,opengles	0		0		39	10	//foundation/window/window_manager/dm:test,//foundation/window/window_manager/dm_lite:test,//foundation/window/window_manager/dmserver:test,//foundation/window/window_manager/snapshot:test,//foundation/window/window_manager/utils:test,//foundation/window/window_manager/wm:test,//foundation/window/window_manager/wmserver:test,//foundation/window/window_manager/test:test,//foundation/window/window_manager/extension/window_extension:test,//foundation/window/window_manager/window_scene:test
window	window_manager_lite	foundation/window/window_manager_lite/bundle.json	small	7	samgr_lite,surface_lite,drivers_peripheral_input,ipc,graphic_utils_lite,hdf_core,permission_lite	1	bounds_checking_function	2	//foundation/window/window_manager_lite:window_manager_lite,//foundation/window/window_manager_lite/test:window_manager_lite_test	0	0	
xts	acts	test/xts/acts/bundle.json	mini,small,standard	4	graphic_2d,graphic_surface,window_manager,zlib	4	libpng,glslang,spirv-tools,vk-gl-cts	1	//test/xts/acts/build:acts_lite	0	1	//test/xts/acts/build:acts_group
xts	dcts	test/xts/dcts/bundle.json	standard	7	access_token,c_utils,dsoftbus,hilog,ipc,samgr,wifi	0		0		0	1	//test/xts/dcts:xts_dcts
xts	device_attest	test/xts/device_attest/bundle.json	standard	16	safwk,samgr,ipc,hilog,c_utils,bounds_checking_function,napi,netmanager_base,access_token,syscap_codec,init,eventhandler,huks,cJSON,openssl,mbedtls	0		1	//test/xts/device_attest/build:attest_standard_packages	1	3	//test/xts/device_attest/test/fuzztest:fuzztest,//test/xts/device_attest/test/performancetest:performance,//test/xts/device_attest/test/unittest:unittest
xts	device_attest_lite	test/xts/device_attest_lite/bundle.json	mini,small	6	samgr_lite,ipc,hilog_lite,ace_engine_lite,init,syscap_codec	3	bounds_checking_function,cJSON,mbedtls	1	//test/xts/device_attest_lite:device_atTest_lite	1	1	//test/xts/device_attest_lite/test/unittest:unittest
xts	hats	test/xts/hats/bundle.json	mini,small,standard	0		0		0		0	1	//test/xts/hats:xts_hats
xts	tools	test/xts/tools/bundle.json	mini,small,standard	4	init,c_utils,device_attest,ipc	0		0		0	1	//test/xts/tools/lite:tools
