
[32m	*********Welcome to OpenHarmony!*********[0m

+++++++++++++++++++++++++++++++++++++++++++++++++++++++++
[33m Your system shell isn't bash, we recommend you to use bash, because some commands may not be supported in other shells, such as pushd and shopt are not supported in dash. 
 You can follow these tips to modify the system shell to bash on Ubuntu: [0m
[33m [1]:Open the Terminal tool and execute the following command: sudo dpkg-reconfigure dash 
 [2]:Enter the password and select <no>  [0m
+++++++++++++++++++++++++++++++++++++++++++++++++++++++++
[32mCurrent time: 2026-07-08 11:22:38[0m
+++++++++++++++++++++++++++++++++++++++++++++++++++++++++
[32mBuild args: --product-name rk3568 --ccache --build-target ThreadLeakDetectorModuleTest[0m
+++++++++++++++++++++++++++++++++++++++++++++++++++++++++
[OHOS INFO] Current Node.js version is v14.21.1
[32m[OHOS INFO] Node.js version check passed![0m
[OHOS INFO] Ohpm initialization started...
[OHOS INFO] Current ohpm version is 5.0.8
ohpm [33mWARN: [39m[33mYour "NodeJs" version is less than the recommended version "18.x.x", please upgrade it as soon as possible.[39m
ohpm [90mDEBUG: [39m[90mconfig set registry https://repo.harmonyos.com/ohpm/[39m
ohpm [90mDEBUG: [39m[90mstart to write trace data[39m
ohpm [90mDEBUG: [39m[90mstart to get key[39m
ohpm [90mDEBUG: [39m[90mstart to get root key[39m
ohpm [90mDEBUG: [39m[90mstart to get trace log dir[39m
ohpm [90mDEBUG: [39m[90mAudit failed, detail: the trace log file path is not exist! trace path: /home/mgces/Library/Caches/Huawei/DevEcoStudio5.0/TraceLogData[39m
ohpm [33mWARN: [39m[33mYour "NodeJs" version is less than the recommended version "18.x.x", please upgrade it as soon as possible.[39m
ohpm [90mDEBUG: [39m[90mconfig set strict_ssl false[39m
ohpm [90mDEBUG: [39m[90mstart to write trace data[39m
ohpm [90mDEBUG: [39m[90mstart to get key[39m
ohpm [90mDEBUG: [39m[90mstart to get root key[39m
ohpm [90mDEBUG: [39m[90mstart to get trace log dir[39m
ohpm [90mDEBUG: [39m[90mAudit failed, detail: the trace log file path is not exist! trace path: /home/mgces/Library/Caches/Huawei/DevEcoStudio5.0/TraceLogData[39m
ohpm [33mWARN: [39m[33mYour "NodeJs" version is less than the recommended version "18.x.x", please upgrade it as soon as possible.[39m
ohpm [90mDEBUG: [39m[90mconfig set log_level debug[39m
ohpm [90mDEBUG: [39m[90mstart to write trace data[39m
ohpm [90mDEBUG: [39m[90mstart to get key[39m
ohpm [90mDEBUG: [39m[90mstart to get root key[39m
ohpm [90mDEBUG: [39m[90mstart to get trace log dir[39m
ohpm [90mDEBUG: [39m[90mAudit failed, detail: the trace log file path is not exist! trace path: /home/mgces/Library/Caches/Huawei/DevEcoStudio5.0/TraceLogData[39m
[OHOS INFO] installing pnpm...
[OHOS INFO] installing hypium...
[32m[OHOS INFO] ohpm initialization successful![0m
+++++++++++++++++++++++++++++++++++++++++++++++++++++++++

[32m[OHOS INFO] Start building...[0m

[OHOS INFO]  Building the latest ohos-sdk...
[OHOS INFO]  Executing SDK build: /home/mgces/openharmony/code/prebuilts/python/linux-x86/3.12.10/bin/python3 /home/mgces/openharmony/code/build/hb/main.py build --product-name ohos-sdk --ccache=true --xcache=false --load-test-config=false --get-warning-list=false --stat-ccache=false --compute-overlap-rate=false --deps-guard=false --generate-ninja-trace=false --sbom=False --gn-args skip_generate_module_list_file=true sdk_platform=linux ndk_platform=linux use_cfi=false use_thin_lto=false enable_lto_O0=true sdk_check_flag=false enable_ndk_doxygen=false archive_ndk=false sdk_for_hap_build=true enable_archive_sdk=false enable_notice_collection=false enable_process_notice=false point_split=true
[OHOS INFO]  Set cache size limit to 100.0 GB
[OHOS INFO] [PRELOAD] generated build prop info to /home/mgces/openharmony/code/out/preloader/ohos-sdk/build.prop
[OHOS INFO] [PRELOAD] generated build config info to /home/mgces/openharmony/code/out/preloader/ohos-sdk/build_config.json
[OHOS INFO] [PRELOAD] generated product parts info to /home/mgces/openharmony/code/out/preloader/ohos-sdk/parts.json
[OHOS INFO] [PRELOAD] generated parts config info to /home/mgces/openharmony/code/out/preloader/ohos-sdk/parts_config.json
[OHOS INFO] [PRELOAD] generated build gnargs prop info to /home/mgces/openharmony/code/out/preloader/ohos-sdk/build_gnargs.prop
[OHOS INFO] [PRELOAD] generated features info to /home/mgces/openharmony/code/out/preloader/ohos-sdk/features.json
[OHOS INFO] [PRELOAD] generated syscap info to /home/mgces/openharmony/code/out/preloader/ohos-sdk/syscap.json
[OHOS INFO] [PRELOAD] generated exclusion modules info to /home/mgces/openharmony/code/out/preloader/ohos-sdk/exclusion_modules.json
[OHOS INFO] [PRELOAD] generated dependency pruning info to /home/mgces/openharmony/code/out/preloader/ohos-sdk/dependency_pruning.json
[OHOS INFO] [PRELOAD] generated platforms build info to /home/mgces/openharmony/code/out/preloader/ohos-sdk/platforms.build
[OHOS INFO] [PRELOAD] generated subsystem config info to /home/mgces/openharmony/code/out/preloader/ohos-sdk/subsystem_config.json
[OHOS INFO] [PRELOAD] generated system capability info to /home/mgces/openharmony/code/out/preloader/ohos-sdk/systemcapability.json
[OHOS INFO] [PRELOAD] generated compile_standard_whitelist info to /home/mgces/openharmony/code/out/preloader/ohos-sdk/compile_standard_whitelist.json
[OHOS INFO] [PRELOAD] generated compile_env_allowlist info to /home/mgces/openharmony/code/out/preloader/ohos-sdk/compile_env_allowlist.json
[OHOS INFO] [PRELOAD] generated hvigor_compile_whitelist info to /home/mgces/openharmony/code/out/preloader/ohos-sdk/hvigor_compile_hap_whitelist.json
[OHOS INFO]  The run time for _prebuild_and_preload is 0.01 s
[OHOS INFO] [LOAD] Checking all build args...
[OHOS INFO] [LOAD] subsytem config scan completed costed is 6.7 s
[93m[OHOS WARNING][0m [LOAD] condition target '//base/hiviewdfx/hilog/test:hilog_unittest' in '/home/mgces/openharmony/code/base/hiviewdfx/hilog/bundle.json' does not exist in 'sub_component', 'modules', 'group_type', 'inner_kits', 'inner_api' or 'test'
[93m[OHOS WARNING][0m [LOAD] condition target '//base/hiviewdfx/hilog/test:hilog_moduletest' in '/home/mgces/openharmony/code/base/hiviewdfx/hilog/bundle.json' does not exist in 'sub_component', 'modules', 'group_type', 'inner_kits', 'inner_api' or 'test'
[93m[OHOS WARNING][0m [LOAD] condition target '//base/hiviewdfx/hilog/test:fuzztest' in '/home/mgces/openharmony/code/base/hiviewdfx/hilog/bundle.json' does not exist in 'sub_component', 'modules', 'group_type', 'inner_kits', 'inner_api' or 'test'
[93m[OHOS WARNING][0m [LOAD] condition target '//foundation/arkui/ace_engine/test/unittest:unittest' in '/home/mgces/openharmony/code/foundation/arkui/ace_engine/bundle.json' does not exist in 'sub_component', 'modules', 'group_type', 'inner_kits', 'inner_api' or 'test'
[93m[OHOS WARNING][0m [LOAD] condition target '//foundation/arkui/ace_engine/test/benchmark:benchmark' in '/home/mgces/openharmony/code/foundation/arkui/ace_engine/bundle.json' does not exist in 'sub_component', 'modules', 'group_type', 'inner_kits', 'inner_api' or 'test'
[93m[OHOS WARNING][0m [LOAD] condition target '//foundation/arkui/napi:napi_packages_test' in '/home/mgces/openharmony/code/foundation/arkui/napi/bundle.json' does not exist in 'sub_component', 'modules', 'group_type', 'inner_kits', 'inner_api' or 'test'
[93m[OHOS WARNING][0m [LOAD] condition target '//foundation/arkui/napi/module_manager/test/unittest/module_manager_test:unittest' in '/home/mgces/openharmony/code/foundation/arkui/napi/bundle.json' does not exist in 'sub_component', 'modules', 'group_type', 'inner_kits', 'inner_api' or 'test'
[93m[OHOS WARNING][0m [LOAD] condition target '//foundation/arkui/napi/sample/native_module_systemtest:systemtest' in '/home/mgces/openharmony/code/foundation/arkui/napi/bundle.json' does not exist in 'sub_component', 'modules', 'group_type', 'inner_kits', 'inner_api' or 'test'
[93m[OHOS WARNING][0m [LOAD] condition target '//foundation/arkui/napi/test/unittest:unittest' in '/home/mgces/openharmony/code/foundation/arkui/napi/bundle.json' does not exist in 'sub_component', 'modules', 'group_type', 'inner_kits', 'inner_api' or 'test'
[93m[OHOS WARNING][0m [LOAD] condition target '//foundation/arkui/napi/test/fuzztest:fuzztest' in '/home/mgces/openharmony/code/foundation/arkui/napi/bundle.json' does not exist in 'sub_component', 'modules', 'group_type', 'inner_kits', 'inner_api' or 'test'
[93m[OHOS WARNING][0m [LOAD] condition target '//arkcompiler/ets_runtime/compiler_service:static_app_install_aot_enable_list.conf' in '/home/mgces/openharmony/code/arkcompiler/ets_runtime/bundle.json' does not exist in 'sub_component', 'modules', 'group_type', 'inner_kits', 'inner_api' or 'test'
[93m[OHOS WARNING][0m [LOAD] condition target '//arkcompiler/ets_runtime:ark_js_unittest' in '/home/mgces/openharmony/code/arkcompiler/ets_runtime/bundle.json' does not exist in 'sub_component', 'modules', 'group_type', 'inner_kits', 'inner_api' or 'test'
[93m[OHOS WARNING][0m [LOAD] condition target '//arkcompiler/ets_runtime/compiler_service/test:compiler_service_unittest' in '/home/mgces/openharmony/code/arkcompiler/ets_runtime/bundle.json' does not exist in 'sub_component', 'modules', 'group_type', 'inner_kits', 'inner_api' or 'test'
[93m[OHOS WARNING][0m [LOAD] condition target '//arkcompiler/ets_runtime/compiler_service/test:compiler_service_fuzztest' in '/home/mgces/openharmony/code/arkcompiler/ets_runtime/bundle.json' does not exist in 'sub_component', 'modules', 'group_type', 'inner_kits', 'inner_api' or 'test'
[OHOS INFO] [LOAD] all parts scan completed
[OHOS INFO] [LOAD] Loading configuration file...

[OHOS INFO] [LOAD] loader args:['platforms_config_file="/home/mgces/openharmony/code/out/preloader/ohos-sdk/platforms.build"', 'subsystem_config_file="/home/mgces/openharmony/code/out/preloader/ohos-sdk/subsystem_config.json"', 'example_subsystem_file=""', 'exclusion_modules_config_file="/home/mgces/openharmony/code/out/preloader/ohos-sdk/exclusion_modules.json"', 'source_root_dir="/home/mgces/openharmony/code/"', 'gn_root_out_dir="out/sdk"', 'build_platform_name=phone', 'build_xts=False', 'load_test_config=False', 'target_os=ohos', 'target_cpu=arm64', 'os_level=standard', "ignore_api_check=['xts', 'common', 'testfwk']", 'scalable_build=False', 'skip_partlist_check=False', 'enable_scan_optimization=False']
[OHOS INFO] [LOAD] Checking parts config...
[OHOS INFO] [LOAD] generated subsystem build config to '/home/mgces/openharmony/code/out/sdk/build_configs/subsystem_info/subsystem_build_config.json'
[OHOS INFO] [LOAD] generated src subsystem info to '/home/mgces/openharmony/code/out/sdk/build_configs/subsystem_info/src_subsystem_info.json'
[OHOS INFO] [LOAD] generated no src subsystem info to '/home/mgces/openharmony/code/out/sdk/build_configs/subsystem_info/no_src_subsystem_info.json'
[OHOS INFO] [LOAD] generate target platform parts to '/home/mgces/openharmony/code/out/sdk/build_configs/target_platforms_parts.json'
[OHOS INFO] [LOAD] generated system capabilities to '/home/mgces/openharmony/code/out/sdk/build_configs/phone_system_capabilities.json'
[OHOS INFO] [LOAD] generated platforms parts by src to '/home/mgces/openharmony/code/out/sdk/build_configs/platforms_parts_by_src.json'
[OHOS INFO] [LOAD] generate required parts targets to '/home/mgces/openharmony/code/out/sdk/build_configs/required_parts_targets.json'
[OHOS INFO] [LOAD] generate build targets list file to '/home/mgces/openharmony/code/out/sdk/build_configs/required_parts_targets_list.json'
[OHOS INFO] [LOAD] generated parts src flag to '/home/mgces/openharmony/code/out/sdk/build_configs/subsystem_info/parts_src_flag.json'
[OHOS INFO] [LOAD] generate auto install part to '/home/mgces/openharmony/code/out/sdk/build_configs/auto_install_parts.json'
[OHOS INFO] [LOAD] generate platforms list to '/home/mgces/openharmony/code/out/sdk/build_configs/platforms_list.gni'
[OHOS INFO] [LOAD] generate part different info to '/home/mgces/openharmony/code/out/sdk/build_configs/parts_different_info.json'
[OHOS INFO] [LOAD] generate infos for testfwk to '/home/mgces/openharmony/code/out/sdk/build_configs/infos_for_testfwk.json'
[OHOS INFO] [LOAD] Checking all product features...
[OHOS INFO] [LOAD] generate syscap info file to '/home/mgces/openharmony/code/out/preloader/ohos-sdk/system/etc/SystemCapability.json'
[OHOS INFO] [LOAD] generate syscap info with part name list to '/home/mgces/openharmony/code/out/preloader/ohos-sdk/system/etc/syscap.json'
[OHOS INFO] [LOAD] generate target syscap for init list to '/home/mgces/openharmony/code/out/preloader/ohos-sdk/system/etc/param/syscap.para'

[OHOS INFO] [GN] Excuting gn command: /home/mgces/openharmony/code/prebuilts/build-tools/linux-x86/bin/gn gen --args="product_name=\"ohos-sdk\" target_cpu=\"arm64\" precise_branch=\"\" is_standard_system=true product_path=\"/home/mgces/openharmony/code/productdefine/common/products\" product_config_path=\"/home/mgces/openharmony/code/productdefine/common/products\" device_name=\"sdk\" device_path=\"/home/mgces/openharmony/code/device/board/ohos/sdk\" device_company=\"ohos\" device_config_path=\"/home/mgces/openharmony/code/device/board/ohos/sdk\" ohos_build_compiler_specified=\"\" ohos_build_time=1783452169206 ohos_build_datetime=\"2026-07-08 11:22:49\" ace_engine_feature_enable_upgrade_skia=true os_account_multiple_active_accounts=false updater_feature_use_ptable=false updater_feature_updater_gen_executable=true updater_feature_sign_on_server=false graphic_2d_feature_upgrade_skia=true access_token_enhance_capability=false image_framework_feature_upgrade_skia=true qrcodegen_feature_ace_engine_qrcode_able=true skia_feature_upgrade=true mesa3d_feature_upgrade_skia=true build_ohos_sdk=true build_ohos_ndk=true enable_enhanced_opt=false ohos_build_enable_ccache=true ohos_build_type=\"debug\" device_type=\"default\" build_variant=\"root\" skip_generate_module_list_file=true sdk_platform=\"linux\" ndk_platform=\"linux\" use_cfi=false use_thin_lto=false enable_lto_O0=true sdk_check_flag=false enable_ndk_doxygen=false archive_ndk=false sdk_for_hap_build=true enable_archive_sdk=false enable_notice_collection=false enable_process_notice=false point_split=true root_perf_main=\"main\" runtime_mode=\"release\"" --args=product_name="ohos-sdk" target_cpu="arm64" precise_branch="" is_standard_system=true product_path="/home/mgces/openharmony/code/productdefine/common/products" product_config_path="/home/mgces/openharmony/code/productdefine/common/products" device_name="sdk" device_path="/home/mgces/openharmony/code/device/board/ohos/sdk" device_company="ohos" device_config_path="/home/mgces/openharmony/code/device/board/ohos/sdk" ohos_build_compiler_specified="" ohos_build_time=1783452169206 ohos_build_datetime="2026-07-08 11:22:49" ace_engine_feature_enable_upgrade_skia=true os_account_multiple_active_accounts=false updater_feature_use_ptable=false updater_feature_updater_gen_executable=true updater_feature_sign_on_server=false graphic_2d_feature_upgrade_skia=true access_token_enhance_capability=false image_framework_feature_upgrade_skia=true qrcodegen_feature_ace_engine_qrcode_able=true skia_feature_upgrade=true mesa3d_feature_upgrade_skia=true build_ohos_sdk=true build_ohos_ndk=true enable_enhanced_opt=false ohos_build_enable_ccache=true ohos_build_type="debug" device_type="default" build_variant="root" skip_generate_module_list_file=true sdk_platform="linux" ndk_platform="linux" use_cfi=false use_thin_lto=false enable_lto_O0=true sdk_check_flag=false enable_ndk_doxygen=false archive_ndk=false sdk_for_hap_build=true enable_archive_sdk=false enable_notice_collection=false enable_process_notice=false point_split=true root_perf_main="main" runtime_mode="release" /home/mgces/openharmony/code/out/sdk
[OHOS INFO] [GN] root_out_dir=//out/sdk
[OHOS INFO] [GN] root_build_dir=//out/sdk
[OHOS INFO] [GN] root_gen_dir=//out/sdk/gen
[OHOS INFO] [GN] current_toolchain=//build/toolchain/ohos:ohos_clang_arm64
[OHOS INFO] [GN] host_toolchain=//build/toolchain/linux:clang_x64
[OHOS INFO] [GN] ["--haptobin", "../../developtools/packing_tool/adapter/ohos", "--haptobinOutput", "clang_x64/obj/developtools/packing_tool/jar/haptobin_tool.jar", "--unpackOutput", "clang_x64/obj/developtools/packing_tool/jar/app_unpacking_tool.jar", "--packOutput", "clang_x64/obj/developtools/packing_tool/jar/app_packing_tool.jar", "--outpath", "clang_x64/obj/developtools/packing_tool/jar", "--checkOutput", "clang_x64/obj/developtools/packing_tool/jar/app_check_tool.jar", "--toolchain", "//build/toolchain/linux:clang_x64", "--compileTarget", "sdk"]
[OHOS INFO] [GN] openssl detecting os now...
[OHOS INFO] [GN] current_cpu = x64
[OHOS INFO] [GN] current_os = linux
[OHOS INFO] [GN] host_os = linux
[OHOS INFO] [GN] is_mingw = false
[OHOS INFO] [GN] openssl selected linux-x86_64
[OHOS INFO] [GN] openssl detecting os done. openssl_selected_platform = linux-x86_64
[OHOS INFO] [GN] ************libhilog_base use_musl ***************
[OHOS INFO] [GN] Reading plugin sources: ets (//build/toolchain/linux:clang_x64)
[OHOS INFO] [GN] ########## ets_runtime disable cmc-gc ##############
[OHOS INFO] [GN] ########## ets_runtime disable cmc-gc ##############
[OHOS INFO] [GN] Reading plugin sources: ets (//build/toolchain/ohos:ohos_clang_arm64)
[OHOS INFO] [GN] ************libhilog_base use_musl ***************
[OHOS INFO] [GN] openssl detecting os now...
[OHOS INFO] [GN] current_cpu = arm64
[OHOS INFO] [GN] current_os = ohos
[OHOS INFO] [GN] host_os = linux
[OHOS INFO] [GN] is_mingw = false
[OHOS INFO] [GN] openssl selected linux-aarch64
[OHOS INFO] [GN] openssl detecting os done. openssl_selected_platform = linux-aarch64
[OHOS INFO] [GN] ########## ets_runtime disable cmc-gc ##############
[OHOS INFO] [GN] ########## ets_runtime disable cmc-gc ##############
[OHOS INFO] [GN] Reading plugin sources: ets (//build/toolchain/mingw:mingw_x86_64)
[OHOS INFO] [GN] ########## ets_runtime disable cmc-gc ##############
[OHOS INFO] [GN] ************libhilog_base use_musl ***************
[OHOS INFO] [GN] target_out_dir //out/sdk/clang_x64/obj/arkcompiler/runtime_core/libark_defect_scan_aux/tests/unittest
[OHOS INFO] [GN] target_dir /home/mgces/openharmony/code/out/sdk/clang_x64/obj/arkcompiler/runtime_core/libark_defect_scan_aux/tests/unittest
[OHOS INFO] [GN] test_abc_dir /home/mgces/openharmony/code/out/sdk/clang_x64/obj/arkcompiler/runtime_core/libark_defect_scan_aux/tests/unittest
[OHOS INFO] [GN] target_out_dir //out/sdk/mingw_x86_64/obj/arkcompiler/runtime_core/libark_defect_scan_aux/tests/unittest
[OHOS INFO] [GN] target_dir /home/mgces/openharmony/code/out/sdk/mingw_x86_64/obj/arkcompiler/runtime_core/libark_defect_scan_aux/tests/unittest
[OHOS INFO] [GN] test_abc_dir /home/mgces/openharmony/code/out/sdk/mingw_x86_64/obj/arkcompiler/runtime_core/libark_defect_scan_aux/tests/unittest
[OHOS INFO] [GN] target_out_dir //out/sdk/obj/arkcompiler/runtime_core/libark_defect_scan_aux/tests/unittest
[OHOS INFO] [GN] target_dir /home/mgces/openharmony/code/out/sdk/obj/arkcompiler/runtime_core/libark_defect_scan_aux/tests/unittest
[OHOS INFO] [GN] test_abc_dir /home/mgces/openharmony/code/out/sdk/obj/arkcompiler/runtime_core/libark_defect_scan_aux/tests/unittest
[OHOS INFO] [GN] ########## ets_runtime disable cmc-gc ##############
[OHOS INFO] [GN] input_feature_combination_key = false
[OHOS INFO] [GN] input_feature_pointer_drawing = true
[OHOS INFO] [GN] input_feature_monitor = true
[OHOS INFO] [GN] input_feature_interceptor = true
[OHOS INFO] [GN] input_feature_keyboard = false
[OHOS INFO] [GN] input_feature_switch = true
[OHOS INFO] [GN] input_feature_mouse = true
[OHOS INFO] [GN] input_feature_joystick = true
[OHOS INFO] [GN] input_feature_touchscreen = true
[OHOS INFO] [GN] input_feature_input_device = true
[OHOS INFO] [GN] input_feature_short_key = true
[OHOS INFO] [GN] input_ext_feature_keyboard_ext_flag = false
[OHOS INFO] [GN] input_feature_one_hand_mode_enable = false
[OHOS INFO] [GN] input_feature_move_event_filters = false
[OHOS INFO] [GN] input_feature_external_screen = true
[OHOS INFO] [GN] input_feature_touchpad = true
[OHOS INFO] [GN] input_feature_pen = true
[OHOS INFO] [GN] input_feature_touch_gesture = true
[OHOS INFO] [GN] input_controller_inject_enable = false
[OHOS INFO] [GN] input_feature_combination_key = false
[OHOS INFO] [GN] input_feature_pointer_drawing = true
[OHOS INFO] [GN] input_feature_monitor = true
[OHOS INFO] [GN] input_feature_interceptor = true
[OHOS INFO] [GN] input_feature_keyboard = false
[OHOS INFO] [GN] input_feature_switch = true
[OHOS INFO] [GN] input_feature_mouse = true
[OHOS INFO] [GN] input_feature_joystick = true
[OHOS INFO] [GN] input_feature_touchscreen = true
[OHOS INFO] [GN] input_feature_input_device = true
[OHOS INFO] [GN] input_feature_short_key = true
[OHOS INFO] [GN] input_ext_feature_keyboard_ext_flag = false
[OHOS INFO] [GN] input_feature_one_hand_mode_enable = false
[OHOS INFO] [GN] input_feature_move_event_filters = false
[OHOS INFO] [GN] input_feature_external_screen = true
[OHOS INFO] [GN] input_feature_touchpad = true
[OHOS INFO] [GN] input_feature_pen = true
[OHOS INFO] [GN] input_feature_touch_gesture = true
[OHOS INFO] [GN] input_controller_inject_enable = false
[OHOS INFO] [GN] input_feature_combination_key = false
[OHOS INFO] [GN] input_feature_pointer_drawing = true
[OHOS INFO] [GN] input_feature_monitor = true
[OHOS INFO] [GN] input_feature_interceptor = true
[OHOS INFO] [GN] input_feature_keyboard = false
[OHOS INFO] [GN] input_feature_switch = true
[OHOS INFO] [GN] input_feature_mouse = true
[OHOS INFO] [GN] input_feature_joystick = true
[OHOS INFO] [GN] input_feature_touchscreen = true
[OHOS INFO] [GN] input_feature_input_device = true
[OHOS INFO] [GN] input_feature_short_key = true
[OHOS INFO] [GN] input_ext_feature_keyboard_ext_flag = false
[OHOS INFO] [GN] input_feature_one_hand_mode_enable = false
[OHOS INFO] [GN] input_feature_move_event_filters = false
[OHOS INFO] [GN] input_feature_external_screen = true
[OHOS INFO] [GN] input_feature_touchpad = true
[OHOS INFO] [GN] input_feature_pen = true
[OHOS INFO] [GN] input_feature_touch_gesture = true
[OHOS INFO] [GN] input_controller_inject_enable = false
[OHOS INFO] [GN] WARNING at the command-line "--args":1:339: Build argument has no effect.
[OHOS INFO] [GN] product_name="ohos-sdk" target_cpu="arm64" precise_branch="" is_standard_system=true product_path="/home/mgces/openharmony/code/productdefine/common/products" product_config_path="/home/mgces/openharmony/code/productdefine/common/products" device_name="sdk" device_path="/home/mgces/openharmony/code/device/board/ohos/sdk" device_company="ohos" device_config_path="/home/mgces/openharmony/code/device/board/ohos/sdk" ohos_build_compiler_specified="" ohos_build_time=1783452169206 ohos_build_datetime="2026-07-08 11:22:49" ace_engine_feature_enable_upgrade_skia=true os_account_multiple_active_accounts=false updater_feature_use_ptable=false updater_feature_updater_gen_executable=true updater_feature_sign_on_server=false graphic_2d_feature_upgrade_skia=true access_token_enhance_capability=false image_framework_feature_upgrade_skia=true qrcodegen_feature_ace_engine_qrcode_able=true skia_feature_upgrade=true mesa3d_feature_upgrade_skia=true build_ohos_sdk=true build_ohos_ndk=true enable_enhanced_opt=false ohos_build_enable_ccache=true ohos_build_type="debug" device_type="default" build_variant="root" skip_generate_module_list_file=true sdk_platform="linux" ndk_platform="linux" use_cfi=false use_thin_lto=false enable_lto_O0=true sdk_check_flag=false enable_ndk_doxygen=false archive_ndk=false sdk_for_hap_build=true enable_archive_sdk=false enable_notice_collection=false enable_process_notice=false point_split=true root_perf_main="main" runtime_mode="release"
[OHOS INFO] [GN]                                                                                                                                                                                                                                                                                                                                                   ^-----
[OHOS INFO] [GN] The variable "device_company" was set as a build argument
[OHOS INFO] [GN] but never appeared in a declare_args() block in any buildfile.
[OHOS INFO] [GN] 
[OHOS INFO] [GN] To view all possible args, run "gn args --list <out_dir>"
[OHOS INFO] [GN] 
[OHOS INFO] [GN] The build continued as if that argument was unspecified.
[OHOS INFO] [GN] 
[OHOS INFO] [GN] Done. Made 29621 targets from 2228 files in 151818ms
[OHOS INFO]  The run time for _gn is 151.87 s

[OHOS INFO] [NINJA] Excuting ninja command: /home/mgces/openharmony/code/prebuilts/build-tools/linux-x86/bin/ninja -w dupbuild=warn -C /home/mgces/openharmony/code/out/sdk build_ohos_sdk
[OHOS INFO] [NINJA] [1/6959] COPY ohos_clang_x86_64/obj/interface/sdk_c/IPCKit/ohos_clang_x86_64/libipc_capi.so sdk-native/os-irrelevant/sysroot/usr/lib/x86_64-linux-ohos/libipc_capi.so
[OHOS INFO] [NINJA] [2/6959] ACTION //arkcompiler/ets_frontend/ets2panda:check_build_system_consistency(//build/toolchain/linux:clang_x64)
[OHOS INFO] [NINJA] [3/6326] SOLINK ohos_clang_cortex_m/obj/interface/sdk_c/third_party/musl/ndk_script/adapter/ohos_clang_cortex_m/libc.so
[OHOS INFO] [NINJA] [4/6326] SOLINK ohos_clang_x86_64/obj/interface/sdk_c/LocationKit/ohos_clang_x86_64/liblocation_ndk.so
[OHOS INFO] [NINJA] [5/6326] ACTION //developtools/ace_ets2bundle/ets1.2/interop:interop_compile(//build/toolchain/linux:clang_x64)
[OHOS INFO] [NINJA] [6/6325] CXX clang_x64/obj/arkcompiler/ets_runtime/ecmascript/builtins/libark_jsruntime_set/builtins_shared_async_function.o
[OHOS INFO] [NINJA] [7/6325] CXX clang_x64/obj/arkcompiler/ets_runtime/ecmascript/builtins/libark_jsruntime_set/builtins_async_generator.o
[OHOS INFO] [NINJA] [8/6325] CXX clang_x64/obj/arkcompiler/ets_runtime/ecmascript/builtins/libark_jsruntime_set/builtins_atomics.o

[91m[OHOS ERROR][0m [NINJA] command failed: "/home/mgces/openharmony/code/prebuilts/build-tools/linux-x86/bin/ninja -w dupbuild=warn -C /home/mgces/openharmony/code/out/sdk build_ohos_sdk" , ret_code: 1

[91m[OHOS ERROR][0m [NINJA] [3/6331] SOLINK ohos_clang_cortex_m/obj/interface/sdk_c/third_party/musl/ndk_script/adapter/ohos_clang_cortex_m/libc.so
[91m[OHOS ERROR][0m [NINJA] FAILED: [code=1] ohos_clang_cortex_m/obj/interface/sdk_c/third_party/musl/ndk_script/adapter/ohos_clang_cortex_m/libc.so ohos_clang_cortex_m/lib.unstripped/ohos_clang_cortex_m/obj/interface/sdk_c/third_party/musl/ndk_script/adapter/ohos_clang_cortex_m/libc.so 
[91m[OHOS ERROR][0m [NINJA] /usr/bin/env "../../build/toolchain/gcc_solink_wrapper.py" --readelf="../../prebuilts/clang/ohos/linux-x86_64/llvm/bin/llvm-readobj" --nm="../../prebuilts/clang/ohos/linux-x86_64/llvm/bin/llvm-nm" --strip=../../prebuilts/clang/ohos/linux-x86_64/llvm/bin/llvm-strip   --sofile="ohos_clang_cortex_m/lib.unstripped/ohos_clang_cortex_m/obj/interface/sdk_c/third_party/musl/ndk_script/adapter/ohos_clang_cortex_m/libc.so"  --output="ohos_clang_cortex_m/obj/interface/sdk_c/third_party/musl/ndk_script/adapter/ohos_clang_cortex_m/libc.so" --clang-base-dir="/home/mgces/openharmony/code/prebuilts/clang/ohos" --mini-debug -- ../../prebuilts/clang/ohos/linux-x86_64/llvm/bin/clang++ -shared -Wl,--pack-dyn-relocs=android+relr -Wl,--fatal-warnings -Wl,--build-id=md5 -fPIC -Wl,-z,noexecstack -Wl,-z,now -Wl,-z,relro -Wl,-z,defs -Wl,--as-needed -fuse-ld=lld -Wl,--icf=all -Wl,--color-diagnostics -Wl,--no-undefined -Wl,--exclude-libs=libunwind_llvm.a -Wl,--exclude-libs=libc++_static.a -Wl,--exclude-libs=libvpx_assembly_arm.a --target=arm-liteos-ohos -mcpu=cortex-m33 -march=armv8m.main+fp -mthumb -nostdlib -Werror -Wl,--warn-shared-textrel -Wl,-O2 -Wl,--gc-sections -Wl,--gdb-index --sysroot=ohos_clang_cortex_m/obj/third_party/musl -nostdlib -Lohos_clang_cortex_m/obj/third_party/musl/usr/lib/arm-liteos-ohos -L../../prebuilts/clang/ohos/linux-x86_64/llvm/lib/clang/15.0.4/lib/arm-liteos-ohos -Wl,--warn-shared-textrel -Wl,--lto-O0 -o "ohos_clang_cortex_m/lib.unstripped/ohos_clang_cortex_m/obj/interface/sdk_c/third_party/musl/ndk_script/adapter/ohos_clang_cortex_m/libc.so" @"ohos_clang_cortex_m/obj/interface/sdk_c/third_party/musl/ndk_script/adapter/ohos_clang_cortex_m/libc.so.rsp" -Wl,-soname="libc.so"
[91m[OHOS ERROR][0m [NINJA] ld.lld: [91merror[0m: undefined symbol: __aeabi_unwind_cpp_pr0
[91m[OHOS ERROR][0m [NINJA] >>> referenced by crtplus.c
[91m[OHOS ERROR][0m [NINJA] >>>               obj/third_party/musl/usr/lib/arm-liteos-ohos/crtn.o:(.ARM.exidx.text.__emutls_unregister_key+0x0)
[91m[OHOS ERROR][0m [NINJA] >>> referenced by crtplus.c
[91m[OHOS ERROR][0m [NINJA] >>>               obj/third_party/musl/usr/lib/arm-liteos-ohos/crtn.o:(.ARM.exidx.text.__on_dlclose_late+0x0)
[91m[OHOS ERROR][0m [NINJA] clang-15: [91merror[0m: linker command failed with exit code 1 (use -v to see invocation)

[91m[OHOS ERROR][0m [NINJA] [3/6326] SOLINK ohos_clang_cortex_m/obj/interface/sdk_c/third_party/musl/ndk_script/adapter/ohos_clang_cortex_m/libc.so
[91m[OHOS ERROR][0m [NINJA] FAILED: [code=1] ohos_clang_cortex_m/obj/interface/sdk_c/third_party/musl/ndk_script/adapter/ohos_clang_cortex_m/libc.so ohos_clang_cortex_m/lib.unstripped/ohos_clang_cortex_m/obj/interface/sdk_c/third_party/musl/ndk_script/adapter/ohos_clang_cortex_m/libc.so 
[91m[OHOS ERROR][0m [NINJA] /usr/bin/env "../../build/toolchain/gcc_solink_wrapper.py" --readelf="../../prebuilts/clang/ohos/linux-x86_64/llvm/bin/llvm-readobj" --nm="../../prebuilts/clang/ohos/linux-x86_64/llvm/bin/llvm-nm" --strip=../../prebuilts/clang/ohos/linux-x86_64/llvm/bin/llvm-strip   --sofile="ohos_clang_cortex_m/lib.unstripped/ohos_clang_cortex_m/obj/interface/sdk_c/third_party/musl/ndk_script/adapter/ohos_clang_cortex_m/libc.so"  --output="ohos_clang_cortex_m/obj/interface/sdk_c/third_party/musl/ndk_script/adapter/ohos_clang_cortex_m/libc.so" --clang-base-dir="/home/mgces/openharmony/code/prebuilts/clang/ohos" --mini-debug -- ../../prebuilts/clang/ohos/linux-x86_64/llvm/bin/clang++ -shared -Wl,--pack-dyn-relocs=android+relr -Wl,--fatal-warnings -Wl,--build-id=md5 -fPIC -Wl,-z,noexecstack -Wl,-z,now -Wl,-z,relro -Wl,-z,defs -Wl,--as-needed -fuse-ld=lld -Wl,--icf=all -Wl,--color-diagnostics -Wl,--no-undefined -Wl,--exclude-libs=libunwind_llvm.a -Wl,--exclude-libs=libc++_static.a -Wl,--exclude-libs=libvpx_assembly_arm.a --target=arm-liteos-ohos -mcpu=cortex-m33 -march=armv8m.main+fp -mthumb -nostdlib -Werror -Wl,--warn-shared-textrel -Wl,-O2 -Wl,--gc-sections -Wl,--gdb-index --sysroot=ohos_clang_cortex_m/obj/third_party/musl -nostdlib -Lohos_clang_cortex_m/obj/third_party/musl/usr/lib/arm-liteos-ohos -L../../prebuilts/clang/ohos/linux-x86_64/llvm/lib/clang/15.0.4/lib/arm-liteos-ohos -Wl,--warn-shared-textrel -Wl,--lto-O0 -o "ohos_clang_cortex_m/lib.unstripped/ohos_clang_cortex_m/obj/interface/sdk_c/third_party/musl/ndk_script/adapter/ohos_clang_cortex_m/libc.so" @"ohos_clang_cortex_m/obj/interface/sdk_c/third_party/musl/ndk_script/adapter/ohos_clang_cortex_m/libc.so.rsp" -Wl,-soname="libc.so"
[91m[OHOS ERROR][0m [NINJA] ld.lld: [91merror[0m: undefined symbol: __aeabi_unwind_cpp_pr0
[91m[OHOS ERROR][0m [NINJA] >>> referenced by crtplus.c
[91m[OHOS ERROR][0m [NINJA] >>>               obj/third_party/musl/usr/lib/arm-liteos-ohos/crtn.o:(.ARM.exidx.text.__emutls_unregister_key+0x0)
[91m[OHOS ERROR][0m [NINJA] >>> referenced by crtplus.c
[91m[OHOS ERROR][0m [NINJA] >>>               obj/third_party/musl/usr/lib/arm-liteos-ohos/crtn.o:(.ARM.exidx.text.__on_dlclose_late+0x0)
[91m[OHOS ERROR][0m [NINJA] clang-15: [91merror[0m: linker command failed with exit code 1 (use -v to see invocation)

[OHOS INFO]  User Cpu%: 62.8%

[OHOS INFO]  System Cpu%: 27.9%

[OHOS INFO]  Idle CPU%: 9.3%

[OHOS INFO]  Total Memory: 23.5GB

[OHOS INFO]  Free Memory: 2.7GB

[OHOS INFO]  Swap Memory: 8.0GB

[OHOS INFO]  Filesystem: none, Size: 12G, Used: 0, Available: 12G, Use%: 0%, Mounted on: /usr/lib/modules/6.6.114.1-microsoft-standard-WSL2

[OHOS INFO]  Filesystem: none, Size: 12G, Used: 4.0K, Available: 12G, Use%: 1%, Mounted on: /mnt/wsl

[OHOS INFO]  Filesystem: drivers, Size: 200G, Used: 149G, Available: 51G, Use%: 75%, Mounted on: /usr/lib/wsl/drivers

[OHOS INFO]  Filesystem: /dev/sdd, Size: 1007G, Used: 226G, Available: 731G, Use%: 24%, Mounted on: /

[OHOS INFO]  Filesystem: none, Size: 12G, Used: 692K, Available: 12G, Use%: 1%, Mounted on: /mnt/wslg

[OHOS INFO]  Filesystem: none, Size: 12G, Used: 0, Available: 12G, Use%: 0%, Mounted on: /usr/lib/wsl/lib

[OHOS INFO]  Filesystem: rootfs, Size: 12G, Used: 2.8M, Available: 12G, Use%: 1%, Mounted on: /init

[OHOS INFO]  Filesystem: none, Size: 12G, Used: 476K, Available: 12G, Use%: 1%, Mounted on: /run

[OHOS INFO]  Filesystem: none, Size: 12G, Used: 0, Available: 12G, Use%: 0%, Mounted on: /run/lock

[OHOS INFO]  Filesystem: none, Size: 12G, Used: 0, Available: 12G, Use%: 0%, Mounted on: /run/shm

[OHOS INFO]  Filesystem: none, Size: 12G, Used: 80K, Available: 12G, Use%: 1%, Mounted on: /mnt/wslg/versions.txt

[OHOS INFO]  Filesystem: none, Size: 12G, Used: 80K, Available: 12G, Use%: 1%, Mounted on: /mnt/wslg/doc

[OHOS INFO]  Filesystem: C:\, Size: 200G, Used: 149G, Available: 51G, Use%: 75%, Mounted on: /mnt/c

[OHOS INFO]  Filesystem: D:\, Size: 754G, Used: 340G, Available: 415G, Use%: 46%, Mounted on: /mnt/d

[OHOS INFO]  Filesystem: tmpfs, Size: 2.4G, Used: 5.7M, Available: 2.4G, Use%: 1%, Mounted on: /run/user/1000

[91m[OHOS ERROR][0m [NINJA] Traceback (most recent call last):
[91m[OHOS ERROR][0m [NINJA]   File "/home/mgces/openharmony/code/build/hb/containers/status.py", line 47, in wrapper
[91m[OHOS ERROR][0m [NINJA]     return func(*args, **kwargs)
[91m[OHOS ERROR][0m [NINJA]            ^^^^^^^^^^^^^^^^^^^^^
[91m[OHOS ERROR][0m [NINJA]   File "/home/mgces/openharmony/code/build/hb/modules/ohos_build_module.py", line 71, in run
[91m[OHOS ERROR][0m [NINJA]     raise exception
[91m[OHOS ERROR][0m [NINJA]   File "/home/mgces/openharmony/code/build/hb/modules/ohos_build_module.py", line 68, in run
[91m[OHOS ERROR][0m [NINJA]     super().run()
[91m[OHOS ERROR][0m [NINJA]   File "/home/mgces/openharmony/code/build/hb/modules/interface/build_module_interface.py", line 70, in run
[91m[OHOS ERROR][0m [NINJA]     raise exception
[91m[OHOS ERROR][0m [NINJA]   File "/home/mgces/openharmony/code/build/hb/modules/interface/build_module_interface.py", line 68, in run
[91m[OHOS ERROR][0m [NINJA]     self._ninja()
[91m[OHOS ERROR][0m [NINJA]   File "/home/mgces/openharmony/code/build/hb/util/timer_util.py", line 30, in inner
[91m[OHOS ERROR][0m [NINJA]     res = func(*arg, **kwarg)
[91m[OHOS ERROR][0m [NINJA]           ^^^^^^^^^^^^^^^^^^^
[91m[OHOS ERROR][0m [NINJA]   File "/home/mgces/openharmony/code/build/hb/modules/interface/build_module_interface.py", line 125, in _ninja
[91m[OHOS ERROR][0m [NINJA]     self._target_compilation()
[91m[OHOS ERROR][0m [NINJA]   File "/home/mgces/openharmony/code/build/hb/modules/ohos_build_module.py", line 133, in _target_compilation
[91m[OHOS ERROR][0m [NINJA]     self.target_compiler.run()
[91m[OHOS ERROR][0m [NINJA]   File "/home/mgces/openharmony/code/build/hb/services/ninja.py", line 39, in run
[91m[OHOS ERROR][0m [NINJA]     self._execute_ninja_cmd()
[91m[OHOS ERROR][0m [NINJA]   File "/home/mgces/openharmony/code/build/hb/services/ninja.py", line 70, in _execute_ninja_cmd
[91m[OHOS ERROR][0m [NINJA]     SystemUtil.exec_command(
[91m[OHOS ERROR][0m [NINJA]   File "/home/mgces/openharmony/code/build/hb/util/system_util.py", line 142, in exec_command
[91m[OHOS ERROR][0m [NINJA]     LogUtil.get_failed_log(log_path, cmd)
[91m[OHOS ERROR][0m [NINJA]   File "/home/mgces/openharmony/code/build/hb/util/log_util.py", line 221, in get_failed_log
[91m[OHOS ERROR][0m [NINJA]     LogUtil.get_compiler_failed_log(log_path, cmd)
[91m[OHOS ERROR][0m [NINJA]   File "/home/mgces/openharmony/code/build/hb/util/log_util.py", line 208, in get_compiler_failed_log
[91m[OHOS ERROR][0m [NINJA]     raise OHOSException(
[91m[OHOS ERROR][0m [NINJA] exceptions.ohos_exception.OHOSException: COMPILE Failed! Please check error in /home/mgces/openharmony/code/out/sdk/error.log, and for more build information in /home/mgces/openharmony/code/out/sdk/build.log
[91m[OHOS ERROR][0m [NINJA] 

[91m[OHOS ERROR][0m [NINJA] Code:        4000
[91m[OHOS ERROR][0m [NINJA] 
[91m[OHOS ERROR][0m [NINJA] Reason:      COMPILE Failed! Please check error in /home/mgces/openharmony/code/out/sdk/error.log, and for more build information in /home/mgces/openharmony/code/out/sdk/build.log
[91m[OHOS ERROR][0m [NINJA] 
[91m[OHOS ERROR][0m [NINJA] Error Type:  Ninja build error
[91m[OHOS ERROR][0m [NINJA] 
[91m[OHOS ERROR][0m [NINJA] Description: An unknown error occurred while executing 'ninja -C'.
[91m[OHOS ERROR][0m [NINJA] 
[91m[OHOS ERROR][0m [NINJA] Solution:    no solution
[91m[OHOS ERROR][0m [NINJA] 

[91m[OHOS ERROR][0m  SDK build command failed: Command '['/home/mgces/openharmony/code/prebuilts/python/linux-x86/3.12.10/bin/python3', '/home/mgces/openharmony/code/build/hb/main.py', 'build', '--product-name', 'ohos-sdk', '--ccache=true', '--xcache=false', '--load-test-config=false', '--get-warning-list=false', '--stat-ccache=false', '--compute-overlap-rate=false', '--deps-guard=false', '--generate-ninja-trace=false', '--sbom=False', '--gn-args', 'skip_generate_module_list_file=true sdk_platform=linux ndk_platform=linux use_cfi=false use_thin_lto=false enable_lto_O0=true sdk_check_flag=false enable_ndk_doxygen=false archive_ndk=false sdk_for_hap_build=true enable_archive_sdk=false enable_notice_collection=false enable_process_notice=false point_split=true']' returned non-zero exit status 255.
[OHOS INFO]  Set cache size limit to 100.0 GB
[OHOS INFO] [PRELOAD] generated build prop info to /home/mgces/openharmony/code/out/preloader/rk3568/build.prop
[OHOS INFO] [PRELOAD] generated build config info to /home/mgces/openharmony/code/out/preloader/rk3568/build_config.json
[OHOS INFO] [PRELOAD] generated product parts info to /home/mgces/openharmony/code/out/preloader/rk3568/parts.json
[OHOS INFO] [PRELOAD] generated parts config info to /home/mgces/openharmony/code/out/preloader/rk3568/parts_config.json
[OHOS INFO] [PRELOAD] generated build gnargs prop info to /home/mgces/openharmony/code/out/preloader/rk3568/build_gnargs.prop
[OHOS INFO] [PRELOAD] generated features info to /home/mgces/openharmony/code/out/preloader/rk3568/features.json
[OHOS INFO] [PRELOAD] generated syscap info to /home/mgces/openharmony/code/out/preloader/rk3568/syscap.json
[OHOS INFO] [PRELOAD] generated exclusion modules info to /home/mgces/openharmony/code/out/preloader/rk3568/exclusion_modules.json
[OHOS INFO] [PRELOAD] generated dependency pruning info to /home/mgces/openharmony/code/out/preloader/rk3568/dependency_pruning.json
[OHOS INFO] [PRELOAD] generated platforms build info to /home/mgces/openharmony/code/out/preloader/rk3568/platforms.build
[OHOS INFO] [PRELOAD] generated subsystem config info to /home/mgces/openharmony/code/out/preloader/rk3568/subsystem_config.json
[OHOS INFO] [PRELOAD] generated system capability info to /home/mgces/openharmony/code/out/preloader/rk3568/systemcapability.json
[OHOS INFO] [PRELOAD] generated compile_standard_whitelist info to /home/mgces/openharmony/code/out/preloader/rk3568/compile_standard_whitelist.json
[OHOS INFO] [PRELOAD] generated compile_env_allowlist info to /home/mgces/openharmony/code/out/preloader/rk3568/compile_env_allowlist.json
[OHOS INFO] [PRELOAD] generated hvigor_compile_whitelist info to /home/mgces/openharmony/code/out/preloader/rk3568/hvigor_compile_hap_whitelist.json
[OHOS INFO]  The run time for _prebuild_and_preload is 0.01 s
[OHOS INFO] [LOAD] Checking all build args...
[OHOS INFO] [LOAD] subsytem config scan completed costed is 6.04 s
[93m[OHOS WARNING][0m [LOAD] condition target '//base/hiviewdfx/hilog/test:hilog_unittest' in '/home/mgces/openharmony/code/base/hiviewdfx/hilog/bundle.json' does not exist in 'sub_component', 'modules', 'group_type', 'inner_kits', 'inner_api' or 'test'
[93m[OHOS WARNING][0m [LOAD] condition target '//base/hiviewdfx/hilog/test:hilog_moduletest' in '/home/mgces/openharmony/code/base/hiviewdfx/hilog/bundle.json' does not exist in 'sub_component', 'modules', 'group_type', 'inner_kits', 'inner_api' or 'test'
[93m[OHOS WARNING][0m [LOAD] condition target '//base/hiviewdfx/hilog/test:fuzztest' in '/home/mgces/openharmony/code/base/hiviewdfx/hilog/bundle.json' does not exist in 'sub_component', 'modules', 'group_type', 'inner_kits', 'inner_api' or 'test'
[93m[OHOS WARNING][0m [LOAD] condition target '//foundation/arkui/ace_engine/test/unittest:unittest' in '/home/mgces/openharmony/code/foundation/arkui/ace_engine/bundle.json' does not exist in 'sub_component', 'modules', 'group_type', 'inner_kits', 'inner_api' or 'test'
[93m[OHOS WARNING][0m [LOAD] condition target '//foundation/arkui/ace_engine/test/benchmark:benchmark' in '/home/mgces/openharmony/code/foundation/arkui/ace_engine/bundle.json' does not exist in 'sub_component', 'modules', 'group_type', 'inner_kits', 'inner_api' or 'test'
[93m[OHOS WARNING][0m [LOAD] condition target '//foundation/arkui/napi:napi_packages_test' in '/home/mgces/openharmony/code/foundation/arkui/napi/bundle.json' does not exist in 'sub_component', 'modules', 'group_type', 'inner_kits', 'inner_api' or 'test'
[93m[OHOS WARNING][0m [LOAD] condition target '//foundation/arkui/napi/module_manager/test/unittest/module_manager_test:unittest' in '/home/mgces/openharmony/code/foundation/arkui/napi/bundle.json' does not exist in 'sub_component', 'modules', 'group_type', 'inner_kits', 'inner_api' or 'test'
[93m[OHOS WARNING][0m [LOAD] condition target '//foundation/arkui/napi/sample/native_module_systemtest:systemtest' in '/home/mgces/openharmony/code/foundation/arkui/napi/bundle.json' does not exist in 'sub_component', 'modules', 'group_type', 'inner_kits', 'inner_api' or 'test'
[93m[OHOS WARNING][0m [LOAD] condition target '//foundation/arkui/napi/test/unittest:unittest' in '/home/mgces/openharmony/code/foundation/arkui/napi/bundle.json' does not exist in 'sub_component', 'modules', 'group_type', 'inner_kits', 'inner_api' or 'test'
[93m[OHOS WARNING][0m [LOAD] condition target '//foundation/arkui/napi/test/fuzztest:fuzztest' in '/home/mgces/openharmony/code/foundation/arkui/napi/bundle.json' does not exist in 'sub_component', 'modules', 'group_type', 'inner_kits', 'inner_api' or 'test'
[93m[OHOS WARNING][0m [LOAD] condition target '//arkcompiler/ets_runtime/compiler_service:static_app_install_aot_enable_list.conf' in '/home/mgces/openharmony/code/arkcompiler/ets_runtime/bundle.json' does not exist in 'sub_component', 'modules', 'group_type', 'inner_kits', 'inner_api' or 'test'
[93m[OHOS WARNING][0m [LOAD] condition target '//arkcompiler/ets_runtime:ark_js_unittest' in '/home/mgces/openharmony/code/arkcompiler/ets_runtime/bundle.json' does not exist in 'sub_component', 'modules', 'group_type', 'inner_kits', 'inner_api' or 'test'
[93m[OHOS WARNING][0m [LOAD] condition target '//arkcompiler/ets_runtime/compiler_service/test:compiler_service_unittest' in '/home/mgces/openharmony/code/arkcompiler/ets_runtime/bundle.json' does not exist in 'sub_component', 'modules', 'group_type', 'inner_kits', 'inner_api' or 'test'
[93m[OHOS WARNING][0m [LOAD] condition target '//arkcompiler/ets_runtime/compiler_service/test:compiler_service_fuzztest' in '/home/mgces/openharmony/code/arkcompiler/ets_runtime/bundle.json' does not exist in 'sub_component', 'modules', 'group_type', 'inner_kits', 'inner_api' or 'test'
warning: subsystem name config incorrect in '/home/mgces/openharmony/code/vendor/hihope/rk3568/ohos.build', build file subsystem name is product_hihope,configured subsystem name is product_rk3568.
warning: subsystem name config incorrect in '/home/mgces/openharmony/code/device/board/hihope/rk3568/ohos.build', build file subsystem name is rockchip_products,configured subsystem name is device_rk3568.
[OHOS INFO] [LOAD] all parts scan completed
[OHOS INFO] [LOAD] Loading configuration file...

[OHOS INFO] [LOAD] loader args:['platforms_config_file="/home/mgces/openharmony/code/out/preloader/rk3568/platforms.build"', 'subsystem_config_file="/home/mgces/openharmony/code/out/preloader/rk3568/subsystem_config.json"', 'example_subsystem_file=""', 'exclusion_modules_config_file="/home/mgces/openharmony/code/out/preloader/rk3568/exclusion_modules.json"', 'source_root_dir="/home/mgces/openharmony/code/"', 'gn_root_out_dir="out/rk3568"', 'build_platform_name=phone', 'build_xts=False', 'load_test_config=False', 'target_os=ohos', 'target_cpu=arm', 'os_level=standard', "ignore_api_check=['xts', 'common', 'testfwk']", 'scalable_build=False', 'skip_partlist_check=False', 'enable_scan_optimization=False']
[OHOS INFO] [LOAD] Checking parts config...
[OHOS INFO] [LOAD] generated subsystem build config to '/home/mgces/openharmony/code/out/rk3568/build_configs/subsystem_info/subsystem_build_config.json'
[OHOS INFO] [LOAD] generated src subsystem info to '/home/mgces/openharmony/code/out/rk3568/build_configs/subsystem_info/src_subsystem_info.json'
[OHOS INFO] [LOAD] generated no src subsystem info to '/home/mgces/openharmony/code/out/rk3568/build_configs/subsystem_info/no_src_subsystem_info.json'
[OHOS INFO] [LOAD] generate target platform parts to '/home/mgces/openharmony/code/out/rk3568/build_configs/target_platforms_parts.json'
[OHOS INFO] [LOAD] generated system capabilities to '/home/mgces/openharmony/code/out/rk3568/build_configs/phone_system_capabilities.json'
[OHOS INFO] [LOAD] generated platforms parts by src to '/home/mgces/openharmony/code/out/rk3568/build_configs/platforms_parts_by_src.json'
[OHOS INFO] [LOAD] generate required parts targets to '/home/mgces/openharmony/code/out/rk3568/build_configs/required_parts_targets.json'
[OHOS INFO] [LOAD] generate build targets list file to '/home/mgces/openharmony/code/out/rk3568/build_configs/required_parts_targets_list.json'
[OHOS INFO] [LOAD] generated parts src flag to '/home/mgces/openharmony/code/out/rk3568/build_configs/subsystem_info/parts_src_flag.json'
[OHOS INFO] [LOAD] generate auto install part to '/home/mgces/openharmony/code/out/rk3568/build_configs/auto_install_parts.json'
[OHOS INFO] [LOAD] generate platforms list to '/home/mgces/openharmony/code/out/rk3568/build_configs/platforms_list.gni'
[OHOS INFO] [LOAD] generate part different info to '/home/mgces/openharmony/code/out/rk3568/build_configs/parts_different_info.json'
[OHOS INFO] [LOAD] generate infos for testfwk to '/home/mgces/openharmony/code/out/rk3568/build_configs/infos_for_testfwk.json'
[OHOS INFO] [LOAD] Checking all product features...
[OHOS INFO] [LOAD] generate syscap info file to '/home/mgces/openharmony/code/out/preloader/rk3568/system/etc/SystemCapability.json'
[OHOS INFO] [LOAD] generate syscap info with part name list to '/home/mgces/openharmony/code/out/preloader/rk3568/system/etc/syscap.json'
[OHOS INFO] [LOAD] generate target syscap for init list to '/home/mgces/openharmony/code/out/preloader/rk3568/system/etc/param/syscap.para'

[OHOS INFO] [GN] Excuting gn command: /home/mgces/openharmony/code/prebuilts/build-tools/linux-x86/bin/gn gen --args="product_name=\"rk3568\" target_cpu=\"arm\" precise_branch=\"\" is_standard_system=true product_path=\"/home/mgces/openharmony/code/vendor/hihope/rk3568\" product_config_path=\"/home/mgces/openharmony/code/vendor/hihope/rk3568\" device_name=\"rk3568\" device_path=\"/home/mgces/openharmony/code/device/board/rockchip/rk3568\" device_company=\"rockchip\" device_config_path=\"/home/mgces/openharmony/code/device/board/rockchip/rk3568\" ohos_build_compiler_specified=\"\" ohos_build_time=1783452372648 ohos_build_datetime=\"2026-07-08 11:26:12\" ace_engine_feature_enable_accessibility=true ace_engine_feature_enable_web=true ace_engine_feature_enable_upgrade_skia=true os_account_multiple_active_accounts=false datamgr_service_udmf=true access_token_enhance_capability=false code_signature_support_oh_code_sign=false code_signature_support_oh_release_app=true code_signature_support_app_allow_list=false init_feature_ab_partition=true hiview_feature_bbox_userspace=true hiview_enable_leak_detector=true hiview_enable_performance_monitor=true t2stack_feature_vtp=true t2stack_feature_coap=true t2stack_feature_dfile=true dsoftbus_feature_coap=true dsoftbus_feature_vtp=true dsoftbus_feature_dfile=true dsoftbus_feature_disc_ble=true dsoftbus_feature_disc_coap=true dsoftbus_feature_disc_lnn_coap=true dsoftbus_feature_conn_pv1=true dsoftbus_feature_conn_br=true dsoftbus_feature_conn_ble=true dsoftbus_feature_conn_tcp_proxy=true dsoftbus_feature_conn_tcp_comm=true dsoftbus_feature_trans_udp_stream=true dsoftbus_feature_trans_udp_file=true dsoftbus_feature_trans_udp=true dsoftbus_feature_trans_proxy_file=true dsoftbus_feature_trans_qos=true dsoftbus_feature_trans_br_proxy=true dsoftbus_feature_lnn_ble=true dsoftbus_feature_lnn_wifi=true dsoftbus_feature_lnn_cloud_sync=true dsoftbus_feature_lnn_channel_rating=true dsoftbus_feature_lnn_lane_mgr=true dsoftbus_feature_lnn_lane_qos=true dsoftbus_feature_lnn_frame=true wifi_feature_non_seperate_p2p=true wifi_feature_non_hdf_driver=true wifi_feature_p2p_random_mac_addr=true fusion_connectivity_partner_agent_feature=true updater_feature_use_ptable=false updater_feature_updater_gen_executable=true updater_feature_sign_on_server=false sys_installer_feature_ohos_cfg=true graphic_2d_feature_rs_enable_eglimage=true graphic_2d_feature_use_texgine=true graphic_2d_feature_upgrade_skia=true audio_framework_feature_dtmf_tone=true audio_framework_feature_opensl_es=true audio_framework_feature_support_os_account=false audio_framework_feature_audiosuite_support=true audio_framework_feature_hdmi_detect_audio=true image_framework_feature_upgrade_skia=true input_feature_combination_key=true input_feature_pointer_drawing=true input_feature_interceptor=true input_feature_monitor=true input_feature_keyboard=true input_feature_mouse=true input_feature_touchscreen=true input_feature_input_device=true battery_manager_feature_enable_charger=true memmgr_purgeable_memory=true memmgr_hyperhold_memory=true usb_manager_feature_pop_up_func_switch_model=false usb_manager_feature_host=true usb_manager_feature_device=true usb_manager_feature_port=true device_status_interaction_coordination=false wpa_supplicant_driver_nl80211=true skia_feature_upgrade=true libuv_use_ffrt=true qrcodegen_feature_ace_engine_qrcode_able=true hdf_core_platform_test_support=false hdf_core_default_peripheral_config=false drivers_interface_display_community=true drivers_interface_display_vdi_default=true drivers_peripheral_input_feature_model=true drivers_peripheral_input_feature_support_ddk=true drivers_peripheral_display_community=true drivers_peripheral_display_vdi_default=true drivers_peripheral_wlan_feature_enable_HDF_NL80211=true drivers_peripheral_wlan_feature_enable_HDF_UT=false drivers_peripheral_wlan_feature_vendor=\"default\" drivers_peripheral_wlan_p2p_name=\"p2p-dev-wlan0\" drivers_peripheral_sensor_feature_model=true drivers_peripheral_audio_feature_full_test_suite=true drivers_peripheral_audio_feature_alsa_lib=false drivers_peripheral_audio_feature_effect=true drivers_peripheral_light_feature_model=true drivers_peripheral_vibrator_feature_model=true drivers_peripheral_codec_feature_support_omx_extend_test=true drivers_peripheral_codec_feature_support_hdi_v1=true smartperf_host_device=true drivers_interface_audio_community=true alsa_lib_feature_config_enable=true ohos_build_enable_ccache=true ohos_build_type=\"debug\" device_type=\"default\" build_variant=\"root\" ohos_components_checktype=4 ohos_interception_rule_switch=1023 skip_generate_module_list_file=true sdk_platform=\"linux\" ndk_platform=\"linux\" use_cfi=false use_thin_lto=false enable_lto_O0=true sdk_check_flag=false enable_ndk_doxygen=false archive_ndk=false sdk_for_hap_build=true enable_archive_sdk=false enable_notice_collection=false enable_process_notice=false point_split=true root_perf_main=\"main\" runtime_mode=\"release\"" --args=product_name="rk3568" target_cpu="arm" precise_branch="" is_standard_system=true product_path="/home/mgces/openharmony/code/vendor/hihope/rk3568" product_config_path="/home/mgces/openharmony/code/vendor/hihope/rk3568" device_name="rk3568" device_path="/home/mgces/openharmony/code/device/board/rockchip/rk3568" device_company="rockchip" device_config_path="/home/mgces/openharmony/code/device/board/rockchip/rk3568" ohos_build_compiler_specified="" ohos_build_time=1783452372648 ohos_build_datetime="2026-07-08 11:26:12" ace_engine_feature_enable_accessibility=true ace_engine_feature_enable_web=true ace_engine_feature_enable_upgrade_skia=true os_account_multiple_active_accounts=false datamgr_service_udmf=true access_token_enhance_capability=false code_signature_support_oh_code_sign=false code_signature_support_oh_release_app=true code_signature_support_app_allow_list=false init_feature_ab_partition=true hiview_feature_bbox_userspace=true hiview_enable_leak_detector=true hiview_enable_performance_monitor=true t2stack_feature_vtp=true t2stack_feature_coap=true t2stack_feature_dfile=true dsoftbus_feature_coap=true dsoftbus_feature_vtp=true dsoftbus_feature_dfile=true dsoftbus_feature_disc_ble=true dsoftbus_feature_disc_coap=true dsoftbus_feature_disc_lnn_coap=true dsoftbus_feature_conn_pv1=true dsoftbus_feature_conn_br=true dsoftbus_feature_conn_ble=true dsoftbus_feature_conn_tcp_proxy=true dsoftbus_feature_conn_tcp_comm=true dsoftbus_feature_trans_udp_stream=true dsoftbus_feature_trans_udp_file=true dsoftbus_feature_trans_udp=true dsoftbus_feature_trans_proxy_file=true dsoftbus_feature_trans_qos=true dsoftbus_feature_trans_br_proxy=true dsoftbus_feature_lnn_ble=true dsoftbus_feature_lnn_wifi=true dsoftbus_feature_lnn_cloud_sync=true dsoftbus_feature_lnn_channel_rating=true dsoftbus_feature_lnn_lane_mgr=true dsoftbus_feature_lnn_lane_qos=true dsoftbus_feature_lnn_frame=true wifi_feature_non_seperate_p2p=true wifi_feature_non_hdf_driver=true wifi_feature_p2p_random_mac_addr=true fusion_connectivity_partner_agent_feature=true updater_feature_use_ptable=false updater_feature_updater_gen_executable=true updater_feature_sign_on_server=false sys_installer_feature_ohos_cfg=true graphic_2d_feature_rs_enable_eglimage=true graphic_2d_feature_use_texgine=true graphic_2d_feature_upgrade_skia=true audio_framework_feature_dtmf_tone=true audio_framework_feature_opensl_es=true audio_framework_feature_support_os_account=false audio_framework_feature_audiosuite_support=true audio_framework_feature_hdmi_detect_audio=true image_framework_feature_upgrade_skia=true input_feature_combination_key=true input_feature_pointer_drawing=true input_feature_interceptor=true input_feature_monitor=true input_feature_keyboard=true input_feature_mouse=true input_feature_touchscreen=true input_feature_input_device=true battery_manager_feature_enable_charger=true memmgr_purgeable_memory=true memmgr_hyperhold_memory=true usb_manager_feature_pop_up_func_switch_model=false usb_manager_feature_host=true usb_manager_feature_device=true usb_manager_feature_port=true device_status_interaction_coordination=false wpa_supplicant_driver_nl80211=true skia_feature_upgrade=true libuv_use_ffrt=true qrcodegen_feature_ace_engine_qrcode_able=true hdf_core_platform_test_support=false hdf_core_default_peripheral_config=false drivers_interface_display_community=true drivers_interface_display_vdi_default=true drivers_peripheral_input_feature_model=true drivers_peripheral_input_feature_support_ddk=true drivers_peripheral_display_community=true drivers_peripheral_display_vdi_default=true drivers_peripheral_wlan_feature_enable_HDF_NL80211=true drivers_peripheral_wlan_feature_enable_HDF_UT=false drivers_peripheral_wlan_feature_vendor="default" drivers_peripheral_wlan_p2p_name="p2p-dev-wlan0" drivers_peripheral_sensor_feature_model=true drivers_peripheral_audio_feature_full_test_suite=true drivers_peripheral_audio_feature_alsa_lib=false drivers_peripheral_audio_feature_effect=true drivers_peripheral_light_feature_model=true drivers_peripheral_vibrator_feature_model=true drivers_peripheral_codec_feature_support_omx_extend_test=true drivers_peripheral_codec_feature_support_hdi_v1=true smartperf_host_device=true drivers_interface_audio_community=true alsa_lib_feature_config_enable=true ohos_build_enable_ccache=true ohos_build_type="debug" device_type="default" build_variant="root" ohos_components_checktype=4 ohos_interception_rule_switch=1023 skip_generate_module_list_file=true sdk_platform="linux" ndk_platform="linux" use_cfi=false use_thin_lto=false enable_lto_O0=true sdk_check_flag=false enable_ndk_doxygen=false archive_ndk=false sdk_for_hap_build=true enable_archive_sdk=false enable_notice_collection=false enable_process_notice=false point_split=true root_perf_main="main" runtime_mode="release" /home/mgces/openharmony/code/out/rk3568
[OHOS INFO] [GN] root_out_dir=//out/rk3568
[OHOS INFO] [GN] root_build_dir=//out/rk3568
[OHOS INFO] [GN] root_gen_dir=//out/rk3568/gen
[OHOS INFO] [GN] current_toolchain=//build/toolchain/ohos:ohos_clang_arm
[OHOS INFO] [GN] host_toolchain=//build/toolchain/linux:clang_x64
[OHOS INFO] [GN] Cares install
[OHOS INFO] [GN] time_system_ability_static output_values: ["//out/rk3568/gen/base/time/time_service/services/itime_service.h", "//out/rk3568/gen/base/time/time_service/services/time_service_proxy.cpp", "//out/rk3568/gen/base/time/time_service/services/time_service_stub.cpp", "//out/rk3568/gen/base/time/time_service/services/time_service_proxy.h", "//out/rk3568/gen/base/time/time_service/services/time_service_stub.h", "//out/rk3568/gen/base/time/time_service/services/itimer_callback.h", "//out/rk3568/gen/base/time/time_service/services/timer_callback_proxy.cpp", "//out/rk3568/gen/base/time/time_service/services/timer_callback_stub.cpp", "//out/rk3568/gen/base/time/time_service/services/timer_callback_proxy.h", "//out/rk3568/gen/base/time/time_service/services/timer_callback_stub.h"]
[OHOS INFO] [GN] current_cpu = arm
[OHOS INFO] [GN] current_os = ohos
[OHOS INFO] [GN] host_os = linux
[OHOS INFO] [GN] is_mingw = false
[OHOS INFO] [GN] ffmpeg selected cplatform
[OHOS INFO] [GN] ************libhilog_base use_musl ***************
[OHOS INFO] [GN] //out/rk3568/obj/foundation/arkui/advanced_ui_component/customappbar/atomicservicemenubar/atomicservicemenubar.abc
[OHOS INFO] [GN] drivers_peripheral_face_auth
[OHOS INFO] [GN] bundle_framework_power_mgr_enable = true
[OHOS INFO] [GN] bundle_framework_graphics = true
[OHOS INFO] [GN] bundle_framework_free_install = true
[OHOS INFO] [GN] bundle_framework_default_app = true
[OHOS INFO] [GN] bundle_framework_launcher = true
[OHOS INFO] [GN] bundle_framework_sandbox_app = true
[OHOS INFO] [GN] bundle_framework_quick_fix = true
[OHOS INFO] [GN] bundle_framework_app_control = true
[OHOS INFO] [GN] distributed_bundle_framework = true
[OHOS INFO] [GN] ability_runtime_enable = true
[OHOS INFO] [GN] account_enable = true
[OHOS INFO] [GN] configpolicy_enable = true
[OHOS INFO] [GN] global_resmgr_enable = true
[OHOS INFO] [GN] hicollie_enable = true
[OHOS INFO] [GN] support_jsapi = true
[OHOS INFO] [GN] hisysevent_enable = true
[OHOS INFO] [GN] bundle_framework_overlay_install = true
[OHOS INFO] [GN] bundle_framework_bundle_resource = true
[OHOS INFO] [GN] verify_abc_enabled = true
[OHOS INFO] [GN] user_auth_framework_impl_enabled = true
[OHOS INFO] [GN] bundle_framework_bss_enable = false
[OHOS INFO] [GN] bundle_framework_npapi_enable = false
[OHOS INFO] [GN] bms_accesscontrol_sandbox_manager = true
[OHOS INFO] [GN] drivers_peripheral_fingerprint_auth
[OHOS INFO] [GN] battery_interface_service
[OHOS INFO] [GN] output_values: ["//out/rk3568/gen/domains/game/game_controller_framework/frameworks/native/igame_controller_server_interface.h", "//out/rk3568/gen/domains/game/game_controller_framework/frameworks/native/game_controller_server_interface_proxy.cpp", "//out/rk3568/gen/domains/game/game_controller_framework/frameworks/native/game_controller_server_interface_stub.cpp", "//out/rk3568/gen/domains/game/game_controller_framework/frameworks/native/game_controller_server_interface_proxy.h", "//out/rk3568/gen/domains/game/game_controller_framework/frameworks/native/game_controller_server_interface_stub.h"]
[OHOS INFO] [GN] location_geofence
[OHOS INFO] [GN] input_feature_combination_key = true
[OHOS INFO] [GN] input_feature_pointer_drawing = true
[OHOS INFO] [GN] input_feature_monitor = true
[OHOS INFO] [GN] input_feature_interceptor = true
[OHOS INFO] [GN] input_feature_keyboard = true
[OHOS INFO] [GN] input_feature_switch = true
[OHOS INFO] [GN] input_feature_mouse = true
[OHOS INFO] [GN] input_feature_joystick = true
[OHOS INFO] [GN] input_feature_touchscreen = true
[OHOS INFO] [GN] input_feature_input_device = true
[OHOS INFO] [GN] input_feature_short_key = true
[OHOS INFO] [GN] input_ext_feature_keyboard_ext_flag = false
[OHOS INFO] [GN] input_feature_one_hand_mode_enable = false
[OHOS INFO] [GN] input_feature_move_event_filters = false
[OHOS INFO] [GN] input_feature_external_screen = true
[OHOS INFO] [GN] input_feature_touchpad = true
[OHOS INFO] [GN] input_feature_pen = true
[OHOS INFO] [GN] input_feature_touch_gesture = true
[OHOS INFO] [GN] input_controller_inject_enable = false
[OHOS INFO] [GN] openssl detecting os now...
[OHOS INFO] [GN] current_cpu = arm
[OHOS INFO] [GN] current_os = ohos
[OHOS INFO] [GN] host_os = linux
[OHOS INFO] [GN] is_mingw = false
[OHOS INFO] [GN] openssl selected linux-armv4
[OHOS INFO] [GN] openssl detecting os done. openssl_selected_platform = linux-armv4
[OHOS INFO] [GN] hid_ddk
[OHOS INFO] [GN] input_service
[OHOS INFO] [GN] hid_ddk
[OHOS INFO] [GN] miscdevice_feature_vibrator_custom = true
[OHOS INFO] [GN] ril_service
[OHOS INFO] [GN] ril_service
[OHOS INFO] [GN] ril_service
[OHOS INFO] [GN] ril_service
[OHOS INFO] [GN] ril_service
[OHOS INFO] [GN] distributed_camera_provider_service
[OHOS INFO] [GN] E2FSPROGS_DIR is /home/mgces/openharmony/code/out/rk3568/gen/third_party/e2fsprogs/e2fsprogs
[OHOS INFO] [GN] light_service
[OHOS INFO] [GN] effect_host
[OHOS INFO] [GN] audio_service
[OHOS INFO] [GN] audio_service
[OHOS INFO] [GN] Build curl is_cares_on: true
[OHOS INFO] [GN] Build curl support_gmssl: true
[OHOS INFO] [GN] low_power_player_service
[OHOS INFO] [GN] has_hisysevent_part = true
[OHOS INFO] [GN] event ces_hitrace_usage = true
[OHOS INFO] [GN] distributed_bundle_framework_graphics = true
[OHOS INFO] [GN] ability_runtime_enable_dbms = true
[OHOS INFO] [GN] account_enable_dbms = true
[OHOS INFO] [GN] distributed_bundle_framework_enable = true
[OHOS INFO] [GN] hisysevent_enable_dbms = true
[OHOS INFO] [GN] distributed_bundle_image_framework_enable = true
[OHOS INFO] [GN] bluetooth_hci
[OHOS INFO] [GN] bluetooth_lp_ble
[OHOS INFO] [GN] bluetooth_a2dp
[OHOS INFO] [GN] rk3568_group in
[OHOS INFO] [GN] account_enable_bm = true
[OHOS INFO] [GN] overlay_install_bm = true
[OHOS INFO] [GN] quick_fix_bm = true
[OHOS INFO] [GN] distributed_bundle_framework_bm = true
[OHOS INFO] [GN] partitionslot_interface_service
[OHOS INFO] [GN] location_agnss
[OHOS INFO] [GN] location_agnss
[OHOS INFO] [GN] Reading plugin sources: ets (//build/toolchain/ohos:ohos_clang_arm)
[OHOS INFO] [GN] camera_service
[OHOS INFO] [GN] camera_service
[OHOS INFO] [GN] camera_service
[OHOS INFO] [GN] camera_service
[OHOS INFO] [GN] camera_service
[OHOS INFO] [GN] camera_service
[OHOS INFO] [GN] camera_service
[OHOS INFO] [GN] camera_service
[OHOS INFO] [GN] backends_action is exec
[OHOS INFO] [GN] ["--haptobin", "../../developtools/packing_tool/adapter/ohos", "--haptobinOutput", "obj/developtools/packing_tool/jar/haptobin_tool.jar", "--unpackOutput", "obj/developtools/packing_tool/jar/app_unpacking_tool.jar", "--packOutput", "obj/developtools/packing_tool/jar/app_packing_tool.jar", "--outpath", "obj/developtools/packing_tool/jar", "--checkOutput", "obj/developtools/packing_tool/jar/app_check_tool.jar", "--toolchain", "//build/toolchain/ohos:ohos_clang_arm", "--compileTarget", "image"]
[OHOS INFO] [GN] current_cpu = arm
[OHOS INFO] [GN] current_os = ohos
[OHOS INFO] [GN] host_os = linux
[OHOS INFO] [GN] openhitls detecting os done, openhitls_selected_platform = 
[OHOS INFO] [GN] Support dsoftbus.
[OHOS INFO] [GN] support hearing aid
[OHOS INFO] [GN] Debug info gen_utils_abc file path:  //out/rk3568/obj/commonlibrary/ets_utils/js_concurrent_module/utils/utils.abc
[OHOS INFO] [GN] daudio
[OHOS INFO] [GN] daudio
[OHOS INFO] [GN] daudioext
[OHOS INFO] [GN] daudioext
[OHOS INFO] [GN] midi
[OHOS INFO] [GN] sensor_service
[OHOS INFO] [GN] sensor_service
[OHOS INFO] [GN] sensor_convert_service
[OHOS INFO] [GN] drivers_peripheral_pin_auth
[OHOS INFO] [GN] cups_action is exec
[OHOS INFO] [GN] av_codec_support_fcodec = true
[OHOS INFO] [GN] av_codec_support_avc_encoder = true
[OHOS INFO] [GN] av_codec_support_hevc_decoder = true
[OHOS INFO] [GN] av_codec_support_hcodec = true
[OHOS INFO] [GN] av_codec_support_vp8_decoder = false
[OHOS INFO] [GN] av_codec_support_vp9_decoder = false
[OHOS INFO] [GN] av_codec_support_av1_decoder = false
[OHOS INFO] [GN] av_codec_enable_start_stop_on_demand = false
[OHOS INFO] [GN] power_interface_service
[OHOS INFO] [GN] native_media_venc: FAST_KIT_ENABLED=false
[OHOS INFO] [GN] power_interface_service
[OHOS INFO] [GN] power_interface_service
[OHOS INFO] [GN] drm_interface_service
[OHOS INFO] [GN] drm_interface_service
[OHOS INFO] [GN] motion_service
[OHOS INFO] [GN] motion_service
[OHOS INFO] [GN] ########## ets_runtime disable cmc-gc ##############
[OHOS INFO] [GN] vibrator_service
[OHOS INFO] [GN] drivers_peripheral_user_auth
[OHOS INFO] [GN] drivers_peripheral_user_auth
[OHOS INFO] [GN] usbd
[OHOS INFO] [GN] usbd
[OHOS INFO] [GN] usbd
[OHOS INFO] [GN] serial
[OHOS INFO] [GN] usbfn_mtp
[OHOS INFO] [GN] usb_ddk
[OHOS INFO] [GN] usbd
[OHOS INFO] [GN] usbd
[OHOS INFO] [GN] usb_ddk
[OHOS INFO] [GN] usb_ddk
[OHOS INFO] [GN] scsi_ddk
[OHOS INFO] [GN] usb_serial_ddk
[OHOS INFO] [GN] accessibility_feature_display_manager = true
[OHOS INFO] [GN] accessibility_feature_power_manager = true
[OHOS INFO] [GN] accessibility_use_rosen_drawing = true
[OHOS INFO] [GN] accessibility_feature_data_share = true
[OHOS INFO] [GN] accessibility_feature_hiviewdfx_hitrace = true
[OHOS INFO] [GN] accessibility_feature_hiviewdfx_hisysevent = true
[OHOS INFO] [GN] Msdp motion ability is disabled.
[OHOS INFO] [GN] window_manager_use_sceneboard = false
[OHOS INFO] [GN] window_manager_feature_subscribe_motion = false
[OHOS INFO] [GN] imf_enable:  true
[OHOS INFO] [GN] imf_enable:  true
[OHOS INFO] [GN] imf_enable:  true
[OHOS INFO] [GN] window_scene_common imf_enable:  true
[OHOS INFO] [GN] imf_enable:  true
[OHOS INFO] [GN] window manager fold ability is enabled.
[OHOS INFO] [GN] window manager active mode ability is enabled.
[OHOS INFO] [GN] window manager screen color gamut ability is enabled.
[OHOS INFO] [GN] window manager screen hdr format ability is enabled.
[OHOS INFO] [GN] window manager screen color space ability is enabled.
[OHOS INFO] [GN] window manager screen multi screen ability is enabled.
[OHOS INFO] [GN] window manager screen multi screen frame ctl ability is enabled.
[OHOS INFO] [GN] window manager screen camera mode ability is enabled.
[OHOS INFO] [GN] window manager screen multi usr ability is enabled.
[OHOS INFO] [GN] window manager screen lock manager ability is enabled.
[OHOS INFO] [GN] imf_enable:  true
[OHOS INFO] [GN] imf_enable:  true
[OHOS INFO] [GN] imf_enable:  true
[OHOS INFO] [GN] drivers_peripheral_huks
[OHOS INFO] [GN] drivers_peripheral_huks
[OHOS INFO] [GN] ethernet_service
[OHOS INFO] [GN] location_gnss
[OHOS INFO] [GN] display_buffer
[OHOS INFO] [GN] display_buffer
[OHOS INFO] [GN] display_composer
[OHOS INFO] [GN] display_commontype
[OHOS INFO] [GN] display_composer
[OHOS INFO] [GN] display_composer
[OHOS INFO] [GN] display_commontype
[OHOS INFO] [GN] display_buffer
[OHOS INFO] [GN] display_composer
[OHOS INFO] [GN] display_composer
[OHOS INFO] [GN] display_composer
[OHOS INFO] [GN] display_commontype
[OHOS INFO] [GN] display_buffer
[OHOS INFO] [GN] display_buffer
[OHOS INFO] [GN] display_commontype
[OHOS INFO] [GN] display_commontype
[OHOS INFO] [GN] display_commontype
[OHOS INFO] [GN] wlan_service
[OHOS INFO] [GN] wlan_service
[OHOS INFO] [GN] wlan_service
[OHOS INFO] [GN] wpa_service
[OHOS INFO] [GN] hostapd_service
[OHOS INFO] [GN] chip
[OHOS INFO] [GN] chip
[OHOS INFO] [GN] wpa_supplicant_vendor_ext = false
[OHOS INFO] [GN] wpa_supplicant_wapi = false
[OHOS INFO] [GN] hisysevent_usage = false
[OHOS INFO] [GN] ans_hitrace_usage = true
[OHOS INFO] [GN] nnrt
[OHOS INFO] [GN] nnrt
[OHOS INFO] [GN] nnrt
[OHOS INFO] [GN] memory_tracker_interface_service
[OHOS INFO] [GN] thermal_interface_service
[OHOS INFO] [GN] codec_service
[OHOS INFO] [GN] codec_service
[OHOS INFO] [GN] codec_service
[OHOS INFO] [GN] intell_voice_engine_service
[OHOS INFO] [GN] intell_voice_engine_service
[OHOS INFO] [GN] intell_voice_engine_service
[OHOS INFO] [GN] intell_voice_engine_service
[OHOS INFO] [GN] intell_voice_trigger_service
[OHOS INFO] [GN] intell_voice_trigger_service
[OHOS INFO] [GN] intell_voice_trigger_service
[OHOS INFO] [GN] libunwind_action is exec
[OHOS INFO] [GN] histreamer plugin: ffmpeg_adapter = true
[OHOS INFO] [GN] histreamer plugin: wav_demuxer = false
[OHOS INFO] [GN] histreamer plugin: hdi_adapter = false
[OHOS INFO] [GN] histreamer plugin: file_source = false
[OHOS INFO] [GN] histreamer plugin: file_fd_source = false
[OHOS INFO] [GN] histreamer plugin: std_stream_source = false
[OHOS INFO] [GN] histreamer plugin: http_source = false
[OHOS INFO] [GN] histreamer plugin: stream_source = false
[OHOS INFO] [GN] histreamer plugin: audio_server_sink = false
[OHOS INFO] [GN] histreamer plugin: lite_aac_decoder = false
[OHOS INFO] [GN] histreamer plugin: std_video_surface_sink = false
[OHOS INFO] [GN] histreamer plugin: std_video_capture = false
[OHOS INFO] [GN] histreamer plugin: file_fd_sink = false
[OHOS INFO] [GN] histreamer plugin: codec_adapter = true
[OHOS INFO] [GN] include_dirs= ["//out/rk3568/gen/foundation/multimedia/audio_framework/services/audio_service/idl", "//foundation/multimedia/audio_framework/services/audio_service/idl/"]
[OHOS INFO] [GN] target_gen_dir= //out/rk3568/gen/foundation/multimedia/audio_framework/services/audio_service/idl
[OHOS INFO] [GN] target_out_dir //out/rk3568/obj/arkcompiler/runtime_core/libark_defect_scan_aux/tests/unittest
[OHOS INFO] [GN] target_dir /home/mgces/openharmony/code/out/rk3568/obj/arkcompiler/runtime_core/libark_defect_scan_aux/tests/unittest
[OHOS INFO] [GN] test_abc_dir /home/mgces/openharmony/code/out/rk3568/obj/arkcompiler/runtime_core/libark_defect_scan_aux/tests/unittest
[OHOS INFO] [GN] target_out_dir //out/rk3568/clang_x64/obj/arkcompiler/runtime_core/libark_defect_scan_aux/tests/unittest
[OHOS INFO] [GN] target_dir /home/mgces/openharmony/code/out/rk3568/clang_x64/obj/arkcompiler/runtime_core/libark_defect_scan_aux/tests/unittest
[OHOS INFO] [GN] test_abc_dir /home/mgces/openharmony/code/out/rk3568/clang_x64/obj/arkcompiler/runtime_core/libark_defect_scan_aux/tests/unittest
[OHOS INFO] [GN] Reading plugin sources: ets (//build/toolchain/linux:clang_x64)
[OHOS INFO] [GN] ########## ets_runtime disable cmc-gc ##############
[OHOS INFO] [GN] imf_enable:  true
[OHOS INFO] [GN] default_toolchain =  //build/toolchain/ohos:ohos_clang_arm
[OHOS INFO] [GN] current_toolchain =  //build/toolchain/ohos:ohos_clang_arm
[OHOS INFO] [GN] host_toolchain =  //build/toolchain/linux:clang_x64
[OHOS INFO] [GN] root_out_dir =  //out/rk3568
[OHOS INFO] [GN] root_output_dir_proto =  out/rk3568/clang_x64
[OHOS INFO] [GN] E2FSPROGS_DIR is /home/mgces/openharmony/code/out/rk3568/clang_x64/gen/third_party/e2fsprogs/e2fsprogs
[OHOS INFO] [GN] ************libhilog_base use_musl ***************
[OHOS INFO] [GN] Set module_install_dir or relative_install_dir field in the //foundation/bundlemanager/bundle_framework/test/sceneProject/unittest/test_bundle/resourceManagerTest:resourceManagerTest(//build/toolchain/ohos:ohos_clang_arm). Do not install the module to app.
[OHOS INFO] [GN] ************libhilog_base use_musl ***************
[OHOS INFO] [GN] ########## ets_runtime disable cmc-gc ##############
[OHOS INFO] [GN] Set module_install_dir or relative_install_dir field in the //foundation/bundlemanager/bundle_framework/test/sceneProject/unittest/bundle_app_service/app_service_version1_library1:appService_v1_library1(//build/toolchain/ohos:ohos_clang_arm). Do not install the module to app.
[OHOS INFO] [GN] Set module_install_dir or relative_install_dir field in the //foundation/bundlemanager/bundle_framework/test/sceneProject/unittest/test_bundle/defaultAppTest:defaultAppTest(//build/toolchain/ohos:ohos_clang_arm). Do not install the module to app.
[OHOS INFO] [GN] Set module_install_dir or relative_install_dir field in the //foundation/bundlemanager/bundle_framework/test/sceneProject/unittest/test_bundle/bmsAccessTokentest1:bmsAccessTokentest1(//build/toolchain/ohos:ohos_clang_arm). Do not install the module to app.
[OHOS INFO] [GN] Set module_install_dir or relative_install_dir field in the //foundation/bundlemanager/bundle_framework/test/sceneProject/unittest/test_bundle/bmsAccessTokentest3:bmsAccessTokentest3(//build/toolchain/ohos:ohos_clang_arm). Do not install the module to app.
[OHOS INFO] [GN] Set module_install_dir or relative_install_dir field in the //foundation/bundlemanager/bundle_framework/test/sceneProject/unittest/test_bundle/first_right:first_right(//build/toolchain/ohos:ohos_clang_arm). Do not install the module to app.
[OHOS INFO] [GN] openssl detecting os now...
[OHOS INFO] [GN] current_cpu = x64
[OHOS INFO] [GN] current_os = linux
[OHOS INFO] [GN] host_os = linux
[OHOS INFO] [GN] is_mingw = false
[OHOS INFO] [GN] openssl selected linux-x86_64
[OHOS INFO] [GN] openssl detecting os done. openssl_selected_platform = linux-x86_64
[OHOS INFO] [GN] Set module_install_dir or relative_install_dir field in the //foundation/bundlemanager/bundle_framework/test/sceneProject/unittest/bundle_dependencies/dependencies_entry_B:dependencies_entry_B(//build/toolchain/ohos:ohos_clang_arm). Do not install the module to app.
[OHOS INFO] [GN] Set module_install_dir or relative_install_dir field in the //foundation/bundlemanager/bundle_framework/test/sceneProject/unittest/test_bundle/bmsThirdBundle1:bmsThirdBundle1(//build/toolchain/ohos:ohos_clang_arm). Do not install the module to app.
[OHOS INFO] [GN] Set module_install_dir or relative_install_dir field in the //foundation/bundlemanager/bundle_framework/test/sceneProject/unittest/bundle_hsp/hsp_B:hsp_B(//build/toolchain/ohos:ohos_clang_arm). Do not install the module to app.
[OHOS INFO] [GN] Set module_install_dir or relative_install_dir field in the //foundation/bundlemanager/bundle_framework/test/sceneProject/unittest/bundle_hsp/hsp_C:hsp_C(//build/toolchain/ohos:ohos_clang_arm). Do not install the module to app.
[OHOS INFO] [GN] Set module_install_dir or relative_install_dir field in the //foundation/bundlemanager/bundle_framework/test/sceneProject/unittest/bundle_hsp/hsp_C2:hsp_C2(//build/toolchain/ohos:ohos_clang_arm). Do not install the module to app.
[OHOS INFO] [GN] Set module_install_dir or relative_install_dir field in the //foundation/bundlemanager/bundle_framework/test/sceneProject/unittest/bundle_share_library/libA_normal_hap:libA_normal_hap(//build/toolchain/ohos:ohos_clang_arm). Do not install the module to app.
[OHOS INFO] [GN] Set module_install_dir or relative_install_dir field in the //foundation/bundlemanager/bundle_framework/test/sceneProject/unittest/bundle_share_library/libA_without_provision:libA_without_provision(//build/toolchain/ohos:ohos_clang_arm). Do not install the module to app.
[OHOS INFO] [GN] Set module_install_dir or relative_install_dir field in the //foundation/bundlemanager/bundle_framework/test/sceneProject/unittest/bundle_dependencies/dependencies_entry_C:dependencies_entry_C(//build/toolchain/ohos:ohos_clang_arm). Do not install the module to app.
[OHOS INFO] [GN] Set module_install_dir or relative_install_dir field in the //foundation/bundlemanager/bundle_framework/test/sceneProject/unittest/bundle_hsp/hsp_A:hsp_A(//build/toolchain/ohos:ohos_clang_arm). Do not install the module to app.
[OHOS INFO] [GN] Set module_install_dir or relative_install_dir field in the //foundation/bundlemanager/bundle_framework/test/sceneProject/unittest/bundle_share_library/libA_v10000:libA_v10000(//build/toolchain/ohos:ohos_clang_arm). Do not install the module to app.
[OHOS INFO] [GN] Set module_install_dir or relative_install_dir field in the //foundation/bundlemanager/bundle_framework/test/sceneProject/unittest/bundle_share_library/libB_v10001:libB_v10001(//build/toolchain/ohos:ohos_clang_arm). Do not install the module to app.
[OHOS INFO] [GN] Set module_install_dir or relative_install_dir field in the //foundation/bundlemanager/bundle_framework/test/sceneProject/unittest/bundle_share_library/libA_v10002:libA_v10002(//build/toolchain/ohos:ohos_clang_arm). Do not install the module to app.
[OHOS INFO] [GN] Set module_install_dir or relative_install_dir field in the //foundation/bundlemanager/bundle_framework/test/sceneProject/unittest/bundle_share_library/libA_v10001:libA_v10001(//build/toolchain/ohos:ohos_clang_arm). Do not install the module to app.
[OHOS INFO] [GN] Set module_install_dir or relative_install_dir field in the //foundation/bundlemanager/bundle_framework/test/sceneProject/unittest/test_bundle/thumbnailTest:thumbnailTest(//build/toolchain/ohos:ohos_clang_arm). Do not install the module to app.
[OHOS INFO] [GN] Set module_install_dir or relative_install_dir field in the //foundation/bundlemanager/bundle_framework/test/sceneProject/unittest/test_bundle/bmsThirdBundle2:bmsThirdBundle2(//build/toolchain/ohos:ohos_clang_arm). Do not install the module to app.
[OHOS INFO] [GN] Set module_install_dir or relative_install_dir field in the //foundation/bundlemanager/bundle_framework/test/sceneProject/unittest/parse_bundle/new:new(//build/toolchain/ohos:ohos_clang_arm). Do not install the module to app.
[OHOS INFO] [GN] Set module_install_dir or relative_install_dir field in the //foundation/bundlemanager/bundle_framework/test/sceneProject/unittest/test_bundle/backupTest:backupTest(//build/toolchain/ohos:ohos_clang_arm). Do not install the module to app.
[OHOS INFO] [GN] Set module_install_dir or relative_install_dir field in the //foundation/bundlemanager/bundle_framework/test/sceneProject/unittest/install_daemon/right:right(//build/toolchain/ohos:ohos_clang_arm). Do not install the module to app.
[OHOS INFO] [GN] Set module_install_dir or relative_install_dir field in the //foundation/bundlemanager/bundle_framework/test/sceneProject/unittest/test_bundle/sandboxTest:sandboxTest(//build/toolchain/ohos:ohos_clang_arm). Do not install the module to app.
[OHOS INFO] [GN] Set module_install_dir or relative_install_dir field in the //foundation/bundlemanager/bundle_framework/test/sceneProject/unittest/permission_bundle/bmsGrantPermission7:bmsGrantPermission7(//build/toolchain/ohos:ohos_clang_arm). Do not install the module to app.
[OHOS INFO] [GN] Set module_install_dir or relative_install_dir field in the //foundation/bundlemanager/bundle_framework/test/sceneProject/unittest/permission_bundle/bmsGrantPermission6:bmsGrantPermission6(//build/toolchain/ohos:ohos_clang_arm). Do not install the module to app.
[OHOS INFO] [GN] Set module_install_dir or relative_install_dir field in the //foundation/bundlemanager/bundle_framework/test/sceneProject/unittest/permission_bundle/bmsGrantPermission1:bmsGrantPermission1(//build/toolchain/ohos:ohos_clang_arm). Do not install the module to app.
[OHOS INFO] [GN] Set module_install_dir or relative_install_dir field in the //foundation/bundlemanager/bundle_framework/test/sceneProject/unittest/bundle_so/compressNativeLibsFalse:compressNativeLibsFalse01(//build/toolchain/ohos:ohos_clang_arm). Do not install the module to app.
[OHOS INFO] [GN] Set module_install_dir or relative_install_dir field in the //foundation/bundlemanager/bundle_framework/test/sceneProject/unittest/permission_bundle/bmsGrantPermission3:bmsGrantPermission3(//build/toolchain/ohos:ohos_clang_arm). Do not install the module to app.
[OHOS INFO] [GN] Set module_install_dir or relative_install_dir field in the //foundation/bundlemanager/bundle_framework/test/sceneProject/unittest/test_bundle/wrong_bundle_name:wrong_bundle_name(//build/toolchain/ohos:ohos_clang_arm). Do not install the module to app.
[OHOS INFO] [GN] Set module_install_dir or relative_install_dir field in the //foundation/bundlemanager/bundle_framework/test/sceneProject/unittest/test_bundle/bmsAccessTokentest2:bmsAccessTokentest2(//build/toolchain/ohos:ohos_clang_arm). Do not install the module to app.
[OHOS INFO] [GN] Set module_install_dir or relative_install_dir field in the //foundation/bundlemanager/bundle_framework/test/sceneProject/unittest/test_bundle/rightTest:rightTest(//build/toolchain/ohos:ohos_clang_arm). Do not install the module to app.
[OHOS INFO] [GN] Set module_install_dir or relative_install_dir field in the //foundation/bundlemanager/bundle_framework/test/sceneProject/unittest/permission_bundle/bmsGrantPermission4:bmsGrantPermission4(//build/toolchain/ohos:ohos_clang_arm). Do not install the module to app.
[OHOS INFO] [GN] Set module_install_dir or relative_install_dir field in the //foundation/bundlemanager/bundle_framework/test/sceneProject/unittest/test_bundle/fourth_right:fourth_right(//build/toolchain/ohos:ohos_clang_arm). Do not install the module to app.
[OHOS INFO] [GN] Set module_install_dir or relative_install_dir field in the //foundation/bundlemanager/bundle_framework/test/sceneProject/unittest/bundle_so/compressNativeLibsTrue:compressNativeLibsTrue01(//build/toolchain/ohos:ohos_clang_arm). Do not install the module to app.
[OHOS INFO] [GN] Set module_install_dir or relative_install_dir field in the //foundation/bundlemanager/bundle_framework/test/sceneProject/unittest/test_bundle/thumbnailTest2:thumbnailTest2(//build/toolchain/ohos:ohos_clang_arm). Do not install the module to app.
[OHOS INFO] [GN] Set module_install_dir or relative_install_dir field in the //foundation/bundlemanager/bundle_framework/test/sceneProject/unittest/test_bundle/seventh_right:seventh_right(//build/toolchain/ohos:ohos_clang_arm). Do not install the module to app.
[OHOS INFO] [GN] Set module_install_dir or relative_install_dir field in the //foundation/bundlemanager/bundle_framework/test/sceneProject/unittest/test_bundle/second_right:second_right(//build/toolchain/ohos:ohos_clang_arm). Do not install the module to app.
[OHOS INFO] [GN] Set module_install_dir or relative_install_dir field in the //foundation/bundlemanager/bundle_framework/test/sceneProject/unittest/test_bundle/third_right:third_right(//build/toolchain/ohos:ohos_clang_arm). Do not install the module to app.
[OHOS INFO] [GN] Set module_install_dir or relative_install_dir field in the //foundation/bundlemanager/bundle_framework/test/sceneProject/unittest/test_bundle/fifth_right:fifth_right(//build/toolchain/ohos:ohos_clang_arm). Do not install the module to app.
[OHOS INFO] [GN] Set module_install_dir or relative_install_dir field in the //foundation/bundlemanager/bundle_framework/test/sceneProject/unittest/test_bundle/versionTest2:versionTest2(//build/toolchain/ohos:ohos_clang_arm). Do not install the module to app.
[OHOS INFO] [GN] Set module_install_dir or relative_install_dir field in the //foundation/bundlemanager/bundle_framework/test/sceneProject/unittest/test_bundle/versionNormalHapTest1:versionNormalHapTest1(//build/toolchain/ohos:ohos_clang_arm). Do not install the module to app.
[OHOS INFO] [GN] Set module_install_dir or relative_install_dir field in the //foundation/bundlemanager/bundle_framework/test/sceneProject/unittest/test_bundle/versionNormalHapTest2:versionNormalHapTest2(//build/toolchain/ohos:ohos_clang_arm). Do not install the module to app.
[OHOS INFO] [GN] Set module_install_dir or relative_install_dir field in the //foundation/bundlemanager/bundle_framework/test/sceneProject/unittest/test_bundle/versionTest1:versionTest1(//build/toolchain/ohos:ohos_clang_arm). Do not install the module to app.
[OHOS INFO] [GN] Set module_install_dir or relative_install_dir field in the //foundation/bundlemanager/bundle_framework/test/sceneProject/unittest/test_bundle/versionTest3:versionTest3(//build/toolchain/ohos:ohos_clang_arm). Do not install the module to app.
[OHOS INFO] [GN] Set module_install_dir or relative_install_dir field in the //foundation/bundlemanager/bundle_framework/test/sceneProject/unittest/test_bundle/moduleJsonTest:moduleJsonTest(//build/toolchain/ohos:ohos_clang_arm). Do not install the module to app.
[OHOS INFO] [GN] Set module_install_dir or relative_install_dir field in the //foundation/bundlemanager/bundle_framework/test/sceneProject/unittest/test_bundle/rightTest1:rightTest1(//build/toolchain/ohos:ohos_clang_arm). Do not install the module to app.
[OHOS INFO] [GN] Set module_install_dir or relative_install_dir field in the //foundation/bundlemanager/bundle_framework/test/sceneProject/unittest/bundle_dependencies/dependencies_entry_A:dependencies_entry_A(//build/toolchain/ohos:ohos_clang_arm). Do not install the module to app.
[OHOS INFO] [GN] Set module_install_dir or relative_install_dir field in the //foundation/bundlemanager/bundle_framework/test/sceneProject/unittest/test_bundle/system_module:system_module(//build/toolchain/ohos:ohos_clang_arm). Do not install the module to app.
[OHOS INFO] [GN] Set module_install_dir or relative_install_dir field in the //foundation/bundlemanager/bundle_framework/test/sceneProject/unittest/test_bundle/signatureTest:signatureTest(//build/toolchain/ohos:ohos_clang_arm). Do not install the module to app.
[OHOS INFO] [GN] Set module_install_dir or relative_install_dir field in the //foundation/bundlemanager/bundle_framework/test/sceneProject/unittest/test_bundle/versionUpdateTest2:versionUpdateTest2(//build/toolchain/ohos:ohos_clang_arm). Do not install the module to app.
[OHOS INFO] [GN] Set module_install_dir or relative_install_dir field in the //foundation/bundlemanager/bundle_framework/test/sceneProject/unittest/test_bundle/versionUpdateTest1:versionUpdateTest1(//build/toolchain/ohos:ohos_clang_arm). Do not install the module to app.
[OHOS INFO] [GN] Set module_install_dir or relative_install_dir field in the //foundation/bundlemanager/bundle_framework/test/sceneProject/unittest/test_bundle/versionUpdateTest3:versionUpdateTest3(//build/toolchain/ohos:ohos_clang_arm). Do not install the module to app.
[OHOS INFO] [GN] Set module_install_dir or relative_install_dir field in the //foundation/bundlemanager/bundle_framework/test/sceneProject/unittest/test_bundle/versionUpdateTest4:versionUpdateTest4(//build/toolchain/ohos:ohos_clang_arm). Do not install the module to app.
[OHOS INFO] [GN] Set module_install_dir or relative_install_dir field in the //foundation/bundlemanager/bundle_framework/test/sceneProject/unittest/test_bundle/otaUpdateTestAplDown:otaUpdateTestAplDown(//build/toolchain/ohos:ohos_clang_arm). Do not install the module to app.
[OHOS INFO] [GN] Set module_install_dir or relative_install_dir field in the //foundation/bundlemanager/bundle_framework/test/sceneProject/unittest/test_bundle/otaUpdateTestAppField:otaUpdateTestAppField(//build/toolchain/ohos:ohos_clang_arm). Do not install the module to app.
[OHOS INFO] [GN] Set module_install_dir or relative_install_dir field in the //foundation/bundlemanager/bundle_framework/test/sceneProject/unittest/test_bundle/otaUpdateTestAppField2:otaUpdateTestAppField2(//build/toolchain/ohos:ohos_clang_arm). Do not install the module to app.
[OHOS INFO] [GN] Set module_install_dir or relative_install_dir field in the //foundation/bundlemanager/bundle_framework/test/sceneProject/unittest/test_bundle/otaUpdateTestBasis:otaUpdateTestBasis(//build/toolchain/ohos:ohos_clang_arm). Do not install the module to app.
[OHOS INFO] [GN] Set module_install_dir or relative_install_dir field in the //foundation/bundlemanager/bundle_framework/test/sceneProject/unittest/test_bundle/otaUpdateTestBasis/feature2:otaUpdateTestBasisFeature2(//build/toolchain/ohos:ohos_clang_arm). Do not install the module to app.
[OHOS INFO] [GN] Set module_install_dir or relative_install_dir field in the //foundation/bundlemanager/bundle_framework/test/sceneProject/unittest/test_bundle/otaUpdateTestSignaIcon:otaUpdateTestSignaIcon(//build/toolchain/ohos:ohos_clang_arm). Do not install the module to app.
[OHOS INFO] [GN] Set module_install_dir or relative_install_dir field in the //foundation/bundlemanager/bundle_framework/test/sceneProject/unittest/test_bundle/otaUpdateTestSoChanged/feature1:otaUpdateTestSoChangedFeature1(//build/toolchain/ohos:ohos_clang_arm). Do not install the module to app.
[OHOS INFO] [GN] Set module_install_dir or relative_install_dir field in the //foundation/bundlemanager/bundle_framework/test/sceneProject/unittest/test_bundle/otaUpdateTestAplUp:otaUpdateTestAplUp(//build/toolchain/ohos:ohos_clang_arm). Do not install the module to app.
[OHOS INFO] [GN] Set module_install_dir or relative_install_dir field in the //foundation/bundlemanager/bundle_framework/test/sceneProject/unittest/test_bundle/otaUpdateTestBasis/feature1:otaUpdateTestBasisFeature1(//build/toolchain/ohos:ohos_clang_arm). Do not install the module to app.
[OHOS INFO] [GN] Set module_install_dir or relative_install_dir field in the //foundation/bundlemanager/bundle_framework/test/sceneProject/unittest/test_bundle/otaUpdateTestModuleField:otaUpdateTestModuleField(//build/toolchain/ohos:ohos_clang_arm). Do not install the module to app.
[OHOS INFO] [GN] Set module_install_dir or relative_install_dir field in the //foundation/bundlemanager/bundle_framework/test/sceneProject/unittest/test_bundle/otaUpdateTestBasis2:otaUpdateTestBasis2(//build/toolchain/ohos:ohos_clang_arm). Do not install the module to app.
[OHOS INFO] [GN] Set module_install_dir or relative_install_dir field in the //foundation/bundlemanager/bundle_framework/test/sceneProject/unittest/test_bundle/ninth_right:ninth_right(//build/toolchain/ohos:ohos_clang_arm). Do not install the module to app.
[OHOS INFO] [GN] Set module_install_dir or relative_install_dir field in the //foundation/bundlemanager/bundle_framework/test/sceneProject/unittest/test_bundle/second_backup_right:second_backup_right(//build/toolchain/ohos:ohos_clang_arm). Do not install the module to app.
[OHOS INFO] [GN] Set module_install_dir or relative_install_dir field in the //foundation/bundlemanager/bundle_framework/test/sceneProject/unittest/test_bundle/otaUpdateTestSoChanged:otaUpdateTestSoChanged(//build/toolchain/ohos:ohos_clang_arm). Do not install the module to app.
[OHOS INFO] [GN] Set module_install_dir or relative_install_dir field in the //foundation/bundlemanager/bundle_framework/test/sceneProject/unittest/test_bundle/otaUpdateTestSoChanged/feature2:otaUpdateTestSoChangedFeature2(//build/toolchain/ohos:ohos_clang_arm). Do not install the module to app.
[OHOS INFO] [GN] Set module_install_dir or relative_install_dir field in the //foundation/bundlemanager/bundle_framework/test/sceneProject/unittest/test_bundle/first_diff_release_type:first_diff_release_type(//build/toolchain/ohos:ohos_clang_arm). Do not install the module to app.
[OHOS INFO] [GN] Set module_install_dir or relative_install_dir field in the //foundation/bundlemanager/bundle_framework/test/sceneProject/unittest/test_bundle/fourteenth_right:fourteenth_right(//build/toolchain/ohos:ohos_clang_arm). Do not install the module to app.
[OHOS INFO] [GN] Set module_install_dir or relative_install_dir field in the //foundation/bundlemanager/bundle_framework/test/sceneProject/unittest/test_bundle/tenth_right:tenth_right(//build/toolchain/ohos:ohos_clang_arm). Do not install the module to app.
[OHOS INFO] [GN] Set module_install_dir or relative_install_dir field in the //foundation/bundlemanager/bundle_framework/test/sceneProject/unittest/test_bundle/eleventh_right:eleventh_right(//build/toolchain/ohos:ohos_clang_arm). Do not install the module to app.
[OHOS INFO] [GN] Set module_install_dir or relative_install_dir field in the //foundation/bundlemanager/bundle_framework/test/sceneProject/unittest/test_bundle/first_right_with_diff_moduleType:first_right_with_diff_moduleType(//build/toolchain/ohos:ohos_clang_arm). Do not install the module to app.
[OHOS INFO] [GN] Set module_install_dir or relative_install_dir field in the //foundation/bundlemanager/bundle_framework/test/sceneProject/unittest/test_bundle/sixth_right:sixth_right(//build/toolchain/ohos:ohos_clang_arm). Do not install the module to app.
[OHOS INFO] [GN] Set module_install_dir or relative_install_dir field in the //foundation/bundlemanager/bundle_framework/test/sceneProject/unittest/test_bundle/thirteenth_right:thirteenth_right(//build/toolchain/ohos:ohos_clang_arm). Do not install the module to app.
[OHOS INFO] [GN] Set module_install_dir or relative_install_dir field in the //foundation/bundlemanager/bundle_framework/test/sceneProject/unittest/test_bundle/eighth_right:eighth_right(//build/toolchain/ohos:ohos_clang_arm). Do not install the module to app.
[OHOS INFO] [GN] Set module_install_dir or relative_install_dir field in the //foundation/bundlemanager/bundle_framework/test/sceneProject/unittest/test_bundle/first_diff_minCompCode:first_diff_minCompCode(//build/toolchain/ohos:ohos_clang_arm). Do not install the module to app.
[OHOS INFO] [GN] Set module_install_dir or relative_install_dir field in the //foundation/bundlemanager/bundle_framework/test/sceneProject/unittest/test_bundle/twelfth_right:twelfth_right(//build/toolchain/ohos:ohos_clang_arm). Do not install the module to app.
[OHOS INFO] [GN] Set module_install_dir or relative_install_dir field in the //foundation/bundlemanager/bundle_framework/test/sceneProject/unittest/test_bundle/fifteenth_right:fifteenth_right(//build/toolchain/ohos:ohos_clang_arm). Do not install the module to app.
[OHOS INFO] [GN] Set module_install_dir or relative_install_dir field in the //foundation/bundlemanager/bundle_framework/test/sceneProject/unittest/test_bundle/sixteenth_right:sixteenth_right(//build/toolchain/ohos:ohos_clang_arm). Do not install the module to app.
[OHOS INFO] [GN] Set module_install_dir or relative_install_dir field in the //foundation/bundlemanager/bundle_framework/test/sceneProject/unittest/driver_test/lower_version_driver_feature14:lower_version_driver_feature14_hap(//build/toolchain/ohos:ohos_clang_arm). Do not install the module to app.
[OHOS INFO] [GN] Set module_install_dir or relative_install_dir field in the //foundation/bundlemanager/bundle_framework/test/sceneProject/unittest/test_bundle/first_right_compCode:first_right_compCode(//build/toolchain/ohos:ohos_clang_arm). Do not install the module to app.
[OHOS INFO] [GN] Set module_install_dir or relative_install_dir field in the //foundation/bundlemanager/bundle_framework/test/sceneProject/unittest/driver_test/high_version_non_driver_feature11:high_version_non_driver_feature11_hap(//build/toolchain/ohos:ohos_clang_arm). Do not install the module to app.
[OHOS INFO] [GN] Set module_install_dir or relative_install_dir field in the //foundation/bundlemanager/bundle_framework/test/sceneProject/unittest/driver_test/lower_version_non_driver_feature12:lower_version_non_driver_feature12_hap(//build/toolchain/ohos:ohos_clang_arm). Do not install the module to app.
[OHOS INFO] [GN] Set module_install_dir or relative_install_dir field in the //foundation/bundlemanager/bundle_framework/test/sceneProject/unittest/bundle_app_service/app_service_version2_library1:appService_v2_library1(//build/toolchain/ohos:ohos_clang_arm). Do not install the module to app.
[OHOS INFO] [GN] Set module_install_dir or relative_install_dir field in the //foundation/bundlemanager/bundle_framework/test/sceneProject/unittest/bundle_app_service/app_service_version2_library2:appService_v2_library2(//build/toolchain/ohos:ohos_clang_arm). Do not install the module to app.
[OHOS INFO] [GN] Set module_install_dir or relative_install_dir field in the //foundation/bundlemanager/bundle_framework/test/sceneProject/benchmark/benchmarktesthap:benchmarktesthap(//build/toolchain/ohos:ohos_clang_arm). Do not install the module to app.
[OHOS INFO] [GN] Set module_install_dir or relative_install_dir field in the //foundation/bundlemanager/bundle_framework/test/sceneProject/unittest/bundle_app_service/app_service_version1_library2:appService_v1_library2(//build/toolchain/ohos:ohos_clang_arm). Do not install the module to app.
[OHOS INFO] [GN] Set module_install_dir or relative_install_dir field in the //foundation/bundlemanager/bundle_framework/test/sceneProject/moduletest/other_bundle/bmsThirdBundle1:mstbmsThirdBundle1(//build/toolchain/ohos:ohos_clang_arm). Do not install the module to app.
[OHOS INFO] [GN] Set module_install_dir or relative_install_dir field in the //foundation/bundlemanager/bundle_framework/test/sceneProject/moduletest/other_bundle/bmsThirdBundle14:mstbmsThirdBundle14(//build/toolchain/ohos:ohos_clang_arm). Do not install the module to app.
[OHOS INFO] [GN] Set module_install_dir or relative_install_dir field in the //foundation/bundlemanager/bundle_framework/test/sceneProject/moduletest/other_bundle/bmsThirdBundle2:mstbmsThirdBundle2(//build/toolchain/ohos:ohos_clang_arm). Do not install the module to app.
[OHOS INFO] [GN] Set module_install_dir or relative_install_dir field in the //foundation/bundlemanager/bundle_framework/test/sceneProject/systemtest/BundleClient/bundleClient1:bundleClient1(//build/toolchain/ohos:ohos_clang_arm). Do not install the module to app.
[OHOS INFO] [GN] Set module_install_dir or relative_install_dir field in the //foundation/bundlemanager/bundle_framework/test/sceneProject/systemtest/CodeSignature/CodeSigntureWithLibs:CodeSigntureWithLibs(//build/toolchain/ohos:ohos_clang_arm). Do not install the module to app.
[OHOS INFO] [GN] Set module_install_dir or relative_install_dir field in the //foundation/bundlemanager/bundle_framework/test/sceneProject/systemtest/jsBundle/jsThirdBundle/bmsThirdBundleDataAbility:bmsThirdBundleDataAbility(//build/toolchain/ohos:ohos_clang_arm). Do not install the module to app.
[OHOS INFO] [GN] Set module_install_dir or relative_install_dir field in the //foundation/bundlemanager/bundle_framework/test/sceneProject/systemtest/jsBundle/jsThirdBundle/bmsThirdBundle1:bmsThirdBundle1(//build/toolchain/ohos:ohos_clang_arm). Do not install the module to app.
[OHOS INFO] [GN] Set module_install_dir or relative_install_dir field in the //foundation/bundlemanager/bundle_framework/test/sceneProject/systemtest/jsBundle/jsThirdBundle/bmsThirdBundle2:bmsThirdBundle2(//build/toolchain/ohos:ohos_clang_arm). Do not install the module to app.
[OHOS INFO] [GN] Set module_install_dir or relative_install_dir field in the //foundation/bundlemanager/bundle_framework/test/sceneProject/systemtest/jsBundle/jsThirdBundle/bmsThirdBundle5:bmsThirdBundle5(//build/toolchain/ohos:ohos_clang_arm). Do not install the module to app.
[OHOS INFO] [GN] Set module_install_dir or relative_install_dir field in the //foundation/bundlemanager/bundle_framework/test/sceneProject/systemtest/jsBundle/jsThirdBundle/bmsThirdBundle6:bmsThirdBundle6(//build/toolchain/ohos:ohos_clang_arm). Do not install the module to app.
[OHOS INFO] [GN] Set module_install_dir or relative_install_dir field in the //foundation/bundlemanager/bundle_framework/test/sceneProject/systemtest/stThirdBundle/bmsThirdBundle3:stbmsThirdBundle3(//build/toolchain/ohos:ohos_clang_arm). Do not install the module to app.
[OHOS INFO] [GN] Set module_install_dir or relative_install_dir field in the //foundation/bundlemanager/bundle_framework/test/sceneProject/systemtest/jsBundle/jsThirdBundle/bmsThirdBundle4:bmsThirdBundle4(//build/toolchain/ohos:ohos_clang_arm). Do not install the module to app.
[OHOS INFO] [GN] Set module_install_dir or relative_install_dir field in the //foundation/bundlemanager/bundle_framework/test/sceneProject/systemtest/CodeSignature/CodeSignatureWithoutLibs2:CodeSignatureWithoutLibs2(//build/toolchain/ohos:ohos_clang_arm). Do not install the module to app.
[OHOS INFO] [GN] Set module_install_dir or relative_install_dir field in the //foundation/bundlemanager/bundle_framework/test/sceneProject/systemtest/CodeSignature/CodeSignatureWithoutLibs:CodeSignatureWithoutLibs(//build/toolchain/ohos:ohos_clang_arm). Do not install the module to app.
[OHOS INFO] [GN] Set module_install_dir or relative_install_dir field in the //foundation/bundlemanager/bundle_framework/test/sceneProject/systemtest/jsBundle/jsThirdBundle/bmsThirdBundle3:bmsThirdBundle3(//build/toolchain/ohos:ohos_clang_arm). Do not install the module to app.
[OHOS INFO] [GN] Set module_install_dir or relative_install_dir field in the //foundation/bundlemanager/bundle_framework/test/sceneProject/systemtest/stMatchShareBundle/matchShareBundle1:matchShareBundle1(//build/toolchain/ohos:ohos_clang_arm). Do not install the module to app.
[OHOS INFO] [GN] Set module_install_dir or relative_install_dir field in the //foundation/bundlemanager/bundle_framework/test/sceneProject/systemtest/stMatchShareBundle/matchShareBundle2:matchShareBundle2(//build/toolchain/ohos:ohos_clang_arm). Do not install the module to app.
[OHOS INFO] [GN] Set module_install_dir or relative_install_dir field in the //foundation/bundlemanager/bundle_framework/test/sceneProject/systemtest/permissionBundle/permissionGrantBundle4:permissionGrantBundle4(//build/toolchain/ohos:ohos_clang_arm). Do not install the module to app.
[OHOS INFO] [GN] Set module_install_dir or relative_install_dir field in the //foundation/bundlemanager/bundle_framework/test/sceneProject/systemtest/permissionBundle/permissionGrantBundle5:permissionGrantBundle5(//build/toolchain/ohos:ohos_clang_arm). Do not install the module to app.
[OHOS INFO] [GN] Set module_install_dir or relative_install_dir field in the //foundation/bundlemanager/bundle_framework/test/sceneProject/systemtest/stVendorBundle/bmsVendorBundle1:bmsVendorBundle1(//build/toolchain/ohos:ohos_clang_arm). Do not install the module to app.
[OHOS INFO] [GN] Set module_install_dir or relative_install_dir field in the //foundation/bundlemanager/bundle_framework/test/sceneProject/systemtest/stMatchShareBundle/matchShareBundle3:matchShareBundle3(//build/toolchain/ohos:ohos_clang_arm). Do not install the module to app.
[OHOS INFO] [GN] Set module_install_dir or relative_install_dir field in the //foundation/bundlemanager/bundle_framework/test/sceneProject/systemtest/permissionBundle/permissionGrantBundle3:permissionGrantBundle3(//build/toolchain/ohos:ohos_clang_arm). Do not install the module to app.
[OHOS INFO] [GN] Set module_install_dir or relative_install_dir field in the //foundation/bundlemanager/bundle_framework/test/sceneProject/systemtest/testOverlay/target_module_entry_higher_version:higher_version_entry_hap(//build/toolchain/ohos:ohos_clang_arm). Do not install the module to app.
[OHOS INFO] [GN] Set module_install_dir or relative_install_dir field in the //foundation/bundlemanager/bundle_framework/test/sceneProject/systemtest/testOverlay/target_module_feature1:feature1_hap(//build/toolchain/ohos:ohos_clang_arm). Do not install the module to app.
[OHOS INFO] [GN] Set module_install_dir or relative_install_dir field in the //foundation/bundlemanager/bundle_framework/test/sceneProject/systemtest/permissionBundle/permissionGrantBundle2:permissionGrantBundle2(//build/toolchain/ohos:ohos_clang_arm). Do not install the module to app.
[OHOS INFO] [GN] Set module_install_dir or relative_install_dir field in the //foundation/bundlemanager/bundle_framework/test/sceneProject/systemtest/testOverlay/target_module_entry:entry_hap(//build/toolchain/ohos:ohos_clang_arm). Do not install the module to app.
[OHOS INFO] [GN] Set module_install_dir or relative_install_dir field in the //foundation/bundlemanager/bundle_framework/test/sceneProject/systemtest/testHapNoSo/hapSectionContainso1/feature1:hapSectionContainsoFeature1(//build/toolchain/ohos:ohos_clang_arm). Do not install the module to app.
[OHOS INFO] [GN] Set module_install_dir or relative_install_dir field in the //foundation/bundlemanager/bundle_framework/test/sceneProject/systemtest/bundle_hsp/hsp_A/feature3:hspASystemtestFeature3(//build/toolchain/ohos:ohos_clang_arm). Do not install the module to app.
[OHOS INFO] [GN] Set module_install_dir or relative_install_dir field in the //foundation/bundlemanager/bundle_framework/test/sceneProject/systemtest/testHapNoSo/hapNotIncludeso2:hapNotIncludeso2(//build/toolchain/ohos:ohos_clang_arm). Do not install the module to app.
[OHOS INFO] [GN] Set module_install_dir or relative_install_dir field in the //foundation/bundlemanager/bundle_framework/test/sceneProject/systemtest/bundle_hsp/hsp_A/feature1:hspASystemtestFeature1(//build/toolchain/ohos:ohos_clang_arm). Do not install the module to app.
[OHOS INFO] [GN] Set module_install_dir or relative_install_dir field in the //foundation/bundlemanager/bundle_framework/test/sceneProject/systemtest/testHapNoSo/hapNotIncludeso1:hapNotIncludeso1(//build/toolchain/ohos:ohos_clang_arm). Do not install the module to app.
[OHOS INFO] [GN] Set module_install_dir or relative_install_dir field in the //foundation/bundlemanager/bundle_framework/test/sceneProject/systemtest/testHapNoSo/hapSectionContainso2/feature5:hapSectionContainsoFeature5(//build/toolchain/ohos:ohos_clang_arm). Do not install the module to app.
[OHOS INFO] [GN] Set module_install_dir or relative_install_dir field in the //foundation/bundlemanager/bundle_framework/test/sceneProject/systemtest/bundle_hsp/hsp_A:hsp_A(//build/toolchain/ohos:ohos_clang_arm). Do not install the module to app.
[OHOS INFO] [GN] Set module_install_dir or relative_install_dir field in the //foundation/bundlemanager/bundle_framework/test/sceneProject/systemtest/testHapSo/hapIncludeso7/feature1:hapIncludeso7Feature1(//build/toolchain/ohos:ohos_clang_arm). Do not install the module to app.
[OHOS INFO] [GN] Set module_install_dir or relative_install_dir field in the //foundation/bundlemanager/bundle_framework/test/sceneProject/systemtest/bundle_hsp/hsp_A/feature2:hspASystemtestFeature2(//build/toolchain/ohos:ohos_clang_arm). Do not install the module to app.
[OHOS INFO] [GN] Set module_install_dir or relative_install_dir field in the //foundation/bundlemanager/bundle_framework/test/sceneProject/systemtest/testHapSo/hapIncludeso3:hapIncludeso3(//build/toolchain/ohos:ohos_clang_arm). Do not install the module to app.
[OHOS INFO] [GN] Set module_install_dir or relative_install_dir field in the //foundation/bundlemanager/bundle_framework/test/sceneProject/systemtest/testHapNoSo/hapSectionContainso1:hapSectionContainso1(//build/toolchain/ohos:ohos_clang_arm). Do not install the module to app.
[OHOS INFO] [GN] Set module_install_dir or relative_install_dir field in the //foundation/bundlemanager/bundle_framework/test/sceneProject/systemtest/testHapNoSo/hapSectionContainso2/feature4:hapSectionContainsoFeature4(//build/toolchain/ohos:ohos_clang_arm). Do not install the module to app.
[OHOS INFO] [GN] Set module_install_dir or relative_install_dir field in the //foundation/bundlemanager/bundle_framework/test/sceneProject/systemtest/testHapSo/hapIncludeso7:hapIncludeso7(//build/toolchain/ohos:ohos_clang_arm). Do not install the module to app.
[OHOS INFO] [GN] Set module_install_dir or relative_install_dir field in the //foundation/bundlemanager/bundle_framework/test/sceneProject/systemtest/testHapNoSo/hapSectionContainso2/feature6:hapSectionContainsoFeature6(//build/toolchain/ohos:ohos_clang_arm). Do not install the module to app.
[OHOS INFO] [GN] Set module_install_dir or relative_install_dir field in the //foundation/bundlemanager/bundle_framework/test/sceneProject/systemtest/testHapSo/hapIncludeso6/feature2:hapIncludeso6Feature2(//build/toolchain/ohos:ohos_clang_arm). Do not install the module to app.
[OHOS INFO] [GN] Set module_install_dir or relative_install_dir field in the //foundation/bundlemanager/bundle_framework/test/sceneProject/systemtest/testHapNoSo/hapSectionContainso2:hapSectionContainso2(//build/toolchain/ohos:ohos_clang_arm). Do not install the module to app.
[OHOS INFO] [GN] Set module_install_dir or relative_install_dir field in the //foundation/bundlemanager/bundle_framework/test/sceneProject/systemtest/testHapSo/hapIncludeso5/feature3:hapIncludeso5Feature3(//build/toolchain/ohos:ohos_clang_arm). Do not install the module to app.
[OHOS INFO] [GN] Set module_install_dir or relative_install_dir field in the //foundation/bundlemanager/bundle_framework/test/sceneProject/systemtest/testHapNoSo/hapSectionContainso1/feature3:hapSectionContainsoFeature3(//build/toolchain/ohos:ohos_clang_arm). Do not install the module to app.
[OHOS INFO] [GN] Set module_install_dir or relative_install_dir field in the //foundation/bundlemanager/bundle_framework/test/sceneProject/systemtest/bundle_hsp/hsp_A/feature4:hspASystemtestFeature4(//build/toolchain/ohos:ohos_clang_arm). Do not install the module to app.
[OHOS INFO] [GN] Set module_install_dir or relative_install_dir field in the //foundation/bundlemanager/bundle_framework/test/sceneProject/systemtest/testHapNoSo/hapSectionContainso1/feature2:hapSectionContainsoFeature2(//build/toolchain/ohos:ohos_clang_arm). Do not install the module to app.
[OHOS INFO] [GN] Set module_install_dir or relative_install_dir field in the //foundation/bundlemanager/bundle_framework/test/sceneProject/systemtest/testHapSo/hapIncludeso5/feature1:hapIncludeso5Feature1(//build/toolchain/ohos:ohos_clang_arm). Do not install the module to app.
[OHOS INFO] [GN] Set module_install_dir or relative_install_dir field in the //foundation/bundlemanager/bundle_framework/test/sceneProject/systemtest/bundle_hsp/hsp_A/feature6:hspASystemtestFeature6(//build/toolchain/ohos:ohos_clang_arm). Do not install the module to app.
[OHOS INFO] [GN] Set module_install_dir or relative_install_dir field in the //foundation/bundlemanager/bundle_framework/test/sceneProject/systemtest/testHapSo/hapIncludeso7/hapnoso3:hapnoso3(//build/toolchain/ohos:ohos_clang_arm). Do not install the module to app.
[OHOS INFO] [GN] Set module_install_dir or relative_install_dir field in the //foundation/bundlemanager/bundle_framework/test/sceneProject/systemtest/bundle_hsp/hsp_A/feature7:hspASystemtestFeature7(//build/toolchain/ohos:ohos_clang_arm). Do not install the module to app.
[OHOS INFO] [GN] Set module_install_dir or relative_install_dir field in the //foundation/bundlemanager/bundle_framework/test/sceneProject/systemtest/extensionDirTest/oneExtensionDir/version2/entry:version2_oneExtension_entry_hap(//build/toolchain/ohos:ohos_clang_arm). Do not install the module to app.
[OHOS INFO] [GN] Set module_install_dir or relative_install_dir field in the //foundation/bundlemanager/bundle_framework/test/sceneProject/systemtest/bundle_hsp/hsp_A/feature8:hspASystemtestFeature8(//build/toolchain/ohos:ohos_clang_arm). Do not install the module to app.
[OHOS INFO] [GN] Set module_install_dir or relative_install_dir field in the //foundation/bundlemanager/bundle_framework/test/sceneProject/systemtest/bundle_hsp/hsp_A/feature5:hspASystemtestFeature5(//build/toolchain/ohos:ohos_clang_arm). Do not install the module to app.
[OHOS INFO] [GN] Set module_install_dir or relative_install_dir field in the //foundation/bundlemanager/bundle_framework/test/sceneProject/systemtest/extensionDirTest/twoExtensionDir/version2/entry:version2_twoExtension_entry_hap(//build/toolchain/ohos:ohos_clang_arm). Do not install the module to app.
[OHOS INFO] [GN] Set module_install_dir or relative_install_dir field in the //foundation/bundlemanager/bundle_framework/test/sceneProject/systemtest/extensionDirTest/withoutExtensionDir/version1/entry:version1_withoutExtension_entry_hap(//build/toolchain/ohos:ohos_clang_arm). Do not install the module to app.
[OHOS INFO] [GN] Set module_install_dir or relative_install_dir field in the //foundation/bundlemanager/bundle_framework/test/sceneProject/systemtest/extensionDirTest/withoutExtensionDir/version1/feature:version1_withoutExtension_feature_hap(//build/toolchain/ohos:ohos_clang_arm). Do not install the module to app.
[OHOS INFO] [GN] Set module_install_dir or relative_install_dir field in the //foundation/bundlemanager/bundle_framework/test/sceneProject/systemtest/extensionDirTest/withoutExtensionDir/version2/entry:version2_withoutExtension_entry_hap(//build/toolchain/ohos:ohos_clang_arm). Do not install the module to app.
[OHOS INFO] [GN] Set module_install_dir or relative_install_dir field in the //foundation/bundlemanager/bundle_framework/test/sceneProject/systemtest/extensionDirTest/oneExtensionDir/version1/entry:version1_oneExtension_entry_hap(//build/toolchain/ohos:ohos_clang_arm). Do not install the module to app.
[OHOS INFO] [GN] Set module_install_dir or relative_install_dir field in the //foundation/bundlemanager/bundle_framework/test/sceneProject/systemtest/extensionDirTest/withoutExtensionDir/version2_form/entry:version2_withoutExtension_entry_form_hap(//build/toolchain/ohos:ohos_clang_arm). Do not install the module to app.
[OHOS INFO] [GN] Set module_install_dir or relative_install_dir field in the //foundation/bundlemanager/bundle_framework/test/sceneProject/systemtest/extensionDirTest/oneExtensionDir/version1/feature:version1_oneExtension_feature_hap(//build/toolchain/ohos:ohos_clang_arm). Do not install the module to app.
[OHOS INFO] [GN] Set module_install_dir or relative_install_dir field in the //foundation/bundlemanager/bundle_framework/test/sceneProject/systemtest/extensionDirTest/oneExtensionDir/version2/feature:version2_oneExtension_feature_hap(//build/toolchain/ohos:ohos_clang_arm). Do not install the module to app.
[OHOS INFO] [GN] Set module_install_dir or relative_install_dir field in the //foundation/bundlemanager/bundle_framework/test/sceneProject/systemtest/extensionDirTest/oneExtensionDir/version2/entry_ex2:version2_oneExtension2_entry_hap(//build/toolchain/ohos:ohos_clang_arm). Do not install the module to app.
[OHOS INFO] [GN] Set module_install_dir or relative_install_dir field in the //foundation/bundlemanager/bundle_framework/test/sceneProject/systemtest/extensionDirTest/twoExtensionDir/version1/entry:version1_twoExtension_entry_hap(//build/toolchain/ohos:ohos_clang_arm). Do not install the module to app.
[OHOS INFO] [GN] Set module_install_dir or relative_install_dir field in the //foundation/bundlemanager/bundle_framework/test/sceneProject/systemtest/extensionDirTest/withoutExtensionDir/version1_form/entry:version1_withoutExtension_entry_form_hap(//build/toolchain/ohos:ohos_clang_arm). Do not install the module to app.
[OHOS INFO] [GN] Set module_install_dir or relative_install_dir field in the //foundation/bundlemanager/bundle_framework/test/sceneProject/systemtest/extensionDirTest/withoutExtensionDir/version2/feature:version2_withoutExtension_feature_hap(//build/toolchain/ohos:ohos_clang_arm). Do not install the module to app.
[OHOS INFO] [GN] Set module_install_dir or relative_install_dir field in the //foundation/bundlemanager/bundle_framework/test/sceneProject/systemtest/extensionDirTest/twoExtensionDir/version1/feature:version1_twoExtension_feature_hap(//build/toolchain/ohos:ohos_clang_arm). Do not install the module to app.
[OHOS INFO] [GN] Set module_install_dir or relative_install_dir field in the //foundation/bundlemanager/bundle_framework/test/sceneProject/systemtest/extensionDirTest/twoExtensionDir/version2/feature:version2_twoExtension_feature_hap(//build/toolchain/ohos:ohos_clang_arm). Do not install the module to app.
[OHOS INFO] [GN] Set module_install_dir or relative_install_dir field in the //foundation/bundlemanager/bundle_framework/test/sceneProject/systemtest/extensionDirTest/oneExtensionDir/version1/entry_ex2:version1_oneExtension2_entry_hap(//build/toolchain/ohos:ohos_clang_arm). Do not install the module to app.
[OHOS INFO] [GN] target_out_dir //out/rk3568/mingw_x86_64/obj/arkcompiler/runtime_core/libark_defect_scan_aux/tests/unittest
[OHOS INFO] [GN] target_dir /home/mgces/openharmony/code/out/rk3568/mingw_x86_64/obj/arkcompiler/runtime_core/libark_defect_scan_aux/tests/unittest
[OHOS INFO] [GN] test_abc_dir /home/mgces/openharmony/code/out/rk3568/mingw_x86_64/obj/arkcompiler/runtime_core/libark_defect_scan_aux/tests/unittest
[OHOS INFO] [GN] Set module_install_dir or relative_install_dir field in the //foundation/bundlemanager/distributed_bundle_framework/services/dbms/test/sceneProject/unittest/system_module:distributed_system_module(//build/toolchain/ohos:ohos_clang_arm). Do not install the module to app.
[OHOS INFO] [GN] ########## ets_runtime disable cmc-gc ##############
[OHOS INFO] [GN] Set module_install_dir or relative_install_dir field in the //foundation/bundlemanager/bundle_framework/test/sceneProject/systemtest/multiUser/lower_versionCode_entry:lower_versionCode_entry_hap(//build/toolchain/ohos:ohos_clang_arm). Do not install the module to app.
[OHOS INFO] [GN] Set module_install_dir or relative_install_dir field in the //foundation/bundlemanager/bundle_framework/test/sceneProject/systemtest/driverBundle/driverBundle2:driverBundle2(//build/toolchain/ohos:ohos_clang_arm). Do not install the module to app.
[OHOS INFO] [GN] Set module_install_dir or relative_install_dir field in the //foundation/bundlemanager/bundle_framework/test/sceneProject/systemtest/multiUser/lower_versionCode_entry/feature:lower_versionCode_entry_hapB(//build/toolchain/ohos:ohos_clang_arm). Do not install the module to app.
[OHOS INFO] [GN] Set module_install_dir or relative_install_dir field in the //foundation/bundlemanager/bundle_framework/test/sceneProject/systemtest/driverBundle/driverBundle1:driverBundle1(//build/toolchain/ohos:ohos_clang_arm). Do not install the module to app.
[OHOS INFO] [GN] ########## ets_runtime disable cmc-gc ##############
[OHOS INFO] [GN] ************libhilog_base use_musl ***************
[OHOS INFO] [GN] ########## ets_runtime disable cmc-gc ##############
[OHOS INFO] [GN] WARNING at the command-line "--args":1:327: Build argument has no effect.
[OHOS INFO] [GN] product_name="rk3568" target_cpu="arm" precise_branch="" is_standard_system=true product_path="/home/mgces/openharmony/code/vendor/hihope/rk3568" product_config_path="/home/mgces/openharmony/code/vendor/hihope/rk3568" device_name="rk3568" device_path="/home/mgces/openharmony/code/device/board/rockchip/rk3568" device_company="rockchip" device_config_path="/home/mgces/openharmony/code/device/board/rockchip/rk3568" ohos_build_compiler_specified="" ohos_build_time=1783452372648 ohos_build_datetime="2026-07-08 11:26:12" ace_engine_feature_enable_accessibility=true ace_engine_feature_enable_web=true ace_engine_feature_enable_upgrade_skia=true os_account_multiple_active_accounts=false datamgr_service_udmf=true access_token_enhance_capability=false code_signature_support_oh_code_sign=false code_signature_support_oh_release_app=true code_signature_support_app_allow_list=false init_feature_ab_partition=true hiview_feature_bbox_userspace=true hiview_enable_leak_detector=true hiview_enable_performance_monitor=true t2stack_feature_vtp=true t2stack_feature_coap=true t2stack_feature_dfile=true dsoftbus_feature_coap=true dsoftbus_feature_vtp=true dsoftbus_feature_dfile=true dsoftbus_feature_disc_ble=true dsoftbus_feature_disc_coap=true dsoftbus_feature_disc_lnn_coap=true dsoftbus_feature_conn_pv1=true dsoftbus_feature_conn_br=true dsoftbus_feature_conn_ble=true dsoftbus_feature_conn_tcp_proxy=true dsoftbus_feature_conn_tcp_comm=true dsoftbus_feature_trans_udp_stream=true dsoftbus_feature_trans_udp_file=true dsoftbus_feature_trans_udp=true dsoftbus_feature_trans_proxy_file=true dsoftbus_feature_trans_qos=true dsoftbus_feature_trans_br_proxy=true dsoftbus_feature_lnn_ble=true dsoftbus_feature_lnn_wifi=true dsoftbus_feature_lnn_cloud_sync=true dsoftbus_feature_lnn_channel_rating=true dsoftbus_feature_lnn_lane_mgr=true dsoftbus_feature_lnn_lane_qos=true dsoftbus_feature_lnn_frame=true wifi_feature_non_seperate_p2p=true wifi_feature_non_hdf_driver=true wifi_feature_p2p_random_mac_addr=true fusion_connectivity_partner_agent_feature=true updater_feature_use_ptable=false updater_feature_updater_gen_executable=true updater_feature_sign_on_server=false sys_installer_feature_ohos_cfg=true graphic_2d_feature_rs_enable_eglimage=true graphic_2d_feature_use_texgine=true graphic_2d_feature_upgrade_skia=true audio_framework_feature_dtmf_tone=true audio_framework_feature_opensl_es=true audio_framework_feature_support_os_account=false audio_framework_feature_audiosuite_support=true audio_framework_feature_hdmi_detect_audio=true image_framework_feature_upgrade_skia=true input_feature_combination_key=true input_feature_pointer_drawing=true input_feature_interceptor=true input_feature_monitor=true input_feature_keyboard=true input_feature_mouse=true input_feature_touchscreen=true input_feature_input_device=true battery_manager_feature_enable_charger=true memmgr_purgeable_memory=true memmgr_hyperhold_memory=true usb_manager_feature_pop_up_func_switch_model=false usb_manager_feature_host=true usb_manager_feature_device=true usb_manager_feature_port=true device_status_interaction_coordination=false wpa_supplicant_driver_nl80211=true skia_feature_upgrade=true libuv_use_ffrt=true qrcodegen_feature_ace_engine_qrcode_able=true hdf_core_platform_test_support=false hdf_core_default_peripheral_config=false drivers_interface_display_community=true drivers_interface_display_vdi_default=true drivers_peripheral_input_feature_model=true drivers_peripheral_input_feature_support_ddk=true drivers_peripheral_display_community=true drivers_peripheral_display_vdi_default=true drivers_peripheral_wlan_feature_enable_HDF_NL80211=true drivers_peripheral_wlan_feature_enable_HDF_UT=false drivers_peripheral_wlan_feature_vendor="default" drivers_peripheral_wlan_p2p_name="p2p-dev-wlan0" drivers_peripheral_sensor_feature_model=true drivers_peripheral_audio_feature_full_test_suite=true drivers_peripheral_audio_feature_alsa_lib=false drivers_peripheral_audio_feature_effect=true drivers_peripheral_light_feature_model=true drivers_peripheral_vibrator_feature_model=true drivers_peripheral_codec_feature_support_omx_extend_test=true drivers_peripheral_codec_feature_support_hdi_v1=true smartperf_host_device=true drivers_interface_audio_community=true alsa_lib_feature_config_enable=true ohos_build_enable_ccache=true ohos_build_type="debug" device_type="default" build_variant="root" ohos_components_checktype=4 ohos_interception_rule_switch=1023 skip_generate_module_list_file=true sdk_platform="linux" ndk_platform="linux" use_cfi=false use_thin_lto=false enable_lto_O0=true sdk_check_flag=false enable_ndk_doxygen=false archive_ndk=false sdk_for_hap_build=true enable_archive_sdk=false enable_notice_collection=false enable_process_notice=false point_split=true root_perf_main="main" runtime_mode="release"
[OHOS INFO] [GN]                                                                                                                                                                                                                                                                                                                                       ^---------
[OHOS INFO] [GN] The variable "device_company" was set as a build argument
[OHOS INFO] [GN] but never appeared in a declare_args() block in any buildfile.
[OHOS INFO] [GN] 
[OHOS INFO] [GN] To view all possible args, run "gn args --list <out_dir>"
[OHOS INFO] [GN] 
[OHOS INFO] [GN] The build continued as if that argument was unspecified.
[OHOS INFO] [GN] 
[OHOS INFO] [GN] Done. Made 91810 targets from 9596 files in 63738ms
[OHOS INFO]  The run time for _gn is 63.9 s

[OHOS INFO] [NINJA] Excuting ninja command: /home/mgces/openharmony/code/prebuilts/build-tools/linux-x86/bin/ninja -w dupbuild=warn -C /home/mgces/openharmony/code/out/rk3568 ThreadLeakDetectorModuleTest
[OHOS INFO] [NINJA] [1/10020] CC obj/base/security/selinux_adapter/framework/policycoreutils/src/libselinux_parameter_static_noflto/contexts_trie.o
[OHOS INFO] [NINJA] [2/10020] CC obj/base/security/selinux_adapter/framework/policycoreutils/src/libselinux_parameter_static_noflto/selinux_map.o
[OHOS INFO] [NINJA] [3/10020] CC obj/base/security/selinux_adapter/framework/policycoreutils/src/libselinux_parameter_static_noflto/selinux_parameter.o
[OHOS INFO] [NINJA] [4/10020] CC obj/base/security/selinux_adapter/framework/policycoreutils/src/libselinux_parameter_static_noflto/selinux_share_mem.o
[OHOS INFO] [NINJA] [5/10020] CC obj/base/startup/init/services/param/base/parameterbase/param_comm.o
[OHOS INFO] [NINJA] [6/10020] CC obj/base/startup/init/services/param/base/parameterbase/param_trie.o
[OHOS INFO] [NINJA] [7/10020] AR obj/base/security/selinux_adapter/libselinux_parameter_static_noflto.a
[OHOS INFO] [NINJA] [8/10020] CC obj/base/startup/init/services/utils/parameterbase/list.o
[OHOS INFO] [NINJA] [9/10020] CC obj/base/startup/init/services/utils/parameterbase/init_hashmap.o
[OHOS INFO] [NINJA] [10/10020] CC obj/base/startup/init/services/param/adapter/parameterbase/param_dac.o
[OHOS INFO] [NINJA] [11/10020] CC obj/base/startup/init/services/param/linux/parameterbase/param_osadp.o
[OHOS INFO] [NINJA] [12/10020] CC obj/base/startup/init/services/param/adapter/parameterbase/param_selinux.o
[OHOS INFO] [NINJA] [13/10020] CC obj/base/startup/init/services/param/base/parameterbase/param_base.o
[OHOS INFO] [NINJA] [14/10020] AR obj/base/startup/init/services/param/base/libparameterbase.a
[OHOS INFO] [NINJA] [15/10020] CC obj/third_party/musl/src/hook/linux/soft_musl_hook_shared/musl_opt.o
[OHOS INFO] [NINJA] [16/10020] CC obj/third_party/musl/src/hook/linux/soft_musl_hook_shared/musl_fdtrack.o
[OHOS INFO] [NINJA] [17/10020] CC obj/third_party/musl/src/hook/linux/soft_musl_hook_shared/memory_trace.o
[OHOS INFO] [NINJA] [18/10020] CC obj/third_party/musl/src/hook/linux/soft_musl_hook_shared/malloc_common.o
[OHOS INFO] [NINJA] [19/10020] CC obj/third_party/musl/src/hook/linux/soft_musl_hook_shared/musl_fdtrack_load.o
[OHOS INFO] [NINJA] [20/10020] CC obj/third_party/musl/src/hook/linux/soft_musl_hook_shared/musl_preinit_common.o
[OHOS INFO] [NINJA] [21/10020] CC obj/third_party/musl/src/hook/linux/soft_musl_hook_shared/musl_socket_preinit_common.o
[OHOS INFO] [NINJA] [22/10020] CC obj/third_party/musl/src/hook/linux/soft_musl_hook_shared/musl_socket_preinit.o
[OHOS INFO] [NINJA] [23/10020] CC obj/third_party/musl/src/hook/linux/soft_musl_hook_shared/socket_common.o
[OHOS INFO] [NINJA] [24/10020] CC obj/third_party/pcre2/pcre2/src/libpcre2_static/pcre2_chkdint.o
[OHOS INFO] [NINJA] [25/10020] CC obj/third_party/pcre2/pcre2/src/libpcre2_static/pcre2_config.o
[OHOS INFO] [NINJA] [26/10020] CC obj/third_party/pcre2/pcre2/src/libpcre2_static/pcre2_auto_possess.o
[OHOS INFO] [NINJA] [27/10020] CC obj/third_party/musl/src/hook/linux/soft_musl_hook_shared/musl_preinit.o
[OHOS INFO] [NINJA] [28/10020] STAMP obj/third_party/musl/soft_musl_hook_shared.stamp
[OHOS INFO] [NINJA] [29/10020] CC obj/third_party/FreeBSD/lib/libc/gen/libfreebsd_static/fts.o
[OHOS INFO] [NINJA] [30/10020] CC obj/third_party/pcre2/pcre2/src/libpcre2_static/pcre2_compile_class.o
[OHOS INFO] [NINJA] [31/10020] CC obj/third_party/pcre2/pcre2/src/libpcre2_static/pcre2_error.o
[OHOS INFO] [NINJA] [32/10020] CC obj/third_party/pcre2/pcre2/src/libpcre2_static/pcre2_extuni.o
[OHOS INFO] [NINJA] [33/10020] CC obj/third_party/pcre2/pcre2/src/libpcre2_static/pcre2_context.o
[OHOS INFO] [NINJA] [34/10020] CC obj/third_party/pcre2/pcre2/src/libpcre2_static/pcre2_jit_compile.o
[OHOS INFO] [NINJA] [35/10020] CC obj/third_party/pcre2/pcre2/src/libpcre2_static/pcre2_find_bracket.o
[OHOS INFO] [NINJA] [36/10020] CC obj/third_party/pcre2/pcre2/src/libpcre2_static/pcre2_maketables.o
[OHOS INFO] [NINJA] [37/10020] CC obj/third_party/pcre2/pcre2/src/libpcre2_static/pcre2_match_data.o
[OHOS INFO] [NINJA] [38/10020] CC obj/third_party/pcre2/pcre2/src/libpcre2_static/pcre2_convert.o
[OHOS INFO] [NINJA] [39/10020] CC obj/third_party/pcre2/pcre2/src/libpcre2_static/pcre2_newline.o
[OHOS INFO] [NINJA] [40/10020] CC obj/third_party/pcre2/pcre2/src/libpcre2_static/pcre2_ord2utf.o
[OHOS INFO] [NINJA] [41/10020] CC obj/third_party/pcre2/pcre2/src/libpcre2_static/pcre2_pattern_info.o
[OHOS INFO] [NINJA] [42/10020] CC obj/third_party/pcre2/pcre2/src/libpcre2_static/pcre2_script_run.o
[OHOS INFO] [NINJA] [43/10020] CC obj/third_party/pcre2/pcre2/src/libpcre2_static/pcre2_serialize.o
[OHOS INFO] [NINJA] [44/10020] CC obj/third_party/pcre2/pcre2/src/libpcre2_static/pcre2_string_utils.o
[OHOS INFO] [NINJA] [45/10020] CC obj/third_party/pcre2/pcre2/src/libpcre2_static/pcre2_study.o
[OHOS INFO] [NINJA] [46/10020] CC obj/third_party/pcre2/pcre2/src/libpcre2_static/pcre2_dfa_match.o
[OHOS INFO] [NINJA] [47/10020] CC obj/third_party/pcre2/pcre2/src/libpcre2_static/pcre2_substitute.o
[OHOS INFO] [NINJA] [48/10020] CC obj/third_party/pcre2/pcre2/src/libpcre2_static/pcre2_tables.o
[OHOS INFO] [NINJA] [49/10020] CC obj/third_party/pcre2/pcre2/src/libpcre2_static/pcre2_substring.o
[OHOS INFO] [NINJA] [50/10020] CC obj/third_party/pcre2/pcre2/src/libpcre2_static/pcre2_ucd.o
[OHOS INFO] [NINJA] [51/10020] CC obj/third_party/pcre2/pcre2/src/libpcre2_static/pcre2_valid_utf.o
[OHOS INFO] [NINJA] [52/10020] CC obj/third_party/pcre2/pcre2/src/libpcre2_static/pcre2_xclass.o
[OHOS INFO] [NINJA] [53/10020] CC obj/out/rk3568/obj/third_party/pcre2/libpcre2_static/pcre2_chartables.o
[OHOS INFO] [NINJA] [54/10020] CC obj/base/security/selinux_adapter/framework/policycoreutils/src/libselinux_parameter_static/contexts_trie.o
[OHOS INFO] [NINJA] [55/10020] CC obj/base/security/selinux_adapter/framework/policycoreutils/src/libselinux_parameter_static/selinux_map.o
[OHOS INFO] [NINJA] [56/10020] AR obj/third_party/FreeBSD/libfreebsd_static.a
[OHOS INFO] [NINJA] [57/10020] CC obj/base/security/selinux_adapter/framework/policycoreutils/src/libselinux_parameter_static/selinux_share_mem.o
[OHOS INFO] [NINJA] [58/10020] CC obj/base/security/selinux_adapter/framework/policycoreutils/src/libselinux_parameter_static/selinux_parameter.o
[OHOS INFO] [NINJA] [59/10020] CC obj/third_party/bounds_checking_function/src/libsec_static/fwscanf_s.o
[OHOS INFO] [NINJA] [60/10020] CC obj/third_party/bounds_checking_function/src/libsec_static/fscanf_s.o
[OHOS INFO] [NINJA] [61/10020] CC obj/third_party/pcre2/pcre2/src/libpcre2_static/pcre2_match.o
[OHOS INFO] [NINJA] [62/10020] CC obj/third_party/bounds_checking_function/src/libsec_static/gets_s.o
[OHOS INFO] [NINJA] [63/10020] CC obj/third_party/bounds_checking_function/src/libsec_static/memcpy_s.o
[OHOS INFO] [NINJA] [64/10020] CC obj/third_party/bounds_checking_function/src/libsec_static/scanf_s.o
[OHOS INFO] [NINJA] [65/10020] CC obj/third_party/bounds_checking_function/src/libsec_static/memmove_s.o
[OHOS INFO] [NINJA] [66/10020] CC obj/third_party/pcre2/pcre2/src/libpcre2_static/pcre2_compile.o
[OHOS INFO] [NINJA] [67/10020] CC obj/third_party/bounds_checking_function/src/libsec_static/securecutil.o
[OHOS INFO] [NINJA] [68/10020] CC obj/third_party/bounds_checking_function/src/libsec_static/memset_s.o
[OHOS INFO] [NINJA] [69/10020] CC obj/third_party/bounds_checking_function/src/libsec_static/snprintf_s.o
[OHOS INFO] [NINJA] [70/10020] CC obj/third_party/bounds_checking_function/src/libsec_static/sprintf_s.o
[OHOS INFO] [NINJA] [71/10020] CC obj/third_party/bounds_checking_function/src/libsec_static/secureprintoutput_a.o
[OHOS INFO] [NINJA] [72/10020] CC obj/third_party/bounds_checking_function/src/libsec_static/sscanf_s.o
[OHOS INFO] [NINJA] [73/10020] CC obj/third_party/bounds_checking_function/src/libsec_static/strcat_s.o
[OHOS INFO] [NINJA] [74/10020] CC obj/third_party/bounds_checking_function/src/libsec_static/strcpy_s.o
[OHOS INFO] [NINJA] [75/10020] CC obj/third_party/bounds_checking_function/src/libsec_static/strncat_s.o
[OHOS INFO] [NINJA] [76/10020] CC obj/third_party/bounds_checking_function/src/libsec_static/secureinput_a.o
[OHOS INFO] [NINJA] [77/10020] CC obj/third_party/bounds_checking_function/src/libsec_static/secureinput_w.o
[OHOS INFO] [NINJA] [78/10020] CC obj/third_party/bounds_checking_function/src/libsec_static/secureprintoutput_w.o
[OHOS INFO] [NINJA] [79/10020] CC obj/third_party/bounds_checking_function/src/libsec_static/strncpy_s.o
[OHOS INFO] [NINJA] [80/10020] CC obj/third_party/bounds_checking_function/src/libsec_static/swprintf_s.o
[OHOS INFO] [NINJA] [81/10020] CC obj/third_party/bounds_checking_function/src/libsec_static/strtok_s.o
[OHOS INFO] [NINJA] [82/10020] CC obj/third_party/bounds_checking_function/src/libsec_static/vfwscanf_s.o
[OHOS INFO] [NINJA] [83/10020] CC obj/third_party/bounds_checking_function/src/libsec_static/swscanf_s.o
[OHOS INFO] [NINJA] [84/10020] CC obj/third_party/bounds_checking_function/src/libsec_static/vfscanf_s.o
[OHOS INFO] [NINJA] [85/10020] CC obj/third_party/bounds_checking_function/src/libsec_static/vsnprintf_s.o
[OHOS INFO] [NINJA] [86/10020] CC obj/third_party/bounds_checking_function/src/libsec_static/vscanf_s.o
[OHOS INFO] [NINJA] [87/10020] CC obj/third_party/bounds_checking_function/src/libsec_static/vsscanf_s.o
[OHOS INFO] [NINJA] [88/10020] CC obj/third_party/bounds_checking_function/src/libsec_static/vsprintf_s.o
[OHOS INFO] [NINJA] [89/10020] CC obj/third_party/bounds_checking_function/src/libsec_static/vwscanf_s.o
[OHOS INFO] [NINJA] [90/10020] CC obj/third_party/bounds_checking_function/src/libsec_static/vswprintf_s.o
[OHOS INFO] [NINJA] [91/10020] CC obj/third_party/bounds_checking_function/src/libsec_static/vswscanf_s.o
[OHOS INFO] [NINJA] [92/10020] CC obj/third_party/bounds_checking_function/src/libsec_static/wcscpy_s.o
[OHOS INFO] [NINJA] [93/10020] CC obj/third_party/bounds_checking_function/src/libsec_static/wcsncpy_s.o
[OHOS INFO] [NINJA] [94/10020] CC obj/third_party/bounds_checking_function/src/libsec_static/wcscat_s.o
[OHOS INFO] [NINJA] [95/10020] CC obj/third_party/bounds_checking_function/src/libsec_static/wcsncat_s.o
[OHOS INFO] [NINJA] [96/10020] AR obj/third_party/pcre2/libpcre2_static.a
[OHOS INFO] [NINJA] [97/10020] CC obj/third_party/bounds_checking_function/src/libsec_static/wcstok_s.o
[OHOS INFO] [NINJA] [98/10020] CC obj/third_party/bounds_checking_function/src/libsec_static/wmemcpy_s.o
[OHOS INFO] [NINJA] [99/10020] CC obj/third_party/bounds_checking_function/src/libsec_static/wmemmove_s.o
[OHOS INFO] [NINJA] [100/10020] CC obj/third_party/bounds_checking_function/src/libsec_static/wscanf_s.o
[OHOS INFO] [NINJA] [101/10020] CC obj/third_party/selinux/libselinux/src/libselinux_static/app_allow_config.o
[OHOS INFO] [NINJA] [102/10020] CC obj/third_party/selinux/libselinux/src/libselinux_static/avc_sidtab.o
[OHOS INFO] [NINJA] [103/10020] CC obj/third_party/selinux/libselinux/src/libselinux_static/callbacks.o
[OHOS INFO] [NINJA] [104/10020] CC obj/third_party/selinux/libselinux/src/libselinux_static/avc_internal.o
[OHOS INFO] [NINJA] [105/10020] CC obj/third_party/selinux/libselinux/src/libselinux_static/booleans.o
[OHOS INFO] [NINJA] [106/10020] CC obj/third_party/selinux/libselinux/src/libselinux_static/checkAccess.o
[OHOS INFO] [NINJA] [107/10020] CC obj/third_party/selinux/libselinux/src/libselinux_static/avc.o
[OHOS INFO] [NINJA] [108/10020] CC obj/third_party/selinux/libselinux/src/libselinux_static/check_context.o
[OHOS INFO] [NINJA] [109/10020] CC obj/third_party/selinux/libselinux/src/libselinux_static/canonicalize_context.o
[OHOS INFO] [NINJA] [110/10020] CC obj/third_party/selinux/libselinux/src/libselinux_static/compute_av.o
[OHOS INFO] [NINJA] [111/10020] CC obj/third_party/selinux/libselinux/src/libselinux_static/compute_create.o
[OHOS INFO] [NINJA] [112/10020] CC obj/third_party/selinux/libselinux/src/libselinux_static/compute_member.o
[OHOS INFO] [NINJA] [113/10020] CC obj/third_party/selinux/libselinux/src/libselinux_static/deny_unknown.o
[OHOS INFO] [NINJA] [114/10020] CC obj/third_party/selinux/libselinux/src/libselinux_static/context.o
[OHOS INFO] [NINJA] [115/10020] CC obj/third_party/selinux/libselinux/src/libselinux_static/disable.o
[OHOS INFO] [NINJA] [116/10020] CC obj/third_party/selinux/libselinux/src/libselinux_static/fgetfilecon.o
[OHOS INFO] [NINJA] [117/10020] CC obj/third_party/selinux/libselinux/src/libselinux_static/enabled.o
[OHOS INFO] [NINJA] [118/10020] CC obj/third_party/selinux/libselinux/src/libselinux_static/freecon.o
[OHOS INFO] [NINJA] [119/10020] CC obj/third_party/selinux/libselinux/src/libselinux_static/fsetfilecon.o
[OHOS INFO] [NINJA] [120/10020] CC obj/third_party/selinux/libselinux/src/libselinux_static/getfilecon.o
[OHOS INFO] [NINJA] [121/10020] CC obj/third_party/selinux/libselinux/src/libselinux_static/getpeercon.o
[OHOS INFO] [NINJA] [122/10020] CC obj/third_party/selinux/libselinux/src/libselinux_static/getenforce.o
[OHOS INFO] [NINJA] [123/10020] CC obj/third_party/selinux/libselinux/src/libselinux_static/hashtab.o
[OHOS INFO] [NINJA] [124/10020] CC obj/third_party/selinux/libselinux/src/libselinux_static/get_initial_context.o
[OHOS INFO] [NINJA] [125/10020] CC obj/third_party/selinux/libselinux/src/libselinux_static/is_customizable_type.o
[OHOS INFO] [NINJA] [126/10020] CC obj/third_party/selinux/libselinux/src/libselinux_static/init.o
[OHOS INFO] [NINJA] [127/10020] CC obj/third_party/selinux/libselinux/src/libselinux_static/ignore_path.o
[OHOS INFO] [NINJA] [128/10020] CC obj/third_party/selinux/libselinux/src/libselinux_static/label.o
[OHOS INFO] [NINJA] [129/10020] CC obj/third_party/selinux/libselinux/src/libselinux_static/label_backends_android.o
[OHOS INFO] [NINJA] [130/10020] CC obj/third_party/selinux/libselinux/src/libselinux_static/label_support.o
[OHOS INFO] [NINJA] [131/10020] CC obj/third_party/selinux/libselinux/src/libselinux_static/label_media.o
[OHOS INFO] [NINJA] [132/10020] CC obj/third_party/selinux/libselinux/src/libselinux_static/lgetfilecon.o
[OHOS INFO] [NINJA] [133/10020] CC obj/third_party/selinux/libselinux/src/libselinux_static/label_x.o
[OHOS INFO] [NINJA] [134/10020] CC obj/third_party/selinux/libselinux/src/libselinux_static/label_db.o
[OHOS INFO] [NINJA] [135/10020] CC obj/third_party/selinux/libselinux/src/libselinux_static/lsetfilecon.o
[OHOS INFO] [NINJA] [136/10020] CC obj/third_party/selinux/libselinux/src/libselinux_static/load_policy.o
[OHOS INFO] [NINJA] [137/10020] CC obj/third_party/selinux/libselinux/src/libselinux_static/policyvers.o
[OHOS INFO] [NINJA] [138/10020] CC obj/third_party/selinux/libselinux/src/libselinux_static/mapping.o
[OHOS INFO] [NINJA] [139/10020] CC obj/third_party/selinux/libselinux/src/libselinux_static/matchpathcon.o
[OHOS INFO] [NINJA] [140/10020] CC obj/third_party/selinux/libselinux/src/libselinux_static/procattr.o
[OHOS INFO] [NINJA] [141/10020] CC obj/third_party/selinux/libselinux/src/libselinux_static/reject_unknown.o
[OHOS INFO] [NINJA] [142/10020] CC obj/third_party/selinux/libselinux/src/libselinux_static/regex.o
[OHOS INFO] [NINJA] [143/10020] CC obj/third_party/selinux/libselinux/src/libselinux_static/label_file.o
[OHOS INFO] [NINJA] [144/10020] CC obj/third_party/selinux/libselinux/src/libselinux_static/setenforce.o
[OHOS INFO] [NINJA] [145/10020] CC obj/third_party/selinux/libselinux/src/libselinux_static/sestatus.o
[OHOS INFO] [NINJA] [146/10020] CC obj/third_party/selinux/libselinux/src/libselinux_static/setfilecon.o
[OHOS INFO] [NINJA] [147/10020] CC obj/third_party/selinux/libselinux/src/libselinux_static/selinux_config.o
[OHOS INFO] [NINJA] [148/10020] CC obj/third_party/selinux/libselinux/src/libselinux_static/setrans_client.o
[OHOS INFO] [NINJA] [149/10020] AR obj/base/security/selinux_adapter/libselinux_parameter_static.a
[OHOS INFO] [NINJA] [150/10020] CC obj/third_party/selinux/libselinux/src/libselinux_static/seusers.o
[OHOS INFO] [NINJA] [151/10020] CC obj/third_party/selinux/libselinux/src/libselinux_static/sha1.o
[OHOS INFO] [NINJA] [152/10020] CC obj/third_party/selinux/libselinux/src/libselinux_static/stringrep.o
[OHOS INFO] [NINJA] [153/10020] CC obj/base/startup/init/services/utils/parameterbase_ext/list.o
[OHOS INFO] [NINJA] [154/10020] CC obj/base/startup/init/services/param/base/parameterbase_ext/param_comm.o
[OHOS INFO] [NINJA] [155/10020] CC obj/base/startup/init/services/param/base/parameterbase_ext/param_trie.o
[OHOS INFO] [NINJA] [156/10020] AR obj/third_party/bounds_checking_function/libsec_static.a
[OHOS INFO] [NINJA] [157/10020] CC obj/base/startup/init/services/log/parameterbase_ext/init_commlog.o
[OHOS INFO] [NINJA] [158/10020] CC obj/third_party/bounds_checking_function/src/libsec_shared/fscanf_s.o
[OHOS INFO] [NINJA] [159/10020] CC obj/base/startup/init/services/param/linux/parameterbase_ext/param_osadp.o
[OHOS INFO] [NINJA] [160/10020] CC obj/third_party/bounds_checking_function/src/libsec_shared/gets_s.o
[OHOS INFO] [NINJA] [161/10020] CC obj/third_party/bounds_checking_function/src/libsec_shared/fwscanf_s.o
[OHOS INFO] [NINJA] [162/10020] CC obj/third_party/bounds_checking_function/src/libsec_shared/memmove_s.o
[OHOS INFO] [NINJA] [163/10020] CC obj/third_party/bounds_checking_function/src/libsec_shared/memcpy_s.o
[OHOS INFO] [NINJA] [164/10020] CC obj/third_party/bounds_checking_function/src/libsec_shared/memset_s.o
[OHOS INFO] [NINJA] [165/10020] CC obj/third_party/bounds_checking_function/src/libsec_shared/scanf_s.o
[OHOS INFO] [NINJA] [166/10020] CC obj/third_party/bounds_checking_function/src/libsec_shared/securecutil.o
[OHOS INFO] [NINJA] [167/10020] CC obj/third_party/bounds_checking_function/src/libsec_shared/secureinput_a.o
[OHOS INFO] [NINJA] [168/10020] CC obj/third_party/bounds_checking_function/src/libsec_shared/secureinput_w.o
[OHOS INFO] [NINJA] [169/10020] CC obj/third_party/bounds_checking_function/src/libsec_shared/secureprintoutput_w.o
[OHOS INFO] [NINJA] [170/10020] CC obj/base/startup/init/services/utils/parameterbase_ext/init_hashmap.o
[OHOS INFO] [NINJA] [171/10020] CC obj/third_party/bounds_checking_function/src/libsec_shared/secureprintoutput_a.o
[OHOS INFO] [NINJA] [172/10020] CC obj/third_party/bounds_checking_function/src/libsec_shared/snprintf_s.o
[OHOS INFO] [NINJA] [173/10020] CC obj/third_party/bounds_checking_function/src/libsec_shared/sprintf_s.o
[OHOS INFO] [NINJA] [174/10020] CC obj/third_party/bounds_checking_function/src/libsec_shared/strcat_s.o
[OHOS INFO] [NINJA] [175/10020] CC obj/third_party/bounds_checking_function/src/libsec_shared/sscanf_s.o
[OHOS INFO] [NINJA] [176/10020] CC obj/third_party/bounds_checking_function/src/libsec_shared/strcpy_s.o
[OHOS INFO] [NINJA] [177/10020] CC obj/third_party/bounds_checking_function/src/libsec_shared/strncat_s.o
[OHOS INFO] [NINJA] [178/10020] CC obj/third_party/bounds_checking_function/src/libsec_shared/strtok_s.o
[OHOS INFO] [NINJA] [179/10020] CC obj/third_party/bounds_checking_function/src/libsec_shared/strncpy_s.o
[OHOS INFO] [NINJA] [180/10020] CC obj/third_party/bounds_checking_function/src/libsec_shared/swscanf_s.o
[OHOS INFO] [NINJA] [181/10020] CC obj/third_party/bounds_checking_function/src/libsec_shared/vfscanf_s.o
[OHOS INFO] [NINJA] [182/10020] CC obj/third_party/bounds_checking_function/src/libsec_shared/swprintf_s.o
[OHOS INFO] [NINJA] [183/10020] CC obj/third_party/bounds_checking_function/src/libsec_shared/vscanf_s.o
[OHOS INFO] [NINJA] [184/10020] CC obj/third_party/bounds_checking_function/src/libsec_shared/vfwscanf_s.o
[OHOS INFO] [NINJA] [185/10020] CC obj/third_party/bounds_checking_function/src/libsec_shared/vsnprintf_s.o
[OHOS INFO] [NINJA] [186/10020] CC obj/third_party/bounds_checking_function/src/libsec_shared/vsprintf_s.o
[OHOS INFO] [NINJA] [187/10020] CC obj/third_party/bounds_checking_function/src/libsec_shared/vsscanf_s.o
[OHOS INFO] [NINJA] [188/10020] CC obj/third_party/bounds_checking_function/src/libsec_shared/vswprintf_s.o
[OHOS INFO] [NINJA] [189/10020] CC obj/third_party/bounds_checking_function/src/libsec_shared/vswscanf_s.o
[OHOS INFO] [NINJA] [190/10020] CC obj/third_party/bounds_checking_function/src/libsec_shared/vwscanf_s.o
[OHOS INFO] [NINJA] [191/10020] CC obj/third_party/bounds_checking_function/src/libsec_shared/wcscpy_s.o
[OHOS INFO] [NINJA] [192/10020] CC obj/third_party/bounds_checking_function/src/libsec_shared/wcsncpy_s.o
[OHOS INFO] [NINJA] [193/10020] CC obj/third_party/bounds_checking_function/src/libsec_shared/wcsncat_s.o
[OHOS INFO] [NINJA] [194/10020] CC obj/third_party/bounds_checking_function/src/libsec_shared/wcscat_s.o
[OHOS INFO] [NINJA] [195/10020] CC obj/third_party/bounds_checking_function/src/libsec_shared/wmemmove_s.o
[OHOS INFO] [NINJA] [196/10020] CC obj/third_party/bounds_checking_function/src/libsec_shared/wcstok_s.o
[OHOS INFO] [NINJA] [197/10020] CC obj/third_party/bounds_checking_function/src/libsec_shared/wmemcpy_s.o
[OHOS INFO] [NINJA] [198/10020] CC obj/third_party/bounds_checking_function/src/libsec_shared/wscanf_s.o
[OHOS INFO] [NINJA] [199/10020] CC obj/base/startup/init/services/log/agent_log/init_log.o
[OHOS INFO] [NINJA] [200/10020] CC obj/third_party/selinux/libselinux/src/libselinux_static/selinux_restorecon.o
[OHOS INFO] [NINJA] [201/10020] AR obj/base/startup/init/services/log/libagent_log.a
[OHOS INFO] [NINJA] [202/10020] AR obj/third_party/selinux/libselinux_static.a
[OHOS INFO] [NINJA] [203/10020] AR obj/base/startup/init/services/param/base/libparameterbase_ext.a
[OHOS INFO] [NINJA] [204/10020] STAMP obj/base/startup/init/services/param/base/param_base.stamp
[OHOS INFO] [NINJA] [205/10020] CC obj/base/startup/init/services/param/linux/param_client/param_message.o
[OHOS INFO] [NINJA] [206/10020] CC obj/base/startup/init/services/param/linux/param_client/param_request.o
[OHOS INFO] [NINJA] [207/10020] CC obj/base/startup/init/services/utils/libinit_utils/init_utils.o
[OHOS INFO] [NINJA] [208/10020] CC obj/base/startup/init/services/param/manager/param_client/param_manager.o
[OHOS INFO] [NINJA] [209/10020] CC obj/third_party/cJSON/cjson_static/cJSON.o
[OHOS INFO] [NINJA] [210/10020] CXX obj/commonlibrary/c_utils/base/src/utils/datetime_ex.o
[OHOS INFO] [NINJA] [211/10020] CXX obj/commonlibrary/c_utils/base/src/utils/unicode_ex.o
[OHOS INFO] [NINJA] [212/10020] CXX obj/commonlibrary/c_utils/base/src/utils/string_ex.o
[OHOS INFO] [NINJA] [213/10020] CXX obj/commonlibrary/c_utils/base/src/utils/refbase.o
[OHOS INFO] [NINJA] [214/10020] CXX obj/commonlibrary/c_utils/base/src/utils/semaphore_ex.o
[OHOS INFO] [NINJA] [215/10020] CXX obj/commonlibrary/c_utils/base/src/utils/directory_ex.o
[OHOS INFO] [NINJA] [216/10020] CXX obj/commonlibrary/c_utils/base/src/utils/thread_pool.o
[OHOS INFO] [NINJA] [217/10020] CXX obj/commonlibrary/c_utils/base/src/utils/mapped_file.o
[OHOS INFO] [NINJA] [218/10020] CXX obj/commonlibrary/c_utils/base/src/utils/observer.o
[OHOS INFO] [NINJA] [219/10020] CXX obj/commonlibrary/c_utils/base/src/utils/file_ex.o
[OHOS INFO] [NINJA] [220/10020] CXX obj/commonlibrary/c_utils/base/src/utils/parcel.o
[OHOS INFO] [NINJA] [221/10020] CXX obj/commonlibrary/c_utils/base/src/utils/thread_ex.o
[OHOS INFO] [NINJA] [222/10020] CXX obj/commonlibrary/c_utils/base/src/utils/io_event_handler.o
[OHOS INFO] [NINJA] [223/10020] CXX obj/commonlibrary/c_utils/base/src/utils/io_event_reactor.o
[OHOS INFO] [NINJA] [224/10020] CXX obj/commonlibrary/c_utils/base/src/utils/io_event_epoll.o
[OHOS INFO] [NINJA] [225/10020] CXX obj/commonlibrary/c_utils/base/src/utils/event_handler.o
[OHOS INFO] [NINJA] [226/10020] CXX obj/commonlibrary/c_utils/base/src/utils/event_reactor.o
[OHOS INFO] [NINJA] [227/10020] CXX obj/commonlibrary/c_utils/base/src/utils/timer_event_handler.o
[OHOS INFO] [NINJA] [228/10020] AR obj/third_party/cJSON/libcjson_static.a
[OHOS INFO] [NINJA] [229/10020] CC obj/base/startup/init/interfaces/innerkits/syscap/libsystemparam/init_syscap.o
[OHOS INFO] [NINJA] [230/10020] CXX obj/commonlibrary/c_utils/base/src/utils/event_demultiplexer.o
[OHOS INFO] [NINJA] [231/10020] CC obj/base/startup/init/interfaces/innerkits/syspara/libsystemparam/param_comm.o
[OHOS INFO] [NINJA] [232/10020] CC obj/base/startup/init/interfaces/innerkits/syspara/libsystemparam/sysversion.o
[OHOS INFO] [NINJA] [233/10020] CC obj/base/startup/init/interfaces/innerkits/syspara/libsystemparam/parameter.o
[OHOS INFO] [NINJA] [234/10020] AR obj/base/startup/init/services/param/linux/libparam_client.a
[OHOS INFO] [NINJA] [235/10020] AR obj/base/startup/init/services/utils/libinit_utils.a
[OHOS INFO] [NINJA] [236/10020] CXX obj/commonlibrary/c_utils/base/src/utils/rwlock.o
[OHOS INFO] [NINJA] [237/10020] CC obj/base/customization/config_policy/frameworks/config_policy/src/configpolicy_util/config_policy_utils.o
[OHOS INFO] [NINJA] [238/10020] CC obj/base/startup/init/interfaces/innerkits/control_fd/libcontrolfd/control_fd_client.o
[OHOS INFO] [NINJA] [239/10020] CC obj/base/startup/init/interfaces/innerkits/control_fd/libcontrolfd/control_fd_service.o
[OHOS INFO] [NINJA] [240/10020] CC obj/base/startup/init/interfaces/innerkits/fd_holder/fdholder/fd_holder_internal.o
[OHOS INFO] [NINJA] [241/10020] CC obj/base/startup/init/interfaces/innerkits/file/libfile/init_file.o
[OHOS INFO] [NINJA] [242/10020] CXX obj/commonlibrary/c_utils/base/src/utils/ashmem.o
[OHOS INFO] [NINJA] [243/10020] CC obj/base/startup/init/interfaces/innerkits/socket/libsocket/init_socket.o
[OHOS INFO] [NINJA] [244/10020] CC obj/base/startup/init/services/loopevent/loop/loopevent/le_epoll.o
[OHOS INFO] [NINJA] [245/10020] CC obj/base/startup/init/services/loopevent/idle/loopevent/le_idle.o
[OHOS INFO] [NINJA] [246/10020] CC obj/base/startup/init/services/loopevent/loop/loopevent/le_loop.o
[OHOS INFO] [NINJA] [247/10020] CC obj/base/startup/init/services/loopevent/signal/loopevent/le_signal.o
[OHOS INFO] [NINJA] [248/10020] CC obj/base/startup/init/services/loopevent/task/loopevent/le_asynctask.o
[OHOS INFO] [NINJA] [249/10020] CC obj/base/startup/init/services/loopevent/socket/loopevent/le_socket.o
[OHOS INFO] [NINJA] [250/10020] CC obj/base/startup/init/services/loopevent/task/loopevent/le_watchtask.o
[OHOS INFO] [NINJA] [251/10020] CC obj/base/startup/init/services/loopevent/timer/loopevent/le_timer.o
[OHOS INFO] [NINJA] [252/10020] CC obj/base/startup/init/services/loopevent/task/loopevent/le_task.o
[OHOS INFO] [NINJA] [253/10020] CC obj/base/startup/init/services/loopevent/task/loopevent/le_streamtask.o
[OHOS INFO] [NINJA] [254/10020] CC obj/third_party/cJSON/cjson/cJSON.o
[OHOS INFO] [NINJA] [255/10020] CC obj/base/startup/init/services/loopevent/utils/loopevent/le_utils.o
[OHOS INFO] [NINJA] [256/10020] CC obj/base/startup/init/services/modules/udid/libudidcomm/udid_comm.o
[OHOS INFO] [NINJA] [257/10020] CXX obj/commonlibrary/c_utils/base/src/utils/timer.o
[OHOS INFO] [NINJA] [258/10020] CXX obj/base/startup/init/interfaces/innerkits/syspara/libsystemparam/param_wrapper.o
[OHOS INFO] [NINJA] [259/10020] CXX obj/base/hiviewdfx/hilog/frameworks/sandbox_log/libsandboxlog/page_switch_log.o
[OHOS INFO] [NINJA] [260/10020] CXX obj/base/hiviewdfx/hilog/frameworks/sandbox_log/libsandboxlog/log_mmap_manager.o
[OHOS INFO] [NINJA] [261/10020] CXX obj/base/hiviewdfx/hilog/frameworks/sandbox_log/libsandboxlog/sandbox_utils.o
[OHOS INFO] [NINJA] [262/10020] CC obj/base/startup/init/interfaces/innerkits/fd_holder/libbegetutil/fd_holder.o
[OHOS INFO] [NINJA] [263/10020] CC obj/base/startup/init/interfaces/innerkits/reboot/libbegetutil/init_reboot_innerkits.o
[OHOS INFO] [NINJA] [264/10020] CC obj/base/startup/init/interfaces/innerkits/service_control/libbegetutil/service_control.o
[OHOS INFO] [NINJA] [265/10020] CXX obj/base/hiviewdfx/hilog/frameworks/sandbox_log/libsandboxlog/sandbox_logger.o
[OHOS INFO] [NINJA] [266/10020] CC obj/base/startup/init/interfaces/innerkits/syscap/libbegetutil/init_syscap.o
[OHOS INFO] [NINJA] [267/10020] CC obj/base/startup/init/interfaces/innerkits/syspara/libbegetutil/param_comm.o
[OHOS INFO] [NINJA] [268/10020] CC obj/base/startup/init/interfaces/innerkits/syspara/libbegetutil/parameter.o
[OHOS INFO] [NINJA] [269/10020] CC obj/base/startup/init/interfaces/innerkits/syspara/libbegetutil/sysversion.o
[OHOS INFO] [NINJA] [270/10020] CC obj/base/startup/init/interfaces/innerkits/hookmgr/libbegetutil/hookmgr.o
[OHOS INFO] [NINJA] [271/10020] CC obj/base/startup/init/interfaces/innerkits/modulemgr/libbegetutil/modulemgr.o
[OHOS INFO] [NINJA] [272/10020] AR obj/base/startup/init/interfaces/innerkits/fd_holder/libfdholder.a
[OHOS INFO] [NINJA] [273/10020] AR obj/base/startup/init/interfaces/innerkits/socket/libsocket.a
[OHOS INFO] [NINJA] [274/10020] AR obj/base/startup/init/services/loopevent/libloopevent.a
[OHOS INFO] [NINJA] [275/10020] CXX obj/base/hiviewdfx/hilog/frameworks/libhilog/libhilog_source_ohos/hilog.o
[OHOS INFO] [NINJA] [276/10020] SOLINK obj/third_party/musl/usr/lib/arm-linux-ohos/libc.so
[OHOS INFO] [NINJA] [277/10020] STAMP obj/third_party/musl/soft_shared_libs.stamp
[OHOS INFO] [NINJA] [278/10020] STAMP obj/build/config/common_deps.stamp
[OHOS INFO] [NINJA] [279/10020] STAMP obj/build/config/shared_library_deps.stamp
[OHOS INFO] [NINJA] [280/10020] SOLINK thirdparty/bounds_checking_function/libsec_shared.z.so
[OHOS INFO] [NINJA] [281/10020] AR obj/base/startup/init/interfaces/innerkits/control_fd/libcontrolfd.a
[OHOS INFO] [NINJA] [282/10020] AR obj/base/startup/init/interfaces/innerkits/file/libfile.a
[OHOS INFO] [NINJA] [283/10020] AR obj/base/startup/init/services/modules/udid/libudidcomm.a
[OHOS INFO] [NINJA] [284/10020] SOLINK thirdparty/cJSON/libcjson.z.so
[OHOS INFO] [NINJA] [285/10020] CXX obj/base/hiviewdfx/hilog/frameworks/sandbox_log/libsandboxlog/app_file_manager.o
[OHOS INFO] [NINJA] [286/10020] CXX obj/base/startup/init/interfaces/innerkits/syspara/libbegetutil/param_wrapper.o
[OHOS INFO] [NINJA] [287/10020] SOLINK commonlibrary/c_utils/libutils.z.so
[OHOS INFO] [NINJA] [288/10020] CXX obj/base/hiviewdfx/hilog/frameworks/sandbox_log/libsandboxlog/appbox_logger.o
[OHOS INFO] [NINJA] [289/10020] CXX obj/base/hiviewdfx/hilog/frameworks/sandbox_log/libsandboxlog/log_file_manager.o
[OHOS INFO] [NINJA] [290/10020] SOLINK startup/init/libsystemparam.z.so
[OHOS INFO] [NINJA] [291/10020] CXX obj/base/hiviewdfx/hilog/frameworks/libhilog/libhilog_source_ohos/hilog_printf.o
[OHOS INFO] [NINJA] [292/10020] CXX obj/base/hiviewdfx/hilog/frameworks/libhilog/socket/libhilog_source_ohos/dgram_socket_client.o
[OHOS INFO] [NINJA] [293/10020] CXX obj/base/hiviewdfx/hilog/frameworks/libhilog/ioctl/libhilog_source_ohos/log_ioctl.o
[OHOS INFO] [NINJA] [294/10020] CXX obj/base/hiviewdfx/hilog/frameworks/libhilog/socket/libhilog_source_ohos/dgram_socket_server.o
[OHOS INFO] [NINJA] [295/10020] CXX obj/base/hiviewdfx/hilog/frameworks/libhilog/socket/libhilog_source_ohos/socket.o
[OHOS INFO] [NINJA] [296/10020] CXX obj/base/hiviewdfx/hilog/frameworks/libhilog/socket/libhilog_source_ohos/hilog_input_socket_client.o
[OHOS INFO] [NINJA] [297/10020] CXX obj/base/hiviewdfx/hilog/frameworks/libhilog/socket/libhilog_source_ohos/hilog_input_socket_server.o
[OHOS INFO] [NINJA] [298/10020] CXX obj/base/hiviewdfx/hilog/frameworks/libhilog/socket/libhilog_source_ohos/seq_packet_socket_client.o
[OHOS INFO] [NINJA] [299/10020] CXX obj/base/hiviewdfx/hilog/frameworks/libhilog/socket/libhilog_source_ohos/seq_packet_socket_server.o
[OHOS INFO] [NINJA] [300/10020] CXX obj/base/hiviewdfx/hilog/frameworks/libhilog/param/libhilog_source_ohos/properties.o
[OHOS INFO] [NINJA] [301/10020] CXX obj/base/hiviewdfx/hilog/frameworks/libhilog/socket/libhilog_source_ohos/socket_client.o
[OHOS INFO] [NINJA] [302/10020] CXX obj/base/hiviewdfx/hilog/frameworks/libhilog/socket/libhilog_source_ohos/socket_server.o
[OHOS INFO] [NINJA] [303/10020] SOLINK hiviewdfx/hilog/libsandboxlog.so
[OHOS INFO] [NINJA] [304/10020] CC obj/base/hiviewdfx/hilog/frameworks/libhilog/vsnprintf/libhilog_source_ohos/vsnprintf_s_p.o
[OHOS INFO] [NINJA] [305/10020] CC obj/base/hiviewdfx/hitrace/interfaces/native/innerkits/src/hitracechain_source/hitrace_meter_c.o
[OHOS INFO] [NINJA] [306/10020] SOLINK customization/config_policy/libconfigpolicy_util.z.so
[OHOS INFO] [NINJA] [307/10020] SOLINK startup/init/libbegetutil.z.so
[OHOS INFO] [NINJA] [308/10020] CXX obj/base/hiviewdfx/hilog/frameworks/libhilog/utils/libhilog_source_ohos/log_print.o
[OHOS INFO] [NINJA] [309/10020] CC obj/base/hiviewdfx/hitrace/frameworks/native/hitracechain_source/hitracechainc.o
[OHOS INFO] [NINJA] [310/10020] CXX obj/base/hiviewdfx/hitrace/interfaces/native/innerkits/src/hitracechain_source/hitrace_meter_wrapper.o
[OHOS INFO] [NINJA] [311/10020] CC obj/third_party/lzma/C/lzma_source_arm/7zAlloc.o
[OHOS INFO] [NINJA] [312/10020] CXX obj/base/hiviewdfx/hitrace/frameworks/native/hitracechain_source/hitraceid.o
[OHOS INFO] [NINJA] [313/10020] CC obj/third_party/lzma/C/lzma_source_arm/7zBuf2.o
[OHOS INFO] [NINJA] [314/10020] CC obj/third_party/lzma/C/lzma_source_arm/7zBuf.o
[OHOS INFO] [NINJA] [315/10020] CC obj/third_party/lzma/C/lzma_source_arm/7zCrc.o
[OHOS INFO] [NINJA] [316/10020] CC obj/third_party/lzma/C/lzma_source_arm/7zCrcOpt.o
[OHOS INFO] [NINJA] [317/10020] CXX obj/base/hiviewdfx/hitrace/frameworks/native/hitracechain_source/hitracechain.o
[OHOS INFO] [NINJA] [318/10020] CC obj/third_party/lzma/C/lzma_source_arm/7zFile.o
[OHOS INFO] [NINJA] [319/10020] CC obj/third_party/lzma/C/lzma_source_arm/7zDec.o
[OHOS INFO] [NINJA] [320/10020] CC obj/third_party/lzma/C/lzma_source_arm/7zStream.o
[OHOS INFO] [NINJA] [321/10020] CC obj/third_party/lzma/C/lzma_source_arm/7zArcIn.o
[OHOS INFO] [NINJA] [322/10020] CC obj/third_party/lzma/C/lzma_source_arm/Alloc.o
[OHOS INFO] [NINJA] [323/10020] CC obj/third_party/lzma/C/lzma_source_arm/Bra86.o
[OHOS INFO] [NINJA] [324/10020] CC obj/third_party/lzma/C/lzma_source_arm/Bcj2.o
[OHOS INFO] [NINJA] [325/10020] CC obj/third_party/lzma/C/lzma_source_arm/BraIA64.o
[OHOS INFO] [NINJA] [326/10020] CC obj/third_party/lzma/C/lzma_source_arm/CpuArch.o
[OHOS INFO] [NINJA] [327/10020] CC obj/third_party/lzma/C/lzma_source_arm/Delta.o
[OHOS INFO] [NINJA] [328/10020] CC obj/third_party/lzma/C/lzma_source_arm/Bra.o
[OHOS INFO] [NINJA] [329/10020] CXX obj/base/hiviewdfx/hitrace/utils/hitrace_common_utils/common_utils.o
[OHOS INFO] [NINJA] [330/10020] CC obj/third_party/lzma/C/lzma_source_arm/Lzma86Dec.o
[OHOS INFO] [NINJA] [331/10020] CC obj/third_party/lzma/C/lzma_source_arm/Lzma86Enc.o
[OHOS INFO] [NINJA] [332/10020] CC obj/third_party/lzma/C/lzma_source_arm/Lzma2Dec.o
[OHOS INFO] [NINJA] [333/10020] CC obj/third_party/lzma/C/lzma_source_arm/Lzma2Enc.o
[OHOS INFO] [NINJA] [334/10020] CC obj/third_party/lzma/C/lzma_source_arm/LzmaLib.o
[OHOS INFO] [NINJA] [335/10020] CC obj/third_party/lzma/C/lzma_source_arm/LzFind.o
[OHOS INFO] [NINJA] [336/10020] CC obj/third_party/lzma/C/lzma_source_arm/Ppmd7.o
[OHOS INFO] [NINJA] [337/10020] CC obj/third_party/lzma/C/lzma_source_arm/Ppmd7Dec.o
[OHOS INFO] [NINJA] [338/10020] CC obj/third_party/lzma/C/lzma_source_arm/LzmaDec.o
[OHOS INFO] [NINJA] [339/10020] CC obj/third_party/lzma/C/lzma_source_arm/Ppmd7Enc.o
[OHOS INFO] [NINJA] [340/10020] CC obj/third_party/lzma/C/lzma_source_arm/Sha256.o
[OHOS INFO] [NINJA] [341/10020] CC obj/third_party/lzma/C/lzma_source_arm/Sort.o
[OHOS INFO] [NINJA] [342/10020] CC obj/third_party/lzma/C/lzma_source_arm/Xz.o
[OHOS INFO] [NINJA] [343/10020] CC obj/third_party/lzma/C/lzma_source_arm/XzCrc64.o
[OHOS INFO] [NINJA] [344/10020] CC obj/third_party/lzma/C/lzma_source_arm/XzCrc64Opt.o
[OHOS INFO] [NINJA] [345/10020] CC obj/third_party/lzma/C/lzma_source_arm/XzIn.o
[OHOS INFO] [NINJA] [346/10020] CC obj/third_party/lzma/C/lzma_source_arm/LzmaEnc.o
[OHOS INFO] [NINJA] [347/10020] CC obj/third_party/lzma/C/lzma_source_arm/MtCoder.o
[OHOS INFO] [NINJA] [348/10020] CC obj/third_party/lzma/C/lzma_source_arm/XzEnc.o
[OHOS INFO] [NINJA] [349/10020] CXX obj/base/hiviewdfx/hitrace/interfaces/native/innerkits/src/hitracechain_source/hitrace_meter.o
[OHOS INFO] [NINJA] [350/10020] CC obj/third_party/lzma/C/lzma_source_arm/Threads.o
[OHOS INFO] [NINJA] [351/10020] CC obj/third_party/lzma/C/lzma_source_arm/LzFindMt.o
[OHOS INFO] [NINJA] [352/10020] CC obj/third_party/lzma/C/lzma_source_arm/XzDec.o
[OHOS INFO] [NINJA] [353/10020] CC obj/third_party/lzma/C/lzma_source_arm/LzFindOpt.o
[OHOS INFO] [NINJA] [354/10020] CC obj/third_party/lzma/C/lzma_source_arm/MtDec.o
[OHOS INFO] [NINJA] [355/10020] CC obj/third_party/lzma/C/lzma_source_arm/Sha256Opt.o
[OHOS INFO] [NINJA] [356/10020] CXX obj/base/hiviewdfx/faultloggerd/common/dfxutil/libdfx_util/elapsed_time.o
[OHOS INFO] [NINJA] [357/10020] CXX obj/base/hiviewdfx/faultloggerd/common/dfxutil/libdfx_util/file_util.o
[OHOS INFO] [NINJA] [358/10020] CXX obj/base/hiviewdfx/faultloggerd/common/dfxutil/libdfx_util/dfx_util.o
[OHOS INFO] [NINJA] [359/10020] CXX obj/base/hiviewdfx/faultloggerd/common/dfxutil/libdfx_util/dfx_signal.o
[OHOS INFO] [NINJA] [360/10020] CXX obj/base/hiviewdfx/faultloggerd/common/dfxutil/libdfx_util/proc_util.o
[OHOS INFO] [NINJA] [361/10020] CXX obj/base/hiviewdfx/faultloggerd/common/trace/dfx_trace_dlsym_cfi/dfx_trace_dlsym.o
[OHOS INFO] [NINJA] [362/10020] CXX obj/base/hiviewdfx/hisysevent/interfaces/native/innerkits/hisysevent/libhisysevent/encoded_param.o
[OHOS INFO] [NINJA] [363/10020] CXX obj/base/hiviewdfx/hilog/frameworks/libhilog/utils/libhilog_source_ohos/log_utils.o
[OHOS INFO] [NINJA] [364/10020] STAMP obj/base/hiviewdfx/hilog/frameworks/libhilog/libhilog_source_ohos.stamp
[OHOS INFO] [NINJA] [365/10020] CXX obj/base/hiviewdfx/hisysevent/interfaces/native/innerkits/hisysevent/libhisysevent/hisysevent_c.o
[OHOS INFO] [NINJA] [366/10020] CXX obj/base/hiviewdfx/hisysevent/interfaces/native/innerkits/hisysevent/libhisysevent/event_socket_factory.o
[OHOS INFO] [NINJA] [367/10020] CXX obj/base/hiviewdfx/hisysevent/interfaces/native/innerkits/hisysevent/libhisysevent/raw_data.o
[OHOS INFO] [NINJA] [368/10020] SOLINK hiviewdfx/hilog/libhilog.so
[OHOS INFO] [NINJA] [369/10020] STAMP obj/base/hiviewdfx/hitrace/utils/hitrace_common_utils.stamp
[OHOS INFO] [NINJA] [370/10020] STAMP obj/base/hiviewdfx/hitrace/frameworks/native/hitracechain_source.stamp
[OHOS INFO] [NINJA] [371/10020] CXX obj/base/hiviewdfx/hisysevent/interfaces/native/innerkits/hisysevent/libhisysevent/raw_data_base_def.o
[OHOS INFO] [NINJA] [372/10020] STAMP obj/third_party/lzma/lzma_source_arm.stamp
[OHOS INFO] [NINJA] [373/10020] SOLINK hiviewdfx/faultloggerd/libdfx_util.z.so
[OHOS INFO] [NINJA] [374/10020] CXX obj/base/hiviewdfx/hisysevent/interfaces/native/innerkits/hisysevent/libhisysevent/raw_data_encoder.o
[OHOS INFO] [NINJA] [375/10020] STAMP obj/base/hiviewdfx/faultloggerd/common/trace/dfx_trace_dlsym_cfi.stamp
[OHOS INFO] [NINJA] [376/10020] SOLINK hiviewdfx/hitrace/libhitracechain.so
[OHOS INFO] [NINJA] [377/10020] CXX obj/base/hiviewdfx/hisysevent/interfaces/native/innerkits/hisysevent/libhisysevent/transport.o
[OHOS INFO] [NINJA] [378/10020] CXX obj/base/hiviewdfx/hisysevent/interfaces/native/innerkits/hisysevent/libhisysevent/write_controller.o
[OHOS INFO] [NINJA] [379/10020] CXX obj/base/hiviewdfx/hisysevent/interfaces/native/innerkits/hisysevent/libhisysevent/stringfilter.o
[OHOS INFO] [NINJA] [380/10020] CXX obj/base/hiviewdfx/faultloggerd/interfaces/innerkits/unwinder/src/ark/libunwinder/dfx_ark.o
[OHOS INFO] [NINJA] [381/10020] CXX obj/base/hiviewdfx/faultloggerd/interfaces/innerkits/procinfo/libdfx_procinfo/procinfo.o
[OHOS INFO] [NINJA] [382/10020] CXX obj/base/hiviewdfx/faultloggerd/interfaces/innerkits/unwinder/src/ark/libunwinder/dfx_hap.o
[OHOS INFO] [NINJA] [383/10020] CXX obj/base/hiviewdfx/faultloggerd/interfaces/innerkits/unwinder/src/elf/libunwinder/dfx_mmap.o
[OHOS INFO] [NINJA] [384/10020] CXX obj/base/hiviewdfx/hisysevent/interfaces/native/innerkits/hisysevent/libhisysevent/hisysevent.o
[OHOS INFO] [NINJA] [385/10020] CXX obj/base/hiviewdfx/faultloggerd/interfaces/innerkits/unwinder/src/elf/libunwinder/dfx_elf.o
[OHOS INFO] [NINJA] [386/10020] CXX obj/base/hiviewdfx/faultloggerd/interfaces/innerkits/unwinder/src/elf/libunwinder/dfx_symbols.o
[OHOS INFO] [NINJA] [387/10020] CXX obj/base/hiviewdfx/faultloggerd/interfaces/innerkits/unwinder/src/jsvm/libunwinder/dfx_jsvm.o
[OHOS INFO] [NINJA] [388/10020] CXX obj/base/hiviewdfx/faultloggerd/interfaces/innerkits/unwinder/src/elf/libunwinder/dfx_elf_parser.o
[OHOS INFO] [NINJA] [389/10020] CXX obj/base/hiviewdfx/faultloggerd/interfaces/innerkits/unwinder/src/elf/libunwinder/elf_factory_selector.o
[OHOS INFO] [NINJA] [390/10020] CXX obj/base/hiviewdfx/faultloggerd/interfaces/innerkits/unwinder/src/elf/libunwinder/elf_factory.o
[OHOS INFO] [NINJA] [391/10020] CXX obj/base/hiviewdfx/faultloggerd/interfaces/innerkits/unwinder/src/maps/libunwinder/dfx_map.o
[OHOS INFO] [NINJA] [392/10020] CXX obj/base/hiviewdfx/faultloggerd/interfaces/innerkits/unwinder/src/registers/libunwinder/dfx_regs_arm64.o
[OHOS INFO] [NINJA] [393/10020] CXX obj/base/hiviewdfx/faultloggerd/interfaces/innerkits/unwinder/src/registers/libunwinder/dfx_regs_loongarch64.o
[OHOS INFO] [NINJA] [394/10020] CXX obj/base/hiviewdfx/faultloggerd/interfaces/innerkits/unwinder/src/memory/libunwinder/dfx_memory.o
[OHOS INFO] [NINJA] [395/10020] CXX obj/base/hiviewdfx/faultloggerd/interfaces/innerkits/unwinder/src/registers/libunwinder/dfx_regs_riscv64.o
[OHOS INFO] [NINJA] [396/10020] CXX obj/base/hiviewdfx/faultloggerd/interfaces/innerkits/unwinder/src/registers/libunwinder/dfx_regs_x86_64.o
[OHOS INFO] [NINJA] [397/10020] CXX obj/base/hiviewdfx/faultloggerd/interfaces/innerkits/unwinder/src/registers/libunwinder/dfx_regs.o
[OHOS INFO] [NINJA] [398/10020] CXX obj/base/hiviewdfx/faultloggerd/interfaces/innerkits/unwinder/src/memory/libunwinder/dfx_accessors.o
[OHOS INFO] [NINJA] [399/10020] CXX obj/base/hiviewdfx/faultloggerd/interfaces/innerkits/unwinder/src/registers/libunwinder/dfx_regs_arm.o
[OHOS INFO] [NINJA] [400/10020] CXX obj/base/hiviewdfx/faultloggerd/interfaces/innerkits/unwinder/src/utils/libunwinder/dfx_frame_formatter.o
[OHOS INFO] [NINJA] [401/10020] CXX obj/base/hiviewdfx/faultloggerd/interfaces/innerkits/unwinder/src/utils/libunwinder/dfx_frame.o
[OHOS INFO] [NINJA] [402/10020] CXX obj/base/hiviewdfx/faultloggerd/interfaces/innerkits/unwinder/src/maps/libunwinder/dfx_maps.o
[OHOS INFO] [NINJA] [403/10020] CXX obj/base/hiviewdfx/faultloggerd/interfaces/innerkits/unwinder/src/utils/libunwinder/dfx_instr_statistic.o
[OHOS INFO] [NINJA] [404/10020] CXX obj/base/hiviewdfx/faultloggerd/interfaces/innerkits/unwinder/src/unwind_local/libunwinder/thread_context.o
[OHOS INFO] [NINJA] [405/10020] CXX obj/base/hiviewdfx/faultloggerd/interfaces/innerkits/unwinder/src/utils/libunwinder/safe_reader.o
[OHOS INFO] [NINJA] [406/10020] CXX obj/base/hiviewdfx/faultloggerd/interfaces/innerkits/unwinder/src/utils/libunwinder/stack_utils.o
[OHOS INFO] [NINJA] [407/10020] CXX obj/base/hiviewdfx/faultloggerd/interfaces/innerkits/unwinder/src/utils/libunwinder/dfx_instructions.o
[OHOS INFO] [NINJA] [408/10020] CXX obj/base/hiviewdfx/faultloggerd/interfaces/innerkits/unwinder/src/utils/libunwinder/dfx_ptrace.o
[OHOS INFO] [NINJA] [409/10020] CXX obj/base/hiviewdfx/faultloggerd/interfaces/innerkits/unwinder/src/utils/libunwinder/unwinder_config.o
[OHOS INFO] [NINJA] [410/10020] CXX obj/base/hiviewdfx/faultloggerd/interfaces/innerkits/unwinder/src/utils/libunwinder/dfx_offline_parser.o
[OHOS INFO] [NINJA] [411/10020] SOLINK thirdparty/lzma/liblzma.z.so
[OHOS INFO] [NINJA] [412/10020] CXX obj/base/hiviewdfx/faultloggerd/interfaces/innerkits/unwinder/src/unwind_entry_parser/libunwinder/exidx_entry_parser.o
[OHOS INFO] [NINJA] [413/10020] CXX obj/base/hiviewdfx/faultloggerd/interfaces/innerkits/unwinder/src/unwind_entry_parser/libunwinder/dwarf_cfa_instructions.o
[OHOS INFO] [NINJA] [414/10020] SOLINK hiviewdfx/hisysevent/libhisysevent.z.so
[OHOS INFO] [NINJA] [415/10020] CXX obj/base/hiviewdfx/faultloggerd/interfaces/innerkits/unwinder/src/unwind_entry_parser/libunwinder/dwarf_entry_parser.o
[OHOS INFO] [NINJA] [416/10020] CXX obj/base/hiviewdfx/faultloggerd/interfaces/innerkits/unwinder/src/unwind_entry_parser/libunwinder/dwarf_op.o
[OHOS INFO] [NINJA] [417/10020] CXX obj/base/hiviewdfx/faultloggerd/interfaces/innerkits/unwinder/libunwinder/unwinder.o
[OHOS INFO] [NINJA] [418/10020] CXX obj/base/hiviewdfx/faultloggerd/interfaces/innerkits/backtrace/libbacktrace_local/memory_reader.o
[OHOS INFO] [NINJA] [419/10020] CXX obj/base/hiviewdfx/faultloggerd/interfaces/innerkits/backtrace/libbacktrace_local/backtrace_local.o
[OHOS INFO] [NINJA] [420/10020] SOLINK hiviewdfx/faultloggerd/libdfx_procinfo.z.so
[OHOS INFO] [NINJA] [421/10020] CC obj/base/hiviewdfx/faultloggerd/common/cutil/dfx_cutil_cfi/dfx_cutil.o
[OHOS INFO] [NINJA] [422/10020] CXX obj/base/hiviewdfx/faultloggerd/interfaces/innerkits/backtrace/libbacktrace_local/backtrace_local_thread.o
[OHOS INFO] [NINJA] [423/10020] CXX obj/base/hiviewdfx/faultloggerd/interfaces/innerkits/backtrace/libbacktrace_local/fp_backtrace.o
[OHOS INFO] [NINJA] [424/10020] SOLINK hiviewdfx/faultloggerd/libunwinder.z.so
[OHOS INFO] [NINJA] [425/10020] AR obj/base/hiviewdfx/faultloggerd/common/cutil/libdfx_cutil_cfi.a
[OHOS INFO] [NINJA] [426/10020] CXX obj/base/hiviewdfx/faultloggerd/interfaces/innerkits/backtrace/libbacktrace_local/backtrace_local_mix.o
[OHOS INFO] [NINJA] [427/10020] CXX obj/base/hiviewdfx/faultloggerd/interfaces/innerkits/backtrace/libbacktrace_local/dfx_kernel_stack.o
[OHOS INFO] [NINJA] [428/10020] CXX obj/base/hiviewdfx/faultloggerd/interfaces/innerkits/async_stack/libasync_stack/unique_stack_table.o
[OHOS INFO] [NINJA] [429/10020] CXX obj/base/hiviewdfx/faultloggerd/interfaces/innerkits/faultloggerd_client/libfaultloggerd/faultloggerd_client.o
[OHOS INFO] [NINJA] [430/10020] CXX obj/base/hiviewdfx/faultloggerd/interfaces/innerkits/faultloggerd_client/libfaultloggerd/faultloggerd_socket.o
[OHOS INFO] [NINJA] [431/10020] CXX obj/base/hiviewdfx/faultloggerd/interfaces/innerkits/async_stack/libasync_stack/async_stack.o
[OHOS INFO] [NINJA] [432/10020] CXX obj/base/hiviewdfx/faultloggerd/interfaces/innerkits/async_stack/libasync_stack/async_context_manager.o
[OHOS INFO] [NINJA] [433/10020] CXX obj/base/hiviewdfx/faultloggerd/interfaces/innerkits/dump_catcher/libdfx_dumpcatcher/dfx_dump_catcher_errno.o
[OHOS INFO] [NINJA] [434/10020] CC obj/third_party/pcre2/pcre2/src/libpcre2/pcre2_auto_possess.o
[OHOS INFO] [NINJA] [435/10020] CC obj/third_party/pcre2/pcre2/src/libpcre2/pcre2_chkdint.o
[OHOS INFO] [NINJA] [436/10020] CC obj/third_party/pcre2/pcre2/src/libpcre2/pcre2_compile.o
[OHOS INFO] [NINJA] [437/10020] CC obj/third_party/pcre2/pcre2/src/libpcre2/pcre2_compile_class.o
[OHOS INFO] [NINJA] [438/10020] CC obj/third_party/pcre2/pcre2/src/libpcre2/pcre2_config.o
[OHOS INFO] [NINJA] [439/10020] CC obj/third_party/pcre2/pcre2/src/libpcre2/pcre2_context.o
[OHOS INFO] [NINJA] [440/10020] CC obj/third_party/pcre2/pcre2/src/libpcre2/pcre2_convert.o
[OHOS INFO] [NINJA] [441/10020] CC obj/third_party/pcre2/pcre2/src/libpcre2/pcre2_dfa_match.o
[OHOS INFO] [NINJA] [442/10020] CC obj/third_party/pcre2/pcre2/src/libpcre2/pcre2_error.o
[OHOS INFO] [NINJA] [443/10020] CC obj/third_party/pcre2/pcre2/src/libpcre2/pcre2_extuni.o
[OHOS INFO] [NINJA] [444/10020] CC obj/third_party/pcre2/pcre2/src/libpcre2/pcre2_find_bracket.o
[OHOS INFO] [NINJA] [445/10020] CC obj/third_party/pcre2/pcre2/src/libpcre2/pcre2_jit_compile.o
[OHOS INFO] [NINJA] [446/10020] CC obj/third_party/pcre2/pcre2/src/libpcre2/pcre2_maketables.o
[OHOS INFO] [NINJA] [447/10020] CC obj/third_party/pcre2/pcre2/src/libpcre2/pcre2_match.o
[OHOS INFO] [NINJA] [448/10020] CC obj/third_party/pcre2/pcre2/src/libpcre2/pcre2_match_data.o
[OHOS INFO] [NINJA] [449/10020] CC obj/third_party/pcre2/pcre2/src/libpcre2/pcre2_newline.o
[OHOS INFO] [NINJA] [450/10020] CC obj/third_party/pcre2/pcre2/src/libpcre2/pcre2_ord2utf.o
[OHOS INFO] [NINJA] [451/10020] CC obj/third_party/pcre2/pcre2/src/libpcre2/pcre2_pattern_info.o
[OHOS INFO] [NINJA] [452/10020] CC obj/third_party/pcre2/pcre2/src/libpcre2/pcre2_script_run.o
[OHOS INFO] [NINJA] [453/10020] CC obj/third_party/pcre2/pcre2/src/libpcre2/pcre2_serialize.o
[OHOS INFO] [NINJA] [454/10020] CC obj/third_party/pcre2/pcre2/src/libpcre2/pcre2_string_utils.o
[OHOS INFO] [NINJA] [455/10020] CC obj/third_party/pcre2/pcre2/src/libpcre2/pcre2_study.o
[OHOS INFO] [NINJA] [456/10020] CC obj/third_party/pcre2/pcre2/src/libpcre2/pcre2_substitute.o
[OHOS INFO] [NINJA] [457/10020] CC obj/third_party/pcre2/pcre2/src/libpcre2/pcre2_substring.o
[OHOS INFO] [NINJA] [458/10020] CC obj/third_party/pcre2/pcre2/src/libpcre2/pcre2_tables.o
[OHOS INFO] [NINJA] [459/10020] CC obj/third_party/pcre2/pcre2/src/libpcre2/pcre2_ucd.o
[OHOS INFO] [NINJA] [460/10020] CC obj/third_party/pcre2/pcre2/src/libpcre2/pcre2_valid_utf.o
[OHOS INFO] [NINJA] [461/10020] CC obj/third_party/pcre2/pcre2/src/libpcre2/pcre2_xclass.o
[OHOS INFO] [NINJA] [462/10020] CC obj/out/rk3568/obj/third_party/pcre2/libpcre2/pcre2_chartables.o
[OHOS INFO] [NINJA] [463/10020] CXX obj/base/hiviewdfx/faultloggerd/interfaces/innerkits/dump_catcher/libdfx_dumpcatcher/dfx_dump_catcher_slow_policy.o
[OHOS INFO] [NINJA] [464/10020] CXX obj/base/hiviewdfx/faultloggerd/interfaces/innerkits/dump_catcher/libdfx_dumpcatcher/dfx_dump_catcher.o
[OHOS INFO] [NINJA] [465/10020] CXX obj/base/hiviewdfx/faultloggerd/interfaces/innerkits/dump_catcher/libdfx_dumpcatcher/kernel_stack_async_collector.o
[OHOS INFO] [NINJA] [466/10020] CXX obj/base/hiviewdfx/faultloggerd/interfaces/innerkits/dump_catcher/libdfx_dumpcatcher/lite_perf.o
[OHOS INFO] [NINJA] [467/10020] CXX obj/base/hiviewdfx/faultloggerd/interfaces/innerkits/stack_printer/src/libstack_printer/stack_printer.o
[OHOS INFO] [NINJA] [468/10020] CXX obj/foundation/communication/ipc/ipc/native/src/core/invoker/source/ipc_common/binder_connector.o
[OHOS INFO] [NINJA] [469/10020] CXX obj/foundation/communication/ipc/ipc/native/src/core/framework/source/ipc_common/ipc_payload_statistics_impl.o
[OHOS INFO] [NINJA] [470/10020] CXX obj/foundation/communication/ipc/ipc/native/src/core/framework/source/ipc_common/process_skeleton.o
[OHOS INFO] [NINJA] [471/10020] CXX obj/foundation/resourceschedule/ffrt/src/core/libffrt/entity.o
[OHOS INFO] [NINJA] [472/10020] CXX obj/foundation/resourceschedule/ffrt/src/core/libffrt/loop_api.o
[OHOS INFO] [NINJA] [473/10020] CXX obj/foundation/resourceschedule/ffrt/src/core/libffrt/task.o
[OHOS INFO] [NINJA] [474/10020] CXX obj/foundation/resourceschedule/ffrt/src/core/libffrt/task_io.o
[OHOS INFO] [NINJA] [475/10020] CXX obj/foundation/resourceschedule/ffrt/src/core/libffrt/poller_api.o
[OHOS INFO] [NINJA] [476/10020] CXX obj/foundation/resourceschedule/ffrt/src/core/libffrt/version_ctx.o
[OHOS INFO] [NINJA] [477/10020] CXX obj/foundation/resourceschedule/ffrt/src/core/libffrt/timer_api.o
[OHOS INFO] [NINJA] [478/10020] CXX obj/foundation/resourceschedule/ffrt/src/dfx/bbox/libffrt/fault_logger_fd_manager.o
[OHOS INFO] [NINJA] [479/10020] CXX obj/foundation/resourceschedule/ffrt/src/dfx/trace/libffrt/ffrt_trace.o
[OHOS INFO] [NINJA] [480/10020] CXX obj/foundation/resourceschedule/ffrt/src/dfx/dump/libffrt/dump.o
[OHOS INFO] [NINJA] [481/10020] CXX obj/foundation/resourceschedule/ffrt/src/dfx/trace/libffrt/ffrt_trace_chain.o
[OHOS INFO] [NINJA] [482/10020] CXX obj/foundation/resourceschedule/ffrt/src/dfx/log/libffrt/ffrt_log.o
[OHOS INFO] [NINJA] [483/10020] CXX obj/foundation/resourceschedule/ffrt/src/dfx/trace_record/libffrt/ffrt_trace_record.o
[OHOS INFO] [NINJA] [484/10020] CC obj/foundation/resourceschedule/ffrt/src/eu/libffrt/co2_context.o
[OHOS INFO] [NINJA] [485/10020] CXX obj/foundation/resourceschedule/ffrt/src/dfx/sysevent/libffrt/sysevent.o
[OHOS INFO] [NINJA] [486/10020] CXX obj/foundation/resourceschedule/ffrt/src/eu/libffrt/co_routine_factory.o
[OHOS INFO] [NINJA] [487/10020] CXX obj/foundation/resourceschedule/ffrt/src/dm/libffrt/dependence_manager.o
[OHOS INFO] [NINJA] [488/10020] CXX obj/foundation/resourceschedule/ffrt/src/dfx/bbox/libffrt/bbox.o
[OHOS INFO] [NINJA] [489/10020] CXX obj/foundation/resourceschedule/ffrt/src/dfx/watchdog/libffrt/watchdog_util.o
[OHOS INFO] [NINJA] [490/10020] CXX obj/foundation/resourceschedule/ffrt/src/dm/libffrt/sdependence_manager.o
[OHOS INFO] [NINJA] [491/10020] CXX obj/foundation/resourceschedule/ffrt/src/eu/libffrt/co_routine.o
[OHOS INFO] [NINJA] [492/10020] CXX obj/foundation/resourceschedule/ffrt/src/eu/libffrt/cpu_worker.o
[OHOS INFO] [NINJA] [493/10020] CXX obj/foundation/resourceschedule/ffrt/src/eu/libffrt/loop_poller.o
[OHOS INFO] [NINJA] [494/10020] CXX obj/foundation/resourceschedule/ffrt/src/eu/libffrt/io_poller.o
[OHOS INFO] [NINJA] [495/10020] CXX obj/foundation/resourceschedule/ffrt/src/eu/libffrt/base_poller.o
[OHOS INFO] [NINJA] [496/10020] CXX obj/foundation/resourceschedule/ffrt/src/eu/libffrt/execute_unit.o
[OHOS INFO] [NINJA] [497/10020] CXX obj/foundation/resourceschedule/ffrt/src/eu/libffrt/loop.o
[OHOS INFO] [NINJA] [498/10020] CXX obj/foundation/resourceschedule/ffrt/src/eu/libffrt/qos_convert.o
[OHOS INFO] [NINJA] [499/10020] CXX obj/foundation/resourceschedule/ffrt/src/eu/libffrt/osattr_manager.o
[OHOS INFO] [NINJA] [500/10020] CXX obj/foundation/resourceschedule/ffrt/src/eu/libffrt/qos_interface.o
[OHOS INFO] [NINJA] [501/10020] CXX obj/foundation/resourceschedule/ffrt/src/eu/libffrt/rtg_perf_ctrl.o
[OHOS INFO] [NINJA] [502/10020] CXX obj/foundation/resourceschedule/ffrt/src/eu/libffrt/rtg_ioctl.o
[OHOS INFO] [NINJA] [503/10020] CXX obj/foundation/resourceschedule/ffrt/src/eu/libffrt/sexecute_unit.o
[OHOS INFO] [NINJA] [504/10020] CXX obj/foundation/resourceschedule/ffrt/src/eu/libffrt/worker_thread.o
[OHOS INFO] [NINJA] [505/10020] CXX obj/foundation/resourceschedule/ffrt/src/ipc/libffrt/ipc.o
[OHOS INFO] [NINJA] [506/10020] CXX obj/foundation/resourceschedule/ffrt/src/queue/libffrt/concurrent_queue.o
[OHOS INFO] [NINJA] [507/10020] CXX obj/foundation/resourceschedule/ffrt/src/queue/libffrt/eventhandler_interactive_queue.o
[OHOS INFO] [NINJA] [508/10020] CXX obj/foundation/resourceschedule/ffrt/src/queue/libffrt/eventhandler_adapter_queue.o
[OHOS INFO] [NINJA] [509/10020] CXX obj/foundation/resourceschedule/ffrt/src/queue/libffrt/base_queue.o
[OHOS INFO] [NINJA] [510/10020] CXX obj/foundation/resourceschedule/ffrt/src/queue/libffrt/queue_api.o
[OHOS INFO] [NINJA] [511/10020] CXX obj/foundation/resourceschedule/ffrt/src/sched/libffrt/deadline.o
[OHOS INFO] [NINJA] [512/10020] CXX obj/foundation/resourceschedule/ffrt/src/sched/libffrt/execute_ctx.o
[OHOS INFO] [NINJA] [513/10020] CXX obj/foundation/resourceschedule/ffrt/src/queue/libffrt/queue_monitor.o
[OHOS INFO] [NINJA] [514/10020] CXX obj/foundation/resourceschedule/ffrt/src/queue/libffrt/serial_queue.o
[OHOS INFO] [NINJA] [515/10020] CXX obj/foundation/resourceschedule/ffrt/src/queue/libffrt/traffic_record.o
[OHOS INFO] [NINJA] [516/10020] CXX obj/foundation/resourceschedule/ffrt/src/sched/libffrt/multi_workgroup.o
[OHOS INFO] [NINJA] [517/10020] CXX obj/foundation/resourceschedule/ffrt/src/sched/libffrt/qos.o
[OHOS INFO] [NINJA] [518/10020] CXX obj/foundation/resourceschedule/ffrt/src/sched/libffrt/load_tracking.o
[OHOS INFO] [NINJA] [519/10020] CXX obj/foundation/resourceschedule/ffrt/src/sched/libffrt/interval.o
[OHOS INFO] [NINJA] [520/10020] CXX obj/foundation/resourceschedule/ffrt/src/sched/libffrt/frame_interval.o
[OHOS INFO] [NINJA] [521/10020] CXX obj/foundation/resourceschedule/ffrt/src/queue/libffrt/queue_handler.o
[OHOS INFO] [NINJA] [522/10020] CXX obj/foundation/resourceschedule/ffrt/src/sched/libffrt/sched_deadline.o
[OHOS INFO] [NINJA] [523/10020] CXX obj/foundation/resourceschedule/ffrt/src/sync/libffrt/condition_variable.o
[OHOS INFO] [NINJA] [524/10020] CXX obj/foundation/resourceschedule/ffrt/src/sync/libffrt/perf_counter.o
[OHOS INFO] [NINJA] [525/10020] CXX obj/foundation/resourceschedule/ffrt/src/sched/libffrt/scheduler.o
[OHOS INFO] [NINJA] [526/10020] CXX obj/foundation/resourceschedule/ffrt/src/sync/libffrt/timer_manager.o
[OHOS INFO] [NINJA] [527/10020] CXX obj/foundation/resourceschedule/ffrt/src/sync/libffrt/mutex.o
[OHOS INFO] [NINJA] [528/10020] CXX obj/foundation/resourceschedule/ffrt/src/sched/libffrt/task_scheduler.o
[OHOS INFO] [NINJA] [529/10020] CXX obj/foundation/resourceschedule/ffrt/src/sync/libffrt/shared_mutex.o
[OHOS INFO] [NINJA] [530/10020] CXX obj/foundation/resourceschedule/ffrt/src/sync/libffrt/record_mutex.o
[OHOS INFO] [NINJA] [531/10020] CXX obj/foundation/resourceschedule/ffrt/src/sync/libffrt/delayed_worker.o
[OHOS INFO] [NINJA] [532/10020] CXX obj/foundation/resourceschedule/ffrt/src/sync/libffrt/sleep.o
[OHOS INFO] [NINJA] [533/10020] CXX obj/foundation/resourceschedule/ffrt/src/sync/libffrt/thread.o
[OHOS INFO] [NINJA] [534/10020] CXX obj/foundation/resourceschedule/ffrt/src/sync/libffrt/wait_queue.o
[OHOS INFO] [NINJA] [535/10020] CXX obj/foundation/resourceschedule/ffrt/src/sync/libffrt/sync.o
[OHOS INFO] [NINJA] [536/10020] CXX obj/foundation/resourceschedule/ffrt/src/tm/libffrt/cpu_task.o
[OHOS INFO] [NINJA] [537/10020] CXX obj/foundation/resourceschedule/ffrt/src/tm/libffrt/io_task.o
[OHOS INFO] [NINJA] [538/10020] CXX obj/foundation/resourceschedule/ffrt/src/tm/libffrt/scpu_task.o
[OHOS INFO] [NINJA] [539/10020] CXX obj/foundation/resourceschedule/ffrt/src/tm/libffrt/queue_task.o
[OHOS INFO] [NINJA] [540/10020] CXX obj/foundation/resourceschedule/ffrt/src/util/libffrt/capability.o
[OHOS INFO] [NINJA] [541/10020] CXX obj/foundation/resourceschedule/ffrt/src/util/libffrt/cpu_boost_wrapper.o
[OHOS INFO] [NINJA] [542/10020] CXX obj/foundation/resourceschedule/ffrt/src/tm/libffrt/task_base.o
[OHOS INFO] [NINJA] [543/10020] CXX obj/foundation/resourceschedule/ffrt/src/util/libffrt/ffrt_cpu_boost.o
[OHOS INFO] [NINJA] [544/10020] CXX obj/foundation/resourceschedule/ffrt/src/tm/libffrt/task_factory.o
[OHOS INFO] [NINJA] [545/10020] CXX obj/foundation/resourceschedule/ffrt/src/util/libffrt/graph_check.o
[OHOS INFO] [NINJA] [546/10020] CXX obj/foundation/resourceschedule/ffrt/src/tm/libffrt/uv_task.o
[OHOS INFO] [NINJA] [547/10020] CXX obj/foundation/resourceschedule/ffrt/src/util/libffrt/time_format.o
[OHOS INFO] [NINJA] [548/10020] CXX obj/foundation/resourceschedule/ffrt/src/util/libffrt/spmc_queue.o
[OHOS INFO] [NINJA] [549/10020] CC obj/third_party/selinux/libselinux/src/libselinux/app_allow_config.o
[OHOS INFO] [NINJA] [550/10020] CC obj/third_party/selinux/libselinux/src/libselinux/avc.o
[OHOS INFO] [NINJA] [551/10020] CC obj/third_party/selinux/libselinux/src/libselinux/avc_internal.o
[OHOS INFO] [NINJA] [552/10020] CC obj/third_party/selinux/libselinux/src/libselinux/avc_sidtab.o
[OHOS INFO] [NINJA] [553/10020] CC obj/third_party/selinux/libselinux/src/libselinux/booleans.o
[OHOS INFO] [NINJA] [554/10020] CC obj/third_party/selinux/libselinux/src/libselinux/callbacks.o
[OHOS INFO] [NINJA] [555/10020] CC obj/third_party/selinux/libselinux/src/libselinux/canonicalize_context.o
[OHOS INFO] [NINJA] [556/10020] CC obj/third_party/selinux/libselinux/src/libselinux/checkAccess.o
[OHOS INFO] [NINJA] [557/10020] CC obj/third_party/selinux/libselinux/src/libselinux/check_context.o
[OHOS INFO] [NINJA] [558/10020] CC obj/third_party/selinux/libselinux/src/libselinux/compute_av.o
[OHOS INFO] [NINJA] [559/10020] CC obj/third_party/selinux/libselinux/src/libselinux/compute_create.o
[OHOS INFO] [NINJA] [560/10020] CC obj/third_party/selinux/libselinux/src/libselinux/compute_member.o
[OHOS INFO] [NINJA] [561/10020] CC obj/third_party/selinux/libselinux/src/libselinux/context.o
[OHOS INFO] [NINJA] [562/10020] CXX obj/foundation/resourceschedule/ffrt/src/util/libffrt/ffrt_facade.o
[OHOS INFO] [NINJA] [563/10020] CC obj/third_party/selinux/libselinux/src/libselinux/deny_unknown.o
[OHOS INFO] [NINJA] [564/10020] CC obj/third_party/selinux/libselinux/src/libselinux/disable.o
[OHOS INFO] [NINJA] [565/10020] CC obj/third_party/selinux/libselinux/src/libselinux/enabled.o
[OHOS INFO] [NINJA] [566/10020] CC obj/third_party/selinux/libselinux/src/libselinux/freecon.o
[OHOS INFO] [NINJA] [567/10020] CC obj/third_party/selinux/libselinux/src/libselinux/fgetfilecon.o
[OHOS INFO] [NINJA] [568/10020] CC obj/third_party/selinux/libselinux/src/libselinux/fsetfilecon.o
[OHOS INFO] [NINJA] [569/10020] CC obj/third_party/selinux/libselinux/src/libselinux/get_initial_context.o
[OHOS INFO] [NINJA] [570/10020] CC obj/third_party/selinux/libselinux/src/libselinux/getenforce.o
[OHOS INFO] [NINJA] [571/10020] CC obj/third_party/selinux/libselinux/src/libselinux/getfilecon.o
[OHOS INFO] [NINJA] [572/10020] CC obj/third_party/selinux/libselinux/src/libselinux/hashtab.o
[OHOS INFO] [NINJA] [573/10020] CC obj/third_party/selinux/libselinux/src/libselinux/getpeercon.o
[OHOS INFO] [NINJA] [574/10020] CXX obj/foundation/resourceschedule/ffrt/src/dfx/async_stack/libffrt/ffrt_async_stack.o
[OHOS INFO] [NINJA] [575/10020] CC obj/third_party/selinux/libselinux/src/libselinux/init.o
[OHOS INFO] [NINJA] [576/10020] CC obj/third_party/selinux/libselinux/src/libselinux/ignore_path.o
[OHOS INFO] [NINJA] [577/10020] CC obj/third_party/selinux/libselinux/src/libselinux/is_customizable_type.o
[OHOS INFO] [NINJA] [578/10020] CXX obj/foundation/resourceschedule/ffrt/src/util/libffrt/white_list.o
[OHOS INFO] [NINJA] [579/10020] CC obj/third_party/selinux/libselinux/src/libselinux/label.o
[OHOS INFO] [NINJA] [580/10020] CC obj/third_party/selinux/libselinux/src/libselinux/label_db.o
[OHOS INFO] [NINJA] [581/10020] CC obj/third_party/selinux/libselinux/src/libselinux/label_backends_android.o
[OHOS INFO] [NINJA] [582/10020] CC obj/third_party/selinux/libselinux/src/libselinux/label_support.o
[OHOS INFO] [NINJA] [583/10020] CC obj/third_party/selinux/libselinux/src/libselinux/label_media.o
[OHOS INFO] [NINJA] [584/10020] CC obj/third_party/selinux/libselinux/src/libselinux/lgetfilecon.o
[OHOS INFO] [NINJA] [585/10020] CC obj/third_party/selinux/libselinux/src/libselinux/label_x.o
[OHOS INFO] [NINJA] [586/10020] CC obj/third_party/selinux/libselinux/src/libselinux/load_policy.o
[OHOS INFO] [NINJA] [587/10020] CC obj/third_party/selinux/libselinux/src/libselinux/lsetfilecon.o
[OHOS INFO] [NINJA] [588/10020] CC obj/third_party/selinux/libselinux/src/libselinux/policyvers.o
[OHOS INFO] [NINJA] [589/10020] CC obj/third_party/selinux/libselinux/src/libselinux/mapping.o
[OHOS INFO] [NINJA] [590/10020] CC obj/third_party/selinux/libselinux/src/libselinux/matchpathcon.o
[OHOS INFO] [NINJA] [591/10020] CC obj/third_party/selinux/libselinux/src/libselinux/label_file.o
[OHOS INFO] [NINJA] [592/10020] CC obj/third_party/selinux/libselinux/src/libselinux/reject_unknown.o
[OHOS INFO] [NINJA] [593/10020] CXX obj/foundation/resourceschedule/ffrt/src/util/libffrt/init.o
[OHOS INFO] [NINJA] [594/10020] CC obj/third_party/selinux/libselinux/src/libselinux/procattr.o
[OHOS INFO] [NINJA] [595/10020] CC obj/third_party/selinux/libselinux/src/libselinux/regex.o
[OHOS INFO] [NINJA] [596/10020] CC obj/third_party/selinux/libselinux/src/libselinux/selinux_config.o
[OHOS INFO] [NINJA] [597/10020] CC obj/third_party/selinux/libselinux/src/libselinux/setenforce.o
[OHOS INFO] [NINJA] [598/10020] CC obj/third_party/selinux/libselinux/src/libselinux/sestatus.o
[OHOS INFO] [NINJA] [599/10020] CC obj/third_party/selinux/libselinux/src/libselinux/setfilecon.o
[OHOS INFO] [NINJA] [600/10020] CC obj/third_party/selinux/libselinux/src/libselinux/setrans_client.o
[OHOS INFO] [NINJA] [601/10020] CC obj/foundation/communication/ipc/ipc/native/c/adapter/access_token/src/ipc_single/access_token_adapter.o
[OHOS INFO] [NINJA] [602/10020] CC obj/third_party/selinux/libselinux/src/libselinux/seusers.o
[OHOS INFO] [NINJA] [603/10020] CC obj/third_party/selinux/libselinux/src/libselinux/sha1.o
[OHOS INFO] [NINJA] [604/10020] CC obj/foundation/communication/ipc/ipc/native/c/rpc/src/ipc_single/rpc_feature_set.o
[OHOS INFO] [NINJA] [605/10020] CC obj/third_party/selinux/libselinux/src/libselinux/selinux_restorecon.o
[OHOS INFO] [NINJA] [606/10020] CC obj/third_party/selinux/libselinux/src/libselinux/stringrep.o
[OHOS INFO] [NINJA] [607/10020] CXX obj/foundation/communication/ipc/ipc/native/src/core/dbinder/source/ipc_single/dbinder_softbus_client.o
[OHOS INFO] [NINJA] [608/10020] CXX obj/foundation/communication/ipc/ipc/native/src/core/dbinder/source/ipc_single/dbinder_session_object.o
[OHOS INFO] [NINJA] [609/10020] CXX obj/foundation/resourceschedule/ffrt/src/util/libffrt/worker_monitor.o
[OHOS INFO] [NINJA] [610/10020] CXX obj/foundation/communication/ipc/ipc/native/src/core/dbinder/source/ipc_single/dbinder_callback_stub.o
[OHOS INFO] [NINJA] [611/10020] CXX obj/foundation/communication/ipc/ipc/native/src/core/dbinder/source/ipc_single/dbinder_softbus_client_death_recipient.o
[OHOS INFO] [NINJA] [612/10020] CXX obj/foundation/communication/ipc/ipc/native/src/core/dbinder/source/ipc_single/databus_socket_listener.o
[OHOS INFO] [NINJA] [613/10020] CXX obj/foundation/communication/ipc/ipc/native/src/core/framework/source/ipc_single/buffer_object.o
[OHOS INFO] [NINJA] [614/10020] CXX obj/foundation/communication/ipc/ipc/native/src/core/framework/source/ipc_single/binder_debug.o
[OHOS INFO] [NINJA] [615/10020] CXX obj/foundation/communication/ipc/ipc/native/src/core/framework/source/ipc_single/comm_auth_info.o
[OHOS INFO] [NINJA] [616/10020] CXX obj/foundation/communication/ipc/ipc/native/src/core/dbinder/source/ipc_single/dbinder_databus_invoker.o
[OHOS INFO] [NINJA] [617/10020] CXX obj/foundation/communication/ipc/ipc/native/src/core/framework/source/ipc_single/ipc_file_descriptor.o
[OHOS INFO] [NINJA] [618/10020] CXX obj/foundation/communication/ipc/ipc/native/src/core/framework/source/ipc_single/ipc_payload_statistics.o
[OHOS INFO] [NINJA] [619/10020] CXX obj/foundation/communication/ipc/ipc/native/src/core/framework/source/ipc_single/ipc_thread_skeleton.o
[OHOS INFO] [NINJA] [620/10020] CXX obj/foundation/communication/ipc/ipc/native/src/core/framework/source/ipc_single/ipc_skeleton.o
[OHOS INFO] [NINJA] [621/10020] CXX obj/foundation/communication/ipc/ipc/native/src/core/framework/source/ipc_single/ipc_thread_pool.o
[OHOS INFO] [NINJA] [622/10020] CXX obj/foundation/communication/ipc/ipc/native/src/core/framework/source/ipc_single/ipc_object_stub.o
[OHOS INFO] [NINJA] [623/10020] CXX obj/foundation/communication/ipc/ipc/native/src/core/framework/source/ipc_single/message_option.o
[OHOS INFO] [NINJA] [624/10020] CXX obj/foundation/communication/ipc/ipc/native/src/core/framework/source/ipc_single/ipc_object_proxy.o
[OHOS INFO] [NINJA] [625/10020] CXX obj/foundation/communication/ipc/ipc/native/src/core/framework/source/ipc_single/ipc_workthread.o
[OHOS INFO] [NINJA] [626/10020] CXX obj/foundation/communication/ipc/ipc/native/src/core/framework/source/ipc_single/iremote_broker.o
[OHOS INFO] [NINJA] [627/10020] CXX obj/foundation/communication/ipc/ipc/native/src/core/framework/source/ipc_single/iremote_object.o
[OHOS INFO] [NINJA] [628/10020] CXX obj/foundation/communication/ipc/ipc/native/src/core/framework/source/ipc_single/peer_holder.o
[OHOS INFO] [NINJA] [629/10020] CXX obj/foundation/communication/ipc/ipc/native/src/core/framework/source/ipc_single/stub_refcount_object.o
[OHOS INFO] [NINJA] [630/10020] CXX obj/foundation/communication/ipc/ipc/native/src/core/framework/source/ipc_single/message_parcel.o
[OHOS INFO] [NINJA] [631/10020] CXX obj/foundation/communication/ipc/ipc/native/src/core/invoker/source/ipc_single/hitrace_invoker.o
[OHOS INFO] [NINJA] [632/10020] CXX obj/foundation/communication/ipc/ipc/native/src/core/invoker/source/ipc_single/invoker_factory.o
[OHOS INFO] [NINJA] [633/10020] CXX obj/foundation/communication/ipc/ipc/native/src/core/invoker/source/ipc_single/invoker_rawdata.o
[OHOS INFO] [NINJA] [634/10020] CXX obj/foundation/communication/ipc/ipc/native/src/core/framework/source/ipc_single/ipc_process_skeleton.o
[OHOS INFO] [NINJA] [635/10020] CXX obj/foundation/communication/ipc/ipc/native/src/core/invoker/source/ipc_single/binder_invoker.o
[OHOS INFO] [NINJA] [636/10020] CXX obj/arkcompiler/runtime_core/static_core/libarkbase/mem/libarktsbase_static/base_mem_stats.o
[OHOS INFO] [NINJA] [637/10020] CXX obj/arkcompiler/runtime_core/static_core/libarkbase/mem/libarktsbase_static/mem_config.o
[OHOS INFO] [NINJA] [638/10020] CXX obj/arkcompiler/runtime_core/static_core/libarkbase/mem/libarktsbase_static/arena_allocator.o
[OHOS INFO] [NINJA] [639/10020] CXX obj/arkcompiler/runtime_core/static_core/libarkbase/mem/libarktsbase_static/alloc_tracker.o
[OHOS INFO] [NINJA] [640/10020] CXX obj/arkcompiler/runtime_core/static_core/libarkbase/mem/libarktsbase_static/code_allocator.o
[OHOS INFO] [NINJA] [641/10020] CXX obj/arkcompiler/runtime_core/static_core/libarkbase/mem/libarktsbase_static/pool_map.o
[OHOS INFO] [NINJA] [642/10020] CXX obj/arkcompiler/runtime_core/static_core/libarkbase/os/libarktsbase_static/dfx_option.o
[OHOS INFO] [NINJA] [643/10020] CXX obj/arkcompiler/runtime_core/static_core/libarkbase/os/libarktsbase_static/native_stack.o
[OHOS INFO] [NINJA] [644/10020] CXX obj/arkcompiler/runtime_core/static_core/libarkbase/os/libarktsbase_static/time.o
[OHOS INFO] [NINJA] [645/10020] CXX obj/arkcompiler/runtime_core/static_core/libarkbase/mem/libarktsbase_static/pool_manager.o
[OHOS INFO] [NINJA] [646/10020] CXX obj/arkcompiler/runtime_core/static_core/libarkbase/os/libarktsbase_static/filesystem.o
[OHOS INFO] [NINJA] [647/10020] CXX obj/arkcompiler/runtime_core/static_core/libarkbase/taskmanager/libarktsbase_static/task.o
[OHOS INFO] [NINJA] [648/10020] CXX obj/arkcompiler/runtime_core/static_core/libarkbase/taskmanager/libarktsbase_static/task_manager.o
[OHOS INFO] [NINJA] [649/10020] CXX obj/arkcompiler/runtime_core/static_core/libarkbase/taskmanager/libarktsbase_static/task_queue_set.o
[OHOS INFO] [NINJA] [650/10020] CXX obj/arkcompiler/runtime_core/static_core/libarkbase/taskmanager/utils/libarktsbase_static/task_time_stats.o
[OHOS INFO] [NINJA] [651/10020] CXX obj/arkcompiler/runtime_core/static_core/libarkbase/taskmanager/libarktsbase_static/timer_thread.o
[OHOS INFO] [NINJA] [652/10020] CXX obj/arkcompiler/runtime_core/static_core/libarkbase/taskmanager/libarktsbase_static/worker_thread.o
[OHOS INFO] [NINJA] [653/10020] CXX obj/arkcompiler/runtime_core/static_core/libarkbase/taskmanager/libarktsbase_static/task_scheduler.o
[OHOS INFO] [NINJA] [654/10020] CXX obj/arkcompiler/runtime_core/static_core/libarkbase/utils/libarktsbase_static/dfx.o
[OHOS INFO] [NINJA] [655/10020] CXX obj/arkcompiler/runtime_core/static_core/libarkbase/utils/libarktsbase_static/json_builder.o
[OHOS INFO] [NINJA] [656/10020] CXX obj/arkcompiler/runtime_core/static_core/libarkbase/utils/libarktsbase_static/time.o
[OHOS INFO] [NINJA] [657/10020] CXX obj/arkcompiler/runtime_core/static_core/libarkbase/utils/libarktsbase_static/type_converter.o
[OHOS INFO] [NINJA] [658/10020] CXX obj/arkcompiler/runtime_core/static_core/libarkbase/utils/libarktsbase_static/utils.o
[OHOS INFO] [NINJA] [659/10020] CXX obj/arkcompiler/runtime_core/static_core/libarkbase/utils/libarktsbase_static/utf.o
[OHOS INFO] [NINJA] [660/10020] CXX obj/arkcompiler/runtime_core/static_core/libarkbase/trace/libarktsbase_static/trace.o
[OHOS INFO] [NINJA] [661/10020] CXX obj/arkcompiler/runtime_core/static_core/libarkbase/utils/libarktsbase_static/logger.o
[OHOS INFO] [NINJA] [662/10020] CXX obj/arkcompiler/runtime_core/static_core/libarkbase/utils/libarktsbase_static/json_parser.o
[OHOS INFO] [NINJA] [663/10020] CXX obj/arkcompiler/runtime_core/static_core/libarkbase/utils/libarktsbase_static/terminate.o
[OHOS INFO] [NINJA] [664/10020] CXX obj/arkcompiler/runtime_core/static_core/platforms/unix/libarkbase/libarktsbase_static/error.o
[OHOS INFO] [NINJA] [665/10020] CXX obj/arkcompiler/runtime_core/static_core/platforms/unix/libarkbase/libarktsbase_static/kill.o
[OHOS INFO] [NINJA] [666/10020] CXX obj/arkcompiler/runtime_core/static_core/platforms/unix/libarkbase/libarktsbase_static/filesystem.o
[OHOS INFO] [NINJA] [667/10020] CXX obj/arkcompiler/runtime_core/static_core/platforms/unix/libarkbase/libarktsbase_static/file.o
[OHOS INFO] [NINJA] [668/10020] CXX obj/arkcompiler/runtime_core/static_core/platforms/unix/libarkbase/libarktsbase_static/library_loader_resolve_symbol.o
[OHOS INFO] [NINJA] [669/10020] CXX obj/arkcompiler/runtime_core/static_core/platforms/unix/libarkbase/libarktsbase_static/cpu_affinity.o
[OHOS INFO] [NINJA] [670/10020] CXX obj/arkcompiler/runtime_core/static_core/platforms/unix/libarkbase/libarktsbase_static/property.o
[OHOS INFO] [NINJA] [671/10020] CXX obj/arkcompiler/runtime_core/static_core/platforms/unix/libarkbase/libarktsbase_static/mem.o
[OHOS INFO] [NINJA] [672/10020] CXX obj/arkcompiler/runtime_core/static_core/platforms/unix/libarkbase/libarktsbase_static/system_environment.o
[OHOS INFO] [NINJA] [673/10020] CXX obj/arkcompiler/runtime_core/static_core/platforms/unix/libarkbase/libarktsbase_static/trace.o
[OHOS INFO] [NINJA] [674/10020] CXX obj/arkcompiler/runtime_core/static_core/platforms/unix/libarkbase/libarktsbase_static/thread.o
[OHOS INFO] [NINJA] [675/10020] CXX obj/arkcompiler/runtime_core/static_core/platforms/unix/libarkbase/libarktsbase_static/library_loader_load.o
[OHOS INFO] [NINJA] [676/10020] CXX obj/arkcompiler/runtime_core/static_core/platforms/unix/libarkbase/libarktsbase_static/exec.o
[OHOS INFO] [NINJA] [677/10020] CXX obj/arkcompiler/runtime_core/static_core/platforms/unix/libarkbase/libarktsbase_static/mem_hooks.o
[OHOS INFO] [NINJA] [678/10020] CXX obj/arkcompiler/runtime_core/static_core/platforms/unix/libarkbase/libarktsbase_static/pipe.o
[OHOS INFO] [NINJA] [679/10020] CXX obj/arkcompiler/runtime_core/static_core/platforms/unix/libarkbase/futex/libarktsbase_static/fmutex.o
[OHOS INFO] [NINJA] [680/10020] ACTION //base/security/access_token/frameworks/common:permission_definition_check(//build/toolchain/ohos:ohos_clang_arm)
[OHOS INFO] [NINJA] [681/10016] CXX obj/arkcompiler/runtime_core/static_core/platforms/unix/libarkbase/libarktsbase_static/sighook.o
[OHOS INFO] [NINJA] [682/10016] CC obj/third_party/zlib/libz/compress.o
[OHOS INFO] [NINJA] [683/10016] CC obj/third_party/zlib/libz/adler32.o
[OHOS INFO] [NINJA] [684/10016] CXX obj/arkcompiler/runtime_core/static_core/libarkbase/os/libarktsbase_static/stacktrace_stub.o
[OHOS INFO] [NINJA] [685/10016] CC obj/third_party/zlib/contrib/minizip/libz/ioapi.o
[OHOS INFO] [NINJA] [686/10016] CXX obj/arkcompiler/runtime_core/static_core/libarkbase/arch/default/libarktsbase_static/cpu_features.o
[OHOS INFO] [NINJA] [687/10016] CXX obj/arkcompiler/runtime_core/static_core/platforms/unix/libarkbase/futex/libarktsbase_static/mutex.o
[OHOS INFO] [NINJA] [688/10016] CC obj/third_party/zlib/libz/crc32.o
[OHOS INFO] [NINJA] [689/10016] CC obj/third_party/zlib/libz/gzclose.o
[OHOS INFO] [NINJA] [690/10016] CC obj/third_party/zlib/contrib/minizip/libz/unzip.o
[OHOS INFO] [NINJA] [691/10016] CC obj/third_party/zlib/libz/gzlib.o
[OHOS INFO] [NINJA] [692/10016] CC obj/third_party/zlib/libz/gzread.o
[OHOS INFO] [NINJA] [693/10016] CC obj/third_party/zlib/libz/gzwrite.o
[OHOS INFO] [NINJA] [694/10016] CC obj/third_party/zlib/contrib/minizip/libz/zip.o
[OHOS INFO] [NINJA] [695/10016] CC obj/third_party/zlib/libz/infback.o
[OHOS INFO] [NINJA] [696/10016] CC obj/third_party/zlib/libz/deflate.o
[OHOS INFO] [NINJA] [697/10016] CC obj/third_party/zlib/libz/inffast.o
[OHOS INFO] [NINJA] [698/10016] CXX obj/arkcompiler/runtime_core/static_core/platforms/unix/libarkbase/libarktsbase_static/native_stack.o
[OHOS INFO] [NINJA] [699/10016] CC obj/third_party/zlib/libz/zutil.o
[OHOS INFO] [NINJA] [700/10016] CC obj/third_party/zlib/libz/uncompr.o
[OHOS INFO] [NINJA] [701/10016] CC obj/third_party/zlib/libz/inftrees.o
[OHOS INFO] [NINJA] [702/10016] CC obj/third_party/zlib/libz/inflate.o
[OHOS INFO] [NINJA] [703/10016] CC obj/third_party/zlib/libz/trees.o
[OHOS INFO] [NINJA] [704/10016] CXX obj/arkcompiler/runtime_core/static_core/libziparchive/extractortool/libarktsziparchive_static/file_mapper.o
[OHOS INFO] [NINJA] [705/10016] AR obj/third_party/zlib/libz.a
[OHOS INFO] [NINJA] [706/10016] CXX obj/arkcompiler/runtime_core/static_core/libziparchive/extractortool/libarktsziparchive_static/zip_file_reader.o
[OHOS INFO] [NINJA] [707/10016] CXX obj/arkcompiler/runtime_core/static_core/libziparchive/extractortool/libarktsziparchive_static/zip_file_reader_io.o
[OHOS INFO] [NINJA] [708/10016] CXX obj/arkcompiler/runtime_core/static_core/libziparchive/libarktsziparchive_static/zip_archive.o
[OHOS INFO] [NINJA] [709/10016] CXX obj/base/hiviewdfx/hiview/adapter/service/common/src/hiview_service_proxy/app_caller_parcelable.o
[OHOS INFO] [NINJA] [710/10016] CXX obj/out/rk3568/gen/base/hiviewdfx/hiview/adapter/service/client/hiview_service_proxy/request_trace_callback_proxy.o
[OHOS INFO] [NINJA] [711/10016] CXX obj/base/hiviewdfx/hiview/adapter/service/common/src/hiview_service_proxy/graphic_usage_parcelable.o
[OHOS INFO] [NINJA] [712/10016] CXX obj/out/rk3568/gen/base/hiviewdfx/hiview/adapter/service/client/hiview_service_proxy/hiview_service_ability_proxy.o
[OHOS INFO] [NINJA] [713/10016] CXX obj/arkcompiler/runtime_core/static_core/libziparchive/extractortool/libarktsziparchive_static/zip_file.o
[OHOS INFO] [NINJA] [714/10016] CC obj/third_party/zlib/shared_libz/adler32.o
[OHOS INFO] [NINJA] [715/10016] CC obj/third_party/zlib/shared_libz/compress.o
[OHOS INFO] [NINJA] [716/10016] CC obj/third_party/zlib/contrib/minizip/shared_libz/ioapi.o
[OHOS INFO] [NINJA] [717/10016] CC obj/third_party/zlib/contrib/minizip/shared_libz/unzip.o
[OHOS INFO] [NINJA] [718/10016] CC obj/third_party/zlib/contrib/minizip/shared_libz/zip.o
[OHOS INFO] [NINJA] [719/10016] CC obj/third_party/zlib/shared_libz/crc32.o
[OHOS INFO] [NINJA] [720/10016] CC obj/third_party/zlib/shared_libz/deflate.o
[OHOS INFO] [NINJA] [721/10016] CC obj/third_party/zlib/shared_libz/gzclose.o
[OHOS INFO] [NINJA] [722/10016] CC obj/third_party/zlib/shared_libz/gzlib.o
[OHOS INFO] [NINJA] [723/10016] CC obj/third_party/zlib/shared_libz/gzread.o
[OHOS INFO] [NINJA] [724/10016] CC obj/third_party/zlib/shared_libz/gzwrite.o
[OHOS INFO] [NINJA] [725/10016] CC obj/third_party/zlib/shared_libz/infback.o
[OHOS INFO] [NINJA] [726/10016] CC obj/third_party/zlib/shared_libz/inffast.o
[OHOS INFO] [NINJA] [727/10016] CC obj/third_party/zlib/shared_libz/inflate.o
[OHOS INFO] [NINJA] [728/10016] CC obj/third_party/zlib/shared_libz/inftrees.o
[OHOS INFO] [NINJA] [729/10016] CC obj/third_party/zlib/shared_libz/trees.o
[OHOS INFO] [NINJA] [730/10016] CC obj/third_party/zlib/shared_libz/uncompr.o
[OHOS INFO] [NINJA] [731/10016] CC obj/third_party/zlib/shared_libz/zutil.o
[OHOS INFO] [NINJA] [732/10016] CXX obj/arkcompiler/runtime_core/static_core/libziparchive/extractortool/libarktsziparchive_static/extractor.o
[OHOS INFO] [NINJA] [733/10016] CXX obj/base/hiviewdfx/hiview/adapter/service/common/src/hiview_service_proxy/hiview_file_info.o
[OHOS INFO] [NINJA] [734/10016] CXX obj/base/hiviewdfx/hiview/adapter/service/common/src/hiview_service_proxy/memory_caller_parcelable.o
[OHOS INFO] [NINJA] [735/10016] CXX obj/base/hiviewdfx/hiview/adapter/service/common/src/hiview_service_proxy/trace_param_parcelable.o
[OHOS INFO] [NINJA] [736/10016] CXX obj/base/hiviewdfx/hiview/adapter/service/common/src/hiview_service_proxy/trace_config_parcelable.o
[OHOS INFO] [NINJA] [737/10016] CXX obj/arkcompiler/runtime_core/static_core/libarkfile/libarktsfile_static/code_data_accessor.o
[OHOS INFO] [NINJA] [738/10016] CXX obj/arkcompiler/runtime_core/static_core/libarkfile/libarktsfile_static/annotation_data_accessor.o
[OHOS INFO] [NINJA] [739/10016] CXX obj/arkcompiler/runtime_core/static_core/libarkfile/libarktsfile_static/class_data_accessor.o
[OHOS INFO] [NINJA] [740/10016] CXX obj/arkcompiler/runtime_core/static_core/libarkfile/libarktsfile_static/debug_data_accessor.o
[OHOS INFO] [NINJA] [741/10016] CXX obj/arkcompiler/runtime_core/static_core/libarkfile/libarktsfile_static/debug_helpers.o
[OHOS INFO] [NINJA] [742/10016] CXX obj/arkcompiler/runtime_core/static_core/libarkfile/libarktsfile_static/file_format_version.o
[OHOS INFO] [NINJA] [743/10016] CXX obj/arkcompiler/runtime_core/static_core/libarkfile/libarktsfile_static/file.o
[OHOS INFO] [NINJA] [744/10016] CXX obj/arkcompiler/runtime_core/static_core/libarkfile/libarktsfile_static/field_data_accessor.o
[OHOS INFO] [NINJA] [745/10016] CXX obj/arkcompiler/runtime_core/static_core/libarkfile/libarktsfile_static/bytecode_emitter.o
[OHOS INFO] [NINJA] [746/10016] CXX obj/arkcompiler/runtime_core/static_core/libarkfile/libarktsfile_static/debug_info_extractor.o
[OHOS INFO] [NINJA] [747/10016] CXX obj/arkcompiler/runtime_core/static_core/libarkfile/libarktsfile_static/file_writer.o
[OHOS INFO] [NINJA] [748/10016] CXX obj/arkcompiler/runtime_core/static_core/libarkfile/libarktsfile_static/literal_data_accessor.o
[OHOS INFO] [NINJA] [749/10016] CXX obj/arkcompiler/runtime_core/static_core/libarkfile/libarktsfile_static/method_data_accessor.o
[OHOS INFO] [NINJA] [750/10016] CXX obj/arkcompiler/runtime_core/static_core/libarkfile/libarktsfile_static/file_items.o
[OHOS INFO] [NINJA] [751/10016] CXX obj/arkcompiler/runtime_core/static_core/libarkfile/libarktsfile_static/method_handle_data_accessor.o
[OHOS INFO] [NINJA] [752/10016] CXX obj/base/security/access_token/frameworks/common/src/accesstoken_static_log/accesstoken_common_log.o
[OHOS INFO] [NINJA] [753/10016] CXX obj/base/security/access_token/frameworks/common/src/accesstoken_common_cxx/constant_common.o
[OHOS INFO] [NINJA] [754/10016] CXX obj/base/security/access_token/frameworks/common/src/accesstoken_permission_map_static/permission_map.o
[OHOS INFO] [NINJA] [755/10016] CXX obj/arkcompiler/runtime_core/static_core/libarkfile/libarktsfile_static/pgo.o
[OHOS INFO] [NINJA] [756/10016] CXX obj/base/security/access_token/frameworks/common/src/accesstoken_common_cxx/data_validator.o
[OHOS INFO] [NINJA] [757/10016] AR obj/base/security/access_token/frameworks/common/libaccesstoken_permission_map_static.a
[OHOS INFO] [NINJA] [758/10016] AR obj/base/security/access_token/frameworks/common/libaccesstoken_static_log.a
[OHOS INFO] [NINJA] [759/10016] CXX obj/base/security/access_token/frameworks/common/src/accesstoken_common_cxx/time_util.o
[OHOS INFO] [NINJA] [760/10016] CXX obj/base/security/access_token/frameworks/common/src/accesstoken_common_cxx/tokenid_attributes.o
[OHOS INFO] [NINJA] [761/10016] CXX obj/base/security/access_token/frameworks/common/src/accesstoken_common_cxx/permission_validator.o
[OHOS INFO] [NINJA] [762/10016] CXX obj/arkcompiler/runtime_core/static_core/libarkfile/libarktsfile_static/file_item_container.o
[OHOS INFO] [NINJA] [763/10016] CXX obj/base/notification/eventhandler/frameworks/eventhandler/src/libeventhandler/async_stack_adapter.o
[OHOS INFO] [NINJA] [764/10016] CXX obj/arkcompiler/runtime_core/static_core/libarkfile/libarktsfile_static/file_reader.o
[OHOS INFO] [NINJA] [765/10016] CXX obj/base/notification/eventhandler/frameworks/eventhandler/src/libeventhandler/epoll_io_waiter.o
[OHOS INFO] [NINJA] [766/10016] CXX obj/base/notification/eventhandler/frameworks/eventhandler/src/libeventhandler/event_handler.o
[OHOS INFO] [NINJA] [767/10016] CXX obj/base/notification/eventhandler/frameworks/eventhandler/src/libeventhandler/deamon_io_waiter.o
[OHOS INFO] [NINJA] [768/10016] CXX obj/base/notification/eventhandler/frameworks/eventhandler/src/libeventhandler/file_descriptor_listener.o
[OHOS INFO] [NINJA] [769/10016] CXX obj/base/notification/eventhandler/frameworks/eventhandler/src/libeventhandler/ffrt_descriptor_listener.o
[OHOS INFO] [NINJA] [770/10016] CXX obj/base/notification/eventhandler/frameworks/eventhandler/src/libeventhandler/event_queue.o
[OHOS INFO] [NINJA] [771/10016] CXX obj/base/notification/eventhandler/frameworks/eventhandler/src/libeventhandler/frame_report_sched.o
[OHOS INFO] [NINJA] [772/10016] CXX obj/base/notification/eventhandler/frameworks/eventhandler/src/libeventhandler/local_handle_adapter.o
[OHOS INFO] [NINJA] [773/10016] CXX obj/base/notification/eventhandler/frameworks/eventhandler/src/libeventhandler/inner_event.o
[OHOS INFO] [NINJA] [774/10016] CXX obj/base/notification/eventhandler/frameworks/eventhandler/src/libeventhandler/native_implement_eventhandler.o
[OHOS INFO] [NINJA] [775/10016] CXX obj/base/notification/eventhandler/frameworks/eventhandler/src/libeventhandler/event_runner.o
[OHOS INFO] [NINJA] [776/10016] CXX obj/base/security/access_token/frameworks/accesstoken/src/accesstoken_communication_adapter_cxx/atm_tools_param_info_parcel.o
[OHOS INFO] [NINJA] [777/10016] CXX obj/base/notification/eventhandler/frameworks/eventhandler/src/libeventhandler/none_io_waiter.o
[OHOS INFO] [NINJA] [778/10016] CXX obj/base/notification/eventhandler/frameworks/eventhandler/src/libeventhandler/event_queue_base.o
[OHOS INFO] [NINJA] [779/10016] CXX obj/base/security/access_token/frameworks/accesstoken/src/accesstoken_communication_adapter_cxx/bundle_infos_rawdata_helper.o
[OHOS INFO] [NINJA] [780/10016] CXX obj/base/security/access_token/frameworks/accesstoken/src/accesstoken_communication_adapter_cxx/hap_base_info_parcel.o
[OHOS INFO] [NINJA] [781/10016] CXX obj/arkcompiler/runtime_core/static_core/runtime/asm_defines/asm_defines/defines.o
[OHOS INFO] [NINJA] [782/10016] CXX obj/base/security/access_token/frameworks/accesstoken/src/accesstoken_communication_adapter_cxx/check_hap_sign_result_rawdata_helper.o
[OHOS INFO] [NINJA] [783/10016] CXX obj/base/security/access_token/frameworks/accesstoken/src/accesstoken_communication_adapter_cxx/hap_info_parcel.o
[OHOS INFO] [NINJA] [784/10016] CXX obj/base/notification/eventhandler/frameworks/eventhandler/src/libeventhandler/event_queue_ffrt.o
[OHOS INFO] [NINJA] [785/10016] CXX obj/base/security/access_token/frameworks/accesstoken/src/accesstoken_communication_adapter_cxx/hap_token_info_for_sync_parcel.o
[OHOS INFO] [NINJA] [786/10016] CXX obj/base/security/access_token/frameworks/accesstoken/src/accesstoken_communication_adapter_cxx/hap_policy_parcel.o
[OHOS INFO] [NINJA] [787/10016] CXX obj/base/security/access_token/frameworks/accesstoken/src/accesstoken_communication_adapter_cxx/hap_token_info_parcel.o
[OHOS INFO] [NINJA] [788/10016] CXX obj/base/security/access_token/frameworks/accesstoken/src/accesstoken_communication_adapter_cxx/native_token_info_parcel.o
[OHOS INFO] [NINJA] [789/10016] CXX obj/base/security/access_token/frameworks/accesstoken/src/accesstoken_communication_adapter_cxx/perm_state_change_scope_parcel.o
[OHOS INFO] [NINJA] [790/10016] CXX obj/base/security/access_token/frameworks/accesstoken/src/accesstoken_communication_adapter_cxx/permission_def_parcel.o
[OHOS INFO] [NINJA] [791/10016] CXX obj/base/security/access_token/interfaces/innerkits/token_setproc/src/libpermsetproc_shared/perm_setproc_c.o
[OHOS INFO] [NINJA] [792/10016] CXX obj/base/security/access_token/frameworks/accesstoken/src/accesstoken_communication_adapter_cxx/permission_grant_info_parcel.o
[OHOS INFO] [NINJA] [793/10016] CC obj/drivers/hdf_core/framework/support/posix/src/libpub_utils/osal_mem.o
[OHOS INFO] [NINJA] [794/10016] CXX obj/base/security/access_token/frameworks/accesstoken/src/accesstoken_communication_adapter_cxx/permission_list_state_parcel.o
[OHOS INFO] [NINJA] [795/10016] CC obj/drivers/hdf_core/framework/support/posix/src/libpub_utils/osal_time.o
[OHOS INFO] [NINJA] [796/10016] CXX obj/base/security/access_token/frameworks/accesstoken/src/accesstoken_communication_adapter_cxx/permission_state_change_info_parcel.o
[OHOS INFO] [NINJA] [797/10016] CXX obj/base/security/access_token/interfaces/innerkits/token_setproc/src/libpermsetproc_shared/perm_setproc.o
[OHOS INFO] [NINJA] [798/10016] CC obj/drivers/hdf_core/framework/utils/src/libpub_utils/hdf_cstring.o
[OHOS INFO] [NINJA] [799/10016] CXX obj/base/security/access_token/interfaces/innerkits/token_setproc/src/libperm_setproc_for_sdk/perm_setproc.o
[OHOS INFO] [NINJA] [800/10016] CXX obj/base/security/access_token/interfaces/innerkits/token_setproc/src/libperm_setproc_for_sdk/perm_setproc_c.o
[OHOS INFO] [NINJA] [801/10016] CXX obj/base/security/access_token/frameworks/accesstoken/src/accesstoken_communication_adapter_cxx/permission_status_parcel.o
[OHOS INFO] [NINJA] [802/10016] CC obj/base/security/access_token/interfaces/innerkits/token_setproc/src/libtoken_setproc/token_setproc.o
[OHOS INFO] [NINJA] [803/10016] CC obj/drivers/hdf_core/framework/utils/src/libpub_utils/hdf_sbuf.o
[OHOS INFO] [NINJA] [804/10016] CC obj/drivers/hdf_core/framework/utils/src/libpub_utils/hdf_sbuf_impl_raw.o
[OHOS INFO] [NINJA] [805/10016] CC obj/base/security/access_token/interfaces/innerkits/token_setproc/src/libtoken_setproc/spm_setproc.o
[OHOS INFO] [NINJA] [806/10016] CXX obj/base/security/access_token/interfaces/innerkits/token_setproc/src/libpermsetproc_shared/permission_map_c.o
[OHOS INFO] [NINJA] [807/10016] CXX obj/drivers/hdf_core/adapter/uhdf2/utils/src/libpub_utils/hdf_xcollie.o
[OHOS INFO] [NINJA] [808/10016] CXX obj/base/security/access_token/services/common/proxy_death/src/proxy_death_stub/proxy_death_callback_stub.o
[OHOS INFO] [NINJA] [809/10016] CXX obj/out/rk3568/gen/arkcompiler/runtime_core/static_core/cross_values/asm_defines_def_cpp_gen/asm_defines_def.o
[OHOS INFO] [NINJA] [810/10016] CXX obj/base/security/access_token/interfaces/innerkits/accesstoken/src/libtokenid_sdk/tokenid_kit.o
[OHOS INFO] [NINJA] [811/10016] AR obj/base/security/access_token/interfaces/innerkits/token_setproc/libperm_setproc_for_sdk.a
[OHOS INFO] [NINJA] [812/10016] AR obj/base/security/access_token/interfaces/innerkits/token_setproc/libtoken_setproc.a
[OHOS INFO] [NINJA] [813/10016] STAMP obj/arkcompiler/runtime_core/static_core/cross_values/asm_defines_def_cpp_gen.stamp
[OHOS INFO] [NINJA] [814/10016] CC obj/base/security/selinux_adapter/framework/policycoreutils/src/libselinux_klog_static/selinux_klog.o
[OHOS INFO] [NINJA] [815/10016] CXX obj/out/rk3568/gen/third_party/jsoncpp/jsoncpp-1.9.6/src/lib_json/jsoncpp/json_value.o
[OHOS INFO] [NINJA] [816/10016] CXX obj/foundation/graphic/graphic_surface/buffer_handle/src/buffer_handle_static/buffer_handle.o
[OHOS INFO] [NINJA] [817/10016] CXX obj/out/rk3568/gen/third_party/jsoncpp/jsoncpp-1.9.6/src/lib_json/jsoncpp/json_writer.o
[OHOS INFO] [NINJA] [818/10016] ACTION //arkcompiler/ets_frontend/ets2panda:check_build_system_consistency(//build/toolchain/linux:clang_x64)
[OHOS INFO] [NINJA] [819/9507] AR obj/base/security/selinux_adapter/libselinux_klog_static.a
[OHOS INFO] [NINJA] [820/9507] CC obj/base/security/selinux_adapter/framework/policycoreutils/src/librestorecon/selinux_restorecon.o
[OHOS INFO] [NINJA] [821/9507] CXX obj/third_party/icu/icu4c/source/stubdata/static_icustubdata/stubdata.o
[OHOS INFO] [NINJA] [822/9507] CXX obj/third_party/icu/icu4c/source/common/shared_icuuc/ubiditransform.o
[OHOS INFO] [NINJA] [823/9507] CXX obj/foundation/ability/ability_base/interfaces/kits/native/uri/src/zuri/uri.o
[OHOS INFO] [NINJA] [824/9507] CXX obj/out/rk3568/gen/third_party/jsoncpp/jsoncpp-1.9.6/src/lib_json/jsoncpp/json_reader.o
[OHOS INFO] [NINJA] [825/9507] CXX obj/third_party/icu/icu4c/source/common/shared_icuuc/cstring.o
[OHOS INFO] [NINJA] [826/9507] CXX obj/third_party/icu/icu4c/source/common/shared_icuuc/locutil.o
[OHOS INFO] [NINJA] [827/9507] CXX obj/third_party/icu/icu4c/source/common/shared_icuuc/cwchar.o
[OHOS INFO] [NINJA] [828/9507] CXX obj/drivers/hdf_core/adapter/uhdf2/hdi/src/libhdi_base/hdi_support.o
[OHOS INFO] [NINJA] [829/9507] CXX obj/third_party/icu/icu4c/source/common/shared_icuuc/utrie.o
[OHOS INFO] [NINJA] [830/9507] CXX obj/third_party/icu/icu4c/source/common/shared_icuuc/umapfile.o
[OHOS INFO] [NINJA] [831/9507] CXX obj/third_party/icu/icu4c/source/common/shared_icuuc/uenum.o
[OHOS INFO] [NINJA] [832/9507] CXX obj/third_party/icu/icu4c/source/common/shared_icuuc/unifunct.o
[OHOS INFO] [NINJA] [833/9507] CXX obj/third_party/icu/icu4c/source/common/shared_icuuc/rbbiscan.o
[OHOS INFO] [NINJA] [834/9507] CXX obj/third_party/icu/icu4c/source/common/shared_icuuc/bytestriebuilder.o
[OHOS INFO] [NINJA] [835/9507] CXX obj/third_party/icu/icu4c/source/common/shared_icuuc/bytestrieiterator.o
[OHOS INFO] [NINJA] [836/9507] CXX obj/third_party/icu/icu4c/source/common/shared_icuuc/errorcode.o
[OHOS INFO] [NINJA] [837/9507] CXX obj/third_party/icu/icu4c/source/common/shared_icuuc/putil.o
[OHOS INFO] [NINJA] [838/9507] CXX obj/third_party/icu/icu4c/source/common/shared_icuuc/restrace.o
[OHOS INFO] [NINJA] [839/9507] CXX obj/third_party/icu/icu4c/source/common/shared_icuuc/bytestrie.o
[OHOS INFO] [NINJA] [840/9507] CXX obj/third_party/icu/icu4c/source/common/shared_icuuc/ucptrie.o
[OHOS INFO] [NINJA] [841/9507] CXX obj/third_party/icu/icu4c/source/common/shared_icuuc/rbbistbl.o
[OHOS INFO] [NINJA] [842/9507] CXX obj/third_party/icu/icu4c/source/common/shared_icuuc/util.o
[OHOS INFO] [NINJA] [843/9507] CXX obj/third_party/icu/icu4c/source/common/shared_icuuc/sharedobject.o
[OHOS INFO] [NINJA] [844/9507] CXX obj/third_party/icu/icu4c/source/common/shared_icuuc/bmpset.o
[OHOS INFO] [NINJA] [845/9507] CXX obj/foundation/ability/ability_base/interfaces/kits/native/extractortool/src/string_utils/file_path_utils.o
[OHOS INFO] [NINJA] [846/9507] CXX obj/third_party/icu/icu4c/source/common/shared_icuuc/servlk.o
[OHOS INFO] [NINJA] [847/9507] CXX obj/third_party/icu/icu4c/source/common/shared_icuuc/unames.o
[OHOS INFO] [NINJA] [848/9507] CXX obj/third_party/icu/icu4c/source/common/shared_icuuc/ustrcase_locale.o
[OHOS INFO] [NINJA] [849/9507] CXX obj/third_party/icu/icu4c/source/common/shared_icuuc/ucnvbocu.o
[OHOS INFO] [NINJA] [850/9507] CXX obj/third_party/icu/icu4c/source/common/shared_icuuc/localeprioritylist.o
[OHOS INFO] [NINJA] [851/9507] CXX obj/third_party/icu/icu4c/source/common/shared_icuuc/ucharstrieiterator.o
[OHOS INFO] [NINJA] [852/9507] CXX obj/third_party/icu/icu4c/source/common/shared_icuuc/ustr_wcs.o
[OHOS INFO] [NINJA] [853/9507] CXX obj/third_party/icu/icu4c/source/common/shared_icuuc/ucnv_err.o
[OHOS INFO] [NINJA] [854/9507] CXX obj/third_party/icu/icu4c/source/common/shared_icuuc/locavailable.o
[OHOS INFO] [NINJA] [855/9507] CXX obj/third_party/icu/icu4c/source/common/shared_icuuc/unisetspan.o
[OHOS INFO] [NINJA] [856/9507] CXX obj/third_party/icu/icu4c/source/common/shared_icuuc/ucnv_lmb.o
[OHOS INFO] [NINJA] [857/9507] CXX obj/third_party/icu/icu4c/source/common/shared_icuuc/uarrsort.o
[OHOS INFO] [NINJA] [858/9507] CXX obj/third_party/icu/icu4c/source/common/shared_icuuc/unistr.o
[OHOS INFO] [NINJA] [859/9507] CXX obj/third_party/icu/icu4c/source/common/shared_icuuc/rbbidata.o
[OHOS INFO] [NINJA] [860/9507] CXX obj/third_party/icu/icu4c/source/common/shared_icuuc/ucnv2022.o
[OHOS INFO] [NINJA] [861/9507] CXX obj/third_party/icu/icu4c/source/common/shared_icuuc/unifilt.o
[OHOS INFO] [NINJA] [862/9507] CXX obj/third_party/icu/icu4c/source/common/shared_icuuc/ucnvsel.o
[OHOS INFO] [NINJA] [863/9507] CXX obj/third_party/icu/icu4c/source/common/shared_icuuc/unistr_titlecase_brkiter.o
[OHOS INFO] [NINJA] [864/9507] CXX obj/third_party/icu/icu4c/source/common/shared_icuuc/ustring.o
[OHOS INFO] [NINJA] [865/9507] CXX obj/third_party/icu/icu4c/source/common/shared_icuuc/uresbund.o
[OHOS INFO] [NINJA] [866/9507] CXX obj/third_party/icu/icu4c/source/common/shared_icuuc/loadednormalizer2impl.o
[OHOS INFO] [NINJA] [867/9507] CXX obj/third_party/icu/icu4c/source/common/shared_icuuc/ucnvhz.o
[OHOS INFO] [NINJA] [868/9507] CXX obj/third_party/icu/icu4c/source/common/shared_icuuc/ubrk.o
[OHOS INFO] [NINJA] [869/9507] CXX obj/third_party/icu/icu4c/source/common/shared_icuuc/bytesinkutil.o
[OHOS INFO] [NINJA] [870/9507] CXX obj/third_party/icu/icu4c/source/common/shared_icuuc/utypes.o
[OHOS INFO] [NINJA] [871/9507] CXX obj/third_party/icu/icu4c/source/common/shared_icuuc/localebuilder.o
[OHOS INFO] [NINJA] [872/9507] CXX obj/third_party/icu/icu4c/source/common/shared_icuuc/rbbi_cache.o
[OHOS INFO] [NINJA] [873/9507] CXX obj/third_party/icu/icu4c/source/common/shared_icuuc/ucnv_u16.o
[OHOS INFO] [NINJA] [874/9507] CXX obj/third_party/icu/icu4c/source/common/shared_icuuc/uniset_closure.o
[OHOS INFO] [NINJA] [875/9507] CXX obj/third_party/icu/icu4c/source/common/shared_icuuc/ucnv_ct.o
[OHOS INFO] [NINJA] [876/9507] CXX obj/third_party/icu/icu4c/source/common/shared_icuuc/uniset_props.o
[OHOS INFO] [NINJA] [877/9507] CXX obj/third_party/icu/icu4c/source/common/shared_icuuc/wintz.o
[OHOS INFO] [NINJA] [878/9507] CXX obj/third_party/icu/icu4c/source/common/shared_icuuc/uloc.o
[OHOS INFO] [NINJA] [879/9507] CXX obj/third_party/icu/icu4c/source/common/shared_icuuc/locbased.o
[OHOS INFO] [NINJA] [880/9507] CXX obj/third_party/icu/icu4c/source/common/shared_icuuc/unistr_cnv.o
[OHOS INFO] [NINJA] [881/9507] CXX obj/third_party/icu/icu4c/source/common/shared_icuuc/unormcmp.o
[OHOS INFO] [NINJA] [882/9507] CXX obj/third_party/icu/icu4c/source/common/shared_icuuc/utrie2.o
[OHOS INFO] [NINJA] [883/9507] CXX obj/third_party/icu/icu4c/source/common/shared_icuuc/ruleiter.o
[OHOS INFO] [NINJA] [884/9507] CXX obj/third_party/icu/icu4c/source/common/shared_icuuc/locresdata.o
[OHOS INFO] [NINJA] [885/9507] CXX obj/third_party/icu/icu4c/source/common/shared_icuuc/ucnv_u8.o
[OHOS INFO] [NINJA] [886/9507] CXX obj/third_party/icu/icu4c/source/common/shared_icuuc/uscript_props.o
[OHOS INFO] [NINJA] [887/9507] CXX obj/third_party/icu/icu4c/source/common/shared_icuuc/icudataver.o
[OHOS INFO] [NINJA] [888/9507] CXX obj/third_party/icu/icu4c/source/common/shared_icuuc/locdspnm.o
[OHOS INFO] [NINJA] [889/9507] CXX obj/third_party/icu/icu4c/source/common/shared_icuuc/ubidi.o
[OHOS INFO] [NINJA] [890/9507] CXX obj/third_party/icu/icu4c/source/common/shared_icuuc/locid.o
[OHOS INFO] [NINJA] [891/9507] CXX obj/third_party/icu/icu4c/source/common/shared_icuuc/usc_impl.o
[OHOS INFO] [NINJA] [892/9507] CXX obj/third_party/icu/icu4c/source/common/shared_icuuc/icuplug.o
[OHOS INFO] [NINJA] [893/9507] CXX obj/third_party/icu/icu4c/source/common/shared_icuuc/uvectr32.o
[OHOS INFO] [NINJA] [894/9507] CXX obj/third_party/icu/icu4c/source/common/shared_icuuc/rbbitblb.o
[OHOS INFO] [NINJA] [895/9507] CXX obj/third_party/icu/icu4c/source/common/shared_icuuc/brkiter.o
[OHOS INFO] [NINJA] [896/9507] CXX obj/third_party/icu/icu4c/source/common/shared_icuuc/ucnv_set.o
[OHOS INFO] [NINJA] [897/9507] CXX obj/third_party/icu/icu4c/source/common/shared_icuuc/uvector.o
[OHOS INFO] [NINJA] [898/9507] CXX obj/third_party/icu/icu4c/source/common/shared_icuuc/udataswp.o
[OHOS INFO] [NINJA] [899/9507] CXX obj/third_party/icu/icu4c/source/common/shared_icuuc/normlzr.o
[OHOS INFO] [NINJA] [900/9507] CXX obj/third_party/icu/icu4c/source/common/shared_icuuc/uhash_us.o
[OHOS INFO] [NINJA] [901/9507] CXX obj/third_party/icu/icu4c/source/common/shared_icuuc/rbbisetb.o
[OHOS INFO] [NINJA] [902/9507] CXX obj/third_party/icu/icu4c/source/common/shared_icuuc/ubidi_props.o
[OHOS INFO] [NINJA] [903/9507] CXX obj/third_party/icu/icu4c/source/common/shared_icuuc/ucmndata.o
[OHOS INFO] [NINJA] [904/9507] CXX obj/third_party/icu/icu4c/source/common/shared_icuuc/utrie_swap.o
[OHOS INFO] [NINJA] [905/9507] CXX obj/third_party/icu/icu4c/source/common/shared_icuuc/locdistance.o
[OHOS INFO] [NINJA] [906/9507] CXX obj/third_party/icu/icu4c/source/common/shared_icuuc/uchar.o
[OHOS INFO] [NINJA] [907/9507] CXX obj/third_party/icu/icu4c/source/common/shared_icuuc/ustr_titlecase_brkiter.o
[OHOS INFO] [NINJA] [908/9507] CXX obj/third_party/icu/icu4c/source/common/shared_icuuc/serv.o
[OHOS INFO] [NINJA] [909/9507] CXX obj/third_party/icu/icu4c/source/common/shared_icuuc/pluralmap.o
[OHOS INFO] [NINJA] [910/9507] CXX obj/third_party/icu/icu4c/source/common/shared_icuuc/uhash.o
[OHOS INFO] [NINJA] [911/9507] CXX obj/third_party/icu/icu4c/source/common/shared_icuuc/lsr.o
[OHOS INFO] [NINJA] [912/9507] CXX obj/third_party/icu/icu4c/source/common/shared_icuuc/ucnvlat1.o
[OHOS INFO] [NINJA] [913/9507] CXX obj/third_party/icu/icu4c/source/common/shared_icuuc/ucnv_cb.o
[OHOS INFO] [NINJA] [914/9507] CXX obj/third_party/icu/icu4c/source/common/shared_icuuc/uloc_tag.o
[OHOS INFO] [NINJA] [915/9507] CXX obj/third_party/icu/icu4c/source/common/shared_icuuc/ubidiln.o
[OHOS INFO] [NINJA] [916/9507] CXX obj/third_party/icu/icu4c/source/common/shared_icuuc/ucnv_ext.o
[OHOS INFO] [NINJA] [917/9507] CXX obj/third_party/icu/icu4c/source/common/shared_icuuc/propname.o
[OHOS INFO] [NINJA] [918/9507] CXX obj/third_party/icu/icu4c/source/common/shared_icuuc/static_unicode_sets.o
[OHOS INFO] [NINJA] [919/9507] CXX obj/third_party/icu/icu4c/source/common/shared_icuuc/uvectr64.o
[OHOS INFO] [NINJA] [920/9507] CXX obj/third_party/icu/icu4c/source/common/shared_icuuc/stringtriebuilder.o
[OHOS INFO] [NINJA] [921/9507] CXX obj/third_party/icu/icu4c/source/common/shared_icuuc/propsvec.o
[OHOS INFO] [NINJA] [922/9507] CXX obj/third_party/icu/icu4c/source/common/shared_icuuc/patternprops.o
[OHOS INFO] [NINJA] [923/9507] CXX obj/third_party/icu/icu4c/source/common/shared_icuuc/ucnv_u32.o
[OHOS INFO] [NINJA] [924/9507] CXX obj/third_party/icu/icu4c/source/common/shared_icuuc/dictbe.o
[OHOS INFO] [NINJA] [925/9507] CXX obj/third_party/icu/icu4c/source/common/shared_icuuc/ustrenum.o
[OHOS INFO] [NINJA] [926/9507] CXX obj/third_party/icu/icu4c/source/common/shared_icuuc/parsepos.o
[OHOS INFO] [NINJA] [927/9507] CXX obj/third_party/icu/icu4c/source/common/shared_icuuc/appendable.o
[OHOS INFO] [NINJA] [928/9507] CXX obj/third_party/icu/icu4c/source/common/shared_icuuc/ustr_cnv.o
[OHOS INFO] [NINJA] [929/9507] CXX obj/third_party/icu/icu4c/source/common/shared_icuuc/edits.o
[OHOS INFO] [NINJA] [930/9507] CXX obj/third_party/icu/icu4c/source/common/shared_icuuc/loclikely.o
[OHOS INFO] [NINJA] [931/9507] CXX obj/third_party/icu/icu4c/source/common/shared_icuuc/uloc_keytype.o
[OHOS INFO] [NINJA] [932/9507] CXX obj/third_party/icu/icu4c/source/common/shared_icuuc/loclikelysubtags.o
[OHOS INFO] [NINJA] [933/9507] CXX obj/third_party/icu/icu4c/source/common/shared_icuuc/ucharstrie.o
[OHOS INFO] [NINJA] [934/9507] CXX obj/third_party/icu/icu4c/source/common/shared_icuuc/filteredbrk.o
[OHOS INFO] [NINJA] [935/9507] CXX obj/third_party/icu/icu4c/source/common/shared_icuuc/uiter.o
[OHOS INFO] [NINJA] [936/9507] CXX obj/third_party/icu/icu4c/source/common/shared_icuuc/messagepattern.o
[OHOS INFO] [NINJA] [937/9507] CXX obj/third_party/icu/icu4c/source/common/shared_icuuc/servrbf.o
[OHOS INFO] [NINJA] [938/9507] CXX obj/third_party/icu/icu4c/source/common/shared_icuuc/rbbirb.o
[OHOS INFO] [NINJA] [939/9507] CXX obj/third_party/icu/icu4c/source/common/shared_icuuc/uinit.o
[OHOS INFO] [NINJA] [940/9507] CXX obj/third_party/icu/icu4c/source/common/shared_icuuc/stringpiece.o
[OHOS INFO] [NINJA] [941/9507] CXX obj/third_party/icu/icu4c/source/common/shared_icuuc/uobject.o
[OHOS INFO] [NINJA] [942/9507] CXX obj/third_party/icu/icu4c/source/common/shared_icuuc/utf_impl.o
[OHOS INFO] [NINJA] [943/9507] CXX obj/third_party/icu/icu4c/source/common/shared_icuuc/ushape.o
[OHOS INFO] [NINJA] [944/9507] CXX obj/third_party/icu/icu4c/source/common/shared_icuuc/ucharstriebuilder.o
[OHOS INFO] [NINJA] [945/9507] CXX obj/third_party/icu/icu4c/source/common/shared_icuuc/ustack.o
[OHOS INFO] [NINJA] [946/9507] CXX obj/third_party/icu/icu4c/source/common/shared_icuuc/uinvchar.o
[OHOS INFO] [NINJA] [947/9507] CXX obj/third_party/icu/icu4c/source/common/shared_icuuc/ucasemap.o
[OHOS INFO] [NINJA] [948/9507] CXX obj/third_party/icu/icu4c/source/common/shared_icuuc/normalizer2impl.o
[OHOS INFO] [NINJA] [949/9507] CXX obj/third_party/icu/icu4c/source/common/shared_icuuc/characterproperties.o
[OHOS INFO] [NINJA] [950/9507] CXX obj/third_party/icu/icu4c/source/common/shared_icuuc/ucasemap_titlecase_brkiter.o
[OHOS INFO] [NINJA] [951/9507] CXX obj/third_party/icu/icu4c/source/common/shared_icuuc/caniter.o
[OHOS INFO] [NINJA] [952/9507] CXX obj/third_party/icu/icu4c/source/common/shared_icuuc/rbbi.o
[OHOS INFO] [NINJA] [953/9507] CXX obj/third_party/icu/icu4c/source/common/shared_icuuc/ucln_cmn.o
[OHOS INFO] [NINJA] [954/9507] CXX obj/third_party/icu/icu4c/source/common/shared_icuuc/ucnv_bld.o
[OHOS INFO] [NINJA] [955/9507] CXX obj/third_party/icu/icu4c/source/common/shared_icuuc/punycode.o
[OHOS INFO] [NINJA] [956/9507] CXX obj/third_party/icu/icu4c/source/common/shared_icuuc/chariter.o
[OHOS INFO] [NINJA] [957/9507] CXX obj/third_party/icu/icu4c/source/common/shared_icuuc/ustrtrns.o
[OHOS INFO] [NINJA] [958/9507] CXX obj/third_party/icu/icu4c/source/common/shared_icuuc/dtintrv.o
[OHOS INFO] [NINJA] [959/9507] CXX obj/third_party/icu/icu4c/source/common/shared_icuuc/udatamem.o
[OHOS INFO] [NINJA] [960/9507] CXX obj/third_party/icu/icu4c/source/common/shared_icuuc/bytestream.o
[OHOS INFO] [NINJA] [961/9507] CXX obj/third_party/icu/icu4c/source/common/shared_icuuc/servlkf.o
[OHOS INFO] [NINJA] [962/9507] CXX obj/third_party/icu/icu4c/source/common/shared_icuuc/ulist.o
[OHOS INFO] [NINJA] [963/9507] CXX obj/third_party/icu/icu4c/source/common/shared_icuuc/ucnvisci.o
[OHOS INFO] [NINJA] [964/9507] CXX obj/third_party/icu/icu4c/source/common/shared_icuuc/ucnv_io.o
[OHOS INFO] [NINJA] [965/9507] CXX obj/third_party/icu/icu4c/source/common/shared_icuuc/ucnvmbcs.o
[OHOS INFO] [NINJA] [966/9507] CXX obj/third_party/icu/icu4c/source/common/shared_icuuc/cstr.o
[OHOS INFO] [NINJA] [967/9507] CXX obj/third_party/icu/icu4c/source/common/shared_icuuc/brkeng.o
[OHOS INFO] [NINJA] [968/9507] CXX obj/third_party/icu/icu4c/source/common/shared_icuuc/localematcher.o
[OHOS INFO] [NINJA] [969/9507] CXX obj/third_party/icu/icu4c/source/common/shared_icuuc/uchriter.o
[OHOS INFO] [NINJA] [970/9507] CXX obj/third_party/icu/icu4c/source/common/shared_icuuc/umutablecptrie.o
[OHOS INFO] [NINJA] [971/9507] CXX obj/third_party/icu/icu4c/source/common/shared_icuuc/unifiedcache.o
[OHOS INFO] [NINJA] [972/9507] CXX obj/third_party/icu/icu4c/source/common/shared_icuuc/uresdata.o
[OHOS INFO] [NINJA] [973/9507] CXX obj/third_party/icu/icu4c/source/common/shared_icuuc/locdispnames.o
[OHOS INFO] [NINJA] [974/9507] CXX obj/third_party/icu/icu4c/source/common/shared_icuuc/dictionarydata.o
[OHOS INFO] [NINJA] [975/9507] CXX obj/third_party/icu/icu4c/source/common/shared_icuuc/uscript.o
[OHOS INFO] [NINJA] [976/9507] CXX obj/third_party/icu/icu4c/source/common/shared_icuuc/ucat.o
[OHOS INFO] [NINJA] [977/9507] CXX obj/third_party/icu/icu4c/source/common/shared_icuuc/ucnv_u7.o
[OHOS INFO] [NINJA] [978/9507] CXX obj/third_party/icu/icu4c/source/common/shared_icuuc/resource.o
[OHOS INFO] [NINJA] [979/9507] CXX obj/third_party/icu/icu4c/source/common/shared_icuuc/unistr_case.o
[OHOS INFO] [NINJA] [980/9507] CXX obj/third_party/icu/icu4c/source/common/shared_icuuc/ucnvdisp.o
[OHOS INFO] [NINJA] [981/9507] CXX obj/third_party/icu/icu4c/source/common/shared_icuuc/ucnv.o
[OHOS INFO] [NINJA] [982/9507] CXX obj/third_party/icu/icu4c/source/common/shared_icuuc/usprep.o
[OHOS INFO] [NINJA] [983/9507] CXX obj/third_party/icu/icu4c/source/common/shared_icuuc/ucnvscsu.o
[OHOS INFO] [NINJA] [984/9507] CXX obj/third_party/icu/icu4c/source/common/shared_icuuc/uset_props.o
[OHOS INFO] [NINJA] [985/9507] CXX obj/third_party/icu/icu4c/source/common/shared_icuuc/ucnv_cnv.o
[OHOS INFO] [NINJA] [986/9507] CXX obj/third_party/icu/icu4c/source/common/shared_icuuc/umutex.o
[OHOS INFO] [NINJA] [987/9507] CXX obj/third_party/icu/icu4c/source/common/shared_icuuc/uniset.o
[OHOS INFO] [NINJA] [988/9507] CXX obj/third_party/icu/icu4c/source/common/shared_icuuc/locmap.o
[OHOS INFO] [NINJA] [989/9507] CXX obj/third_party/icu/icu4c/source/common/shared_icuuc/resbund.o
[OHOS INFO] [NINJA] [990/9507] CXX obj/third_party/icu/icu4c/source/common/shared_icuuc/filterednormalizer2.o
[OHOS INFO] [NINJA] [991/9507] CXX obj/third_party/icu/icu4c/source/common/shared_icuuc/schriter.o
[OHOS INFO] [NINJA] [992/9507] CXX obj/third_party/icu/icu4c/source/common/shared_icuuc/simpleformatter.o
[OHOS INFO] [NINJA] [993/9507] CXX obj/third_party/icu/icu4c/source/common/shared_icuuc/uprops.o
[OHOS INFO] [NINJA] [994/9507] CXX obj/third_party/icu/icu4c/source/common/shared_icuuc/ucol_swp.o
[OHOS INFO] [NINJA] [995/9507] CXX obj/third_party/icu/icu4c/source/common/shared_icuuc/ustrfmt.o
[OHOS INFO] [NINJA] [996/9507] CXX obj/third_party/icu/icu4c/source/common/shared_icuuc/uts46.o
[OHOS INFO] [NINJA] [997/9507] CXX obj/third_party/icu/icu4c/source/common/shared_icuuc/udata.o
[OHOS INFO] [NINJA] [998/9507] CXX obj/third_party/icu/icu4c/source/common/shared_icuuc/servslkf.o
[OHOS INFO] [NINJA] [999/9507] CXX obj/third_party/icu/icu4c/source/common/shared_icuuc/unistr_props.o
[OHOS INFO] [NINJA] [1000/9507] CXX obj/third_party/icu/icu4c/source/common/shared_icuuc/servls.o
[OHOS INFO] [NINJA] [1001/9507] CXX obj/third_party/icu/icu4c/source/common/shared_icuuc/utrace.o
[OHOS INFO] [NINJA] [1002/9507] CXX obj/third_party/icu/icu4c/source/common/shared_icuuc/cmemory.o
[OHOS INFO] [NINJA] [1003/9507] CXX obj/third_party/icu/icu4c/source/common/shared_icuuc/utrie2_builder.o
[OHOS INFO] [NINJA] [1004/9507] CXX obj/third_party/icu/icu4c/source/common/shared_icuuc/ucase.o
[OHOS INFO] [NINJA] [1005/9507] CXX obj/third_party/icu/icu4c/source/common/shared_icuuc/uset.o
[OHOS INFO] [NINJA] [1006/9507] CXX obj/third_party/icu/icu4c/source/common/shared_icuuc/unistr_case_locale.o
[OHOS INFO] [NINJA] [1007/9507] CXX obj/third_party/icu/icu4c/source/common/shared_icuuc/uidna.o
[OHOS INFO] [NINJA] [1008/9507] CXX obj/third_party/icu/icu4c/source/common/shared_icuuc/ures_cnv.o
[OHOS INFO] [NINJA] [1009/9507] CXX obj/third_party/icu/icu4c/source/common/shared_icuuc/umath.o
[OHOS INFO] [NINJA] [1010/9507] CXX obj/third_party/icu/icu4c/source/common/shared_icuuc/charstr.o
[OHOS INFO] [NINJA] [1011/9507] CXX obj/third_party/icu/icu4c/source/common/shared_icuuc/resbund_cnv.o
[OHOS INFO] [NINJA] [1012/9507] CXX obj/third_party/icu/icu4c/source/common/shared_icuuc/util_props.o
[OHOS INFO] [NINJA] [1013/9507] CXX obj/third_party/icu/icu4c/source/common/shared_icuuc/normalizer2.o
[OHOS INFO] [NINJA] [1014/9507] CXX obj/third_party/icu/icu4c/source/common/shared_icuuc/utext.o
[OHOS INFO] [NINJA] [1015/9507] CXX obj/third_party/icu/icu4c/source/common/shared_icuuc/unorm.o
[OHOS INFO] [NINJA] [1016/9507] CXX obj/third_party/icu/icu4c/source/common/shared_icuuc/ubidiwrt.o
[OHOS INFO] [NINJA] [1017/9507] CXX obj/third_party/icu/icu4c/source/common/shared_icuuc/ucurr.o
[OHOS INFO] [NINJA] [1018/9507] CXX obj/third_party/icu/icu4c/source/common/shared_icuuc/usetiter.o
[OHOS INFO] [NINJA] [1019/9507] CXX obj/third_party/icu/icu4c/source/common/shared_icuuc/servnotf.o
[OHOS INFO] [NINJA] [1020/9507] CXX obj/third_party/icu/icu4c/source/common/shared_icuuc/rbbinode.o
[OHOS INFO] [NINJA] [1021/9507] CXX obj/third_party/icu/icu4c/source/common/shared_icuuc/emojiprops.o
[OHOS INFO] [NINJA] [1022/9507] CXX obj/third_party/icu/icu4c/source/common/shared_icuuc/ustrcase.o
[OHOS INFO] [NINJA] [1023/9507] AR third_party/icu/stubdata/libstubdata.a
[OHOS INFO] [NINJA] [1024/9507] CXX obj/third_party/icu/icu4c/source/ohos/shared_icuuc/init_data.o
[OHOS INFO] [NINJA] [1025/9507] CC obj/base/hiviewdfx/faultloggerd/common/cutil/dfx_cutil/dfx_cutil.o
[OHOS INFO] [NINJA] [1026/9507] CXX obj/third_party/icu/icu4c/source/common/shared_icuuc/lstmbe.o
[OHOS INFO] [NINJA] [1027/9507] CXX obj/third_party/icu/icu4c/source/common/shared_icuuc/ulocbuilder.o
[OHOS INFO] [NINJA] [1028/9507] CXX obj/third_party/icu/icu4c/source/common/shared_icuuc/ulocale.o
[OHOS INFO] [NINJA] [1029/9507] CXX obj/third_party/icu/icu4c/source/common/shared_icuuc/mlbe.o
[OHOS INFO] [NINJA] [1030/9507] CXX obj/foundation/graphic/graphic_surface/sandbox/sandbox_utils/sandbox_utils.o
[OHOS INFO] [NINJA] [1031/9507] CXX obj/base/hiviewdfx/hiviewdfx_api_metrics/manager/innerkits/src/histogrammanager/plugin_manager.o
[OHOS INFO] [NINJA] [1032/9507] CXX obj/foundation/bundlemanager/bundle_framework/common/utils/src/libappexecfwk_common/bundle_memory_guard.o
[OHOS INFO] [NINJA] [1033/9507] CXX obj/base/hiviewdfx/hiviewdfx_api_metrics/manager/innerkits/src/histogrammanager/plugin_interface.o
[OHOS INFO] [NINJA] [1034/9507] CXX obj/foundation/bundlemanager/bundle_framework/common/log/src/libappexecfwk_common/app_log_wrapper.o
[OHOS INFO] [NINJA] [1035/9507] CXX obj/foundation/bundlemanager/bundle_framework/common/utils/src/libappexecfwk_common/bundle_file_util.o
[OHOS INFO] [NINJA] [1036/9507] CXX obj/foundation/graphic/graphic_surface/utils/rs_frame_report_ext/src/rs_frame_report_ext_surface/rs_frame_report_ext.o
[OHOS INFO] [NINJA] [1037/9507] CXX obj/third_party/icu/icu4c/source/i18n/shared_icui18n/ufieldpositer.o
[OHOS INFO] [NINJA] [1038/9507] CXX obj/third_party/icu/icu4c/source/i18n/shared_icui18n/number_capi.o
[OHOS INFO] [NINJA] [1039/9507] CXX obj/foundation/graphic/graphic_surface/utils/hebc_white_list/hebc_white_list/hebc_white_list.o
[OHOS INFO] [NINJA] [1040/9507] CXX obj/third_party/icu/icu4c/source/i18n/shared_icui18n/numparse_currency.o
[OHOS INFO] [NINJA] [1041/9507] CXX obj/third_party/icu/icu4c/source/i18n/shared_icui18n/upluralrules.o
[OHOS INFO] [NINJA] [1042/9507] CXX obj/third_party/icu/icu4c/source/i18n/shared_icui18n/number_output.o
[OHOS INFO] [NINJA] [1043/9507] CXX obj/third_party/icu/icu4c/source/i18n/shared_icui18n/number_currencysymbols.o
[OHOS INFO] [NINJA] [1044/9507] CXX obj/third_party/icu/icu4c/source/i18n/shared_icui18n/curramt.o
[OHOS INFO] [NINJA] [1045/9507] CXX obj/third_party/icu/icu4c/source/i18n/shared_icui18n/displayoptions.o
[OHOS INFO] [NINJA] [1046/9507] CXX obj/third_party/icu/icu4c/source/i18n/shared_icui18n/csrucode.o
[OHOS INFO] [NINJA] [1047/9507] CXX obj/third_party/icu/icu4c/source/i18n/shared_icui18n/indiancal.o
[OHOS INFO] [NINJA] [1048/9507] CXX obj/third_party/icu/icu4c/source/i18n/shared_icui18n/alphaindex.o
[OHOS INFO] [NINJA] [1049/9507] CXX obj/third_party/icu/icu4c/source/i18n/shared_icui18n/dayperiodrules.o
[OHOS INFO] [NINJA] [1050/9507] CXX obj/third_party/icu/icu4c/source/i18n/shared_icui18n/quantityformatter.o
[OHOS INFO] [NINJA] [1051/9507] CXX obj/third_party/icu/icu4c/source/i18n/shared_icui18n/ethpccal.o
[OHOS INFO] [NINJA] [1052/9507] CXX obj/third_party/icu/icu4c/source/i18n/shared_icui18n/collationfastlatinbuilder.o
[OHOS INFO] [NINJA] [1053/9507] CXX obj/third_party/icu/icu4c/source/i18n/shared_icui18n/anytrans.o
[OHOS INFO] [NINJA] [1054/9507] CXX obj/third_party/icu/icu4c/source/i18n/shared_icui18n/measunit_extra.o
[OHOS INFO] [NINJA] [1055/9507] CXX obj/third_party/icu/icu4c/source/i18n/shared_icui18n/number_scientific.o
[OHOS INFO] [NINJA] [1056/9507] CXX obj/third_party/icu/icu4c/source/i18n/shared_icui18n/cpdtrans.o
[OHOS INFO] [NINJA] [1057/9507] CXX obj/third_party/icu/icu4c/source/i18n/shared_icui18n/regexst.o
[OHOS INFO] [NINJA] [1058/9507] CXX obj/third_party/icu/icu4c/source/i18n/shared_icui18n/unesctrn.o
[OHOS INFO] [NINJA] [1059/9507] CXX obj/third_party/icu/icu4c/source/i18n/shared_icui18n/formattedvalue.o
[OHOS INFO] [NINJA] [1060/9507] CXX obj/third_party/icu/icu4c/source/i18n/shared_icui18n/numfmt.o
[OHOS INFO] [NINJA] [1061/9507] CXX obj/third_party/icu/icu4c/source/i18n/shared_icui18n/ucoleitr.o
[OHOS INFO] [NINJA] [1062/9507] CXX obj/third_party/icu/icu4c/source/i18n/shared_icui18n/tmutamt.o
[OHOS INFO] [NINJA] [1063/9507] CXX obj/third_party/icu/icu4c/source/i18n/shared_icui18n/transreg.o
[OHOS INFO] [NINJA] [1064/9507] CXX obj/third_party/icu/icu4c/source/i18n/shared_icui18n/zrule.o
[OHOS INFO] [NINJA] [1065/9507] CXX obj/third_party/icu/icu4c/source/i18n/shared_icui18n/collationrootelements.o
[OHOS INFO] [NINJA] [1066/9507] CXX obj/third_party/icu/icu4c/source/i18n/shared_icui18n/unum.o
[OHOS INFO] [NINJA] [1067/9507] CXX obj/third_party/icu/icu4c/source/i18n/shared_icui18n/numparse_affixes.o
[OHOS INFO] [NINJA] [1068/9507] CXX obj/third_party/icu/icu4c/source/i18n/shared_icui18n/number_longnames.o
[OHOS INFO] [NINJA] [1069/9507] CXX obj/third_party/icu/icu4c/source/i18n/shared_icui18n/currunit.o
[OHOS INFO] [NINJA] [1070/9507] CXX obj/third_party/icu/icu4c/source/i18n/shared_icui18n/plurrule.o
[OHOS INFO] [NINJA] [1071/9507] CXX obj/third_party/icu/icu4c/source/i18n/shared_icui18n/funcrepl.o
[OHOS INFO] [NINJA] [1072/9507] CXX obj/third_party/icu/icu4c/source/i18n/shared_icui18n/collationdatareader.o
[OHOS INFO] [NINJA] [1073/9507] CXX obj/third_party/icu/icu4c/source/i18n/shared_icui18n/buddhcal.o
[OHOS INFO] [NINJA] [1074/9507] CXX obj/third_party/icu/icu4c/source/i18n/shared_icui18n/regextxt.o
[OHOS INFO] [NINJA] [1075/9507] CXX obj/third_party/icu/icu4c/source/i18n/shared_icui18n/utmscale.o
[OHOS INFO] [NINJA] [1076/9507] CXX obj/third_party/icu/icu4c/source/i18n/shared_icui18n/scriptset.o
[OHOS INFO] [NINJA] [1077/9507] CXX obj/third_party/icu/icu4c/source/i18n/shared_icui18n/bocsu.o
[OHOS INFO] [NINJA] [1078/9507] CXX obj/third_party/icu/icu4c/source/i18n/shared_icui18n/number_decimalquantity.o
[OHOS INFO] [NINJA] [1079/9507] CXX obj/third_party/icu/icu4c/source/i18n/shared_icui18n/fmtable.o
[OHOS INFO] [NINJA] [1080/9507] CXX obj/third_party/icu/icu4c/source/i18n/shared_icui18n/olsontz.o
[OHOS INFO] [NINJA] [1081/9507] CXX obj/third_party/icu/icu4c/source/i18n/shared_icui18n/decContext.o
[OHOS INFO] [NINJA] [1082/9507] CXX obj/third_party/icu/icu4c/source/i18n/shared_icui18n/currfmt.o
[OHOS INFO] [NINJA] [1083/9507] CXX obj/third_party/icu/icu4c/source/i18n/shared_icui18n/ucol.o
[OHOS INFO] [NINJA] [1084/9507] CXX obj/third_party/icu/icu4c/source/i18n/shared_icui18n/hebrwcal.o
[OHOS INFO] [NINJA] [1085/9507] CXX obj/third_party/icu/icu4c/source/i18n/shared_icui18n/dtrule.o
[OHOS INFO] [NINJA] [1086/9507] CXX obj/third_party/icu/icu4c/source/i18n/shared_icui18n/ucol_sit.o
[OHOS INFO] [NINJA] [1087/9507] CXX obj/third_party/icu/icu4c/source/i18n/shared_icui18n/double-conversion-fast-dtoa.o
[OHOS INFO] [NINJA] [1088/9507] CXX obj/third_party/icu/icu4c/source/i18n/shared_icui18n/csr2022.o
[OHOS INFO] [NINJA] [1089/9507] CXX obj/third_party/icu/icu4c/source/i18n/shared_icui18n/collationdatawriter.o
[OHOS INFO] [NINJA] [1090/9507] CXX obj/third_party/icu/icu4c/source/i18n/shared_icui18n/rbnf.o
[OHOS INFO] [NINJA] [1091/9507] CXX obj/third_party/icu/icu4c/source/i18n/shared_icui18n/numparse_validators.o
[OHOS INFO] [NINJA] [1092/9507] CXX obj/third_party/icu/icu4c/source/i18n/shared_icui18n/choicfmt.o
[OHOS INFO] [NINJA] [1093/9507] CXX obj/third_party/icu/icu4c/source/i18n/shared_icui18n/numparse_parsednumber.o
[OHOS INFO] [NINJA] [1094/9507] CXX obj/third_party/icu/icu4c/source/i18n/shared_icui18n/format.o
[OHOS INFO] [NINJA] [1095/9507] CXX obj/third_party/icu/icu4c/source/i18n/shared_icui18n/double-conversion-bignum-dtoa.o
[OHOS INFO] [NINJA] [1096/9507] CXX obj/third_party/icu/icu4c/source/i18n/shared_icui18n/double-conversion-double-to-string.o
[OHOS INFO] [NINJA] [1097/9507] CXX obj/third_party/icu/icu4c/source/i18n/shared_icui18n/rbt_data.o
[OHOS INFO] [NINJA] [1098/9507] CXX obj/third_party/icu/icu4c/source/i18n/shared_icui18n/number_padding.o
[OHOS INFO] [NINJA] [1099/9507] CXX obj/third_party/icu/icu4c/source/i18n/shared_icui18n/reldatefmt.o
[OHOS INFO] [NINJA] [1100/9507] CXX obj/third_party/icu/icu4c/source/i18n/shared_icui18n/region.o
[OHOS INFO] [NINJA] [1101/9507] CXX obj/third_party/icu/icu4c/source/i18n/shared_icui18n/coptccal.o
[OHOS INFO] [NINJA] [1102/9507] CXX obj/third_party/icu/icu4c/source/i18n/shared_icui18n/vtzone.o
[OHOS INFO] [NINJA] [1103/9507] CXX obj/third_party/icu/icu4c/source/i18n/shared_icui18n/smpdtfmt.o
[OHOS INFO] [NINJA] [1104/9507] CXX obj/third_party/icu/icu4c/source/i18n/shared_icui18n/datefmt.o
[OHOS INFO] [NINJA] [1105/9507] CXX obj/third_party/icu/icu4c/source/i18n/shared_icui18n/formatted_string_builder.o
[OHOS INFO] [NINJA] [1106/9507] CXX obj/third_party/icu/icu4c/source/i18n/shared_icui18n/plurfmt.o
[OHOS INFO] [NINJA] [1107/9507] CXX obj/third_party/icu/icu4c/source/i18n/shared_icui18n/numparse_impl.o
[OHOS INFO] [NINJA] [1108/9507] CXX obj/third_party/icu/icu4c/source/i18n/shared_icui18n/simpletz.o
[OHOS INFO] [NINJA] [1109/9507] CXX obj/third_party/icu/icu4c/source/i18n/shared_icui18n/search.o
[OHOS INFO] [NINJA] [1110/9507] CXX obj/third_party/icu/icu4c/source/i18n/shared_icui18n/inputext.o
[OHOS INFO] [NINJA] [1111/9507] CXX obj/third_party/icu/icu4c/source/i18n/shared_icui18n/collationweights.o
[OHOS INFO] [NINJA] [1112/9507] CXX obj/third_party/icu/icu4c/source/i18n/shared_icui18n/number_mapper.o
[OHOS INFO] [NINJA] [1113/9507] CXX obj/third_party/icu/icu4c/source/i18n/shared_icui18n/coleitr.o
[OHOS INFO] [NINJA] [1114/9507] CXX obj/third_party/icu/icu4c/source/i18n/shared_icui18n/rematch.o
[OHOS INFO] [NINJA] [1115/9507] CXX obj/third_party/icu/icu4c/source/i18n/shared_icui18n/number_modifiers.o
[OHOS INFO] [NINJA] [1116/9507] CXX obj/third_party/icu/icu4c/source/i18n/shared_icui18n/vzone.o
[OHOS INFO] [NINJA] [1117/9507] CXX obj/third_party/icu/icu4c/source/i18n/shared_icui18n/scientificnumberformatter.o
[OHOS INFO] [NINJA] [1118/9507] CXX obj/third_party/icu/icu4c/source/i18n/shared_icui18n/collationfcd.o
[OHOS INFO] [NINJA] [1119/9507] CXX obj/third_party/icu/icu4c/source/i18n/shared_icui18n/udatpg.o
[OHOS INFO] [NINJA] [1120/9507] CXX obj/third_party/icu/icu4c/source/i18n/shared_icui18n/dtptngen.o
[OHOS INFO] [NINJA] [1121/9507] CXX obj/third_party/icu/icu4c/source/i18n/shared_icui18n/fphdlimp.o
[OHOS INFO] [NINJA] [1122/9507] CXX obj/third_party/icu/icu4c/source/i18n/shared_icui18n/double-conversion-strtod.o
[OHOS INFO] [NINJA] [1123/9507] CXX obj/third_party/icu/icu4c/source/i18n/shared_icui18n/csmatch.o
[OHOS INFO] [NINJA] [1124/9507] CXX obj/third_party/icu/icu4c/source/i18n/shared_icui18n/dangical.o
[OHOS INFO] [NINJA] [1125/9507] CXX obj/third_party/icu/icu4c/source/i18n/shared_icui18n/tridpars.o
[OHOS INFO] [NINJA] [1126/9507] CXX obj/third_party/icu/icu4c/source/i18n/shared_icui18n/collation.o
[OHOS INFO] [NINJA] [1127/9507] CXX obj/third_party/icu/icu4c/source/i18n/shared_icui18n/erarules.o
[OHOS INFO] [NINJA] [1128/9507] CXX obj/third_party/icu/icu4c/source/i18n/shared_icui18n/ulocdata.o
[OHOS INFO] [NINJA] [1129/9507] CXX obj/third_party/icu/icu4c/source/i18n/shared_icui18n/numsys.o
[OHOS INFO] [NINJA] [1130/9507] CXX obj/third_party/icu/icu4c/source/i18n/shared_icui18n/csdetect.o
[OHOS INFO] [NINJA] [1131/9507] CXX obj/third_party/icu/icu4c/source/i18n/shared_icui18n/japancal.o
[OHOS INFO] [NINJA] [1132/9507] CXX obj/third_party/icu/icu4c/source/i18n/shared_icui18n/strmatch.o
[OHOS INFO] [NINJA] [1133/9507] CXX obj/third_party/icu/icu4c/source/i18n/shared_icui18n/nortrans.o
[OHOS INFO] [NINJA] [1134/9507] CXX obj/third_party/icu/icu4c/source/i18n/shared_icui18n/uregex.o
[OHOS INFO] [NINJA] [1135/9507] CXX obj/third_party/icu/icu4c/source/i18n/shared_icui18n/timezone.o
[OHOS INFO] [NINJA] [1136/9507] CXX obj/third_party/icu/icu4c/source/i18n/shared_icui18n/sortkey.o
[OHOS INFO] [NINJA] [1137/9507] CXX obj/third_party/icu/icu4c/source/i18n/shared_icui18n/ztrans.o
[OHOS INFO] [NINJA] [1138/9507] CXX obj/third_party/icu/icu4c/source/i18n/shared_icui18n/decNumber.o
[OHOS INFO] [NINJA] [1139/9507] CXX obj/third_party/icu/icu4c/source/i18n/shared_icui18n/ulistformatter.o
[OHOS INFO] [NINJA] [1140/9507] CXX obj/third_party/icu/icu4c/source/i18n/shared_icui18n/tzgnames.o
[OHOS INFO] [NINJA] [1141/9507] CXX obj/third_party/icu/icu4c/source/i18n/shared_icui18n/persncal.o
[OHOS INFO] [NINJA] [1142/9507] CXX obj/third_party/icu/icu4c/source/i18n/shared_icui18n/number_multiplier.o
[OHOS INFO] [NINJA] [1143/9507] CXX obj/third_party/icu/icu4c/source/i18n/shared_icui18n/csrmbcs.o
[OHOS INFO] [NINJA] [1144/9507] CXX obj/third_party/icu/icu4c/source/i18n/shared_icui18n/number_utils.o
[OHOS INFO] [NINJA] [1145/9507] CXX obj/third_party/icu/icu4c/source/i18n/shared_icui18n/taiwncal.o
[OHOS INFO] [NINJA] [1146/9507] CXX obj/third_party/icu/icu4c/source/i18n/shared_icui18n/astro.o
[OHOS INFO] [NINJA] [1147/9507] CXX obj/third_party/icu/icu4c/source/i18n/shared_icui18n/number_patternmodifier.o
[OHOS INFO] [NINJA] [1148/9507] CXX obj/third_party/icu/icu4c/source/i18n/shared_icui18n/dtitvinf.o
[OHOS INFO] [NINJA] [1149/9507] CXX obj/third_party/icu/icu4c/source/i18n/shared_icui18n/stsearch.o
[OHOS INFO] [NINJA] [1150/9507] CXX obj/third_party/icu/icu4c/source/i18n/shared_icui18n/rulebasedcollator.o
[OHOS INFO] [NINJA] [1151/9507] CXX obj/third_party/icu/icu4c/source/i18n/shared_icui18n/number_affixutils.o
[OHOS INFO] [NINJA] [1152/9507] CXX obj/third_party/icu/icu4c/source/i18n/shared_icui18n/quant.o
[OHOS INFO] [NINJA] [1153/9507] CXX obj/third_party/icu/icu4c/source/i18n/shared_icui18n/msgfmt.o
[OHOS INFO] [NINJA] [1154/9507] CXX obj/third_party/icu/icu4c/source/i18n/shared_icui18n/collationroot.o
[OHOS INFO] [NINJA] [1155/9507] CXX obj/third_party/icu/icu4c/source/i18n/shared_icui18n/rbt_rule.o
[OHOS INFO] [NINJA] [1156/9507] CXX obj/third_party/icu/icu4c/source/i18n/shared_icui18n/csrutf8.o
[OHOS INFO] [NINJA] [1157/9507] CXX obj/third_party/icu/icu4c/source/i18n/shared_icui18n/calendar.o
[OHOS INFO] [NINJA] [1158/9507] CXX obj/third_party/icu/icu4c/source/i18n/shared_icui18n/name2uni.o
[OHOS INFO] [NINJA] [1159/9507] CXX obj/third_party/icu/icu4c/source/i18n/shared_icui18n/number_compact.o
[OHOS INFO] [NINJA] [1160/9507] CXX obj/third_party/icu/icu4c/source/i18n/shared_icui18n/chnsecal.o
[OHOS INFO] [NINJA] [1161/9507] CXX obj/third_party/icu/icu4c/source/i18n/shared_icui18n/nultrans.o
[OHOS INFO] [NINJA] [1162/9507] CXX obj/third_party/icu/icu4c/source/i18n/shared_icui18n/number_grouping.o
[OHOS INFO] [NINJA] [1163/9507] CXX obj/third_party/icu/icu4c/source/i18n/shared_icui18n/basictz.o
[OHOS INFO] [NINJA] [1164/9507] CXX obj/third_party/icu/icu4c/source/i18n/shared_icui18n/reldtfmt.o
[OHOS INFO] [NINJA] [1165/9507] CXX obj/third_party/icu/icu4c/source/i18n/shared_icui18n/number_symbolswrapper.o
[OHOS INFO] [NINJA] [1166/9507] CXX obj/third_party/icu/icu4c/source/i18n/shared_icui18n/numrange_capi.o
[OHOS INFO] [NINJA] [1167/9507] CXX obj/third_party/icu/icu4c/source/i18n/shared_icui18n/number_usageprefs.o
[OHOS INFO] [NINJA] [1168/9507] CXX obj/third_party/icu/icu4c/source/i18n/shared_icui18n/pluralranges.o
[OHOS INFO] [NINJA] [1169/9507] CXX obj/third_party/icu/icu4c/source/i18n/shared_icui18n/winnmfmt.o
[OHOS INFO] [NINJA] [1170/9507] CXX obj/third_party/icu/icu4c/source/i18n/shared_icui18n/units_converter.o
[OHOS INFO] [NINJA] [1171/9507] CXX obj/third_party/icu/icu4c/source/i18n/shared_icui18n/units_complexconverter.o
[OHOS INFO] [NINJA] [1172/9507] CXX obj/third_party/icu/icu4c/source/i18n/shared_icui18n/units_data.o
[OHOS INFO] [NINJA] [1173/9507] CXX obj/third_party/icu/icu4c/source/i18n/shared_icui18n/fpositer.o
[OHOS INFO] [NINJA] [1174/9507] CXX obj/third_party/icu/icu4c/source/i18n/shared_icui18n/units_router.o
[OHOS INFO] [NINJA] [1175/9507] CXX obj/third_party/icu/icu4c/source/i18n/shared_icui18n/uregexc.o
[OHOS INFO] [NINJA] [1176/9507] CXX obj/third_party/icu/icu4c/source/i18n/shared_icui18n/rbt_pars.o
[OHOS INFO] [NINJA] [1177/9507] CXX obj/third_party/icu/icu4c/source/i18n/shared_icui18n/tmutfmt.o
[OHOS INFO] [NINJA] [1178/9507] CXX obj/third_party/icu/icu4c/source/i18n/shared_icui18n/compactdecimalformat.o
[OHOS INFO] [NINJA] [1179/9507] CXX obj/third_party/icu/icu4c/source/i18n/shared_icui18n/numparse_decimal.o
[OHOS INFO] [NINJA] [1180/9507] CXX obj/third_party/icu/icu4c/source/i18n/shared_icui18n/number_notation.o
[OHOS INFO] [NINJA] [1181/9507] CXX obj/third_party/icu/icu4c/source/i18n/shared_icui18n/uspoof_conf.o
[OHOS INFO] [NINJA] [1182/9507] CXX obj/third_party/icu/icu4c/source/i18n/shared_icui18n/udat.o
[OHOS INFO] [NINJA] [1183/9507] CXX obj/third_party/icu/icu4c/source/i18n/shared_icui18n/utf16collationiterator.o
[OHOS INFO] [NINJA] [1184/9507] CXX obj/third_party/icu/icu4c/source/i18n/shared_icui18n/number_rounding.o
[OHOS INFO] [NINJA] [1185/9507] CXX obj/third_party/icu/icu4c/source/i18n/shared_icui18n/utrans.o
[OHOS INFO] [NINJA] [1186/9507] CXX obj/third_party/icu/icu4c/source/i18n/shared_icui18n/number_skeletons.o
[OHOS INFO] [NINJA] [1187/9507] CXX obj/third_party/icu/icu4c/source/i18n/shared_icui18n/double-conversion-bignum.o
[OHOS INFO] [NINJA] [1188/9507] CXX obj/third_party/icu/icu4c/source/i18n/shared_icui18n/double-conversion-string-to-double.o
[OHOS INFO] [NINJA] [1189/9507] CXX obj/third_party/icu/icu4c/source/i18n/shared_icui18n/csrsbcs.o
[OHOS INFO] [NINJA] [1190/9507] CXX obj/third_party/icu/icu4c/source/i18n/shared_icui18n/tztrans.o
[OHOS INFO] [NINJA] [1191/9507] CXX obj/third_party/icu/icu4c/source/i18n/shared_icui18n/number_asformat.o
[OHOS INFO] [NINJA] [1192/9507] CXX obj/third_party/icu/icu4c/source/i18n/shared_icui18n/rbtz.o
[OHOS INFO] [NINJA] [1193/9507] CXX obj/third_party/icu/icu4c/source/i18n/shared_icui18n/selfmt.o
[OHOS INFO] [NINJA] [1194/9507] CXX obj/third_party/icu/icu4c/source/i18n/shared_icui18n/regeximp.o
[OHOS INFO] [NINJA] [1195/9507] CXX obj/third_party/icu/icu4c/source/i18n/shared_icui18n/uspoof_impl.o
[OHOS INFO] [NINJA] [1196/9507] CXX obj/third_party/icu/icu4c/source/i18n/shared_icui18n/fmtable_cnv.o
[OHOS INFO] [NINJA] [1197/9507] CXX obj/third_party/icu/icu4c/source/i18n/shared_icui18n/measure.o
[OHOS INFO] [NINJA] [1198/9507] CXX obj/third_party/icu/icu4c/source/i18n/shared_icui18n/gregoimp.o
[OHOS INFO] [NINJA] [1199/9507] CXX obj/third_party/icu/icu4c/source/i18n/shared_icui18n/double-conversion-cached-powers.o
[OHOS INFO] [NINJA] [1200/9507] CXX obj/third_party/icu/icu4c/source/i18n/shared_icui18n/uspoof.o
[OHOS INFO] [NINJA] [1201/9507] CXX obj/third_party/icu/icu4c/source/i18n/shared_icui18n/umsg.o
[OHOS INFO] [NINJA] [1202/9507] CXX obj/third_party/icu/icu4c/source/i18n/shared_icui18n/numrange_impl.o
[OHOS INFO] [NINJA] [1203/9507] CXX obj/third_party/icu/icu4c/source/i18n/shared_icui18n/windtfmt.o
[OHOS INFO] [NINJA] [1204/9507] CXX obj/third_party/icu/icu4c/source/i18n/shared_icui18n/numparse_symbols.o
[OHOS INFO] [NINJA] [1205/9507] CXX obj/third_party/icu/icu4c/source/i18n/shared_icui18n/collationtailoring.o
[OHOS INFO] [NINJA] [1206/9507] CXX obj/third_party/icu/icu4c/source/i18n/shared_icui18n/uni2name.o
[OHOS INFO] [NINJA] [1207/9507] CXX obj/third_party/icu/icu4c/source/i18n/shared_icui18n/udateintervalformat.o
[OHOS INFO] [NINJA] [1208/9507] CXX obj/third_party/icu/icu4c/source/i18n/shared_icui18n/casetrn.o
[OHOS INFO] [NINJA] [1209/9507] CXX obj/third_party/icu/icu4c/source/i18n/shared_icui18n/uregion.o
[OHOS INFO] [NINJA] [1210/9507] CXX obj/third_party/icu/icu4c/source/i18n/shared_icui18n/listformatter.o
[OHOS INFO] [NINJA] [1211/9507] CXX obj/third_party/icu/icu4c/source/i18n/shared_icui18n/usearch.o
[OHOS INFO] [NINJA] [1212/9507] CXX obj/third_party/icu/icu4c/source/i18n/shared_icui18n/brktrans.o
[OHOS INFO] [NINJA] [1213/9507] CXX obj/third_party/icu/icu4c/source/i18n/shared_icui18n/gender.o
[OHOS INFO] [NINJA] [1214/9507] CXX obj/third_party/icu/icu4c/source/i18n/shared_icui18n/rbt.o
[OHOS INFO] [NINJA] [1215/9507] CXX obj/third_party/icu/icu4c/source/i18n/shared_icui18n/collationruleparser.o
[OHOS INFO] [NINJA] [1216/9507] CXX obj/third_party/icu/icu4c/source/i18n/shared_icui18n/csrecog.o
[OHOS INFO] [NINJA] [1217/9507] CXX obj/third_party/icu/icu4c/source/i18n/shared_icui18n/tolowtrn.o
[OHOS INFO] [NINJA] [1218/9507] CXX obj/third_party/icu/icu4c/source/i18n/shared_icui18n/unumsys.o
[OHOS INFO] [NINJA] [1219/9507] CXX obj/third_party/icu/icu4c/source/i18n/shared_icui18n/tzfmt.o
[OHOS INFO] [NINJA] [1220/9507] CXX obj/third_party/icu/icu4c/source/i18n/shared_icui18n/esctrn.o
[OHOS INFO] [NINJA] [1221/9507] CXX obj/third_party/icu/icu4c/source/i18n/shared_icui18n/collationfastlatin.o
[OHOS INFO] [NINJA] [1222/9507] CXX obj/third_party/icu/icu4c/source/i18n/shared_icui18n/collationdatabuilder.o
[OHOS INFO] [NINJA] [1223/9507] CXX obj/third_party/icu/icu4c/source/i18n/shared_icui18n/dtfmtsym.o
[OHOS INFO] [NINJA] [1224/9507] CXX obj/third_party/icu/icu4c/source/i18n/shared_icui18n/wintzimpl.o
[OHOS INFO] [NINJA] [1225/9507] CXX obj/third_party/icu/icu4c/source/i18n/shared_icui18n/collationdata.o
[OHOS INFO] [NINJA] [1226/9507] CXX obj/third_party/icu/icu4c/source/i18n/shared_icui18n/titletrn.o
[OHOS INFO] [NINJA] [1227/9507] CXX obj/third_party/icu/icu4c/source/i18n/shared_icui18n/tmunit.o
[OHOS INFO] [NINJA] [1228/9507] CXX obj/third_party/icu/icu4c/source/i18n/shared_icui18n/ucal.o
[OHOS INFO] [NINJA] [1229/9507] CXX obj/third_party/icu/icu4c/source/i18n/shared_icui18n/ucsdet.o
[OHOS INFO] [NINJA] [1230/9507] CXX obj/third_party/icu/icu4c/source/i18n/shared_icui18n/number_integerwidth.o
[OHOS INFO] [NINJA] [1231/9507] CXX obj/third_party/icu/icu4c/source/i18n/shared_icui18n/decimfmt.o
[OHOS INFO] [NINJA] [1232/9507] CXX obj/third_party/icu/icu4c/source/i18n/shared_icui18n/regexcmp.o
[OHOS INFO] [NINJA] [1233/9507] CXX obj/third_party/icu/icu4c/source/i18n/shared_icui18n/uspoof_build.o
[OHOS INFO] [NINJA] [1234/9507] CXX obj/third_party/icu/icu4c/source/i18n/shared_icui18n/ucln_in.o
[OHOS INFO] [NINJA] [1235/9507] CXX obj/third_party/icu/icu4c/source/i18n/shared_icui18n/formattedval_iterimpl.o
[OHOS INFO] [NINJA] [1236/9507] CXX obj/third_party/icu/icu4c/source/i18n/shared_icui18n/measfmt.o
[OHOS INFO] [NINJA] [1237/9507] CXX obj/third_party/icu/icu4c/source/i18n/shared_icui18n/toupptrn.o
[OHOS INFO] [NINJA] [1238/9507] CXX obj/third_party/icu/icu4c/source/i18n/shared_icui18n/dcfmtsym.o
[OHOS INFO] [NINJA] [1239/9507] CXX obj/third_party/icu/icu4c/source/i18n/shared_icui18n/translit.o
[OHOS INFO] [NINJA] [1240/9507] CXX obj/third_party/icu/icu4c/source/i18n/shared_icui18n/dtitvfmt.o
[OHOS INFO] [NINJA] [1241/9507] CXX obj/third_party/icu/icu4c/source/i18n/shared_icui18n/islamcal.o
[OHOS INFO] [NINJA] [1242/9507] CXX obj/third_party/icu/icu4c/source/i18n/shared_icui18n/gregocal.o
[OHOS INFO] [NINJA] [1243/9507] CXX obj/third_party/icu/icu4c/source/i18n/shared_icui18n/numrange_fluent.o
[OHOS INFO] [NINJA] [1244/9507] CXX obj/third_party/icu/icu4c/source/i18n/shared_icui18n/zonemeta.o
[OHOS INFO] [NINJA] [1245/9507] CXX obj/third_party/icu/icu4c/source/i18n/shared_icui18n/string_segment.o
[OHOS INFO] [NINJA] [1246/9507] CXX obj/third_party/icu/icu4c/source/i18n/shared_icui18n/collationbuilder.o
[OHOS INFO] [NINJA] [1247/9507] CXX obj/third_party/icu/icu4c/source/i18n/shared_icui18n/collationkeys.o
[OHOS INFO] [NINJA] [1248/9507] CXX obj/third_party/icu/icu4c/source/i18n/shared_icui18n/uitercollationiterator.o
[OHOS INFO] [NINJA] [1249/9507] CXX obj/third_party/icu/icu4c/source/i18n/shared_icui18n/coll.o
[OHOS INFO] [NINJA] [1250/9507] CXX obj/third_party/icu/icu4c/source/i18n/shared_icui18n/smpdtfst.o
[OHOS INFO] [NINJA] [1251/9507] CXX obj/third_party/icu/icu4c/source/i18n/shared_icui18n/nfsubs.o
[OHOS INFO] [NINJA] [1252/9507] CXX obj/third_party/icu/icu4c/source/i18n/shared_icui18n/collationsettings.o
[OHOS INFO] [NINJA] [1253/9507] CXX obj/third_party/icu/icu4c/source/i18n/shared_icui18n/standardplural.o
[OHOS INFO] [NINJA] [1254/9507] CXX obj/third_party/icu/icu4c/source/i18n/shared_icui18n/formattedval_sbimpl.o
[OHOS INFO] [NINJA] [1255/9507] CXX obj/third_party/icu/icu4c/source/i18n/shared_icui18n/strrepl.o
[OHOS INFO] [NINJA] [1256/9507] CXX obj/third_party/icu/icu4c/source/i18n/shared_icui18n/ucol_res.o
[OHOS INFO] [NINJA] [1257/9507] CXX obj/third_party/icu/icu4c/source/i18n/shared_icui18n/rbt_set.o
[OHOS INFO] [NINJA] [1258/9507] CXX obj/third_party/icu/icu4c/source/i18n/shared_icui18n/repattrn.o
[OHOS INFO] [NINJA] [1259/9507] CXX obj/third_party/icu/icu4c/source/i18n/shared_icui18n/numparse_compositions.o
[OHOS INFO] [NINJA] [1260/9507] CXX obj/third_party/icu/icu4c/source/i18n/shared_icui18n/currpinf.o
[OHOS INFO] [NINJA] [1261/9507] CXX obj/third_party/icu/icu4c/source/i18n/shared_icui18n/tznames_impl.o
[OHOS INFO] [NINJA] [1262/9507] CXX obj/third_party/icu/icu4c/source/i18n/shared_icui18n/cecal.o
[OHOS INFO] [NINJA] [1263/9507] CXX obj/third_party/icu/icu4c/source/i18n/shared_icui18n/tzrule.o
[OHOS INFO] [NINJA] [1264/9507] CXX obj/third_party/icu/icu4c/source/i18n/shared_icui18n/collationsets.o
[OHOS INFO] [NINJA] [1265/9507] CXX obj/third_party/icu/icu4c/source/i18n/shared_icui18n/collationiterator.o
[OHOS INFO] [NINJA] [1266/9507] CXX obj/third_party/icu/icu4c/source/i18n/shared_icui18n/numparse_scientific.o
[OHOS INFO] [NINJA] [1267/9507] CXX obj/third_party/icu/icu4c/source/i18n/shared_icui18n/sharedbreakiterator.o
[OHOS INFO] [NINJA] [1268/9507] CXX obj/third_party/icu/icu4c/source/i18n/shared_icui18n/number_patternstring.o
[OHOS INFO] [NINJA] [1269/9507] CXX obj/third_party/icu/icu4c/source/i18n/shared_icui18n/utf8collationiterator.o
[OHOS INFO] [NINJA] [1270/9507] CXX obj/third_party/icu/icu4c/source/i18n/shared_icui18n/number_fluent.o
[OHOS INFO] [NINJA] [1271/9507] CXX obj/third_party/icu/icu4c/source/i18n/shared_icui18n/collationcompare.o
[OHOS INFO] [NINJA] [1272/9507] CXX obj/third_party/icu/icu4c/source/i18n/shared_icui18n/measunit.o
[OHOS INFO] [NINJA] [1273/9507] CXX obj/third_party/icu/icu4c/source/i18n/shared_icui18n/number_decimfmtprops.o
[OHOS INFO] [NINJA] [1274/9507] CXX obj/third_party/icu/icu4c/source/i18n/shared_icui18n/number_formatimpl.o
[OHOS INFO] [NINJA] [1275/9507] CXX obj/third_party/icu/icu4c/source/i18n/shared_icui18n/nfrs.o
[OHOS INFO] [NINJA] [1276/9507] CXX obj/third_party/icu/icu4c/source/i18n/shared_icui18n/remtrans.o
[OHOS INFO] [NINJA] [1277/9507] CXX obj/third_party/icu/icu4c/source/i18n/shared_icui18n/tznames.o
[OHOS INFO] [NINJA] [1278/9507] CC obj/out/rk3568/gen/third_party/libpng/libpng-1.6.55/libpng/pngerror.o
[OHOS INFO] [NINJA] [1279/9507] CC obj/out/rk3568/gen/third_party/libpng/libpng-1.6.55/libpng/png.o
[OHOS INFO] [NINJA] [1280/9507] CXX obj/third_party/icu/icu4c/source/i18n/shared_icui18n/iso8601cal.o
[OHOS INFO] [NINJA] [1281/9507] CC obj/out/rk3568/gen/third_party/libpng/libpng-1.6.55/libpng/pngget.o
[OHOS INFO] [NINJA] [1282/9507] CC obj/out/rk3568/gen/third_party/libpng/libpng-1.6.55/libpng/pngmem.o
[OHOS INFO] [NINJA] [1283/9507] CXX obj/third_party/icu/icu4c/source/i18n/shared_icui18n/nfrule.o
[OHOS INFO] [NINJA] [1284/9507] CC obj/out/rk3568/gen/third_party/libpng/libpng-1.6.55/libpng/pngrio.o
[OHOS INFO] [NINJA] [1285/9507] CC obj/out/rk3568/gen/third_party/libpng/libpng-1.6.55/libpng/pngpread.o
[OHOS INFO] [NINJA] [1286/9507] CXX obj/third_party/icu/icu4c/source/ohos/shared_icui18n/lunar_calendar.o
[OHOS INFO] [NINJA] [1287/9507] CC obj/out/rk3568/gen/third_party/libpng/libpng-1.6.55/libpng/pngset.o
[OHOS INFO] [NINJA] [1288/9507] CC obj/out/rk3568/gen/third_party/libpng/libpng-1.6.55/libpng/pngtrans.o
[OHOS INFO] [NINJA] [1289/9507] CC obj/out/rk3568/gen/third_party/libpng/libpng-1.6.55/libpng/pngwio.o
[OHOS INFO] [NINJA] [1290/9507] CC obj/out/rk3568/gen/third_party/libpng/libpng-1.6.55/libpng/pngread.o
[OHOS INFO] [NINJA] [1291/9507] CXX obj/third_party/icu/icu4c/source/i18n/shared_icui18n/number_simple.o
[OHOS INFO] [NINJA] [1292/9507] CC obj/out/rk3568/gen/third_party/libpng/libpng-1.6.55/libpng/pngrutil.o
[OHOS INFO] [NINJA] [1293/9507] CC obj/out/rk3568/gen/third_party/libpng/libpng-1.6.55/libpng/pngwtran.o
[OHOS INFO] [NINJA] [1294/9507] CC obj/out/rk3568/gen/third_party/libpng/libpng-1.6.55/arm/libpng/arm_init.o
[OHOS INFO] [NINJA] [1295/9507] AR obj/base/hiviewdfx/faultloggerd/common/cutil/libdfx_cutil.a
[OHOS INFO] [NINJA] [1296/9507] CC obj/out/rk3568/gen/third_party/libpng/libpng-1.6.55/arm/libpng/filter_neon_intrinsics.o
[OHOS INFO] [NINJA] [1297/9507] CC obj/out/rk3568/gen/third_party/libpng/libpng-1.6.55/libpng/pngwrite.o
[OHOS INFO] [NINJA] [1298/9507] CC obj/out/rk3568/gen/third_party/libpng/libpng-1.6.55/arm/libpng/palette_neon_intrinsics.o
[OHOS INFO] [NINJA] [1299/9507] AR obj/foundation/graphic/graphic_surface/sandbox/libsandbox_utils.a
[OHOS INFO] [NINJA] [1300/9507] AR obj/foundation/graphic/graphic_surface/utils/hebc_white_list/libhebc_white_list.a
[OHOS INFO] [NINJA] [1301/9507] STAMP obj/foundation/graphic/graphic_surface/utils/rs_frame_report_ext/rs_frame_report_ext_surface.stamp
[OHOS INFO] [NINJA] [1302/9507] CC obj/base/hiviewdfx/hilog/frameworks/libhilog/snapshot/libhilog_snapshot/hilog_snapshot.o
[OHOS INFO] [NINJA] [1303/9507] CC obj/base/hiviewdfx/faultloggerd/frameworks/allocator/dfx_allocator_src/dfx_allocator.o
[OHOS INFO] [NINJA] [1304/9507] CC obj/base/hiviewdfx/faultloggerd/frameworks/limited/dfx_limited_src/faultlog_client.o
[OHOS INFO] [NINJA] [1305/9507] CC obj/out/rk3568/gen/third_party/libpng/libpng-1.6.55/libpng/pngrtran.o
[OHOS INFO] [NINJA] [1306/9507] CC obj/out/rk3568/gen/third_party/libpng/libpng-1.6.55/libpng/pngwutil.o
[OHOS INFO] [NINJA] [1307/9507] CC obj/out/rk3568/gen/third_party/freetype/freetype/src/base/freetype_static/ftbbox.o
[OHOS INFO] [NINJA] [1308/9507] CC obj/out/rk3568/gen/third_party/freetype/freetype/src/base/freetype_static/ftbdf.o
[OHOS INFO] [NINJA] [1309/9507] CC obj/out/rk3568/gen/third_party/freetype/freetype/src/base/freetype_static/ftcid.o
[OHOS INFO] [NINJA] [1310/9507] CC obj/out/rk3568/gen/third_party/freetype/freetype/src/base/freetype_static/ftdebug.o
[OHOS INFO] [NINJA] [1311/9507] CC obj/out/rk3568/gen/third_party/freetype/freetype/src/base/freetype_static/ftbitmap.o
[OHOS INFO] [NINJA] [1312/9507] CC obj/out/rk3568/gen/third_party/freetype/freetype/src/base/freetype_static/ftfstype.o
[OHOS INFO] [NINJA] [1313/9507] CC obj/out/rk3568/gen/third_party/freetype/freetype/src/base/freetype_static/ftgasp.o
[OHOS INFO] [NINJA] [1314/9507] CC obj/out/rk3568/gen/third_party/freetype/freetype/src/base/freetype_static/ftgxval.o
[OHOS INFO] [NINJA] [1315/9507] CC obj/out/rk3568/gen/third_party/freetype/freetype/src/base/freetype_static/ftinit.o
[OHOS INFO] [NINJA] [1316/9507] CC obj/out/rk3568/gen/third_party/freetype/freetype/src/base/freetype_static/ftglyph.o
[OHOS INFO] [NINJA] [1317/9507] CC obj/out/rk3568/gen/third_party/freetype/freetype/src/base/freetype_static/ftotval.o
[OHOS INFO] [NINJA] [1318/9507] CC obj/out/rk3568/gen/third_party/freetype/freetype/src/base/freetype_static/ftpatent.o
[OHOS INFO] [NINJA] [1319/9507] CC obj/out/rk3568/gen/third_party/freetype/freetype/src/base/freetype_static/ftmm.o
[OHOS INFO] [NINJA] [1320/9507] CC obj/out/rk3568/gen/third_party/freetype/freetype/src/base/freetype_static/ftpfr.o
[OHOS INFO] [NINJA] [1321/9507] CC obj/out/rk3568/gen/third_party/freetype/freetype/src/base/freetype_static/ftsynth.o
[OHOS INFO] [NINJA] [1322/9507] CC obj/out/rk3568/gen/third_party/freetype/freetype/src/base/freetype_static/ftsystem.o
[OHOS INFO] [NINJA] [1323/9507] CC obj/out/rk3568/gen/third_party/freetype/freetype/src/base/freetype_static/ftwinfnt.o
[OHOS INFO] [NINJA] [1324/9507] CC obj/out/rk3568/gen/third_party/freetype/freetype/src/base/freetype_static/fttype1.o
[OHOS INFO] [NINJA] [1325/9507] CC obj/out/rk3568/gen/third_party/freetype/freetype/src/base/freetype_static/ftstroke.o
[OHOS INFO] [NINJA] [1326/9507] CC obj/out/rk3568/gen/third_party/freetype/freetype/src/autofit/freetype_static/autofit.o
[OHOS INFO] [NINJA] [1327/9507] CC obj/out/rk3568/gen/third_party/freetype/freetype/src/cache/freetype_static/ftcache.o
[OHOS INFO] [NINJA] [1328/9507] CC obj/out/rk3568/gen/third_party/freetype/freetype/src/gzip/freetype_static/ftgzip.o
[OHOS INFO] [NINJA] [1329/9507] CC obj/out/rk3568/gen/third_party/freetype/freetype/src/bdf/freetype_static/bdf.o
[OHOS INFO] [NINJA] [1330/9507] CC obj/out/rk3568/gen/third_party/freetype/freetype/src/cid/freetype_static/type1cid.o
[OHOS INFO] [NINJA] [1331/9507] CC obj/out/rk3568/gen/third_party/freetype/freetype/src/lzw/freetype_static/ftlzw.o
[OHOS INFO] [NINJA] [1332/9507] CC obj/out/rk3568/gen/third_party/freetype/freetype/src/pcf/freetype_static/pcf.o
[OHOS INFO] [NINJA] [1333/9507] CC obj/out/rk3568/gen/third_party/freetype/freetype/src/cff/freetype_static/cff.o
[OHOS INFO] [NINJA] [1334/9507] CC obj/out/rk3568/gen/third_party/freetype/freetype/src/base/freetype_static/ftbase.o
[OHOS INFO] [NINJA] [1335/9507] CXX obj/foundation/systemabilitymgr/safwk/services/safwk/src/api_cache_manager/api_cache_manager.o
[OHOS INFO] [NINJA] [1336/9507] CC obj/out/rk3568/gen/third_party/freetype/freetype/src/psnames/freetype_static/psmodule.o
[OHOS INFO] [NINJA] [1337/9507] CC obj/out/rk3568/gen/third_party/freetype/freetype/src/sdf/freetype_static/ftbsdf.o
[OHOS INFO] [NINJA] [1338/9507] CC obj/out/rk3568/gen/third_party/freetype/freetype/src/raster/freetype_static/raster.o
[OHOS INFO] [NINJA] [1339/9507] CC obj/out/rk3568/gen/third_party/freetype/freetype/src/pfr/freetype_static/pfr.o
[OHOS INFO] [NINJA] [1340/9507] CC obj/out/rk3568/gen/third_party/freetype/freetype/src/sdf/freetype_static/ftsdfcommon.o
[OHOS INFO] [NINJA] [1341/9507] CC obj/out/rk3568/gen/third_party/freetype/freetype/src/sdf/freetype_static/ftsdfrend.o
[OHOS INFO] [NINJA] [1342/9507] CC obj/out/rk3568/gen/third_party/freetype/freetype/src/sdf/freetype_static/ftsdf.o
[OHOS INFO] [NINJA] [1343/9507] CC obj/out/rk3568/gen/third_party/freetype/freetype/src/svg/freetype_static/ftsvg.o
[OHOS INFO] [NINJA] [1344/9507] CC obj/out/rk3568/gen/third_party/freetype/freetype/src/smooth/freetype_static/smooth.o
[OHOS INFO] [NINJA] [1345/9507] CC obj/out/rk3568/gen/third_party/freetype/freetype/src/pshinter/freetype_static/pshinter.o
[OHOS INFO] [NINJA] [1346/9507] CC obj/out/rk3568/gen/third_party/freetype/freetype/src/winfonts/freetype_static/winfnt.o
[OHOS INFO] [NINJA] [1347/9507] STAMP obj/base/hiviewdfx/faultloggerd/frameworks/allocator/dfx_allocator_src.stamp
[OHOS INFO] [NINJA] [1348/9507] STAMP obj/base/hiviewdfx/faultloggerd/frameworks/limited/dfx_limited_src.stamp
[OHOS INFO] [NINJA] [1349/9507] CC obj/out/rk3568/gen/third_party/freetype/freetype/src/type42/freetype_static/type42.o
[OHOS INFO] [NINJA] [1350/9507] CC obj/base/hiviewdfx/faultloggerd/interfaces/innerkits/signal_handler/dfx_signalhandler/dfx_signal_handler.o
[OHOS INFO] [NINJA] [1351/9507] CC obj/base/hiviewdfx/faultloggerd/interfaces/innerkits/signal_handler/dfx_signalhandler/dfx_dumprequest.o
[OHOS INFO] [NINJA] [1352/9507] CC obj/base/hiviewdfx/faultloggerd/interfaces/innerkits/signal_handler/dfx_signalhandler/dfx_signalhandler_exception.o
[OHOS INFO] [NINJA] [1353/9507] CC obj/base/hiviewdfx/faultloggerd/interfaces/innerkits/signal_handler/dfx_signalhandler/safe_reader.o
[OHOS INFO] [NINJA] [1354/9507] AR obj/base/hiviewdfx/hilog/interfaces/native/innerkits/libhilog_snapshot.a
[OHOS INFO] [NINJA] [1355/9507] CXX obj/foundation/resourceschedule/qos_manager/common/src/qos/concurrent_task_utils.o
[OHOS INFO] [NINJA] [1356/9507] CC obj/out/rk3568/gen/third_party/freetype/freetype/src/type1/freetype_static/type1.o
[OHOS INFO] [NINJA] [1357/9507] CXX obj/foundation/resourceschedule/qos_manager/services/src/qos/qos_interface.o
[OHOS INFO] [NINJA] [1358/9507] CC obj/base/hiviewdfx/faultloggerd/interfaces/innerkits/signal_handler/dfx_signalhandler/dfx_lite_dump_request.o
[OHOS INFO] [NINJA] [1359/9507] CC obj/out/rk3568/gen/third_party/freetype/freetype/src/psaux/freetype_static/psaux.o
[OHOS INFO] [NINJA] [1360/9507] CC obj/third_party/expat/expat/lib/expat/xmlrole.o
[OHOS INFO] [NINJA] [1361/9507] CC obj/out/rk3568/gen/third_party/freetype/freetype/src/sfnt/freetype_static/sfnt.o
[OHOS INFO] [NINJA] [1362/9507] CXX obj/foundation/resourceschedule/qos_manager/qos/qos/qos.o
[OHOS INFO] [NINJA] [1363/9507] CC obj/out/rk3568/gen/third_party/freetype/freetype/src/truetype/freetype_static/truetype.o
[OHOS INFO] [NINJA] [1364/9507] CC obj/third_party/expat/expat/lib/expat/xmltok.o
[OHOS INFO] [NINJA] [1365/9507] CC obj/third_party/expat/expat/lib/expat/xmlparse.o
[OHOS INFO] [NINJA] [1366/9507] CC obj/third_party/skia/m133/third_party/externals/libjpeg-turbo/libjpegm133/jaricom.o
[OHOS INFO] [NINJA] [1367/9507] CC obj/third_party/skia/m133/third_party/externals/libjpeg-turbo/libjpegm133/jcapimin.o
[OHOS INFO] [NINJA] [1368/9507] CC obj/third_party/skia/m133/third_party/externals/libjpeg-turbo/libjpegm133/jcapistd.o
[OHOS INFO] [NINJA] [1369/9507] CC obj/third_party/skia/m133/third_party/externals/libjpeg-turbo/libjpegm133/jcarith.o
[OHOS INFO] [NINJA] [1370/9507] CXX obj/third_party/skia/m133/src/ports/typeface_freetype/SkFontScanner_FreeType.o
[OHOS INFO] [NINJA] [1371/9507] CC obj/third_party/skia/m133/third_party/externals/libjpeg-turbo/libjpegm133/jccoefct.o
[OHOS INFO] [NINJA] [1372/9507] CC obj/third_party/skia/m133/third_party/externals/libjpeg-turbo/libjpegm133/jcdctmgr.o
[OHOS INFO] [NINJA] [1373/9507] CXX obj/third_party/skia/m133/modules/skunicode/src/skunicode_core/SkUnicode.o
[OHOS INFO] [NINJA] [1374/9507] CC obj/third_party/skia/m133/third_party/externals/libjpeg-turbo/libjpegm133/jcinit.o
[OHOS INFO] [NINJA] [1375/9507] CXX obj/third_party/skia/m133/modules/skunicode/src/skunicode_core/SkUnicode_hardcoded.o
[OHOS INFO] [NINJA] [1376/9507] CC obj/third_party/skia/m133/third_party/externals/libjpeg-turbo/libjpegm133/jcmainct.o
[OHOS INFO] [NINJA] [1377/9507] CC obj/third_party/skia/m133/third_party/externals/libjpeg-turbo/libjpegm133/jccolor.o
[OHOS INFO] [NINJA] [1378/9507] CXX obj/third_party/skia/m133/src/ports/typeface_freetype/SkFontHost_FreeType.o
[OHOS INFO] [NINJA] [1379/9507] CC obj/third_party/skia/m133/third_party/externals/libjpeg-turbo/libjpegm133/jcomapi.o
[OHOS INFO] [NINJA] [1380/9507] CC obj/third_party/skia/m133/third_party/externals/libjpeg-turbo/libjpegm133/jcmaster.o
[OHOS INFO] [NINJA] [1381/9507] CC obj/third_party/skia/m133/third_party/externals/libjpeg-turbo/libjpegm133/jcmarker.o
[OHOS INFO] [NINJA] [1382/9507] CC obj/third_party/skia/m133/third_party/externals/libjpeg-turbo/libjpegm133/jcparam.o
[OHOS INFO] [NINJA] [1383/9507] CC obj/third_party/skia/m133/third_party/externals/libjpeg-turbo/libjpegm133/jcprepct.o
[OHOS INFO] [NINJA] [1384/9507] CC obj/third_party/skia/m133/third_party/externals/libjpeg-turbo/libjpegm133/jcphuff.o
[OHOS INFO] [NINJA] [1385/9507] CC obj/third_party/skia/m133/third_party/externals/libjpeg-turbo/libjpegm133/jdapimin.o
[OHOS INFO] [NINJA] [1386/9507] CC obj/third_party/skia/m133/third_party/externals/libjpeg-turbo/libjpegm133/jcsample.o
[OHOS INFO] [NINJA] [1387/9507] CC obj/third_party/skia/m133/third_party/externals/libjpeg-turbo/libjpegm133/jdapistd.o
[OHOS INFO] [NINJA] [1388/9507] CXX obj/third_party/skia/m133/src/ports/typeface_freetype/SkFontHost_FreeType_common.o
[OHOS INFO] [NINJA] [1389/9507] CC obj/third_party/skia/m133/third_party/externals/libjpeg-turbo/libjpegm133/jdarith.o
[OHOS INFO] [NINJA] [1390/9507] CC obj/third_party/skia/m133/third_party/externals/libjpeg-turbo/libjpegm133/jddctmgr.o
[OHOS INFO] [NINJA] [1391/9507] CC obj/third_party/skia/m133/third_party/externals/libjpeg-turbo/libjpegm133/jdcoefct.o
[OHOS INFO] [NINJA] [1392/9507] CC obj/third_party/skia/m133/third_party/externals/libjpeg-turbo/libjpegm133/jdinput.o
[OHOS INFO] [NINJA] [1393/9507] CC obj/third_party/skia/m133/third_party/externals/libjpeg-turbo/libjpegm133/jdmainct.o
[OHOS INFO] [NINJA] [1394/9507] CC obj/third_party/skia/m133/third_party/externals/libjpeg-turbo/libjpegm133/jdmaster.o
[OHOS INFO] [NINJA] [1395/9507] CC obj/third_party/skia/m133/third_party/externals/libjpeg-turbo/libjpegm133/jdcolor.o
[OHOS INFO] [NINJA] [1396/9507] CC obj/third_party/skia/m133/third_party/externals/libjpeg-turbo/libjpegm133/jdpostct.o
[OHOS INFO] [NINJA] [1397/9507] CC obj/third_party/skia/m133/third_party/externals/libjpeg-turbo/libjpegm133/jdphuff.o
[OHOS INFO] [NINJA] [1398/9507] CC obj/third_party/skia/m133/third_party/externals/libjpeg-turbo/libjpegm133/jdmarker.o
[OHOS INFO] [NINJA] [1399/9507] CC obj/third_party/skia/m133/third_party/externals/libjpeg-turbo/libjpegm133/jerror.o
[OHOS INFO] [NINJA] [1400/9507] CC obj/third_party/skia/m133/third_party/externals/libjpeg-turbo/libjpegm133/jfdctflt.o
[OHOS INFO] [NINJA] [1401/9507] CC obj/third_party/skia/m133/third_party/externals/libjpeg-turbo/libjpegm133/jdsample.o
[OHOS INFO] [NINJA] [1402/9507] CC obj/third_party/skia/m133/third_party/externals/libjpeg-turbo/libjpegm133/jdmerge.o
[OHOS INFO] [NINJA] [1403/9507] CC obj/third_party/skia/m133/third_party/externals/libjpeg-turbo/libjpegm133/jfdctfst.o
[OHOS INFO] [NINJA] [1404/9507] CC obj/third_party/skia/m133/third_party/externals/libjpeg-turbo/libjpegm133/jfdctint.o
[OHOS INFO] [NINJA] [1405/9507] CC obj/third_party/skia/m133/third_party/externals/libjpeg-turbo/libjpegm133/jidctflt.o
[OHOS INFO] [NINJA] [1406/9507] CC obj/third_party/skia/m133/third_party/externals/libjpeg-turbo/libjpegm133/jidctred.o
[OHOS INFO] [NINJA] [1407/9507] CC obj/third_party/skia/m133/third_party/externals/libjpeg-turbo/libjpegm133/jidctfst.o
[OHOS INFO] [NINJA] [1408/9507] CC obj/third_party/skia/m133/third_party/externals/libjpeg-turbo/libjpegm133/jmemnobs.o
[OHOS INFO] [NINJA] [1409/9507] CC obj/third_party/skia/m133/third_party/externals/libjpeg-turbo/libjpegm133/jmemmgr.o
[OHOS INFO] [NINJA] [1410/9507] CC obj/third_party/skia/m133/third_party/externals/libjpeg-turbo/libjpegm133/jpeg_nbits_table.o
[OHOS INFO] [NINJA] [1411/9507] CC obj/third_party/skia/m133/third_party/externals/libjpeg-turbo/libjpegm133/jquant1.o
[OHOS INFO] [NINJA] [1412/9507] CC obj/third_party/skia/m133/third_party/externals/libjpeg-turbo/libjpegm133/jutils.o
[OHOS INFO] [NINJA] [1413/9507] CC obj/third_party/skia/m133/third_party/externals/libjpeg-turbo/libjpegm133/jquant2.o
[OHOS INFO] [NINJA] [1414/9507] CC obj/third_party/skia/m133/third_party/externals/libjpeg-turbo/libjpegm133/jchuff.o
[OHOS INFO] [NINJA] [1415/9507] CC obj/third_party/skia/m133/third_party/externals/libjpeg-turbo/libjpegm133/jidctint.o
[OHOS INFO] [NINJA] [1416/9507] CC obj/third_party/skia/m133/third_party/externals/libjpeg-turbo/simd/arm/libjpegm133/jcgray-neon.o
[OHOS INFO] [NINJA] [1417/9507] CC obj/third_party/skia/m133/third_party/externals/libjpeg-turbo/simd/arm/libjpegm133/jccolor-neon.o
[OHOS INFO] [NINJA] [1418/9507] CC obj/third_party/skia/m133/third_party/externals/libjpeg-turbo/simd/arm/libjpegm133/jcphuff-neon.o
[OHOS INFO] [NINJA] [1419/9507] CC obj/third_party/skia/m133/third_party/externals/libjpeg-turbo/simd/arm/libjpegm133/jcsample-neon.o
[OHOS INFO] [NINJA] [1420/9507] CC obj/third_party/skia/m133/third_party/externals/libjpeg-turbo/simd/arm/libjpegm133/jdsample-neon.o
[OHOS INFO] [NINJA] [1421/9507] CC obj/third_party/skia/m133/third_party/externals/libjpeg-turbo/simd/arm/libjpegm133/jfdctfst-neon.o
[OHOS INFO] [NINJA] [1422/9507] CC obj/third_party/skia/m133/third_party/externals/libjpeg-turbo/libjpegm133/jdhuff_opt.o
[OHOS INFO] [NINJA] [1423/9507] CC obj/third_party/skia/m133/third_party/externals/libjpeg-turbo/simd/arm/libjpegm133/jfdctint-neon.o
[OHOS INFO] [NINJA] [1424/9507] CC obj/third_party/skia/m133/third_party/externals/libjpeg-turbo/simd/arm/libjpegm133/jdcolor-neon.o
[OHOS INFO] [NINJA] [1425/9507] CC obj/third_party/skia/m133/third_party/externals/libjpeg-turbo/simd/arm/libjpegm133/jidctfst-neon.o
[OHOS INFO] [NINJA] [1426/9507] CC obj/third_party/skia/m133/third_party/externals/libjpeg-turbo/simd/arm/libjpegm133/jidctred-neon.o
[OHOS INFO] [NINJA] [1427/9507] CC obj/third_party/skia/m133/third_party/externals/libjpeg-turbo/simd/arm/libjpegm133/jquanti-neon.o
[OHOS INFO] [NINJA] [1428/9507] CC obj/third_party/skia/m133/third_party/externals/libjpeg-turbo/simd/arm/libjpegm133/jidctint-neon.o
[OHOS INFO] [NINJA] [1429/9507] CC obj/third_party/skia/m133/third_party/externals/libwebp/src/dsp/libwebp_sse41/alpha_processing_sse41.o
[OHOS INFO] [NINJA] [1430/9507] CC obj/third_party/skia/m133/third_party/externals/libjpeg-turbo/simd/arm/aarch32/libjpegm133/jsimd.o
[OHOS INFO] [NINJA] [1431/9507] CC obj/third_party/skia/m133/third_party/externals/libwebp/src/dsp/libwebp_sse41/dec_sse41.o
[OHOS INFO] [NINJA] [1432/9507] CC obj/third_party/skia/m133/third_party/externals/libjpeg-turbo/simd/arm/libjpegm133/jdmerge-neon.o
[OHOS INFO] [NINJA] [1433/9507] CC obj/third_party/skia/m133/third_party/externals/libjpeg-turbo/simd/arm/aarch32/libjpegm133/jchuff-neon.o
[OHOS INFO] [NINJA] [1434/9507] CC obj/third_party/skia/m133/third_party/externals/libwebp/src/dsp/libwebp_sse41/lossless_sse41.o
[OHOS INFO] [NINJA] [1435/9507] CC obj/third_party/skia/m133/third_party/externals/libwebp/src/dsp/libwebp_sse41/enc_sse41.o
[OHOS INFO] [NINJA] [1436/9507] CC obj/third_party/skia/m133/third_party/externals/libwebp/src/dsp/libwebp_sse41/lossless_enc_sse41.o
[OHOS INFO] [NINJA] [1437/9507] CC obj/third_party/skia/m133/third_party/externals/libwebp/src/dsp/libwebp_sse41/upsampling_sse41.o
[OHOS INFO] [NINJA] [1438/9507] CC obj/third_party/skia/m133/third_party/externals/libwebp/src/dsp/libwebp_sse41/yuv_sse41.o
[OHOS INFO] [NINJA] [1439/9507] CXX obj/arkcompiler/runtime_core/arkplatform/hybrid/xgc/arkplatform_static/xgc.o
[OHOS INFO] [NINJA] [1440/9507] CXX obj/arkcompiler/runtime_core/libpandabase/mem/libarkbase_static/mem_config.o
[OHOS INFO] [NINJA] [1441/9507] CXX obj/arkcompiler/runtime_core/libpandabase/mem/libarkbase_static/base_mem_stats.o
[OHOS INFO] [NINJA] [1442/9507] CXX obj/arkcompiler/runtime_core/libpandabase/mem/libarkbase_static/arena_allocator.o
[OHOS INFO] [NINJA] [1443/9507] CXX obj/arkcompiler/runtime_core/libpandabase/mem/libarkbase_static/code_allocator.o
[OHOS INFO] [NINJA] [1444/9507] CXX obj/arkcompiler/runtime_core/libpandabase/mem/libarkbase_static/pool_map.o
[OHOS INFO] [NINJA] [1445/9507] CXX obj/arkcompiler/runtime_core/libpandabase/os/libarkbase_static/native_stack.o
[OHOS INFO] [NINJA] [1446/9507] CXX obj/arkcompiler/runtime_core/libpandabase/mem/libarkbase_static/pool_manager.o
[OHOS INFO] [NINJA] [1447/9507] CXX obj/arkcompiler/runtime_core/libpandabase/os/libarkbase_static/time.o
[OHOS INFO] [NINJA] [1448/9507] CXX obj/arkcompiler/runtime_core/libpandabase/os/libarkbase_static/property.o
[OHOS INFO] [NINJA] [1449/9507] CXX obj/arkcompiler/runtime_core/libpandabase/os/libarkbase_static/stacktrace_stub.o
[OHOS INFO] [NINJA] [1450/9507] CXX obj/arkcompiler/runtime_core/libpandabase/os/libarkbase_static/stackGuard.o
[OHOS INFO] [NINJA] [1451/9507] CXX obj/arkcompiler/runtime_core/libpandabase/utils/libarkbase_static/json_builder.o
[OHOS INFO] [NINJA] [1452/9507] CXX obj/arkcompiler/runtime_core/libpandabase/trace/libarkbase_static/trace.o
[OHOS INFO] [NINJA] [1453/9507] CXX obj/arkcompiler/runtime_core/libpandabase/utils/libarkbase_static/time.o
[OHOS INFO] [NINJA] [1454/9507] CXX obj/arkcompiler/runtime_core/libpandabase/utils/libarkbase_static/json_parser.o
[OHOS INFO] [NINJA] [1455/9507] CXX obj/arkcompiler/runtime_core/libpandabase/utils/libarkbase_static/type_converter.o
[OHOS INFO] [NINJA] [1456/9507] CXX obj/arkcompiler/runtime_core/libpandabase/utils/libarkbase_static/perfMetrics.o
[OHOS INFO] [NINJA] [1457/9507] CXX obj/arkcompiler/runtime_core/libpandabase/utils/libarkbase_static/logger.o
[OHOS INFO] [NINJA] [1458/9507] CXX obj/arkcompiler/runtime_core/libpandabase/utils/libarkbase_static/utf.o
[OHOS INFO] [NINJA] [1459/9507] CXX obj/arkcompiler/runtime_core/platforms/unix/libpandabase/libarkbase_static/error.o
[OHOS INFO] [NINJA] [1460/9507] CXX obj/arkcompiler/runtime_core/libpandabase/utils/libarkbase_static/workerQueue.o
[OHOS INFO] [NINJA] [1461/9507] CXX obj/arkcompiler/runtime_core/platforms/unix/libpandabase/libarkbase_static/file.o
[OHOS INFO] [NINJA] [1462/9507] CXX obj/arkcompiler/runtime_core/platforms/unix/libpandabase/libarkbase_static/filesystem.o
[OHOS INFO] [NINJA] [1463/9507] CXX obj/arkcompiler/runtime_core/platforms/unix/libpandabase/libarkbase_static/library_loader_resolve_symbol.o
[OHOS INFO] [NINJA] [1464/9507] CXX obj/arkcompiler/runtime_core/platforms/unix/libpandabase/libarkbase_static/property.o
[OHOS INFO] [NINJA] [1465/9507] CXX obj/arkcompiler/runtime_core/platforms/unix/libpandabase/libarkbase_static/mem.o
[OHOS INFO] [NINJA] [1466/9507] CXX obj/arkcompiler/runtime_core/platforms/unix/libpandabase/libarkbase_static/native_stack.o
[OHOS INFO] [NINJA] [1467/9507] CXX obj/arkcompiler/runtime_core/platforms/unix/libpandabase/libarkbase_static/thread.o
[OHOS INFO] [NINJA] [1468/9507] CXX obj/arkcompiler/runtime_core/platforms/unix/libpandabase/libarkbase_static/trace.o
[OHOS INFO] [NINJA] [1469/9507] CXX obj/arkcompiler/runtime_core/platforms/unix/libpandabase/libarkbase_static/library_loader_load.o
[OHOS INFO] [NINJA] [1470/9507] CXX obj/arkcompiler/runtime_core/libpandabase/arch/default/libarkbase_static/cpu_features.o
[OHOS INFO] [NINJA] [1471/9507] CXX obj/arkcompiler/runtime_core/libpandabase/utils/libarkbase_static/timers.o
[OHOS INFO] [NINJA] [1472/9507] CXX obj/arkcompiler/runtime_core/libpandabase/os/libarkbase_static/filesystem.o
[OHOS INFO] [NINJA] [1473/9507] CXX obj/arkcompiler/runtime_core/platforms/unix/libpandabase/libarkbase_static/exec.o
[OHOS INFO] [NINJA] [1474/9507] CXX obj/arkcompiler/runtime_core/platforms/unix/libpandabase/futex/libarkbase_static/fmutex.o
[OHOS INFO] [NINJA] [1475/9507] CXX obj/arkcompiler/runtime_core/platforms/unix/libpandabase/futex/libarkbase_static/mutex.o
[OHOS INFO] [NINJA] [1476/9507] CXX obj/out/rk3568/gen/third_party/harfbuzz/harfbuzz-11.0.0/src/harfbuzz_static/hb-blob.o
[OHOS INFO] [NINJA] [1477/9507] CXX obj/out/rk3568/gen/third_party/harfbuzz/harfbuzz-11.0.0/src/harfbuzz_static/hb-buffer-serialize.o
[OHOS INFO] [NINJA] [1478/9507] CXX obj/out/rk3568/gen/third_party/harfbuzz/harfbuzz-11.0.0/src/harfbuzz_static/hb-common.o
[OHOS INFO] [NINJA] [1479/9507] CXX obj/out/rk3568/gen/third_party/harfbuzz/harfbuzz-11.0.0/src/harfbuzz_static/hb-buffer.o
[OHOS INFO] [NINJA] [1480/9507] CXX obj/out/rk3568/gen/third_party/harfbuzz/harfbuzz-11.0.0/src/harfbuzz_static/hb-fallback-shape.o
[OHOS INFO] [NINJA] [1481/9507] CXX obj/out/rk3568/gen/third_party/harfbuzz/harfbuzz-11.0.0/src/harfbuzz_static/hb-aat-map.o
[OHOS INFO] [NINJA] [1482/9507] CXX obj/out/rk3568/gen/third_party/harfbuzz/harfbuzz-11.0.0/src/harfbuzz_static/hb-number.o
[OHOS INFO] [NINJA] [1483/9507] CXX obj/out/rk3568/gen/third_party/harfbuzz/harfbuzz-11.0.0/src/harfbuzz_static/hb-map.o
[OHOS INFO] [NINJA] [1484/9507] CXX obj/out/rk3568/gen/third_party/harfbuzz/harfbuzz-11.0.0/src/harfbuzz_static/hb-face.o
[OHOS INFO] [NINJA] [1485/9507] CXX obj/out/rk3568/gen/third_party/harfbuzz/harfbuzz-11.0.0/src/harfbuzz_static/hb-font.o
[OHOS INFO] [NINJA] [1486/9507] CXX obj/out/rk3568/gen/third_party/harfbuzz/harfbuzz-11.0.0/src/harfbuzz_static/hb-ot-cff1-table.o
[OHOS INFO] [NINJA] [1487/9507] CXX obj/out/rk3568/gen/third_party/harfbuzz/harfbuzz-11.0.0/src/harfbuzz_static/hb-ot-cff2-table.o
[OHOS INFO] [NINJA] [1488/9507] CXX obj/out/rk3568/gen/third_party/harfbuzz/harfbuzz-11.0.0/src/harfbuzz_static/hb-ot-map.o
[OHOS INFO] [NINJA] [1489/9507] CXX obj/out/rk3568/gen/third_party/harfbuzz/harfbuzz-11.0.0/src/harfbuzz_static/hb-ot-math.o
[OHOS INFO] [NINJA] [1490/9507] CXX obj/out/rk3568/gen/third_party/harfbuzz/harfbuzz-11.0.0/src/harfbuzz_static/hb-ot-meta.o
[OHOS INFO] [NINJA] [1491/9507] CXX obj/out/rk3568/gen/third_party/harfbuzz/harfbuzz-11.0.0/src/harfbuzz_static/hb-aat-layout.o
[OHOS INFO] [NINJA] [1492/9507] CXX obj/out/rk3568/gen/third_party/harfbuzz/harfbuzz-11.0.0/src/harfbuzz_static/hb-ot-face.o
[OHOS INFO] [NINJA] [1493/9507] CXX obj/out/rk3568/gen/third_party/harfbuzz/harfbuzz-11.0.0/src/harfbuzz_static/hb-ot-name.o
[OHOS INFO] [NINJA] [1494/9507] CXX obj/out/rk3568/gen/third_party/harfbuzz/harfbuzz-11.0.0/src/harfbuzz_static/hb-ot-metrics.o
[OHOS INFO] [NINJA] [1495/9507] CXX obj/out/rk3568/gen/third_party/harfbuzz/harfbuzz-11.0.0/src/harfbuzz_static/hb-ot-shaper-default.o
[OHOS INFO] [NINJA] [1496/9507] CXX obj/out/rk3568/gen/third_party/harfbuzz/harfbuzz-11.0.0/src/harfbuzz_static/hb-ot-shaper-hangul.o
[OHOS INFO] [NINJA] [1497/9507] CXX obj/out/rk3568/gen/third_party/harfbuzz/harfbuzz-11.0.0/src/harfbuzz_static/hb-ot-shaper-hebrew.o
[OHOS INFO] [NINJA] [1498/9507] CXX obj/out/rk3568/gen/third_party/harfbuzz/harfbuzz-11.0.0/src/harfbuzz_static/hb-ot-shaper-indic-table.o
[OHOS INFO] [NINJA] [1499/9507] CXX obj/out/rk3568/gen/third_party/harfbuzz/harfbuzz-11.0.0/src/harfbuzz_static/hb-ot-font.o
[OHOS INFO] [NINJA] [1500/9507] CXX obj/out/rk3568/gen/third_party/harfbuzz/harfbuzz-11.0.0/src/harfbuzz_static/hb-ot-shaper-khmer.o
[OHOS INFO] [NINJA] [1501/9507] CXX obj/out/rk3568/gen/third_party/harfbuzz/harfbuzz-11.0.0/src/harfbuzz_static/hb-ot-shaper-myanmar.o
[OHOS INFO] [NINJA] [1502/9507] CXX obj/out/rk3568/gen/third_party/harfbuzz/harfbuzz-11.0.0/src/harfbuzz_static/hb-ot-shaper-indic.o
[OHOS INFO] [NINJA] [1503/9507] CXX obj/out/rk3568/gen/third_party/harfbuzz/harfbuzz-11.0.0/src/harfbuzz_static/hb-ot-shaper-syllabic.o
[OHOS INFO] [NINJA] [1504/9507] CXX obj/out/rk3568/gen/third_party/harfbuzz/harfbuzz-11.0.0/src/harfbuzz_static/hb-ot-shaper-thai.o
[OHOS INFO] [NINJA] [1505/9507] CXX obj/out/rk3568/gen/third_party/harfbuzz/harfbuzz-11.0.0/src/harfbuzz_static/hb-ot-shaper-vowel-constraints.o
[OHOS INFO] [NINJA] [1506/9507] CXX obj/out/rk3568/gen/third_party/harfbuzz/harfbuzz-11.0.0/src/harfbuzz_static/hb-ot-shaper-use.o
[OHOS INFO] [NINJA] [1507/9507] CXX obj/out/rk3568/gen/third_party/harfbuzz/harfbuzz-11.0.0/src/harfbuzz_static/hb-ot-shape-normalize.o
[OHOS INFO] [NINJA] [1508/9507] CXX obj/out/rk3568/gen/third_party/harfbuzz/harfbuzz-11.0.0/src/harfbuzz_static/hb-ot-shaper-arabic.o
[OHOS INFO] [NINJA] [1509/9507] CXX obj/out/rk3568/gen/third_party/harfbuzz/harfbuzz-11.0.0/src/harfbuzz_static/hb-ot-tag.o
[OHOS INFO] [NINJA] [1510/9507] CXX obj/out/rk3568/gen/third_party/harfbuzz/harfbuzz-11.0.0/src/harfbuzz_static/hb-ot-shape.o
[OHOS INFO] [NINJA] [1511/9507] CXX obj/out/rk3568/gen/third_party/harfbuzz/harfbuzz-11.0.0/src/harfbuzz_static/hb-set.o
[OHOS INFO] [NINJA] [1512/9507] CXX obj/out/rk3568/gen/third_party/harfbuzz/harfbuzz-11.0.0/src/harfbuzz_static/hb-shape.o
[OHOS INFO] [NINJA] [1513/9507] CXX obj/out/rk3568/gen/third_party/harfbuzz/harfbuzz-11.0.0/src/harfbuzz_static/hb-shape-plan.o
[OHOS INFO] [NINJA] [1514/9507] CXX obj/out/rk3568/gen/third_party/harfbuzz/harfbuzz-11.0.0/src/harfbuzz_static/hb-shaper.o
[OHOS INFO] [NINJA] [1515/9507] CXX obj/out/rk3568/gen/third_party/harfbuzz/harfbuzz-11.0.0/src/harfbuzz_static/hb-ot-shape-fallback.o
[OHOS INFO] [NINJA] [1516/9507] CXX obj/out/rk3568/gen/third_party/harfbuzz/harfbuzz-11.0.0/src/harfbuzz_static/hb-ot-var.o
[OHOS INFO] [NINJA] [1517/9507] CXX obj/out/rk3568/gen/third_party/harfbuzz/harfbuzz-11.0.0/src/harfbuzz_static/hb-ot-layout.o
[OHOS INFO] [NINJA] [1518/9507] CXX obj/out/rk3568/gen/third_party/harfbuzz/harfbuzz-11.0.0/src/harfbuzz_static/hb-ucd.o
[OHOS INFO] [NINJA] [1519/9507] CXX obj/out/rk3568/gen/third_party/harfbuzz/harfbuzz-11.0.0/src/harfbuzz_static/hb-unicode.o
[OHOS INFO] [NINJA] [1520/9507] CXX obj/out/rk3568/gen/third_party/harfbuzz/harfbuzz-11.0.0/src/harfbuzz_static/hb-buffer-verify.o
[OHOS INFO] [NINJA] [1521/9507] CXX obj/out/rk3568/gen/third_party/harfbuzz/harfbuzz-11.0.0/src/harfbuzz_static/hb-outline.o
[OHOS INFO] [NINJA] [1522/9507] CXX obj/out/rk3568/gen/third_party/harfbuzz/harfbuzz-11.0.0/src/harfbuzz_static/hb-subset-cff-common.o
[OHOS INFO] [NINJA] [1523/9507] CXX obj/out/rk3568/gen/third_party/harfbuzz/harfbuzz-11.0.0/src/harfbuzz_static/hb-paint-extents.o
[OHOS INFO] [NINJA] [1524/9507] CXX obj/out/rk3568/gen/third_party/harfbuzz/harfbuzz-11.0.0/src/harfbuzz_static/hb-paint.o
[OHOS INFO] [NINJA] [1525/9507] CXX obj/out/rk3568/gen/third_party/harfbuzz/harfbuzz-11.0.0/src/harfbuzz_static/hb-face-builder.o
[OHOS INFO] [NINJA] [1526/9507] CXX obj/out/rk3568/gen/third_party/harfbuzz/harfbuzz-11.0.0/src/harfbuzz_static/hb-draw.o
[OHOS INFO] [NINJA] [1527/9507] CXX obj/third_party/skia/m133/src/ports/skia_ohos/fontmgr_symbol_load/HmSymbolConfig_ohos.o
[OHOS INFO] [NINJA] [1528/9507] CXX obj/out/rk3568/gen/third_party/harfbuzz/harfbuzz-11.0.0/src/harfbuzz_static/hb-static.o
[OHOS INFO] [NINJA] [1529/9507] CXX obj/out/rk3568/gen/third_party/harfbuzz/harfbuzz-11.0.0/src/harfbuzz_static/hb-subset-cff2.o
[OHOS INFO] [NINJA] [1530/9507] CXX obj/third_party/skia/m133/src/codec/jpeg_mpf/SkJpegMultiPicture.o
[OHOS INFO] [NINJA] [1531/9507] CXX obj/third_party/skia/m133/src/codec/jpeg_mpf/SkJpegSegmentScan.o
[OHOS INFO] [NINJA] [1532/9507] CXX obj/third_party/skia/m133/src/xml/xml/SkDOM.o
[OHOS INFO] [NINJA] [1533/9507] CXX obj/third_party/skia/m133/src/xml/xml/SkXMLWriter.o
[OHOS INFO] [NINJA] [1534/9507] AR obj/third_party/skia/m133/modules/skunicode/libskunicode_core.a
[OHOS INFO] [NINJA] [1535/9507] CXX obj/third_party/skia/m133/src/xml/xml/SkXMLParser.o
[OHOS INFO] [NINJA] [1536/9507] CXX obj/third_party/skia/m133/src/xml/xml/SkDOMParser.o
[OHOS INFO] [NINJA] [1537/9507] CXX obj/third_party/skia/m133/src/codec/xml/SkXmp.o
[OHOS INFO] [NINJA] [1538/9507] CXX obj/third_party/skia/m133/src/svg/xml/SkSVGCanvas.o
[OHOS INFO] [NINJA] [1539/9507] CXX obj/third_party/skia/m133/modules/skunicode/src/skunicode_icu/SkUnicode_icu_bidi.o
[OHOS INFO] [NINJA] [1540/9507] CXX obj/third_party/skia/m133/modules/skunicode/src/skunicode_icu/SkBidiFactory_icu_full.o
[OHOS INFO] [NINJA] [1541/9507] CXX obj/third_party/skia/m133/src/svg/xml/SkSVGDevice.o
[OHOS INFO] [NINJA] [1542/9507] CXX obj/third_party/skia/m133/modules/skunicode/src/skunicode_icu/SkUnicode_icu_builtin.o
[OHOS INFO] [NINJA] [1543/9507] CXX obj/third_party/skia/m133/third_party/externals/dng_sdk/source/dng_sdk/dng_1d_function.o
[OHOS INFO] [NINJA] [1544/9507] CXX obj/third_party/skia/m133/third_party/externals/dng_sdk/source/dng_sdk/dng_abort_sniffer.o
[OHOS INFO] [NINJA] [1545/9507] CXX obj/third_party/skia/m133/third_party/icu/skunicode_icu/SkLoadICU.o
[OHOS INFO] [NINJA] [1546/9507] CXX obj/third_party/skia/m133/third_party/externals/dng_sdk/source/dng_sdk/dng_bottlenecks.o
[OHOS INFO] [NINJA] [1547/9507] CXX obj/third_party/skia/m133/third_party/externals/dng_sdk/source/dng_sdk/dng_1d_table.o
[OHOS INFO] [NINJA] [1548/9507] CXX obj/third_party/skia/m133/modules/skunicode/src/skunicode_icu/SkUnicode_icu.o
[OHOS INFO] [NINJA] [1549/9507] CXX obj/third_party/skia/m133/third_party/externals/dng_sdk/source/dng_sdk/dng_area_task.o
[OHOS INFO] [NINJA] [1550/9507] CXX obj/third_party/skia/m133/third_party/externals/dng_sdk/source/dng_sdk/dng_exceptions.o
[OHOS INFO] [NINJA] [1551/9507] CXX obj/third_party/skia/m133/third_party/externals/dng_sdk/source/dng_sdk/dng_color_space.o
[OHOS INFO] [NINJA] [1552/9507] CXX obj/third_party/skia/m133/third_party/externals/dng_sdk/source/dng_sdk/dng_camera_profile.o
[OHOS INFO] [NINJA] [1553/9507] CXX obj/third_party/skia/m133/third_party/externals/dng_sdk/source/dng_sdk/dng_color_spec.o
[OHOS INFO] [NINJA] [1554/9507] CXX obj/third_party/skia/m133/third_party/externals/dng_sdk/source/dng_sdk/dng_date_time.o
[OHOS INFO] [NINJA] [1555/9507] CXX obj/third_party/skia/m133/third_party/externals/dng_sdk/source/dng_sdk/dng_bad_pixels.o
[OHOS INFO] [NINJA] [1556/9507] CXX obj/third_party/skia/m133/third_party/externals/dng_sdk/source/dng_sdk/dng_file_stream.o
[OHOS INFO] [NINJA] [1557/9507] CXX obj/third_party/skia/m133/third_party/externals/dng_sdk/source/dng_sdk/dng_globals.o
[OHOS INFO] [NINJA] [1558/9507] CXX obj/third_party/skia/m133/third_party/externals/dng_sdk/source/dng_sdk/dng_filter_task.o
[OHOS INFO] [NINJA] [1559/9507] CXX obj/third_party/skia/m133/third_party/externals/dng_sdk/source/dng_sdk/dng_exif.o
[OHOS INFO] [NINJA] [1560/9507] CXX obj/third_party/skia/m133/third_party/externals/dng_sdk/source/dng_sdk/dng_gain_map.o
[OHOS INFO] [NINJA] [1561/9507] CXX obj/third_party/skia/m133/third_party/externals/dng_sdk/source/dng_sdk/dng_fingerprint.o
[OHOS INFO] [NINJA] [1562/9507] CXX obj/third_party/skia/m133/third_party/externals/dng_sdk/source/dng_sdk/dng_hue_sat_map.o
[OHOS INFO] [NINJA] [1563/9507] CXX obj/third_party/skia/m133/third_party/externals/dng_sdk/source/dng_sdk/dng_host.o
[OHOS INFO] [NINJA] [1564/9507] CXX obj/third_party/skia/m133/third_party/externals/dng_sdk/source/dng_sdk/dng_ifd.o
[OHOS INFO] [NINJA] [1565/9507] CXX obj/third_party/skia/m133/third_party/externals/dng_sdk/source/dng_sdk/dng_image.o
[OHOS INFO] [NINJA] [1566/9507] CXX obj/third_party/skia/m133/third_party/externals/dng_sdk/source/dng_sdk/dng_jpeg_memory_source.o
[OHOS INFO] [NINJA] [1567/9507] CXX obj/third_party/skia/m133/third_party/externals/dng_sdk/source/dng_sdk/dng_iptc.o
[OHOS INFO] [NINJA] [1568/9507] CXX obj/third_party/skia/m133/third_party/externals/dng_sdk/source/dng_sdk/dng_info.o
[OHOS INFO] [NINJA] [1569/9507] CXX obj/third_party/skia/m133/third_party/externals/dng_sdk/source/dng_sdk/dng_jpeg_image.o
[OHOS INFO] [NINJA] [1570/9507] CXX obj/third_party/skia/m133/third_party/externals/dng_sdk/source/dng_sdk/dng_lens_correction.o
[OHOS INFO] [NINJA] [1571/9507] CXX obj/third_party/skia/m133/third_party/externals/dng_sdk/source/dng_sdk/dng_matrix.o
[OHOS INFO] [NINJA] [1572/9507] CXX obj/third_party/skia/m133/third_party/externals/dng_sdk/source/dng_sdk/dng_linearization_info.o
[OHOS INFO] [NINJA] [1573/9507] CXX obj/third_party/skia/m133/third_party/externals/dng_sdk/source/dng_sdk/dng_memory.o
[OHOS INFO] [NINJA] [1574/9507] CXX obj/third_party/skia/m133/third_party/externals/dng_sdk/source/dng_sdk/dng_lossless_jpeg.o
[OHOS INFO] [NINJA] [1575/9507] CXX obj/third_party/skia/m133/third_party/externals/dng_sdk/source/dng_sdk/dng_mutex.o
[OHOS INFO] [NINJA] [1576/9507] CXX obj/third_party/skia/m133/third_party/externals/dng_sdk/source/dng_sdk/dng_memory_stream.o
[OHOS INFO] [NINJA] [1577/9507] CXX obj/third_party/skia/m133/third_party/externals/dng_sdk/source/dng_sdk/dng_misc_opcodes.o
[OHOS INFO] [NINJA] [1578/9507] CXX obj/third_party/skia/m133/third_party/externals/dng_sdk/source/dng_sdk/dng_orientation.o
[OHOS INFO] [NINJA] [1579/9507] CXX obj/third_party/skia/m133/third_party/externals/dng_sdk/source/dng_sdk/dng_mosaic_info.o
[OHOS INFO] [NINJA] [1580/9507] CXX obj/third_party/skia/m133/third_party/externals/dng_sdk/source/dng_sdk/dng_opcode_list.o
[OHOS INFO] [NINJA] [1581/9507] CXX obj/third_party/skia/m133/third_party/externals/dng_sdk/source/dng_sdk/dng_image_writer.o
[OHOS INFO] [NINJA] [1582/9507] CXX obj/third_party/skia/m133/third_party/externals/dng_sdk/source/dng_sdk/dng_opcodes.o
[OHOS INFO] [NINJA] [1583/9507] CXX obj/third_party/skia/m133/third_party/externals/dng_sdk/source/dng_sdk/dng_pthread.o
[OHOS INFO] [NINJA] [1584/9507] CXX obj/third_party/skia/m133/third_party/externals/dng_sdk/source/dng_sdk/dng_parse_utils.o
[OHOS INFO] [NINJA] [1585/9507] CXX obj/third_party/skia/m133/third_party/externals/dng_sdk/source/dng_sdk/dng_point.o
[OHOS INFO] [NINJA] [1586/9507] CXX obj/third_party/skia/m133/third_party/externals/dng_sdk/source/dng_sdk/dng_pixel_buffer.o
[OHOS INFO] [NINJA] [1587/9507] CXX obj/third_party/skia/m133/third_party/externals/dng_sdk/source/dng_sdk/dng_ref_counted_block.o
[OHOS INFO] [NINJA] [1588/9507] CXX obj/third_party/skia/m133/third_party/externals/dng_sdk/source/dng_sdk/dng_negative.o
[OHOS INFO] [NINJA] [1589/9507] CXX obj/third_party/skia/m133/third_party/externals/dng_sdk/source/dng_sdk/dng_rational.o
[OHOS INFO] [NINJA] [1590/9507] CXX obj/third_party/skia/m133/third_party/externals/dng_sdk/source/dng_sdk/dng_preview.o
[OHOS INFO] [NINJA] [1591/9507] CXX obj/third_party/skia/m133/third_party/externals/dng_sdk/source/dng_sdk/dng_rect.o
[OHOS INFO] [NINJA] [1592/9507] CXX obj/third_party/skia/m133/third_party/externals/dng_sdk/source/dng_sdk/dng_safe_arithmetic.o
[OHOS INFO] [NINJA] [1593/9507] CXX obj/third_party/skia/m133/third_party/externals/dng_sdk/source/dng_sdk/dng_read_image.o
[OHOS INFO] [NINJA] [1594/9507] CXX obj/third_party/skia/m133/third_party/externals/dng_sdk/source/dng_sdk/dng_render.o
[OHOS INFO] [NINJA] [1595/9507] CXX obj/third_party/skia/m133/third_party/externals/dng_sdk/source/dng_sdk/dng_resample.o
[OHOS INFO] [NINJA] [1596/9507] CXX obj/third_party/skia/m133/third_party/externals/dng_sdk/source/dng_sdk/dng_reference.o
[OHOS INFO] [NINJA] [1597/9507] CXX obj/third_party/skia/m133/third_party/externals/dng_sdk/source/dng_sdk/dng_simple_image.o
[OHOS INFO] [NINJA] [1598/9507] CXX obj/third_party/skia/m133/third_party/externals/dng_sdk/source/dng_sdk/dng_tag_types.o
[OHOS INFO] [NINJA] [1599/9507] CXX obj/third_party/skia/m133/third_party/externals/dng_sdk/source/dng_sdk/dng_shared.o
[OHOS INFO] [NINJA] [1600/9507] CXX obj/third_party/skia/m133/third_party/externals/dng_sdk/source/dng_sdk/dng_stream.o
[OHOS INFO] [NINJA] [1601/9507] CXX obj/third_party/skia/m133/third_party/externals/dng_sdk/source/dng_sdk/dng_temperature.o
[OHOS INFO] [NINJA] [1602/9507] CXX obj/third_party/skia/m133/third_party/externals/dng_sdk/source/dng_sdk/dng_spline.o
[OHOS INFO] [NINJA] [1603/9507] CXX obj/third_party/skia/m133/third_party/externals/dng_sdk/source/dng_sdk/dng_string_list.o
[OHOS INFO] [NINJA] [1604/9507] AR obj/third_party/skia/m133/third_party/libjpeg-turbo/libjpegm133.a
[OHOS INFO] [NINJA] [1605/9507] CXX obj/third_party/skia/m133/third_party/externals/dng_sdk/source/dng_sdk/dng_string.o
[OHOS INFO] [NINJA] [1606/9507] CXX obj/third_party/skia/m133/third_party/externals/dng_sdk/source/dng_sdk/dng_tile_iterator.o
[OHOS INFO] [NINJA] [1607/9507] CC obj/third_party/skia/m133/third_party/externals/libpng/libpng/pngerror.o
[OHOS INFO] [NINJA] [1608/9507] CC obj/third_party/skia/m133/third_party/externals/libpng/libpng/pngmem.o
[OHOS INFO] [NINJA] [1609/9507] CC obj/third_party/skia/m133/third_party/externals/libpng/libpng/png.o
[OHOS INFO] [NINJA] [1610/9507] CXX obj/third_party/skia/m133/third_party/externals/dng_sdk/source/dng_sdk/dng_utils.o
[OHOS INFO] [NINJA] [1611/9507] CXX obj/third_party/skia/m133/third_party/externals/dng_sdk/source/dng_sdk/dng_xy_coord.o
[OHOS INFO] [NINJA] [1612/9507] CXX obj/third_party/skia/m133/third_party/externals/dng_sdk/source/dng_sdk/dng_tone_curve.o
[OHOS INFO] [NINJA] [1613/9507] CC obj/third_party/skia/m133/third_party/externals/libpng/libpng/pngget.o
[OHOS INFO] [NINJA] [1614/9507] CC obj/third_party/skia/m133/third_party/externals/libpng/libpng/pngrio.o
[OHOS INFO] [NINJA] [1615/9507] CC obj/third_party/skia/m133/third_party/externals/libpng/libpng/pngpread.o
[OHOS INFO] [NINJA] [1616/9507] CC obj/third_party/skia/m133/third_party/externals/libpng/libpng/pngtrans.o
[OHOS INFO] [NINJA] [1617/9507] CC obj/third_party/skia/m133/third_party/externals/libpng/libpng/pngwio.o
[OHOS INFO] [NINJA] [1618/9507] CC obj/third_party/skia/m133/third_party/externals/libpng/libpng/pngset.o
[OHOS INFO] [NINJA] [1619/9507] CC obj/third_party/skia/m133/third_party/externals/libpng/libpng/pngwtran.o
[OHOS INFO] [NINJA] [1620/9507] CC obj/third_party/skia/m133/third_party/externals/libpng/libpng/pngread.o
[OHOS INFO] [NINJA] [1621/9507] CC obj/third_party/skia/m133/third_party/externals/libpng/arm/libpng/arm_init.o
[OHOS INFO] [NINJA] [1622/9507] CC obj/third_party/skia/m133/third_party/externals/libpng/libpng/pngwrite.o
[OHOS INFO] [NINJA] [1623/9507] AR obj/third_party/skia/m133/third_party/libwebp/libwebp_sse41.a
[OHOS INFO] [NINJA] [1624/9507] CC obj/third_party/skia/m133/third_party/externals/libpng/libpng/pngrutil.o
[OHOS INFO] [NINJA] [1625/9507] CC obj/third_party/skia/m133/third_party/externals/libwebp/sharpyuv/libwebpm133/sharpyuv_cpu.o
[OHOS INFO] [NINJA] [1626/9507] CC obj/third_party/skia/m133/third_party/externals/libpng/libpng/pngwutil.o
[OHOS INFO] [NINJA] [1627/9507] CC obj/third_party/skia/m133/third_party/externals/libwebp/sharpyuv/libwebpm133/sharpyuv_csp.o
[OHOS INFO] [NINJA] [1628/9507] CC obj/third_party/skia/m133/third_party/externals/libwebp/sharpyuv/libwebpm133/sharpyuv.o
[OHOS INFO] [NINJA] [1629/9507] CC obj/third_party/skia/m133/third_party/externals/libpng/arm/libpng/palette_neon_intrinsics.o
[OHOS INFO] [NINJA] [1630/9507] CC obj/third_party/skia/m133/third_party/externals/libpng/arm/libpng/filter_neon_intrinsics.o
[OHOS INFO] [NINJA] [1631/9507] CC obj/third_party/skia/m133/third_party/externals/libwebp/sharpyuv/libwebpm133/sharpyuv_dsp.o
[OHOS INFO] [NINJA] [1632/9507] CC obj/third_party/skia/m133/third_party/externals/libpng/libpng/pngrtran.o
[OHOS INFO] [NINJA] [1633/9507] CC obj/third_party/skia/m133/third_party/externals/libwebp/sharpyuv/libwebpm133/sharpyuv_sse2.o
[OHOS INFO] [NINJA] [1634/9507] CC obj/third_party/skia/m133/third_party/externals/libwebp/sharpyuv/libwebpm133/sharpyuv_gamma.o
[OHOS INFO] [NINJA] [1635/9507] CC obj/third_party/skia/m133/third_party/externals/libwebp/src/dec/libwebpm133/buffer_dec.o
[OHOS INFO] [NINJA] [1636/9507] CC obj/third_party/skia/m133/third_party/externals/libwebp/src/dec/libwebpm133/alpha_dec.o
[OHOS INFO] [NINJA] [1637/9507] CC obj/third_party/skia/m133/third_party/externals/libwebp/sharpyuv/libwebpm133/sharpyuv_neon.o
[OHOS INFO] [NINJA] [1638/9507] CC obj/third_party/skia/m133/third_party/externals/libwebp/src/dec/libwebpm133/quant_dec.o
[OHOS INFO] [NINJA] [1639/9507] CC obj/third_party/skia/m133/third_party/externals/libwebp/src/dec/libwebpm133/frame_dec.o
[OHOS INFO] [NINJA] [1640/9507] CC obj/third_party/skia/m133/third_party/externals/libwebp/src/dec/libwebpm133/idec_dec.o
[OHOS INFO] [NINJA] [1641/9507] CC obj/third_party/skia/m133/third_party/externals/libwebp/src/dec/libwebpm133/io_dec.o
[OHOS INFO] [NINJA] [1642/9507] CC obj/third_party/skia/m133/third_party/externals/libwebp/src/dec/libwebpm133/tree_dec.o
[OHOS INFO] [NINJA] [1643/9507] CC obj/third_party/skia/m133/third_party/externals/libwebp/src/demux/libwebpm133/anim_decode.o
[OHOS INFO] [NINJA] [1644/9507] CC obj/third_party/skia/m133/third_party/externals/libwebp/src/dec/libwebpm133/webp_dec.o
[OHOS INFO] [NINJA] [1645/9507] CC obj/third_party/skia/m133/third_party/externals/libwebp/src/dsp/libwebpm133/alpha_processing_mips_dsp_r2.o
[OHOS INFO] [NINJA] [1646/9507] CC obj/third_party/skia/m133/third_party/externals/libwebp/src/dsp/libwebpm133/alpha_processing.o
[OHOS INFO] [NINJA] [1647/9507] CC obj/third_party/skia/m133/third_party/externals/libwebp/src/demux/libwebpm133/demux.o
[OHOS INFO] [NINJA] [1648/9507] CC obj/third_party/skia/m133/third_party/externals/libwebp/src/dec/libwebpm133/vp8_dec.o
[OHOS INFO] [NINJA] [1649/9507] CC obj/third_party/skia/m133/third_party/externals/libwebp/src/dsp/libwebpm133/alpha_processing_sse2.o
[OHOS INFO] [NINJA] [1650/9507] CC obj/third_party/skia/m133/third_party/externals/libwebp/src/dsp/libwebpm133/cost_mips32.o
[OHOS INFO] [NINJA] [1651/9507] CC obj/third_party/skia/m133/third_party/externals/libwebp/src/dsp/libwebpm133/cost.o
[OHOS INFO] [NINJA] [1652/9507] CC obj/third_party/skia/m133/third_party/externals/libwebp/src/dsp/libwebpm133/cost_mips_dsp_r2.o
[OHOS INFO] [NINJA] [1653/9507] CC obj/third_party/skia/m133/third_party/externals/libwebp/src/dsp/libwebpm133/cost_sse2.o
[OHOS INFO] [NINJA] [1654/9507] CC obj/third_party/skia/m133/third_party/externals/libwebp/src/dsp/libwebpm133/alpha_processing_neon.o
[OHOS INFO] [NINJA] [1655/9507] CC obj/third_party/skia/m133/third_party/externals/libwebp/src/dsp/libwebpm133/cpu.o
[OHOS INFO] [NINJA] [1656/9507] CC obj/third_party/skia/m133/third_party/externals/libwebp/src/dec/libwebpm133/vp8l_dec.o
[OHOS INFO] [NINJA] [1657/9507] CC obj/third_party/skia/m133/third_party/externals/libwebp/src/dsp/libwebpm133/dec_mips_dsp_r2.o
[OHOS INFO] [NINJA] [1658/9507] CC obj/third_party/skia/m133/third_party/externals/libwebp/src/dsp/libwebpm133/dec.o
[OHOS INFO] [NINJA] [1659/9507] CC obj/third_party/skia/m133/third_party/externals/libwebp/src/dsp/libwebpm133/dec_msa.o
[OHOS INFO] [NINJA] [1660/9507] CC obj/third_party/skia/m133/third_party/externals/libwebp/src/dsp/libwebpm133/cost_neon.o
[OHOS INFO] [NINJA] [1661/9507] CC obj/third_party/skia/m133/third_party/externals/libwebp/src/dsp/libwebpm133/dec_clip_tables.o
[OHOS INFO] [NINJA] [1662/9507] CC obj/third_party/skia/m133/third_party/externals/libwebp/src/dsp/libwebpm133/dec_mips32.o
[OHOS INFO] [NINJA] [1663/9507] CC obj/third_party/skia/m133/third_party/externals/libwebp/src/dsp/libwebpm133/dec_sse2.o
[OHOS INFO] [NINJA] [1664/9507] CC obj/third_party/skia/m133/third_party/externals/libwebp/src/dsp/libwebpm133/enc_mips32.o
[OHOS INFO] [NINJA] [1665/9507] CC obj/third_party/skia/m133/third_party/externals/libwebp/src/dsp/libwebpm133/enc_msa.o
[OHOS INFO] [NINJA] [1666/9507] CC obj/third_party/skia/m133/third_party/externals/libwebp/src/dsp/libwebpm133/enc_mips_dsp_r2.o
[OHOS INFO] [NINJA] [1667/9507] CC obj/third_party/skia/m133/third_party/externals/libwebp/src/dsp/libwebpm133/enc_sse2.o
[OHOS INFO] [NINJA] [1668/9507] CC obj/third_party/skia/m133/third_party/externals/libwebp/src/dsp/libwebpm133/filters_mips_dsp_r2.o
[OHOS INFO] [NINJA] [1669/9507] CC obj/third_party/skia/m133/third_party/externals/libwebp/src/dsp/libwebpm133/filters.o
[OHOS INFO] [NINJA] [1670/9507] CC obj/third_party/skia/m133/third_party/externals/libwebp/src/dsp/libwebpm133/filters_msa.o
[OHOS INFO] [NINJA] [1671/9507] CC obj/third_party/skia/m133/third_party/externals/libwebp/src/dsp/libwebpm133/enc.o
[OHOS INFO] [NINJA] [1672/9507] CC obj/third_party/skia/m133/third_party/externals/libwebp/src/dsp/libwebpm133/filters_sse2.o
[OHOS INFO] [NINJA] [1673/9507] CC obj/third_party/skia/m133/third_party/externals/libwebp/src/dsp/libwebpm133/lossless_enc_mips32.o
[OHOS INFO] [NINJA] [1674/9507] CC obj/third_party/skia/m133/third_party/externals/libwebp/src/dsp/libwebpm133/enc_neon.o
[OHOS INFO] [NINJA] [1675/9507] CC obj/third_party/skia/m133/third_party/externals/libwebp/src/dsp/libwebpm133/lossless_enc_mips_dsp_r2.o
[OHOS INFO] [NINJA] [1676/9507] CC obj/third_party/skia/m133/third_party/externals/libwebp/src/dsp/libwebpm133/lossless_enc_msa.o
[OHOS INFO] [NINJA] [1677/9507] CC obj/third_party/skia/m133/third_party/externals/libwebp/src/dsp/libwebpm133/filters_neon.o
[OHOS INFO] [NINJA] [1678/9507] CC obj/third_party/skia/m133/third_party/externals/libwebp/src/dsp/libwebpm133/dec_neon.o
[OHOS INFO] [NINJA] [1679/9507] CC obj/third_party/skia/m133/third_party/externals/libwebp/src/dsp/libwebpm133/lossless.o
[OHOS INFO] [NINJA] [1680/9507] CC obj/third_party/skia/m133/third_party/externals/libwebp/src/dsp/libwebpm133/lossless_enc_sse2.o
[OHOS INFO] [NINJA] [1681/9507] CC obj/third_party/skia/m133/third_party/externals/libwebp/src/dsp/libwebpm133/lossless_mips_dsp_r2.o
[OHOS INFO] [NINJA] [1682/9507] CC obj/third_party/skia/m133/third_party/externals/libwebp/src/dsp/libwebpm133/lossless_enc.o
[OHOS INFO] [NINJA] [1683/9507] CC obj/third_party/skia/m133/third_party/externals/libwebp/src/dsp/libwebpm133/lossless_msa.o
[OHOS INFO] [NINJA] [1684/9507] CC obj/third_party/skia/m133/third_party/externals/libwebp/src/dsp/libwebpm133/lossless_sse2.o
[OHOS INFO] [NINJA] [1685/9507] CC obj/third_party/skia/m133/third_party/externals/libwebp/src/dsp/libwebpm133/rescaler_mips32.o
[OHOS INFO] [NINJA] [1686/9507] CC obj/third_party/skia/m133/third_party/externals/libwebp/src/dsp/libwebpm133/lossless_enc_neon.o
[OHOS INFO] [NINJA] [1687/9507] CC obj/third_party/skia/m133/third_party/externals/libwebp/src/dsp/libwebpm133/rescaler.o
[OHOS INFO] [NINJA] [1688/9507] CC obj/third_party/skia/m133/third_party/externals/libwebp/src/dsp/libwebpm133/rescaler_mips_dsp_r2.o
[OHOS INFO] [NINJA] [1689/9507] CC obj/third_party/skia/m133/third_party/externals/libwebp/src/dsp/libwebpm133/rescaler_msa.o
[OHOS INFO] [NINJA] [1690/9507] CC obj/third_party/skia/m133/third_party/externals/libwebp/src/dsp/libwebpm133/rescaler_sse2.o
[OHOS INFO] [NINJA] [1691/9507] CC obj/third_party/skia/m133/third_party/externals/libwebp/src/dsp/libwebpm133/ssim_sse2.o
[OHOS INFO] [NINJA] [1692/9507] CC obj/third_party/skia/m133/third_party/externals/libwebp/src/dsp/libwebpm133/lossless_neon.o
[OHOS INFO] [NINJA] [1693/9507] CC obj/third_party/skia/m133/third_party/externals/libwebp/src/dsp/libwebpm133/ssim.o
[OHOS INFO] [NINJA] [1694/9507] CC obj/third_party/skia/m133/third_party/externals/libwebp/src/dsp/libwebpm133/upsampling_mips_dsp_r2.o
[OHOS INFO] [NINJA] [1695/9507] CC obj/third_party/skia/m133/third_party/externals/libwebp/src/dsp/libwebpm133/upsampling_msa.o
[OHOS INFO] [NINJA] [1696/9507] CC obj/third_party/skia/m133/third_party/externals/libwebp/src/dsp/libwebpm133/rescaler_neon.o
[OHOS INFO] [NINJA] [1697/9507] CC obj/third_party/skia/m133/third_party/externals/libwebp/src/dsp/libwebpm133/upsampling_sse2.o
[OHOS INFO] [NINJA] [1698/9507] CC obj/third_party/skia/m133/third_party/externals/libwebp/src/dsp/libwebpm133/upsampling.o
[OHOS INFO] [NINJA] [1699/9507] CC obj/third_party/skia/m133/third_party/externals/libwebp/src/dsp/libwebpm133/yuv_mips32.o
[OHOS INFO] [NINJA] [1700/9507] CC obj/third_party/skia/m133/third_party/externals/libwebp/src/dsp/libwebpm133/yuv_mips_dsp_r2.o
[OHOS INFO] [NINJA] [1701/9507] CC obj/third_party/skia/m133/third_party/externals/libwebp/src/dsp/libwebpm133/yuv_sse2.o
[OHOS INFO] [NINJA] [1702/9507] CC obj/third_party/skia/m133/third_party/externals/libwebp/src/dsp/libwebpm133/yuv_neon.o
[OHOS INFO] [NINJA] [1703/9507] CC obj/third_party/skia/m133/third_party/externals/libwebp/src/enc/libwebpm133/alpha_enc.o
[OHOS INFO] [NINJA] [1704/9507] CC obj/third_party/skia/m133/third_party/externals/libwebp/src/enc/libwebpm133/config_enc.o
[OHOS INFO] [NINJA] [1705/9507] CC obj/third_party/skia/m133/third_party/externals/libwebp/src/enc/libwebpm133/backward_references_cost_enc.o
[OHOS INFO] [NINJA] [1706/9507] CC obj/third_party/skia/m133/third_party/externals/libwebp/src/enc/libwebpm133/analysis_enc.o
[OHOS INFO] [NINJA] [1707/9507] CC obj/third_party/skia/m133/third_party/externals/libwebp/src/dsp/libwebpm133/yuv.o
[OHOS INFO] [NINJA] [1708/9507] CC obj/third_party/skia/m133/third_party/externals/libwebp/src/enc/libwebpm133/filter_enc.o
[OHOS INFO] [NINJA] [1709/9507] CC obj/third_party/skia/m133/third_party/externals/libwebp/src/enc/libwebpm133/cost_enc.o
[OHOS INFO] [NINJA] [1710/9507] CC obj/third_party/skia/m133/third_party/externals/libwebp/src/enc/libwebpm133/frame_enc.o
[OHOS INFO] [NINJA] [1711/9507] CC obj/third_party/skia/m133/third_party/externals/libwebp/src/enc/libwebpm133/near_lossless_enc.o
[OHOS INFO] [NINJA] [1712/9507] CC obj/third_party/skia/m133/third_party/externals/libwebp/src/enc/libwebpm133/backward_references_enc.o
[OHOS INFO] [NINJA] [1713/9507] CC obj/third_party/skia/m133/third_party/externals/libwebp/src/enc/libwebpm133/histogram_enc.o
[OHOS INFO] [NINJA] [1714/9507] CC obj/third_party/skia/m133/third_party/externals/libwebp/src/enc/libwebpm133/iterator_enc.o
[OHOS INFO] [NINJA] [1715/9507] CC obj/third_party/skia/m133/third_party/externals/libwebp/src/enc/libwebpm133/picture_enc.o
[OHOS INFO] [NINJA] [1716/9507] CC obj/third_party/skia/m133/third_party/externals/libwebp/src/enc/libwebpm133/picture_rescale_enc.o
[OHOS INFO] [NINJA] [1717/9507] CC obj/third_party/skia/m133/third_party/externals/libwebp/src/dsp/libwebpm133/upsampling_neon.o
[OHOS INFO] [NINJA] [1718/9507] CC obj/third_party/skia/m133/third_party/externals/libwebp/src/enc/libwebpm133/picture_psnr_enc.o
[OHOS INFO] [NINJA] [1719/9507] CC obj/third_party/skia/m133/third_party/externals/libwebp/src/enc/libwebpm133/picture_csp_enc.o
[OHOS INFO] [NINJA] [1720/9507] CC obj/third_party/skia/m133/third_party/externals/libwebp/src/enc/libwebpm133/syntax_enc.o
[OHOS INFO] [NINJA] [1721/9507] CC obj/third_party/skia/m133/third_party/externals/libwebp/src/enc/libwebpm133/token_enc.o
[OHOS INFO] [NINJA] [1722/9507] CC obj/third_party/skia/m133/third_party/externals/libwebp/src/enc/libwebpm133/tree_enc.o
[OHOS INFO] [NINJA] [1723/9507] CC obj/third_party/skia/m133/third_party/externals/libwebp/src/enc/libwebpm133/predictor_enc.o
[OHOS INFO] [NINJA] [1724/9507] CC obj/third_party/skia/m133/third_party/externals/libwebp/src/enc/libwebpm133/picture_tools_enc.o
[OHOS INFO] [NINJA] [1725/9507] CC obj/third_party/skia/m133/third_party/externals/libwebp/src/enc/libwebpm133/webp_enc.o
[OHOS INFO] [NINJA] [1726/9507] CC obj/third_party/skia/m133/third_party/externals/libwebp/src/mux/libwebpm133/muxinternal.o
[OHOS INFO] [NINJA] [1727/9507] CC obj/third_party/skia/m133/third_party/externals/libwebp/src/mux/libwebpm133/muxedit.o
[OHOS INFO] [NINJA] [1728/9507] CC obj/third_party/skia/m133/third_party/externals/libwebp/src/mux/libwebpm133/muxread.o
[OHOS INFO] [NINJA] [1729/9507] CC obj/third_party/skia/m133/third_party/externals/libwebp/src/enc/libwebpm133/quant_enc.o
[OHOS INFO] [NINJA] [1730/9507] CC obj/third_party/skia/m133/third_party/externals/libwebp/src/utils/libwebpm133/bit_reader_utils.o
[OHOS INFO] [NINJA] [1731/9507] CC obj/third_party/skia/m133/third_party/externals/libwebp/src/utils/libwebpm133/color_cache_utils.o
[OHOS INFO] [NINJA] [1732/9507] CC obj/third_party/skia/m133/third_party/externals/libwebp/src/utils/libwebpm133/bit_writer_utils.o
[OHOS INFO] [NINJA] [1733/9507] CC obj/third_party/skia/m133/third_party/externals/libwebp/src/mux/libwebpm133/anim_encode.o
[OHOS INFO] [NINJA] [1734/9507] CC obj/third_party/skia/m133/third_party/externals/libwebp/src/utils/libwebpm133/filters_utils.o
[OHOS INFO] [NINJA] [1735/9507] CC obj/third_party/skia/m133/third_party/externals/libwebp/src/enc/libwebpm133/vp8l_enc.o
[OHOS INFO] [NINJA] [1736/9507] CC obj/third_party/skia/m133/third_party/externals/libwebp/src/utils/libwebpm133/huffman_encode_utils.o
[OHOS INFO] [NINJA] [1737/9507] CC obj/third_party/skia/m133/third_party/externals/libwebp/src/utils/libwebpm133/huffman_utils.o
[OHOS INFO] [NINJA] [1738/9507] CC obj/third_party/skia/m133/third_party/externals/libwebp/src/utils/libwebpm133/quant_levels_utils.o
[OHOS INFO] [NINJA] [1739/9507] CC obj/third_party/skia/m133/third_party/externals/libwebp/src/utils/libwebpm133/random_utils.o
[OHOS INFO] [NINJA] [1740/9507] CC obj/third_party/skia/m133/third_party/externals/libwebp/src/utils/libwebpm133/quant_levels_dec_utils.o
[OHOS INFO] [NINJA] [1741/9507] CC obj/third_party/skia/m133/third_party/externals/libwebp/src/utils/libwebpm133/rescaler_utils.o
[OHOS INFO] [NINJA] [1742/9507] CC obj/third_party/skia/m133/third_party/externals/libwebp/src/plugin/libwebpm133/hispeed_plugin.o
[OHOS INFO] [NINJA] [1743/9507] CC obj/third_party/skia/m133/third_party/externals/libwebp/src/utils/libwebpm133/utils.o
[OHOS INFO] [NINJA] [1744/9507] CC obj/third_party/skia/m133/third_party/externals/libwebp/src/utils/libwebpm133/thread_utils.o
[OHOS INFO] [NINJA] [1745/9507] CC obj/third_party/skia/m133/third_party/externals/libwebp/src/utils/libwebpm133/palette.o
[OHOS INFO] [NINJA] [1746/9507] CXX obj/third_party/skia/m133/third_party/externals/piex/src/binary_parse/piexm133/range_checked_byte_ptr.o
[OHOS INFO] [NINJA] [1747/9507] CXX obj/third_party/skia/m133/third_party/externals/piex/src/binary_parse/piexm133/cached_paged_byte_array.o
[OHOS INFO] [NINJA] [1748/9507] AR obj/arkcompiler/runtime_core/arkplatform/libarkplatform_static.a
[OHOS INFO] [NINJA] [1749/9507] AR obj/arkcompiler/runtime_core/libpandabase/libarkbase_static.a
[OHOS INFO] [NINJA] [1750/9507] CXX obj/third_party/skia/m133/third_party/externals/piex/src/piexm133/piex.o
[OHOS INFO] [NINJA] [1751/9507] AR obj/third_party/harfbuzz/libharfbuzz_static.a
[OHOS INFO] [NINJA] [1752/9507] CC obj/third_party/openssl/crypto/aes/crypto_source/aes_cfb.o
[OHOS INFO] [NINJA] [1753/9507] CC obj/third_party/openssl/crypto/aes/crypto_source/aes_ecb.o
[OHOS INFO] [NINJA] [1754/9507] CXX obj/third_party/skia/m133/third_party/externals/piex/src/tiff_directory/piexm133/tiff_directory.o
[OHOS INFO] [NINJA] [1755/9507] CXX obj/third_party/skia/m133/third_party/externals/piex/src/image_type_recognition/piexm133/image_type_recognition_lite.o
[OHOS INFO] [NINJA] [1756/9507] CC obj/third_party/openssl/crypto/aes/crypto_source/aes_misc.o
[OHOS INFO] [NINJA] [1757/9507] CC obj/third_party/openssl/crypto/aes/crypto_source/aes_ofb.o
[OHOS INFO] [NINJA] [1758/9507] CXX obj/third_party/skia/m133/third_party/externals/piex/src/piexm133/tiff_parser.o
[OHOS INFO] [NINJA] [1759/9507] CC obj/third_party/openssl/crypto/aes/crypto_source/aes_ige.o
[OHOS INFO] [NINJA] [1760/9507] CC obj/third_party/openssl/crypto/aes/crypto_source/aes_wrap.o
[OHOS INFO] [NINJA] [1761/9507] CC obj/third_party/openssl/crypto/asn1/crypto_source/a_bitstr.o
[OHOS INFO] [NINJA] [1762/9507] CC obj/third_party/openssl/crypto/asn1/crypto_source/a_d2i_fp.o
[OHOS INFO] [NINJA] [1763/9507] CC obj/third_party/openssl/crypto/aria/crypto_source/aria.o
[OHOS INFO] [NINJA] [1764/9507] CC obj/third_party/openssl/crypto/asn1/crypto_source/a_dup.o
[OHOS INFO] [NINJA] [1765/9507] CC obj/third_party/openssl/crypto/asn1/crypto_source/a_gentm.o
[OHOS INFO] [NINJA] [1766/9507] CC obj/third_party/openssl/crypto/asn1/crypto_source/a_i2d_fp.o
[OHOS INFO] [NINJA] [1767/9507] CC obj/third_party/openssl/crypto/asn1/crypto_source/a_digest.o
[OHOS INFO] [NINJA] [1768/9507] CC obj/third_party/openssl/crypto/asn1/crypto_source/a_mbstr.o
[OHOS INFO] [NINJA] [1769/9507] CC obj/third_party/openssl/crypto/asn1/crypto_source/a_octet.o
[OHOS INFO] [NINJA] [1770/9507] CC obj/third_party/openssl/crypto/asn1/crypto_source/a_int.o
[OHOS INFO] [NINJA] [1771/9507] CC obj/third_party/openssl/crypto/asn1/crypto_source/a_print.o
[OHOS INFO] [NINJA] [1772/9507] CC obj/third_party/openssl/crypto/asn1/crypto_source/a_object.o
[OHOS INFO] [NINJA] [1773/9507] CC obj/third_party/openssl/crypto/asn1/crypto_source/a_strnid.o
[OHOS INFO] [NINJA] [1774/9507] CC obj/third_party/openssl/crypto/asn1/crypto_source/a_strex.o
[OHOS INFO] [NINJA] [1775/9507] CC obj/third_party/openssl/crypto/asn1/crypto_source/a_sign.o
[OHOS INFO] [NINJA] [1776/9507] CXX obj/arkcompiler/runtime_core/libziparchive/libarkziparchive_static/zip_archive.o
[OHOS INFO] [NINJA] [1777/9507] CC obj/third_party/openssl/crypto/asn1/crypto_source/a_time.o
[OHOS INFO] [NINJA] [1778/9507] CC obj/third_party/openssl/crypto/asn1/crypto_source/a_type.o
[OHOS INFO] [NINJA] [1779/9507] CC obj/third_party/openssl/crypto/asn1/crypto_source/a_utctm.o
[OHOS INFO] [NINJA] [1780/9507] CC obj/third_party/openssl/crypto/asn1/crypto_source/a_utf8.o
[OHOS INFO] [NINJA] [1781/9507] CC obj/third_party/openssl/crypto/asn1/crypto_source/asn1_err.o
[OHOS INFO] [NINJA] [1782/9507] CC obj/third_party/openssl/crypto/asn1/crypto_source/ameth_lib.o
[OHOS INFO] [NINJA] [1783/9507] CC obj/third_party/openssl/crypto/asn1/crypto_source/asn1_item_list.o
[OHOS INFO] [NINJA] [1784/9507] CC obj/third_party/openssl/crypto/asn1/crypto_source/a_verify.o
[OHOS INFO] [NINJA] [1785/9507] CC obj/third_party/openssl/crypto/asn1/crypto_source/asn1_parse.o
[OHOS INFO] [NINJA] [1786/9507] CC obj/third_party/openssl/crypto/asn1/crypto_source/asn1_lib.o
[OHOS INFO] [NINJA] [1787/9507] CC obj/third_party/openssl/crypto/asn1/crypto_source/asn1_gen.o
[OHOS INFO] [NINJA] [1788/9507] CC obj/third_party/openssl/crypto/asn1/crypto_source/asn_moid.o
[OHOS INFO] [NINJA] [1789/9507] CC obj/third_party/openssl/crypto/asn1/crypto_source/asn_mstbl.o
[OHOS INFO] [NINJA] [1790/9507] CC obj/third_party/openssl/crypto/asn1/crypto_source/asn_pack.o
[OHOS INFO] [NINJA] [1791/9507] CC obj/third_party/openssl/crypto/asn1/crypto_source/bio_ndef.o
[OHOS INFO] [NINJA] [1792/9507] CC obj/third_party/openssl/crypto/asn1/crypto_source/bio_asn1.o
[OHOS INFO] [NINJA] [1793/9507] CC obj/third_party/openssl/crypto/asn1/crypto_source/asn_mime.o
[OHOS INFO] [NINJA] [1794/9507] CC obj/third_party/openssl/crypto/asn1/crypto_source/d2i_param.o
[OHOS INFO] [NINJA] [1795/9507] CC obj/third_party/openssl/crypto/asn1/crypto_source/d2i_pu.o
[OHOS INFO] [NINJA] [1796/9507] CC obj/third_party/openssl/crypto/asn1/crypto_source/d2i_pr.o
[OHOS INFO] [NINJA] [1797/9507] CC obj/third_party/openssl/crypto/asn1/crypto_source/evp_asn1.o
[OHOS INFO] [NINJA] [1798/9507] CC obj/third_party/skia/m133/third_party/externals/wuffs/release/c/wuffs/wuffs-v0.3.o
[OHOS INFO] [NINJA] [1799/9507] CC obj/third_party/openssl/crypto/asn1/crypto_source/f_int.o
[OHOS INFO] [NINJA] [1800/9507] CC obj/third_party/openssl/crypto/asn1/crypto_source/f_string.o
[OHOS INFO] [NINJA] [1801/9507] CC obj/third_party/openssl/crypto/asn1/crypto_source/nsseq.o
[OHOS INFO] [NINJA] [1802/9507] CC obj/third_party/openssl/crypto/asn1/crypto_source/n_pkey.o
[OHOS INFO] [NINJA] [1803/9507] CC obj/third_party/openssl/crypto/asn1/crypto_source/i2d_evp.o
[OHOS INFO] [NINJA] [1804/9507] CC obj/third_party/openssl/crypto/asn1/crypto_source/p5_pbe.o
[OHOS INFO] [NINJA] [1805/9507] CC obj/third_party/openssl/crypto/asn1/crypto_source/p5_pbev2.o
[OHOS INFO] [NINJA] [1806/9507] CC obj/third_party/openssl/crypto/asn1/crypto_source/p5_scrypt.o
[OHOS INFO] [NINJA] [1807/9507] CC obj/third_party/openssl/crypto/asn1/crypto_source/t_pkey.o
[OHOS INFO] [NINJA] [1808/9507] CC obj/third_party/openssl/crypto/asn1/crypto_source/p8_pkey.o
[OHOS INFO] [NINJA] [1809/9507] CC obj/third_party/openssl/crypto/asn1/crypto_source/t_spki.o
[OHOS INFO] [NINJA] [1810/9507] CC obj/third_party/openssl/crypto/asn1/crypto_source/t_bitst.o
[OHOS INFO] [NINJA] [1811/9507] CC obj/third_party/openssl/crypto/asn1/crypto_source/tasn_fre.o
[OHOS INFO] [NINJA] [1812/9507] CC obj/third_party/openssl/crypto/asn1/crypto_source/tasn_enc.o
[OHOS INFO] [NINJA] [1813/9507] CC obj/third_party/openssl/crypto/asn1/crypto_source/tasn_new.o
[OHOS INFO] [NINJA] [1814/9507] CC obj/third_party/openssl/crypto/asn1/crypto_source/tasn_dec.o
[OHOS INFO] [NINJA] [1815/9507] CC obj/third_party/openssl/crypto/asn1/crypto_source/tasn_typ.o
[OHOS INFO] [NINJA] [1816/9507] CC obj/third_party/openssl/crypto/asn1/crypto_source/tasn_scn.o
[OHOS INFO] [NINJA] [1817/9507] CC obj/third_party/openssl/crypto/asn1/crypto_source/tasn_utl.o
[OHOS INFO] [NINJA] [1818/9507] CC obj/third_party/openssl/crypto/asn1/crypto_source/tasn_prn.o
[OHOS INFO] [NINJA] [1819/9507] CC obj/third_party/openssl/crypto/asn1/crypto_source/x_bignum.o
[OHOS INFO] [NINJA] [1820/9507] CC obj/third_party/openssl/crypto/asn1/crypto_source/x_algor.o
[OHOS INFO] [NINJA] [1821/9507] CC obj/third_party/openssl/crypto/asn1/crypto_source/x_long.o
[OHOS INFO] [NINJA] [1822/9507] CC obj/third_party/openssl/crypto/asn1/crypto_source/x_int64.o
[OHOS INFO] [NINJA] [1823/9507] CC obj/third_party/openssl/crypto/asn1/crypto_source/x_info.o
[OHOS INFO] [NINJA] [1824/9507] CC obj/third_party/openssl/crypto/asn1/crypto_source/x_pkey.o
[OHOS INFO] [NINJA] [1825/9507] CC obj/third_party/openssl/crypto/asn1/crypto_source/x_sig.o
[OHOS INFO] [NINJA] [1826/9507] CC obj/third_party/openssl/crypto/asn1/crypto_source/x_spki.o
[OHOS INFO] [NINJA] [1827/9507] CC obj/third_party/openssl/crypto/asn1/crypto_source/x_val.o
[OHOS INFO] [NINJA] [1828/9507] CC obj/third_party/openssl/crypto/async/arch/crypto_source/async_null.o
[OHOS INFO] [NINJA] [1829/9507] CC obj/third_party/openssl/crypto/async/arch/crypto_source/async_posix.o
[OHOS INFO] [NINJA] [1830/9507] CC obj/third_party/openssl/crypto/crypto_source/asn1_dsa.o
[OHOS INFO] [NINJA] [1831/9507] CC obj/third_party/openssl/crypto/async/arch/crypto_source/async_win.o
[OHOS INFO] [NINJA] [1832/9507] CC obj/third_party/openssl/crypto/bf/crypto_source/bf_cfb64.o
[OHOS INFO] [NINJA] [1833/9507] CC obj/third_party/openssl/crypto/async/crypto_source/async_err.o
[OHOS INFO] [NINJA] [1834/9507] CC obj/third_party/openssl/crypto/bf/crypto_source/bf_ecb.o
[OHOS INFO] [NINJA] [1835/9507] CC obj/third_party/openssl/crypto/async/crypto_source/async.o
[OHOS INFO] [NINJA] [1836/9507] CC obj/third_party/openssl/crypto/async/crypto_source/async_wait.o
[OHOS INFO] [NINJA] [1837/9507] CC obj/third_party/openssl/crypto/bf/crypto_source/bf_enc.o
[OHOS INFO] [NINJA] [1838/9507] CC obj/third_party/openssl/crypto/bf/crypto_source/bf_ofb64.o
[OHOS INFO] [NINJA] [1839/9507] CC obj/third_party/openssl/crypto/bf/crypto_source/bf_skey.o
[OHOS INFO] [NINJA] [1840/9507] CC obj/third_party/openssl/crypto/bio/crypto_source/bf_buff.o
[OHOS INFO] [NINJA] [1841/9507] CC obj/third_party/openssl/crypto/bio/crypto_source/bf_null.o
[OHOS INFO] [NINJA] [1842/9507] CC obj/third_party/openssl/crypto/bio/crypto_source/bf_readbuff.o
[OHOS INFO] [NINJA] [1843/9507] CC obj/third_party/openssl/crypto/bio/crypto_source/bf_nbio.o
[OHOS INFO] [NINJA] [1844/9507] CC obj/third_party/openssl/crypto/bio/crypto_source/bf_lbuf.o
[OHOS INFO] [NINJA] [1845/9507] CC obj/third_party/openssl/crypto/bio/crypto_source/bf_prefix.o
[OHOS INFO] [NINJA] [1846/9507] CC obj/third_party/openssl/crypto/bio/crypto_source/bio_cb.o
[OHOS INFO] [NINJA] [1847/9507] CC obj/third_party/openssl/crypto/bio/crypto_source/bio_err.o
[OHOS INFO] [NINJA] [1848/9507] CC obj/third_party/openssl/crypto/bio/crypto_source/bio_addr.o
[OHOS INFO] [NINJA] [1849/9507] CC obj/third_party/openssl/crypto/bio/crypto_source/bio_meth.o
[OHOS INFO] [NINJA] [1850/9507] CC obj/third_party/openssl/crypto/bio/crypto_source/bio_dump.o
[OHOS INFO] [NINJA] [1851/9507] CC obj/third_party/openssl/crypto/bio/crypto_source/bio_lib.o
[OHOS INFO] [NINJA] [1852/9507] CC obj/third_party/openssl/crypto/bio/crypto_source/bio_sock.o
[OHOS INFO] [NINJA] [1853/9507] CC obj/third_party/openssl/crypto/bio/crypto_source/bio_sock2.o
[OHOS INFO] [NINJA] [1854/9507] CC obj/third_party/openssl/crypto/bio/crypto_source/bss_acpt.o
[OHOS INFO] [NINJA] [1855/9507] CC obj/third_party/openssl/crypto/bio/crypto_source/bio_print.o
[OHOS INFO] [NINJA] [1856/9507] CC obj/third_party/openssl/crypto/bio/crypto_source/bss_bio.o
[OHOS INFO] [NINJA] [1857/9507] CC obj/third_party/openssl/crypto/bio/crypto_source/bss_core.o
[OHOS INFO] [NINJA] [1858/9507] CC obj/third_party/openssl/crypto/bio/crypto_source/bss_conn.o
[OHOS INFO] [NINJA] [1859/9507] CC obj/third_party/openssl/crypto/bio/crypto_source/bss_dgram.o
[OHOS INFO] [NINJA] [1860/9507] CC obj/third_party/openssl/crypto/bio/crypto_source/bss_log.o
[OHOS INFO] [NINJA] [1861/9507] CC obj/third_party/openssl/crypto/bio/crypto_source/bss_fd.o
[OHOS INFO] [NINJA] [1862/9507] CC obj/third_party/openssl/crypto/bio/crypto_source/bss_file.o
[OHOS INFO] [NINJA] [1863/9507] CC obj/third_party/openssl/crypto/bio/crypto_source/bss_null.o
[OHOS INFO] [NINJA] [1864/9507] CC obj/third_party/openssl/crypto/bio/crypto_source/bss_mem.o
[OHOS INFO] [NINJA] [1865/9507] CC obj/third_party/openssl/crypto/bn/crypto_source/bn_blind.o
[OHOS INFO] [NINJA] [1866/9507] CC obj/third_party/openssl/crypto/bn/crypto_source/bn_const.o
[OHOS INFO] [NINJA] [1867/9507] CC obj/third_party/openssl/crypto/bio/crypto_source/ossl_core_bio.o
[OHOS INFO] [NINJA] [1868/9507] CC obj/third_party/openssl/crypto/bn/crypto_source/bn_add.o
[OHOS INFO] [NINJA] [1869/9507] CC obj/third_party/openssl/crypto/bio/crypto_source/bss_sock.o
[OHOS INFO] [NINJA] [1870/9507] CC obj/third_party/openssl/crypto/bn/crypto_source/bn_conv.o
[OHOS INFO] [NINJA] [1871/9507] CC obj/third_party/openssl/crypto/bn/crypto_source/bn_depr.o
[OHOS INFO] [NINJA] [1872/9507] CC obj/third_party/openssl/crypto/bn/crypto_source/bn_dh.o
[OHOS INFO] [NINJA] [1873/9507] CC obj/third_party/openssl/crypto/bn/crypto_source/bn_err.o
[OHOS INFO] [NINJA] [1874/9507] CC obj/third_party/openssl/crypto/bn/crypto_source/bn_ctx.o
[OHOS INFO] [NINJA] [1875/9507] CC obj/third_party/openssl/crypto/bn/crypto_source/bn_div.o
[OHOS INFO] [NINJA] [1876/9507] CC obj/third_party/openssl/crypto/bn/crypto_source/bn_kron.o
[OHOS INFO] [NINJA] [1877/9507] CC obj/third_party/openssl/crypto/bn/crypto_source/bn_exp2.o
[OHOS INFO] [NINJA] [1878/9507] CC obj/third_party/openssl/crypto/bn/crypto_source/bn_intern.o
[OHOS INFO] [NINJA] [1879/9507] CC obj/third_party/openssl/crypto/bn/crypto_source/bn_gcd.o
[OHOS INFO] [NINJA] [1880/9507] CC obj/third_party/openssl/crypto/bn/crypto_source/bn_exp.o
[OHOS INFO] [NINJA] [1881/9507] CC obj/third_party/openssl/crypto/bn/crypto_source/bn_mod.o
[OHOS INFO] [NINJA] [1882/9507] CC obj/third_party/openssl/crypto/bn/crypto_source/bn_mpi.o
[OHOS INFO] [NINJA] [1883/9507] CC obj/third_party/openssl/crypto/bn/crypto_source/bn_gf2m.o
[OHOS INFO] [NINJA] [1884/9507] CC obj/third_party/openssl/crypto/bn/crypto_source/bn_mont.o
[OHOS INFO] [NINJA] [1885/9507] CC obj/third_party/openssl/crypto/bn/crypto_source/bn_mul.o
[OHOS INFO] [NINJA] [1886/9507] CC obj/third_party/openssl/crypto/bn/crypto_source/bn_lib.o
[OHOS INFO] [NINJA] [1887/9507] CC obj/third_party/openssl/crypto/bn/crypto_source/bn_print.o
[OHOS INFO] [NINJA] [1888/9507] CC obj/third_party/openssl/crypto/bn/crypto_source/bn_prime.o
[OHOS INFO] [NINJA] [1889/9507] CC obj/third_party/openssl/crypto/bn/crypto_source/bn_rand.o
[OHOS INFO] [NINJA] [1890/9507] CC obj/third_party/openssl/crypto/bn/crypto_source/bn_recp.o
[OHOS INFO] [NINJA] [1891/9507] CC obj/third_party/openssl/crypto/bn/crypto_source/bn_rsa_fips186_4.o
[OHOS INFO] [NINJA] [1892/9507] CC obj/third_party/openssl/crypto/bn/crypto_source/bn_nist.o
[OHOS INFO] [NINJA] [1893/9507] CC obj/third_party/openssl/crypto/bn/crypto_source/bn_shift.o
[OHOS INFO] [NINJA] [1894/9507] CC obj/third_party/openssl/crypto/bn/crypto_source/bn_sqr.o
[OHOS INFO] [NINJA] [1895/9507] CC obj/third_party/openssl/crypto/bn/crypto_source/bn_srp.o
[OHOS INFO] [NINJA] [1896/9507] CC obj/third_party/openssl/crypto/bn/crypto_source/bn_word.o
[OHOS INFO] [NINJA] [1897/9507] CC obj/third_party/openssl/crypto/bn/crypto_source/bn_sqrt.o
[OHOS INFO] [NINJA] [1898/9507] CC obj/third_party/openssl/crypto/bn/crypto_source/bn_x931p.o
[OHOS INFO] [NINJA] [1899/9507] CC obj/third_party/openssl/crypto/crypto_source/bsearch.o
[OHOS INFO] [NINJA] [1900/9507] CC obj/third_party/openssl/crypto/buffer/crypto_source/buf_err.o
[OHOS INFO] [NINJA] [1901/9507] CC obj/third_party/openssl/crypto/camellia/crypto_source/cmll_ctr.o
[OHOS INFO] [NINJA] [1902/9507] CC obj/third_party/openssl/crypto/camellia/crypto_source/cmll_cfb.o
[OHOS INFO] [NINJA] [1903/9507] CC obj/third_party/openssl/crypto/buffer/crypto_source/buffer.o
[OHOS INFO] [NINJA] [1904/9507] CC obj/third_party/openssl/crypto/camellia/crypto_source/cmll_misc.o
[OHOS INFO] [NINJA] [1905/9507] CC obj/third_party/openssl/crypto/camellia/crypto_source/cmll_ecb.o
[OHOS INFO] [NINJA] [1906/9507] CC obj/third_party/openssl/crypto/camellia/crypto_source/cmll_ofb.o
[OHOS INFO] [NINJA] [1907/9507] CC obj/third_party/openssl/crypto/cast/crypto_source/c_ecb.o
[OHOS INFO] [NINJA] [1908/9507] CC obj/third_party/openssl/crypto/cast/crypto_source/c_cfb64.o
[OHOS INFO] [NINJA] [1909/9507] CC obj/third_party/openssl/crypto/cast/crypto_source/c_skey.o
[OHOS INFO] [NINJA] [1910/9507] CC obj/third_party/openssl/crypto/cast/crypto_source/c_ofb64.o
[OHOS INFO] [NINJA] [1911/9507] CC obj/third_party/openssl/crypto/cast/crypto_source/c_enc.o
[OHOS INFO] [NINJA] [1912/9507] CC obj/third_party/openssl/crypto/cmac/crypto_source/cmac.o
[OHOS INFO] [NINJA] [1913/9507] CC obj/third_party/openssl/crypto/cmp/crypto_source/cmp_err.o
[OHOS INFO] [NINJA] [1914/9507] CC obj/third_party/openssl/crypto/cmp/crypto_source/cmp_client.o
[OHOS INFO] [NINJA] [1915/9507] CC obj/third_party/openssl/crypto/cmp/crypto_source/cmp_hdr.o
[OHOS INFO] [NINJA] [1916/9507] CC obj/third_party/openssl/crypto/cmp/crypto_source/cmp_asn.o
[OHOS INFO] [NINJA] [1917/9507] CC obj/third_party/openssl/crypto/cmp/crypto_source/cmp_http.o
[OHOS INFO] [NINJA] [1918/9507] CC obj/third_party/openssl/crypto/cmp/crypto_source/cmp_ctx.o
[OHOS INFO] [NINJA] [1919/9507] CC obj/third_party/openssl/crypto/cmp/crypto_source/cmp_msg.o
[OHOS INFO] [NINJA] [1920/9507] CC obj/third_party/openssl/crypto/cmp/crypto_source/cmp_protect.o
[OHOS INFO] [NINJA] [1921/9507] CC obj/third_party/openssl/crypto/cmp/crypto_source/cmp_util.o
[OHOS INFO] [NINJA] [1922/9507] CC obj/third_party/openssl/crypto/cmp/crypto_source/cmp_server.o
[OHOS INFO] [NINJA] [1923/9507] CC obj/third_party/openssl/crypto/cmp/crypto_source/cmp_status.o
[OHOS INFO] [NINJA] [1924/9507] CC obj/third_party/openssl/crypto/cms/crypto_source/cms_att.o
[OHOS INFO] [NINJA] [1925/9507] CC obj/third_party/openssl/crypto/cms/crypto_source/cms_asn1.o
[OHOS INFO] [NINJA] [1926/9507] CC obj/third_party/openssl/crypto/cms/crypto_source/cms_dd.o
[OHOS INFO] [NINJA] [1927/9507] CC obj/third_party/openssl/crypto/cms/crypto_source/cms_cd.o
[OHOS INFO] [NINJA] [1928/9507] CC obj/third_party/openssl/crypto/cmp/crypto_source/cmp_vfy.o
[OHOS INFO] [NINJA] [1929/9507] CC obj/third_party/openssl/crypto/cms/crypto_source/cms_dh.o
[OHOS INFO] [NINJA] [1930/9507] CC obj/third_party/openssl/crypto/cms/crypto_source/cms_err.o
[OHOS INFO] [NINJA] [1931/9507] CC obj/third_party/openssl/crypto/cms/crypto_source/cms_ec.o
[OHOS INFO] [NINJA] [1932/9507] CC obj/third_party/openssl/crypto/cms/crypto_source/cms_enc.o
[OHOS INFO] [NINJA] [1933/9507] CC obj/third_party/openssl/crypto/cms/crypto_source/cms_ess.o
[OHOS INFO] [NINJA] [1934/9507] CC obj/third_party/openssl/crypto/cms/crypto_source/cms_io.o
[OHOS INFO] [NINJA] [1935/9507] CC obj/third_party/openssl/crypto/cms/crypto_source/cms_pwri.o
[OHOS INFO] [NINJA] [1936/9507] CC obj/third_party/openssl/crypto/cms/crypto_source/cms_env.o
[OHOS INFO] [NINJA] [1937/9507] CC obj/third_party/openssl/crypto/cms/crypto_source/cms_kari.o
[OHOS INFO] [NINJA] [1938/9507] CC obj/third_party/openssl/crypto/cms/crypto_source/cms_lib.o
[OHOS INFO] [NINJA] [1939/9507] CC obj/third_party/openssl/crypto/cms/crypto_source/cms_rsa.o
[OHOS INFO] [NINJA] [1940/9507] CC obj/third_party/openssl/crypto/comp/crypto_source/comp_err.o
[OHOS INFO] [NINJA] [1941/9507] CC obj/third_party/openssl/crypto/comp/crypto_source/c_zlib.o
[OHOS INFO] [NINJA] [1942/9507] CC obj/third_party/openssl/crypto/conf/crypto_source/conf_api.o
[OHOS INFO] [NINJA] [1943/9507] CC obj/third_party/openssl/crypto/comp/crypto_source/comp_lib.o
[OHOS INFO] [NINJA] [1944/9507] CC obj/third_party/openssl/crypto/conf/crypto_source/conf_err.o
[OHOS INFO] [NINJA] [1945/9507] CC obj/third_party/openssl/crypto/cms/crypto_source/cms_sd.o
[OHOS INFO] [NINJA] [1946/9507] CC obj/third_party/openssl/crypto/conf/crypto_source/conf_lib.o
[OHOS INFO] [NINJA] [1947/9507] CC obj/third_party/openssl/crypto/conf/crypto_source/conf_mall.o
[OHOS INFO] [NINJA] [1948/9507] CC obj/third_party/openssl/crypto/cms/crypto_source/cms_smime.o
[OHOS INFO] [NINJA] [1949/9507] CC obj/third_party/openssl/crypto/conf/crypto_source/conf_def.o
[OHOS INFO] [NINJA] [1950/9507] CC obj/third_party/openssl/crypto/conf/crypto_source/conf_ssl.o
[OHOS INFO] [NINJA] [1951/9507] CC obj/third_party/openssl/crypto/conf/crypto_source/conf_mod.o
[OHOS INFO] [NINJA] [1952/9507] CC obj/third_party/openssl/crypto/crypto_source/core_algorithm.o
[OHOS INFO] [NINJA] [1953/9507] CC obj/third_party/openssl/crypto/conf/crypto_source/conf_sap.o
[OHOS INFO] [NINJA] [1954/9507] CC obj/third_party/openssl/crypto/crypto_source/cpt_err.o
[OHOS INFO] [NINJA] [1955/9507] CC obj/third_party/openssl/crypto/crypto_source/context.o
[OHOS INFO] [NINJA] [1956/9507] CC obj/third_party/openssl/crypto/crypto_source/core_fetch.o
[OHOS INFO] [NINJA] [1957/9507] CC obj/third_party/openssl/crypto/crypto_source/cpuid.o
[OHOS INFO] [NINJA] [1958/9507] CC obj/third_party/openssl/crypto/crmf/crypto_source/crmf_err.o
[OHOS INFO] [NINJA] [1959/9507] CC obj/third_party/openssl/crypto/crypto_source/core_namemap.o
[OHOS INFO] [NINJA] [1960/9507] CC obj/third_party/openssl/crypto/crypto_source/cryptlib.o
[OHOS INFO] [NINJA] [1961/9507] CC obj/third_party/openssl/crypto/ct/crypto_source/ct_err.o
[OHOS INFO] [NINJA] [1962/9507] CC obj/third_party/openssl/crypto/crmf/crypto_source/crmf_asn.o
[OHOS INFO] [NINJA] [1963/9507] CC obj/third_party/openssl/crypto/ct/crypto_source/ct_b64.o
[OHOS INFO] [NINJA] [1964/9507] CC obj/third_party/openssl/crypto/crmf/crypto_source/crmf_pbm.o
[OHOS INFO] [NINJA] [1965/9507] CC obj/third_party/openssl/crypto/crmf/crypto_source/crmf_lib.o
[OHOS INFO] [NINJA] [1966/9507] CC obj/third_party/openssl/crypto/ct/crypto_source/ct_log.o
[OHOS INFO] [NINJA] [1967/9507] CC obj/third_party/openssl/crypto/ct/crypto_source/ct_policy.o
[OHOS INFO] [NINJA] [1968/9507] CC obj/third_party/openssl/crypto/ct/crypto_source/ct_prn.o
[OHOS INFO] [NINJA] [1969/9507] CC obj/third_party/openssl/crypto/ct/crypto_source/ct_oct.o
[OHOS INFO] [NINJA] [1970/9507] CC obj/third_party/openssl/crypto/ct/crypto_source/ct_sct.o
[OHOS INFO] [NINJA] [1971/9507] CC obj/third_party/openssl/crypto/crypto_source/ctype.o
[OHOS INFO] [NINJA] [1972/9507] CC obj/third_party/openssl/crypto/ct/crypto_source/ct_sct_ctx.o
[OHOS INFO] [NINJA] [1973/9507] CC obj/third_party/openssl/crypto/ct/crypto_source/ct_vfy.o
[OHOS INFO] [NINJA] [1974/9507] CC obj/third_party/openssl/crypto/crypto_source/cversion.o
[OHOS INFO] [NINJA] [1975/9507] CC obj/third_party/openssl/crypto/des/crypto_source/cbc_cksm.o
[OHOS INFO] [NINJA] [1976/9507] CC obj/third_party/openssl/crypto/ct/crypto_source/ct_x509v3.o
[OHOS INFO] [NINJA] [1977/9507] CC obj/third_party/openssl/crypto/des/crypto_source/cbc_enc.o
[OHOS INFO] [NINJA] [1978/9507] CC obj/third_party/openssl/crypto/des/crypto_source/cfb64enc.o
[OHOS INFO] [NINJA] [1979/9507] CC obj/third_party/openssl/crypto/crypto_source/der_writer.o
[OHOS INFO] [NINJA] [1980/9507] CC obj/third_party/openssl/crypto/des/crypto_source/cfb64ede.o
[OHOS INFO] [NINJA] [1981/9507] CC obj/third_party/openssl/crypto/des/crypto_source/ecb3_enc.o
[OHOS INFO] [NINJA] [1982/9507] CC obj/third_party/openssl/crypto/des/crypto_source/cfb_enc.o
[OHOS INFO] [NINJA] [1983/9507] CC obj/third_party/openssl/crypto/des/crypto_source/ecb_enc.o
[OHOS INFO] [NINJA] [1984/9507] CC obj/third_party/openssl/crypto/des/crypto_source/ofb64ede.o
[OHOS INFO] [NINJA] [1985/9507] CC obj/third_party/openssl/crypto/des/crypto_source/fcrypt.o
[OHOS INFO] [NINJA] [1986/9507] CC obj/third_party/openssl/crypto/des/crypto_source/fcrypt_b.o
[OHOS INFO] [NINJA] [1987/9507] CC obj/third_party/openssl/crypto/des/crypto_source/ofb64enc.o
[OHOS INFO] [NINJA] [1988/9507] CC obj/third_party/openssl/crypto/des/crypto_source/ofb_enc.o
[OHOS INFO] [NINJA] [1989/9507] CC obj/third_party/openssl/crypto/des/crypto_source/qud_cksm.o
[OHOS INFO] [NINJA] [1990/9507] CC obj/third_party/openssl/crypto/des/crypto_source/des_enc.o
[OHOS INFO] [NINJA] [1991/9507] CC obj/third_party/openssl/crypto/des/crypto_source/pcbc_enc.o
[OHOS INFO] [NINJA] [1992/9507] CC obj/third_party/openssl/crypto/des/crypto_source/set_key.o
[OHOS INFO] [NINJA] [1993/9507] CC obj/third_party/openssl/crypto/des/crypto_source/rand_key.o
[OHOS INFO] [NINJA] [1994/9507] CC obj/third_party/openssl/crypto/des/crypto_source/xcbc_enc.o
[OHOS INFO] [NINJA] [1995/9507] CC obj/third_party/openssl/crypto/des/crypto_source/str2key.o
[OHOS INFO] [NINJA] [1996/9507] CC obj/third_party/openssl/crypto/dh/crypto_source/dh_depr.o
[OHOS INFO] [NINJA] [1997/9507] CC obj/third_party/openssl/crypto/dh/crypto_source/dh_asn1.o
[OHOS INFO] [NINJA] [1998/9507] CC obj/third_party/openssl/crypto/dh/crypto_source/dh_err.o
[OHOS INFO] [NINJA] [1999/9507] CC obj/third_party/openssl/crypto/dh/crypto_source/dh_backend.o
[OHOS INFO] [NINJA] [2000/9507] CC obj/third_party/openssl/crypto/dh/crypto_source/dh_check.o
[OHOS INFO] [NINJA] [2001/9507] CC obj/third_party/openssl/crypto/dh/crypto_source/dh_ameth.o
[OHOS INFO] [NINJA] [2002/9507] CC obj/third_party/openssl/crypto/dh/crypto_source/dh_kdf.o
[OHOS INFO] [NINJA] [2003/9507] CC obj/third_party/openssl/crypto/dh/crypto_source/dh_group_params.o
[OHOS INFO] [NINJA] [2004/9507] CC obj/third_party/openssl/crypto/dh/crypto_source/dh_meth.o
[OHOS INFO] [NINJA] [2005/9507] CC obj/third_party/openssl/crypto/dh/crypto_source/dh_gen.o
[OHOS INFO] [NINJA] [2006/9507] CC obj/third_party/openssl/crypto/dh/crypto_source/dh_key.o
[OHOS INFO] [NINJA] [2007/9507] CC obj/third_party/openssl/crypto/dh/crypto_source/dh_lib.o
[OHOS INFO] [NINJA] [2008/9507] CC obj/third_party/openssl/crypto/dh/crypto_source/dh_prn.o
[OHOS INFO] [NINJA] [2009/9507] CC obj/third_party/openssl/crypto/dsa/crypto_source/dsa_backend.o
[OHOS INFO] [NINJA] [2010/9507] CC obj/third_party/openssl/crypto/dh/crypto_source/dh_rfc5114.o
[OHOS INFO] [NINJA] [2011/9507] CC obj/third_party/openssl/crypto/dh/crypto_source/dh_pmeth.o
[OHOS INFO] [NINJA] [2012/9507] CC obj/third_party/openssl/crypto/dsa/crypto_source/dsa_check.o
[OHOS INFO] [NINJA] [2013/9507] CC obj/third_party/openssl/crypto/dsa/crypto_source/dsa_asn1.o
[OHOS INFO] [NINJA] [2014/9507] CC obj/third_party/openssl/crypto/dsa/crypto_source/dsa_err.o
[OHOS INFO] [NINJA] [2015/9507] CC obj/third_party/openssl/crypto/dsa/crypto_source/dsa_ameth.o
[OHOS INFO] [NINJA] [2016/9507] CC obj/third_party/openssl/crypto/dsa/crypto_source/dsa_depr.o
[OHOS INFO] [NINJA] [2017/9507] CC obj/third_party/openssl/crypto/dsa/crypto_source/dsa_key.o
[OHOS INFO] [NINJA] [2018/9507] CC obj/third_party/openssl/crypto/dsa/crypto_source/dsa_gen.o
[OHOS INFO] [NINJA] [2019/9507] CC obj/third_party/openssl/crypto/dsa/crypto_source/dsa_meth.o
[OHOS INFO] [NINJA] [2020/9507] CC obj/third_party/openssl/crypto/dsa/crypto_source/dsa_lib.o
[OHOS INFO] [NINJA] [2021/9507] CC obj/third_party/openssl/crypto/dsa/crypto_source/dsa_ossl.o
[OHOS INFO] [NINJA] [2022/9507] CC obj/third_party/openssl/crypto/dsa/crypto_source/dsa_pmeth.o
[OHOS INFO] [NINJA] [2023/9507] CC obj/third_party/openssl/crypto/dsa/crypto_source/dsa_prn.o
[OHOS INFO] [NINJA] [2024/9507] CC obj/third_party/openssl/crypto/dso/crypto_source/dso_dlfcn.o
[OHOS INFO] [NINJA] [2025/9507] CC obj/third_party/openssl/crypto/dso/crypto_source/dso_dl.o
[OHOS INFO] [NINJA] [2026/9507] CC obj/third_party/openssl/crypto/dsa/crypto_source/dsa_sign.o
[OHOS INFO] [NINJA] [2027/9507] CC obj/third_party/openssl/crypto/dsa/crypto_source/dsa_vrf.o
[OHOS INFO] [NINJA] [2028/9507] CC obj/third_party/openssl/crypto/dso/crypto_source/dso_openssl.o
[OHOS INFO] [NINJA] [2029/9507] CC obj/third_party/openssl/crypto/dso/crypto_source/dso_err.o
[OHOS INFO] [NINJA] [2030/9507] CC obj/third_party/openssl/crypto/crypto_source/ebcdic.o
[OHOS INFO] [NINJA] [2031/9507] CC obj/third_party/openssl/crypto/dso/crypto_source/dso_lib.o
[OHOS INFO] [NINJA] [2032/9507] CC obj/third_party/openssl/crypto/dso/crypto_source/dso_win32.o
[OHOS INFO] [NINJA] [2033/9507] CC obj/third_party/openssl/crypto/dso/crypto_source/dso_vms.o
[OHOS INFO] [NINJA] [2034/9507] CC obj/third_party/openssl/crypto/ec/curve448/arch_64/crypto_source/f_impl64.o
[OHOS INFO] [NINJA] [2035/9507] CC obj/third_party/openssl/crypto/ec/curve448/arch_32/crypto_source/f_impl32.o
[OHOS INFO] [NINJA] [2036/9507] CC obj/third_party/openssl/crypto/ec/curve448/crypto_source/curve448_tables.o
[OHOS INFO] [NINJA] [2037/9507] CC obj/third_party/openssl/crypto/ec/curve448/crypto_source/eddsa.o
[OHOS INFO] [NINJA] [2038/9507] CC obj/third_party/openssl/crypto/ec/curve448/crypto_source/f_generic.o
[OHOS INFO] [NINJA] [2039/9507] CC obj/third_party/openssl/crypto/ec/curve448/crypto_source/scalar.o
[OHOS INFO] [NINJA] [2040/9507] CC obj/third_party/openssl/crypto/ec/crypto_source/ec2_oct.o
[OHOS INFO] [NINJA] [2041/9507] CC obj/third_party/openssl/crypto/ec/curve448/crypto_source/curve448.o
[OHOS INFO] [NINJA] [2042/9507] CC obj/third_party/openssl/crypto/ec/crypto_source/ec_ameth.o
[OHOS INFO] [NINJA] [2043/9507] CC obj/third_party/openssl/crypto/ec/crypto_source/ec2_smpl.o
[OHOS INFO] [NINJA] [2044/9507] CC obj/third_party/openssl/crypto/ec/crypto_source/ec_asn1.o
[OHOS INFO] [NINJA] [2045/9507] CC obj/third_party/openssl/crypto/ec/crypto_source/ec_check.o
[OHOS INFO] [NINJA] [2046/9507] CC obj/third_party/openssl/crypto/ec/crypto_source/ec_backend.o
[OHOS INFO] [NINJA] [2047/9507] CC obj/third_party/openssl/crypto/ec/crypto_source/ec_err.o
[OHOS INFO] [NINJA] [2048/9507] CC obj/third_party/openssl/crypto/ec/crypto_source/ec_cvt.o
[OHOS INFO] [NINJA] [2049/9507] CC obj/third_party/openssl/crypto/ec/crypto_source/ec_curve.o
[OHOS INFO] [NINJA] [2050/9507] CC obj/third_party/openssl/crypto/ec/crypto_source/ec_deprecated.o
[OHOS INFO] [NINJA] [2051/9507] CC obj/third_party/openssl/crypto/ec/crypto_source/ec_kmeth.o
[OHOS INFO] [NINJA] [2052/9507] CC obj/third_party/openssl/crypto/ec/crypto_source/ec_oct.o
[OHOS INFO] [NINJA] [2053/9507] CC obj/third_party/openssl/crypto/ec/crypto_source/ec_key.o
[OHOS INFO] [NINJA] [2054/9507] CC obj/third_party/openssl/crypto/ec/crypto_source/curve25519.o
[OHOS INFO] [NINJA] [2055/9507] CC obj/third_party/openssl/crypto/ec/crypto_source/ec_lib.o
[OHOS INFO] [NINJA] [2056/9507] CC obj/third_party/openssl/crypto/ec/crypto_source/ec_mult.o
[OHOS INFO] [NINJA] [2057/9507] CC obj/third_party/openssl/crypto/ec/crypto_source/ec_print.o
[OHOS INFO] [NINJA] [2058/9507] CC obj/third_party/openssl/crypto/ec/crypto_source/ec_pmeth.o
[OHOS INFO] [NINJA] [2059/9507] CC obj/third_party/openssl/crypto/ec/crypto_source/ecdh_kdf.o
[OHOS INFO] [NINJA] [2060/9507] CC obj/third_party/openssl/crypto/ec/crypto_source/ecdh_ossl.o
[OHOS INFO] [NINJA] [2061/9507] CC obj/third_party/openssl/crypto/ec/crypto_source/ecdsa_sign.o
[OHOS INFO] [NINJA] [2062/9507] CC obj/third_party/openssl/crypto/ec/crypto_source/ecdsa_ossl.o
[OHOS INFO] [NINJA] [2063/9507] CC obj/third_party/openssl/crypto/ec/crypto_source/ecdsa_vrf.o
[OHOS INFO] [NINJA] [2064/9507] CC obj/third_party/openssl/crypto/ec/crypto_source/eck_prn.o
[OHOS INFO] [NINJA] [2065/9507] CC obj/third_party/openssl/crypto/ec/crypto_source/ecp_mont.o
[OHOS INFO] [NINJA] [2066/9507] CC obj/third_party/openssl/crypto/ec/crypto_source/ecp_nist.o
[OHOS INFO] [NINJA] [2067/9507] CC obj/third_party/openssl/crypto/ec/crypto_source/ecp_oct.o
[OHOS INFO] [NINJA] [2068/9507] CC obj/third_party/openssl/crypto/ec/crypto_source/ecx_key.o
[OHOS INFO] [NINJA] [2069/9507] CC obj/third_party/openssl/crypto/encode_decode/crypto_source/decoder_err.o
[OHOS INFO] [NINJA] [2070/9507] CC obj/third_party/openssl/crypto/ec/crypto_source/ecp_nistz256.o
[OHOS INFO] [NINJA] [2071/9507] CC obj/third_party/openssl/crypto/ec/crypto_source/ecx_backend.o
[OHOS INFO] [NINJA] [2072/9507] CC obj/third_party/openssl/crypto/ec/crypto_source/ecp_smpl.o
[OHOS INFO] [NINJA] [2073/9507] CC obj/third_party/openssl/crypto/encode_decode/crypto_source/decoder_lib.o
[OHOS INFO] [NINJA] [2074/9507] CC obj/third_party/openssl/crypto/encode_decode/crypto_source/encoder_err.o
[OHOS INFO] [NINJA] [2075/9507] CC obj/third_party/openssl/crypto/ec/crypto_source/ecx_meth.o
[OHOS INFO] [NINJA] [2076/9507] CC obj/third_party/openssl/crypto/encode_decode/crypto_source/decoder_meth.o
[OHOS INFO] [NINJA] [2077/9507] CC obj/third_party/openssl/crypto/encode_decode/crypto_source/decoder_pkey.o
[OHOS INFO] [NINJA] [2078/9507] CC obj/third_party/openssl/crypto/encode_decode/crypto_source/encoder_lib.o
[OHOS INFO] [NINJA] [2079/9507] CC obj/third_party/openssl/crypto/engine/crypto_source/eng_cnf.o
[OHOS INFO] [NINJA] [2080/9507] CC obj/third_party/openssl/crypto/encode_decode/crypto_source/encoder_pkey.o
[OHOS INFO] [NINJA] [2081/9507] CC obj/third_party/openssl/crypto/engine/crypto_source/eng_all.o
[OHOS INFO] [NINJA] [2082/9507] CC obj/third_party/openssl/crypto/engine/crypto_source/eng_ctrl.o
[OHOS INFO] [NINJA] [2083/9507] CC obj/third_party/openssl/crypto/engine/crypto_source/eng_dyn.o
[OHOS INFO] [NINJA] [2084/9507] CC obj/third_party/openssl/crypto/encode_decode/crypto_source/encoder_meth.o
[OHOS INFO] [NINJA] [2085/9507] CC obj/third_party/openssl/crypto/engine/crypto_source/eng_err.o
[OHOS INFO] [NINJA] [2086/9507] CC obj/third_party/openssl/crypto/engine/crypto_source/eng_init.o
[OHOS INFO] [NINJA] [2087/9507] CC obj/third_party/openssl/crypto/engine/crypto_source/eng_fat.o
[OHOS INFO] [NINJA] [2088/9507] CC obj/third_party/openssl/crypto/engine/crypto_source/eng_lib.o
[OHOS INFO] [NINJA] [2089/9507] CC obj/third_party/openssl/crypto/engine/crypto_source/eng_list.o
[OHOS INFO] [NINJA] [2090/9507] CC obj/third_party/openssl/crypto/engine/crypto_source/eng_openssl.o
[OHOS INFO] [NINJA] [2091/9507] CC obj/third_party/openssl/crypto/engine/crypto_source/eng_pkey.o
[OHOS INFO] [NINJA] [2092/9507] CC obj/third_party/openssl/crypto/engine/crypto_source/eng_rdrand.o
[OHOS INFO] [NINJA] [2093/9507] CC obj/third_party/openssl/crypto/engine/crypto_source/eng_table.o
[OHOS INFO] [NINJA] [2094/9507] CC obj/third_party/openssl/crypto/engine/crypto_source/tb_asnmth.o
[OHOS INFO] [NINJA] [2095/9507] CC obj/third_party/openssl/crypto/engine/crypto_source/tb_cipher.o
[OHOS INFO] [NINJA] [2096/9507] CC obj/third_party/openssl/crypto/engine/crypto_source/tb_dh.o
[OHOS INFO] [NINJA] [2097/9507] CC obj/third_party/openssl/crypto/engine/crypto_source/tb_dsa.o
[OHOS INFO] [NINJA] [2098/9507] CC obj/third_party/openssl/crypto/engine/crypto_source/tb_digest.o
[OHOS INFO] [NINJA] [2099/9507] CC obj/third_party/openssl/crypto/engine/crypto_source/tb_eckey.o
[OHOS INFO] [NINJA] [2100/9507] CC obj/third_party/openssl/crypto/err/crypto_source/err_all.o
[OHOS INFO] [NINJA] [2101/9507] CC obj/third_party/openssl/crypto/engine/crypto_source/tb_pkmeth.o
[OHOS INFO] [NINJA] [2102/9507] CC obj/third_party/openssl/crypto/err/crypto_source/err_all_legacy.o
[OHOS INFO] [NINJA] [2103/9507] CC obj/third_party/openssl/crypto/engine/crypto_source/tb_rand.o
[OHOS INFO] [NINJA] [2104/9507] CC obj/third_party/openssl/crypto/engine/crypto_source/tb_rsa.o
[OHOS INFO] [NINJA] [2105/9507] CC obj/third_party/openssl/crypto/err/crypto_source/err_blocks.o
[OHOS INFO] [NINJA] [2106/9507] CC obj/third_party/openssl/crypto/ess/crypto_source/ess_err.o
[OHOS INFO] [NINJA] [2107/9507] CC obj/third_party/openssl/crypto/err/crypto_source/err_prn.o
[OHOS INFO] [NINJA] [2108/9507] CC obj/third_party/openssl/crypto/err/crypto_source/err.o
[OHOS INFO] [NINJA] [2109/9507] CC obj/third_party/openssl/crypto/ess/crypto_source/ess_asn1.o
[OHOS INFO] [NINJA] [2110/9507] CC obj/third_party/openssl/crypto/evp/crypto_source/asymcipher.o
[OHOS INFO] [NINJA] [2111/9507] CC obj/third_party/openssl/crypto/evp/crypto_source/bio_md.o
[OHOS INFO] [NINJA] [2112/9507] CC obj/third_party/openssl/crypto/ess/crypto_source/ess_lib.o
[OHOS INFO] [NINJA] [2113/9507] CC obj/third_party/openssl/crypto/evp/crypto_source/bio_b64.o
[OHOS INFO] [NINJA] [2114/9507] CC obj/third_party/openssl/crypto/evp/crypto_source/bio_enc.o
[OHOS INFO] [NINJA] [2115/9507] CC obj/third_party/openssl/crypto/evp/crypto_source/c_allc.o
[OHOS INFO] [NINJA] [2116/9507] CC obj/third_party/openssl/crypto/evp/crypto_source/cmeth_lib.o
[OHOS INFO] [NINJA] [2117/9507] CC obj/third_party/openssl/crypto/evp/crypto_source/bio_ok.o
[OHOS INFO] [NINJA] [2118/9507] CC obj/third_party/openssl/crypto/evp/crypto_source/c_alld.o
[OHOS INFO] [NINJA] [2119/9507] CC obj/third_party/openssl/crypto/evp/crypto_source/dh_ctrl.o
[OHOS INFO] [NINJA] [2120/9507] CC obj/third_party/openssl/crypto/evp/crypto_source/dh_support.o
[OHOS INFO] [NINJA] [2121/9507] CC obj/third_party/openssl/crypto/evp/crypto_source/dsa_ctrl.o
[OHOS INFO] [NINJA] [2122/9507] CC obj/third_party/openssl/crypto/evp/crypto_source/e_aes_cbc_hmac_sha1.o
[OHOS INFO] [NINJA] [2123/9507] CC obj/third_party/openssl/crypto/evp/crypto_source/e_aes_cbc_hmac_sha256.o
[OHOS INFO] [NINJA] [2124/9507] CC obj/third_party/openssl/crypto/evp/crypto_source/ctrl_params_translate.o
[OHOS INFO] [NINJA] [2125/9507] CC obj/third_party/openssl/crypto/evp/crypto_source/e_aes.o
[OHOS INFO] [NINJA] [2126/9507] CC obj/third_party/openssl/crypto/evp/crypto_source/digest.o
[OHOS INFO] [NINJA] [2127/9507] CC obj/third_party/openssl/crypto/evp/crypto_source/e_bf.o
[OHOS INFO] [NINJA] [2128/9507] CC obj/third_party/openssl/crypto/evp/crypto_source/e_camellia.o
[OHOS INFO] [NINJA] [2129/9507] CC obj/third_party/openssl/crypto/evp/crypto_source/e_cast.o
[OHOS INFO] [NINJA] [2130/9507] CC obj/third_party/openssl/crypto/evp/crypto_source/e_des.o
[OHOS INFO] [NINJA] [2131/9507] CC obj/third_party/openssl/crypto/evp/crypto_source/e_chacha20_poly1305.o
[OHOS INFO] [NINJA] [2132/9507] CC obj/third_party/openssl/crypto/evp/crypto_source/e_aria.o
[OHOS INFO] [NINJA] [2133/9507] CC obj/third_party/openssl/crypto/evp/crypto_source/e_null.o
[OHOS INFO] [NINJA] [2134/9507] CC obj/third_party/openssl/crypto/evp/crypto_source/e_des3.o
[OHOS INFO] [NINJA] [2135/9507] CC obj/third_party/openssl/crypto/evp/crypto_source/e_idea.o
[OHOS INFO] [NINJA] [2136/9507] CC obj/third_party/openssl/crypto/evp/crypto_source/e_old.o
[OHOS INFO] [NINJA] [2137/9507] CC obj/third_party/openssl/crypto/evp/crypto_source/e_rc2.o
[OHOS INFO] [NINJA] [2138/9507] CC obj/third_party/openssl/crypto/evp/crypto_source/e_rc4.o
[OHOS INFO] [NINJA] [2139/9507] CC obj/third_party/openssl/crypto/evp/crypto_source/e_rc5.o
[OHOS INFO] [NINJA] [2140/9507] CC obj/third_party/openssl/crypto/evp/crypto_source/e_seed.o
[OHOS INFO] [NINJA] [2141/9507] CC obj/third_party/openssl/crypto/evp/crypto_source/e_rc4_hmac_md5.o
[OHOS INFO] [NINJA] [2142/9507] CC obj/third_party/openssl/crypto/evp/crypto_source/e_sm4.o
[OHOS INFO] [NINJA] [2143/9507] CC obj/third_party/openssl/crypto/evp/crypto_source/ec_support.o
[OHOS INFO] [NINJA] [2144/9507] CC obj/third_party/openssl/crypto/evp/crypto_source/e_xcbc_d.o
[OHOS INFO] [NINJA] [2145/9507] CC obj/third_party/openssl/crypto/evp/crypto_source/ec_ctrl.o
[OHOS INFO] [NINJA] [2146/9507] CC obj/third_party/openssl/crypto/evp/crypto_source/evp_cnf.o
[OHOS INFO] [NINJA] [2147/9507] CC obj/third_party/openssl/crypto/evp/crypto_source/evp_err.o
[OHOS INFO] [NINJA] [2148/9507] CC obj/third_party/openssl/crypto/evp/crypto_source/encode.o
[OHOS INFO] [NINJA] [2149/9507] CC obj/third_party/openssl/crypto/evp/crypto_source/evp_fetch.o
[OHOS INFO] [NINJA] [2150/9507] CC obj/third_party/openssl/crypto/evp/crypto_source/evp_key.o
[OHOS INFO] [NINJA] [2151/9507] CC obj/third_party/openssl/crypto/evp/crypto_source/evp_utils.o
[OHOS INFO] [NINJA] [2152/9507] CC obj/third_party/openssl/crypto/evp/crypto_source/evp_lib.o
[OHOS INFO] [NINJA] [2153/9507] CC obj/third_party/openssl/crypto/evp/crypto_source/evp_pbe.o
[OHOS INFO] [NINJA] [2154/9507] CC obj/third_party/openssl/crypto/evp/crypto_source/evp_pkey.o
[OHOS INFO] [NINJA] [2155/9507] CC obj/third_party/openssl/crypto/evp/crypto_source/evp_enc.o
[OHOS INFO] [NINJA] [2156/9507] CC obj/third_party/openssl/crypto/evp/crypto_source/evp_rand.o
[OHOS INFO] [NINJA] [2157/9507] CC obj/third_party/openssl/crypto/evp/crypto_source/kdf_lib.o
[OHOS INFO] [NINJA] [2158/9507] CC obj/third_party/openssl/crypto/evp/crypto_source/kdf_meth.o
[OHOS INFO] [NINJA] [2159/9507] CC obj/third_party/openssl/crypto/evp/crypto_source/exchange.o
[OHOS INFO] [NINJA] [2160/9507] CC obj/third_party/openssl/crypto/evp/crypto_source/kem.o
[OHOS INFO] [NINJA] [2161/9507] CC obj/third_party/openssl/crypto/evp/crypto_source/keymgmt_lib.o
[OHOS INFO] [NINJA] [2162/9507] CC obj/third_party/openssl/crypto/evp/crypto_source/keymgmt_meth.o
[OHOS INFO] [NINJA] [2163/9507] CC obj/third_party/openssl/crypto/evp/crypto_source/legacy_blake2.o
[OHOS INFO] [NINJA] [2164/9507] CC obj/third_party/openssl/crypto/evp/crypto_source/legacy_md5.o
[OHOS INFO] [NINJA] [2165/9507] CC obj/third_party/openssl/crypto/evp/crypto_source/legacy_md4.o
[OHOS INFO] [NINJA] [2166/9507] CC obj/third_party/openssl/crypto/evp/crypto_source/legacy_md5_sha1.o
[OHOS INFO] [NINJA] [2167/9507] CC obj/third_party/openssl/crypto/evp/crypto_source/legacy_md2.o
[OHOS INFO] [NINJA] [2168/9507] CC obj/third_party/openssl/crypto/evp/crypto_source/legacy_mdc2.o
[OHOS INFO] [NINJA] [2169/9507] CC obj/third_party/openssl/crypto/evp/crypto_source/legacy_ripemd.o
[OHOS INFO] [NINJA] [2170/9507] CC obj/third_party/openssl/crypto/evp/crypto_source/legacy_sha.o
[OHOS INFO] [NINJA] [2171/9507] CC obj/third_party/openssl/crypto/evp/crypto_source/legacy_wp.o
[OHOS INFO] [NINJA] [2172/9507] CC obj/third_party/openssl/crypto/evp/crypto_source/m_null.o
[OHOS INFO] [NINJA] [2173/9507] CC obj/third_party/openssl/crypto/evp/crypto_source/mac_meth.o
[OHOS INFO] [NINJA] [2174/9507] CC obj/third_party/openssl/crypto/evp/crypto_source/mac_lib.o
[OHOS INFO] [NINJA] [2175/9507] CC obj/third_party/openssl/crypto/evp/crypto_source/m_sigver.o
[OHOS INFO] [NINJA] [2176/9507] CC obj/third_party/openssl/crypto/evp/crypto_source/p5_crpt2.o
[OHOS INFO] [NINJA] [2177/9507] CC obj/third_party/openssl/crypto/evp/crypto_source/p5_crpt.o
[OHOS INFO] [NINJA] [2178/9507] CC obj/third_party/openssl/crypto/evp/crypto_source/names.o
[OHOS INFO] [NINJA] [2179/9507] CC obj/third_party/openssl/crypto/evp/crypto_source/p_dec.o
[OHOS INFO] [NINJA] [2180/9507] CC obj/third_party/openssl/crypto/evp/crypto_source/p_enc.o
[OHOS INFO] [NINJA] [2181/9507] CC obj/third_party/openssl/crypto/evp/crypto_source/p_legacy.o
[OHOS INFO] [NINJA] [2182/9507] CC obj/third_party/openssl/crypto/evp/crypto_source/p_open.o
[OHOS INFO] [NINJA] [2183/9507] CC obj/third_party/openssl/crypto/evp/crypto_source/p_seal.o
[OHOS INFO] [NINJA] [2184/9507] CC obj/third_party/openssl/crypto/evp/crypto_source/pbe_scrypt.o
[OHOS INFO] [NINJA] [2185/9507] CC obj/third_party/openssl/crypto/evp/crypto_source/p_sign.o
[OHOS INFO] [NINJA] [2186/9507] CC obj/third_party/openssl/crypto/evp/crypto_source/p_verify.o
[OHOS INFO] [NINJA] [2187/9507] CC obj/third_party/openssl/crypto/evp/crypto_source/pmeth_check.o
[OHOS INFO] [NINJA] [2188/9507] CC obj/third_party/openssl/crypto/evp/crypto_source/pmeth_gn.o
[OHOS INFO] [NINJA] [2189/9507] CC obj/third_party/openssl/crypto/ffc/crypto_source/ffc_backend.o
[OHOS INFO] [NINJA] [2190/9507] CC obj/third_party/openssl/crypto/crypto_source/ex_data.o
[OHOS INFO] [NINJA] [2191/9507] CC obj/third_party/openssl/crypto/evp/crypto_source/p_lib.o
[OHOS INFO] [NINJA] [2192/9507] CC obj/third_party/openssl/crypto/evp/crypto_source/signature.o
[OHOS INFO] [NINJA] [2193/9507] CC obj/third_party/openssl/crypto/ffc/crypto_source/ffc_key_generate.o
[OHOS INFO] [NINJA] [2194/9507] CC obj/third_party/openssl/crypto/ffc/crypto_source/ffc_key_validate.o
[OHOS INFO] [NINJA] [2195/9507] CC obj/third_party/openssl/crypto/ffc/crypto_source/ffc_dh.o
[OHOS INFO] [NINJA] [2196/9507] CC obj/third_party/openssl/crypto/ffc/crypto_source/ffc_params.o
[OHOS INFO] [NINJA] [2197/9507] CC obj/third_party/openssl/crypto/evp/crypto_source/pmeth_lib.o
[OHOS INFO] [NINJA] [2198/9507] CC obj/third_party/openssl/crypto/crypto_source/getenv.o
[OHOS INFO] [NINJA] [2199/9507] CC obj/third_party/openssl/crypto/ffc/crypto_source/ffc_params_validate.o
[OHOS INFO] [NINJA] [2200/9507] CC obj/third_party/openssl/crypto/http/crypto_source/http_err.o
[OHOS INFO] [NINJA] [2201/9507] CC obj/third_party/openssl/crypto/ffc/crypto_source/ffc_params_generate.o
[OHOS INFO] [NINJA] [2202/9507] CC obj/third_party/openssl/crypto/hmac/crypto_source/hmac.o
[OHOS INFO] [NINJA] [2203/9507] CC obj/third_party/openssl/crypto/idea/crypto_source/i_ecb.o
[OHOS INFO] [NINJA] [2204/9507] CC obj/third_party/openssl/crypto/idea/crypto_source/i_cfb64.o
[OHOS INFO] [NINJA] [2205/9507] CC obj/third_party/openssl/crypto/http/crypto_source/http_lib.o
[OHOS INFO] [NINJA] [2206/9507] CC obj/third_party/openssl/crypto/idea/crypto_source/i_cbc.o
[OHOS INFO] [NINJA] [2207/9507] CC obj/third_party/openssl/crypto/idea/crypto_source/i_ofb64.o
[OHOS INFO] [NINJA] [2208/9507] CC obj/third_party/openssl/crypto/idea/crypto_source/i_skey.o
[OHOS INFO] [NINJA] [2209/9507] CC obj/third_party/openssl/crypto/http/crypto_source/http_client.o
[OHOS INFO] [NINJA] [2210/9507] CC obj/third_party/openssl/crypto/kdf/crypto_source/kdf_err.o
[OHOS INFO] [NINJA] [2211/9507] CC obj/third_party/openssl/crypto/crypto_source/initthread.o
[OHOS INFO] [NINJA] [2212/9507] CC obj/third_party/openssl/crypto/crypto_source/info.o
[OHOS INFO] [NINJA] [2213/9507] CC obj/third_party/openssl/crypto/lhash/crypto_source/lh_stats.o
[OHOS INFO] [NINJA] [2214/9507] CC obj/third_party/openssl/crypto/lhash/crypto_source/lhash.o
[OHOS INFO] [NINJA] [2215/9507] CC obj/third_party/openssl/crypto/md4/crypto_source/md4_one.o
[OHOS INFO] [NINJA] [2216/9507] CC obj/third_party/openssl/crypto/md4/crypto_source/md4_dgst.o
[OHOS INFO] [NINJA] [2217/9507] CC obj/third_party/openssl/crypto/crypto_source/init.o
[OHOS INFO] [NINJA] [2218/9507] CC obj/third_party/openssl/crypto/md2/crypto_source/md2_dgst.o
[OHOS INFO] [NINJA] [2219/9507] CC obj/third_party/openssl/crypto/md2/crypto_source/md2_one.o
[OHOS INFO] [NINJA] [2220/9507] CC obj/third_party/openssl/crypto/md5/crypto_source/md5_one.o
[OHOS INFO] [NINJA] [2221/9507] CC obj/third_party/openssl/crypto/md5/crypto_source/md5_dgst.o
[OHOS INFO] [NINJA] [2222/9507] CC obj/third_party/openssl/crypto/mdc2/crypto_source/mdc2_one.o
[OHOS INFO] [NINJA] [2223/9507] CC obj/third_party/openssl/crypto/mdc2/crypto_source/mdc2dgst.o
[OHOS INFO] [NINJA] [2224/9507] CC obj/third_party/openssl/crypto/md5/crypto_source/md5_sha1.o
[OHOS INFO] [NINJA] [2225/9507] CC obj/third_party/openssl/crypto/crypto_source/mem.o
[OHOS INFO] [NINJA] [2226/9507] CC obj/third_party/openssl/crypto/crypto_source/mem_sec.o
[OHOS INFO] [NINJA] [2227/9507] CC obj/third_party/openssl/crypto/modes/crypto_source/cfb128.o
[OHOS INFO] [NINJA] [2228/9507] CC obj/third_party/openssl/crypto/modes/crypto_source/ctr128.o
[OHOS INFO] [NINJA] [2229/9507] CC obj/third_party/openssl/crypto/modes/crypto_source/cbc128.o
[OHOS INFO] [NINJA] [2230/9507] CC obj/third_party/openssl/crypto/modes/crypto_source/cts128.o
[OHOS INFO] [NINJA] [2231/9507] CC obj/third_party/openssl/crypto/modes/crypto_source/ccm128.o
[OHOS INFO] [NINJA] [2232/9507] CC obj/third_party/openssl/crypto/modes/crypto_source/ofb128.o
[OHOS INFO] [NINJA] [2233/9507] CC obj/third_party/openssl/crypto/modes/crypto_source/siv128.o
[OHOS INFO] [NINJA] [2234/9507] CC obj/third_party/openssl/crypto/modes/crypto_source/xts128.o
[OHOS INFO] [NINJA] [2235/9507] CC obj/third_party/openssl/crypto/modes/crypto_source/ocb128.o
[OHOS INFO] [NINJA] [2236/9507] CC obj/third_party/openssl/crypto/modes/crypto_source/wrap128.o
[OHOS INFO] [NINJA] [2237/9507] CC obj/third_party/openssl/crypto/modes/crypto_source/gcm128.o
[OHOS INFO] [NINJA] [2238/9507] CC obj/third_party/openssl/crypto/ml_dsa/crypto_source/ml_dsa_key_compress.o
[OHOS INFO] [NINJA] [2239/9507] CC obj/third_party/openssl/crypto/ml_dsa/crypto_source/ml_dsa_params.o
[OHOS INFO] [NINJA] [2240/9507] CC obj/third_party/openssl/crypto/ml_dsa/crypto_source/ml_dsa_ntt.o
[OHOS INFO] [NINJA] [2241/9507] CC obj/third_party/openssl/crypto/ml_dsa/crypto_source/ml_dsa_matrix.o
[OHOS INFO] [NINJA] [2242/9507] CC obj/third_party/openssl/crypto/ml_dsa/crypto_source/ml_dsa_encoders.o
[OHOS INFO] [NINJA] [2243/9507] CC obj/third_party/openssl/crypto/ml_dsa/crypto_source/ml_dsa_key.o
[OHOS INFO] [NINJA] [2244/9507] CC obj/third_party/openssl/crypto/crypto_source/o_dir.o
[OHOS INFO] [NINJA] [2245/9507] CC obj/third_party/openssl/crypto/crypto_source/o_fopen.o
[OHOS INFO] [NINJA] [2246/9507] CC obj/third_party/openssl/crypto/crypto_source/o_init.o
[OHOS INFO] [NINJA] [2247/9507] CC obj/third_party/openssl/crypto/ml_dsa/crypto_source/ml_dsa_sample.o
[OHOS INFO] [NINJA] [2248/9507] CC obj/third_party/openssl/crypto/crypto_source/o_str.o
[OHOS INFO] [NINJA] [2249/9507] CC obj/third_party/openssl/crypto/crypto_source/o_time.o
[OHOS INFO] [NINJA] [2250/9507] CC obj/third_party/openssl/crypto/ml_dsa/crypto_source/ml_dsa_sign.o
[OHOS INFO] [NINJA] [2251/9507] CC obj/third_party/openssl/crypto/objects/crypto_source/o_names.o
[OHOS INFO] [NINJA] [2252/9507] CC obj/third_party/openssl/crypto/objects/crypto_source/obj_err.o
[OHOS INFO] [NINJA] [2253/9507] CC obj/third_party/openssl/crypto/objects/crypto_source/obj_lib.o
[OHOS INFO] [NINJA] [2254/9507] CC obj/third_party/openssl/crypto/objects/crypto_source/obj_xref.o
[OHOS INFO] [NINJA] [2255/9507] CC obj/third_party/openssl/crypto/objects/crypto_source/obj_dat.o
[OHOS INFO] [NINJA] [2256/9507] CC obj/third_party/openssl/crypto/ocsp/crypto_source/ocsp_err.o
[OHOS INFO] [NINJA] [2257/9507] CC obj/third_party/openssl/crypto/ocsp/crypto_source/ocsp_cl.o
[OHOS INFO] [NINJA] [2258/9507] CC obj/third_party/openssl/crypto/ml_kem/crypto_source/ml_kem.o
[OHOS INFO] [NINJA] [2259/9507] CC obj/third_party/openssl/crypto/ocsp/crypto_source/ocsp_asn.o
[OHOS INFO] [NINJA] [2260/9507] CC obj/third_party/openssl/crypto/ocsp/crypto_source/ocsp_http.o
[OHOS INFO] [NINJA] [2261/9507] CC obj/third_party/openssl/crypto/ocsp/crypto_source/ocsp_ext.o
[OHOS INFO] [NINJA] [2262/9507] CC obj/third_party/openssl/crypto/ocsp/crypto_source/ocsp_lib.o
[OHOS INFO] [NINJA] [2263/9507] CC obj/third_party/openssl/crypto/ocsp/crypto_source/ocsp_prn.o
[OHOS INFO] [NINJA] [2264/9507] CC obj/third_party/openssl/crypto/ocsp/crypto_source/ocsp_srv.o
[OHOS INFO] [NINJA] [2265/9507] CC obj/third_party/openssl/crypto/crypto_source/packet.o
[OHOS INFO] [NINJA] [2266/9507] CC obj/third_party/openssl/crypto/ocsp/crypto_source/v3_ocsp.o
[OHOS INFO] [NINJA] [2267/9507] CC obj/third_party/openssl/crypto/ocsp/crypto_source/ocsp_vfy.o
[OHOS INFO] [NINJA] [2268/9507] CC obj/third_party/openssl/crypto/crypto_source/param_build.o
[OHOS INFO] [NINJA] [2269/9507] CC obj/third_party/openssl/crypto/crypto_source/param_build_set.o
[OHOS INFO] [NINJA] [2270/9507] CC obj/third_party/openssl/crypto/crypto_source/params_from_text.o
[OHOS INFO] [NINJA] [2271/9507] CC obj/third_party/openssl/crypto/pem/crypto_source/pem_err.o
[OHOS INFO] [NINJA] [2272/9507] CC obj/third_party/openssl/crypto/crypto_source/params_dup.o
[OHOS INFO] [NINJA] [2273/9507] CC obj/third_party/openssl/crypto/crypto_source/params.o
[OHOS INFO] [NINJA] [2274/9507] CC obj/third_party/openssl/crypto/crypto_source/passphrase.o
[OHOS INFO] [NINJA] [2275/9507] CC obj/third_party/openssl/crypto/pem/crypto_source/pem_all.o
[OHOS INFO] [NINJA] [2276/9507] CC obj/third_party/openssl/crypto/pem/crypto_source/pem_info.o
[OHOS INFO] [NINJA] [2277/9507] CC obj/third_party/openssl/crypto/pem/crypto_source/pem_oth.o
[OHOS INFO] [NINJA] [2278/9507] CC obj/third_party/openssl/crypto/pem/crypto_source/pem_pk8.o
[OHOS INFO] [NINJA] [2279/9507] CC obj/third_party/openssl/crypto/pem/crypto_source/pem_pkey.o
[OHOS INFO] [NINJA] [2280/9507] CC obj/third_party/openssl/crypto/pem/crypto_source/pem_sign.o
[OHOS INFO] [NINJA] [2281/9507] CC obj/third_party/openssl/crypto/pem/crypto_source/pem_lib.o
[OHOS INFO] [NINJA] [2282/9507] CC obj/third_party/openssl/crypto/pem/crypto_source/pem_x509.o
[OHOS INFO] [NINJA] [2283/9507] CC obj/third_party/openssl/crypto/pem/crypto_source/pem_xaux.o
[OHOS INFO] [NINJA] [2284/9507] CC obj/third_party/openssl/crypto/pkcs12/crypto_source/p12_add.o
[OHOS INFO] [NINJA] [2285/9507] CC obj/third_party/openssl/crypto/pkcs12/crypto_source/p12_attr.o
[OHOS INFO] [NINJA] [2286/9507] CC obj/third_party/openssl/crypto/pkcs12/crypto_source/p12_asn.o
[OHOS INFO] [NINJA] [2287/9507] CC obj/third_party/openssl/crypto/pkcs12/crypto_source/p12_crpt.o
[OHOS INFO] [NINJA] [2288/9507] CC obj/third_party/openssl/crypto/pem/crypto_source/pvkfmt.o
[OHOS INFO] [NINJA] [2289/9507] CC obj/third_party/openssl/crypto/pkcs12/crypto_source/p12_crt.o
[OHOS INFO] [NINJA] [2290/9507] CC obj/third_party/openssl/crypto/pkcs12/crypto_source/p12_decr.o
[OHOS INFO] [NINJA] [2291/9507] CC obj/third_party/openssl/crypto/pkcs12/crypto_source/p12_init.o
[OHOS INFO] [NINJA] [2292/9507] CC obj/third_party/openssl/crypto/pkcs12/crypto_source/p12_key.o
[OHOS INFO] [NINJA] [2293/9507] CC obj/third_party/openssl/crypto/pkcs12/crypto_source/p12_npas.o
[OHOS INFO] [NINJA] [2294/9507] CC obj/third_party/openssl/crypto/pkcs12/crypto_source/p12_mutl.o
[OHOS INFO] [NINJA] [2295/9507] CC obj/third_party/openssl/crypto/pkcs12/crypto_source/p12_kiss.o
[OHOS INFO] [NINJA] [2296/9507] CC obj/third_party/openssl/crypto/pkcs12/crypto_source/pk12err.o
[OHOS INFO] [NINJA] [2297/9507] CC obj/third_party/openssl/crypto/pkcs7/crypto_source/bio_pk7.o
[OHOS INFO] [NINJA] [2298/9507] CC obj/third_party/openssl/crypto/pkcs12/crypto_source/p12_p8d.o
[OHOS INFO] [NINJA] [2299/9507] CC obj/third_party/openssl/crypto/pkcs12/crypto_source/p12_sbag.o
[OHOS INFO] [NINJA] [2300/9507] CC obj/third_party/openssl/crypto/pkcs12/crypto_source/p12_p8e.o
[OHOS INFO] [NINJA] [2301/9507] CC obj/third_party/openssl/crypto/pkcs12/crypto_source/p12_utl.o
[OHOS INFO] [NINJA] [2302/9507] CC obj/third_party/openssl/crypto/pkcs7/crypto_source/pk7_attr.o
[OHOS INFO] [NINJA] [2303/9507] CC obj/third_party/openssl/crypto/pkcs7/crypto_source/pk7_asn1.o
[OHOS INFO] [NINJA] [2304/9507] CC obj/third_party/openssl/crypto/pkcs7/crypto_source/pkcs7err.o
[OHOS INFO] [NINJA] [2305/9507] CC obj/third_party/openssl/crypto/pkcs7/crypto_source/pk7_mime.o
[OHOS INFO] [NINJA] [2306/9507] CC obj/third_party/openssl/crypto/pkcs7/crypto_source/pk7_lib.o
[OHOS INFO] [NINJA] [2307/9507] CC obj/third_party/openssl/crypto/poly1305/crypto_source/poly1305.o
[OHOS INFO] [NINJA] [2308/9507] CC obj/third_party/openssl/crypto/property/crypto_source/defn_cache.o
[OHOS INFO] [NINJA] [2309/9507] CC obj/third_party/openssl/crypto/pkcs7/crypto_source/pk7_doit.o
[OHOS INFO] [NINJA] [2310/9507] CC obj/third_party/openssl/crypto/pkcs7/crypto_source/pk7_smime.o
[OHOS INFO] [NINJA] [2311/9507] CC obj/third_party/openssl/crypto/property/crypto_source/property_err.o
[OHOS INFO] [NINJA] [2312/9507] CC obj/third_party/openssl/crypto/property/crypto_source/property_string.o
[OHOS INFO] [NINJA] [2313/9507] CC obj/third_party/openssl/crypto/property/crypto_source/property_query.o
[OHOS INFO] [NINJA] [2314/9507] CC obj/third_party/openssl/crypto/crypto_source/provider_child.o
[OHOS INFO] [NINJA] [2315/9507] CC obj/third_party/openssl/crypto/crypto_source/provider.o
[OHOS INFO] [NINJA] [2316/9507] CC obj/third_party/openssl/crypto/property/crypto_source/property_parse.o
[OHOS INFO] [NINJA] [2317/9507] CC obj/third_party/openssl/crypto/property/crypto_source/property.o
[OHOS INFO] [NINJA] [2318/9507] CC obj/third_party/openssl/crypto/crypto_source/provider_predefined.o
[OHOS INFO] [NINJA] [2319/9507] CC obj/third_party/openssl/crypto/crypto_source/punycode.o
[OHOS INFO] [NINJA] [2320/9507] CC obj/third_party/openssl/crypto/crypto_source/provider_conf.o
[OHOS INFO] [NINJA] [2321/9507] CC obj/third_party/openssl/crypto/rand/crypto_source/rand_err.o
[OHOS INFO] [NINJA] [2322/9507] CC obj/third_party/openssl/crypto/rand/crypto_source/prov_seed.o
[OHOS INFO] [NINJA] [2323/9507] CC obj/third_party/openssl/crypto/rand/crypto_source/rand_deprecated.o
[OHOS INFO] [NINJA] [2324/9507] CC obj/third_party/openssl/crypto/rc2/crypto_source/rc2_cbc.o
[OHOS INFO] [NINJA] [2325/9507] CC obj/third_party/openssl/crypto/rand/crypto_source/rand_meth.o
[OHOS INFO] [NINJA] [2326/9507] CC obj/third_party/openssl/crypto/rand/crypto_source/randfile.o
[OHOS INFO] [NINJA] [2327/9507] CC obj/third_party/openssl/crypto/rand/crypto_source/rand_lib.o
[OHOS INFO] [NINJA] [2328/9507] CC obj/third_party/openssl/crypto/rand/crypto_source/rand_pool.o
[OHOS INFO] [NINJA] [2329/9507] CC obj/third_party/openssl/crypto/crypto_source/provider_core.o
[OHOS INFO] [NINJA] [2330/9507] CC obj/third_party/openssl/crypto/rc2/crypto_source/rc2_skey.o
[OHOS INFO] [NINJA] [2331/9507] CC obj/third_party/openssl/crypto/rc2/crypto_source/rc2_ecb.o
[OHOS INFO] [NINJA] [2332/9507] CC obj/third_party/openssl/crypto/rc2/crypto_source/rc2cfb64.o
[OHOS INFO] [NINJA] [2333/9507] CC obj/third_party/openssl/crypto/rc2/crypto_source/rc2ofb64.o
[OHOS INFO] [NINJA] [2334/9507] CC obj/third_party/openssl/crypto/ripemd/crypto_source/rmd_one.o
[OHOS INFO] [NINJA] [2335/9507] CC obj/third_party/openssl/crypto/rsa/crypto_source/rsa_chk.o
[OHOS INFO] [NINJA] [2336/9507] CC obj/third_party/openssl/crypto/rsa/crypto_source/rsa_crpt.o
[OHOS INFO] [NINJA] [2337/9507] CC obj/third_party/openssl/crypto/rsa/crypto_source/rsa_asn1.o
[OHOS INFO] [NINJA] [2338/9507] CC obj/third_party/openssl/crypto/ripemd/crypto_source/rmd_dgst.o
[OHOS INFO] [NINJA] [2339/9507] CC obj/third_party/openssl/crypto/rsa/crypto_source/rsa_depr.o
[OHOS INFO] [NINJA] [2340/9507] CC obj/third_party/openssl/crypto/rsa/crypto_source/rsa_ameth.o
[OHOS INFO] [NINJA] [2341/9507] CC obj/third_party/openssl/crypto/rsa/crypto_source/rsa_backend.o
[OHOS INFO] [NINJA] [2342/9507] CC obj/third_party/openssl/crypto/rsa/crypto_source/rsa_err.o
[OHOS INFO] [NINJA] [2343/9507] CC obj/third_party/openssl/crypto/rsa/crypto_source/rsa_mp_names.o
[OHOS INFO] [NINJA] [2344/9507] CC obj/third_party/openssl/crypto/rsa/crypto_source/rsa_meth.o
[OHOS INFO] [NINJA] [2345/9507] CC obj/third_party/openssl/crypto/rsa/crypto_source/rsa_none.o
[OHOS INFO] [NINJA] [2346/9507] CC obj/third_party/openssl/crypto/rsa/crypto_source/rsa_mp.o
[OHOS INFO] [NINJA] [2347/9507] CC obj/third_party/openssl/crypto/rsa/crypto_source/rsa_gen.o
[OHOS INFO] [NINJA] [2348/9507] CC obj/third_party/openssl/crypto/rsa/crypto_source/rsa_lib.o
[OHOS INFO] [NINJA] [2349/9507] CC obj/third_party/openssl/crypto/rsa/crypto_source/rsa_prn.o
[OHOS INFO] [NINJA] [2350/9507] CC obj/third_party/openssl/crypto/rsa/crypto_source/rsa_ossl.o
[OHOS INFO] [NINJA] [2351/9507] CC obj/third_party/openssl/crypto/rsa/crypto_source/rsa_oaep.o
[OHOS INFO] [NINJA] [2352/9507] CC obj/third_party/openssl/crypto/rsa/crypto_source/rsa_pk1.o
[OHOS INFO] [NINJA] [2353/9507] CC obj/third_party/openssl/crypto/rsa/crypto_source/rsa_saos.o
[OHOS INFO] [NINJA] [2354/9507] CC obj/third_party/openssl/crypto/rsa/crypto_source/rsa_schemes.o
[OHOS INFO] [NINJA] [2355/9507] CC obj/third_party/openssl/crypto/rsa/crypto_source/rsa_pss.o
[OHOS INFO] [NINJA] [2356/9507] CC obj/third_party/openssl/crypto/rsa/crypto_source/rsa_pmeth.o
[OHOS INFO] [NINJA] [2357/9507] CC obj/third_party/openssl/crypto/rsa/crypto_source/rsa_sign.o
[OHOS INFO] [NINJA] [2358/9507] CC obj/third_party/openssl/crypto/rsa/crypto_source/rsa_sp800_56b_check.o
[OHOS INFO] [NINJA] [2359/9507] CC obj/third_party/openssl/crypto/rsa/crypto_source/rsa_x931.o
[OHOS INFO] [NINJA] [2360/9507] CC obj/third_party/openssl/crypto/rsa/crypto_source/rsa_x931g.o
[OHOS INFO] [NINJA] [2361/9507] CC obj/third_party/openssl/crypto/rsa/crypto_source/rsa_sp800_56b_gen.o
[OHOS INFO] [NINJA] [2362/9507] CC obj/third_party/openssl/crypto/seed/crypto_source/seed_cbc.o
[OHOS INFO] [NINJA] [2363/9507] CC obj/third_party/openssl/crypto/seed/crypto_source/seed_cfb.o
[OHOS INFO] [NINJA] [2364/9507] CC obj/third_party/openssl/crypto/seed/crypto_source/seed_ecb.o
[OHOS INFO] [NINJA] [2365/9507] CC obj/third_party/openssl/crypto/seed/crypto_source/seed_ofb.o
[OHOS INFO] [NINJA] [2366/9507] CC obj/third_party/openssl/crypto/crypto_source/self_test_core.o
[OHOS INFO] [NINJA] [2367/9507] CC obj/third_party/openssl/crypto/seed/crypto_source/seed.o
[OHOS INFO] [NINJA] [2368/9507] CC obj/third_party/openssl/crypto/sha/crypto_source/sha1_one.o
[OHOS INFO] [NINJA] [2369/9507] CC obj/third_party/openssl/crypto/sha/crypto_source/sha1dgst.o
[OHOS INFO] [NINJA] [2370/9507] CC obj/third_party/openssl/crypto/sha/crypto_source/sha256.o
[OHOS INFO] [NINJA] [2371/9507] CC obj/third_party/openssl/crypto/sha/crypto_source/sha3.o
[OHOS INFO] [NINJA] [2372/9507] CC obj/third_party/openssl/crypto/sha/crypto_source/sha512.o
[OHOS INFO] [NINJA] [2373/9507] CC obj/third_party/openssl/crypto/sm2/crypto_source/sm2_err.o
[OHOS INFO] [NINJA] [2374/9507] CC obj/third_party/openssl/crypto/siphash/crypto_source/siphash.o
[OHOS INFO] [NINJA] [2375/9507] CC obj/third_party/openssl/crypto/sm2/crypto_source/sm2_key.o
[OHOS INFO] [NINJA] [2376/9507] CC obj/third_party/openssl/crypto/sm2/crypto_source/sm2_crypt.o
[OHOS INFO] [NINJA] [2377/9507] CC obj/third_party/openssl/crypto/sm2/crypto_source/sm2_sign.o
[OHOS INFO] [NINJA] [2378/9507] CC obj/third_party/openssl/crypto/sm3/crypto_source/legacy_sm3.o
[OHOS INFO] [NINJA] [2379/9507] CC obj/third_party/openssl/crypto/crypto_source/sparse_array.o
[OHOS INFO] [NINJA] [2380/9507] CC obj/third_party/openssl/crypto/sm4/crypto_source/sm4.o
[OHOS INFO] [NINJA] [2381/9507] CC obj/third_party/openssl/crypto/srp/crypto_source/srp_lib.o
[OHOS INFO] [NINJA] [2382/9507] CC obj/third_party/openssl/crypto/store/crypto_source/store_err.o
[OHOS INFO] [NINJA] [2383/9507] CC obj/third_party/openssl/crypto/stack/crypto_source/stack.o
[OHOS INFO] [NINJA] [2384/9507] CC obj/third_party/openssl/crypto/store/crypto_source/store_init.o
[OHOS INFO] [NINJA] [2385/9507] CC obj/third_party/openssl/crypto/srp/crypto_source/srp_vfy.o
[OHOS INFO] [NINJA] [2386/9507] CC obj/third_party/openssl/crypto/sm3/crypto_source/sm3.o
[OHOS INFO] [NINJA] [2387/9507] CC obj/third_party/openssl/crypto/store/crypto_source/store_lib.o
[OHOS INFO] [NINJA] [2388/9507] CC obj/third_party/openssl/crypto/crypto_source/threads_lib.o
[OHOS INFO] [NINJA] [2389/9507] CC obj/third_party/openssl/crypto/store/crypto_source/store_meth.o
[OHOS INFO] [NINJA] [2390/9507] CC obj/third_party/openssl/crypto/store/crypto_source/store_strings.o
[OHOS INFO] [NINJA] [2391/9507] CC obj/third_party/openssl/crypto/store/crypto_source/store_register.o
[OHOS INFO] [NINJA] [2392/9507] CC obj/third_party/openssl/crypto/crypto_source/threads_none.o
[OHOS INFO] [NINJA] [2393/9507] CC obj/third_party/openssl/crypto/crypto_source/threads_win.o
[OHOS INFO] [NINJA] [2394/9507] CC obj/third_party/openssl/crypto/crypto_source/threads_pthread.o
[OHOS INFO] [NINJA] [2395/9507] CC obj/third_party/openssl/crypto/store/crypto_source/store_result.o
[OHOS INFO] [NINJA] [2396/9507] CC obj/third_party/openssl/crypto/crypto_source/trace.o
[OHOS INFO] [NINJA] [2397/9507] CC obj/third_party/openssl/crypto/ts/crypto_source/ts_err.o
[OHOS INFO] [NINJA] [2398/9507] CC obj/third_party/openssl/crypto/ts/crypto_source/ts_asn1.o
[OHOS INFO] [NINJA] [2399/9507] CC obj/third_party/openssl/crypto/ts/crypto_source/ts_lib.o
[OHOS INFO] [NINJA] [2400/9507] CC obj/third_party/openssl/crypto/ts/crypto_source/ts_req_print.o
[OHOS INFO] [NINJA] [2401/9507] CC obj/third_party/openssl/crypto/ts/crypto_source/ts_conf.o
[OHOS INFO] [NINJA] [2402/9507] CC obj/third_party/openssl/crypto/ts/crypto_source/ts_rsp_print.o
[OHOS INFO] [NINJA] [2403/9507] CC obj/third_party/openssl/crypto/ts/crypto_source/ts_req_utils.o
[OHOS INFO] [NINJA] [2404/9507] CC obj/third_party/openssl/crypto/ui/crypto_source/ui_err.o
[OHOS INFO] [NINJA] [2405/9507] CC obj/third_party/openssl/crypto/txt_db/crypto_source/txt_db.o
[OHOS INFO] [NINJA] [2406/9507] CC obj/third_party/openssl/crypto/ts/crypto_source/ts_rsp_utils.o
[OHOS INFO] [NINJA] [2407/9507] CC obj/third_party/openssl/crypto/ts/crypto_source/ts_rsp_verify.o
[OHOS INFO] [NINJA] [2408/9507] CC obj/third_party/openssl/crypto/ts/crypto_source/ts_rsp_sign.o
[OHOS INFO] [NINJA] [2409/9507] CC obj/third_party/openssl/crypto/ts/crypto_source/ts_verify_ctx.o
[OHOS INFO] [NINJA] [2410/9507] CC obj/third_party/openssl/crypto/crypto_source/uid.o
[OHOS INFO] [NINJA] [2411/9507] CC obj/third_party/openssl/crypto/ui/crypto_source/ui_null.o
[OHOS INFO] [NINJA] [2412/9507] CC obj/third_party/openssl/crypto/whrlpool/crypto_source/wp_dgst.o
[OHOS INFO] [NINJA] [2413/9507] CC obj/third_party/openssl/crypto/ui/crypto_source/ui_util.o
[OHOS INFO] [NINJA] [2414/9507] CC obj/third_party/openssl/crypto/ui/crypto_source/ui_lib.o
[OHOS INFO] [NINJA] [2415/9507] CC obj/third_party/openssl/crypto/ui/crypto_source/ui_openssl.o
[OHOS INFO] [NINJA] [2416/9507] CC obj/third_party/openssl/crypto/x509/crypto_source/by_dir.o
[OHOS INFO] [NINJA] [2417/9507] CC obj/third_party/openssl/crypto/x509/crypto_source/by_store.o
[OHOS INFO] [NINJA] [2418/9507] CC obj/third_party/openssl/crypto/x509/crypto_source/by_file.o
[OHOS INFO] [NINJA] [2419/9507] CC obj/third_party/openssl/crypto/x509/crypto_source/pcy_data.o
[OHOS INFO] [NINJA] [2420/9507] CC obj/third_party/openssl/crypto/x509/crypto_source/pcy_lib.o
[OHOS INFO] [NINJA] [2421/9507] CC obj/third_party/openssl/crypto/x509/crypto_source/pcy_map.o
[OHOS INFO] [NINJA] [2422/9507] CC obj/third_party/openssl/crypto/x509/crypto_source/pcy_cache.o
[OHOS INFO] [NINJA] [2423/9507] CC obj/third_party/openssl/crypto/x509/crypto_source/pcy_node.o
[OHOS INFO] [NINJA] [2424/9507] CC obj/third_party/openssl/crypto/x509/crypto_source/pcy_tree.o
[OHOS INFO] [NINJA] [2425/9507] CC obj/third_party/openssl/crypto/x509/crypto_source/t_crl.o
[OHOS INFO] [NINJA] [2426/9507] CC obj/third_party/openssl/crypto/x509/crypto_source/t_req.o
[OHOS INFO] [NINJA] [2427/9507] CC obj/third_party/openssl/crypto/x509/crypto_source/v3_admis.o
[OHOS INFO] [NINJA] [2428/9507] CC obj/third_party/openssl/crypto/x509/crypto_source/v3_akeya.o
[OHOS INFO] [NINJA] [2429/9507] CC obj/third_party/openssl/crypto/x509/crypto_source/v3_akid.o
[OHOS INFO] [NINJA] [2430/9507] CC obj/third_party/openssl/crypto/x509/crypto_source/t_x509.o
[OHOS INFO] [NINJA] [2431/9507] CC obj/third_party/openssl/crypto/x509/crypto_source/v3_bcons.o
[OHOS INFO] [NINJA] [2432/9507] CC obj/third_party/openssl/crypto/x509/crypto_source/v3_bitst.o
[OHOS INFO] [NINJA] [2433/9507] CC obj/third_party/openssl/crypto/x509/crypto_source/v3_asid.o
[OHOS INFO] [NINJA] [2434/9507] CC obj/third_party/openssl/crypto/x509/crypto_source/v3_addr.o
[OHOS INFO] [NINJA] [2435/9507] CC obj/third_party/openssl/crypto/x509/crypto_source/v3_extku.o
[OHOS INFO] [NINJA] [2436/9507] CC obj/third_party/openssl/crypto/x509/crypto_source/v3_enum.o
[OHOS INFO] [NINJA] [2437/9507] CC obj/third_party/openssl/crypto/x509/crypto_source/v3_conf.o
[OHOS INFO] [NINJA] [2438/9507] CC obj/third_party/openssl/crypto/x509/crypto_source/v3_cpols.o
[OHOS INFO] [NINJA] [2439/9507] CC obj/third_party/openssl/crypto/x509/crypto_source/v3_crld.o
[OHOS INFO] [NINJA] [2440/9507] CC obj/third_party/openssl/crypto/x509/crypto_source/v3_genn.o
[OHOS INFO] [NINJA] [2441/9507] CC obj/third_party/openssl/crypto/x509/crypto_source/v3_info.o
[OHOS INFO] [NINJA] [2442/9507] CC obj/third_party/openssl/crypto/x509/crypto_source/v3_int.o
[OHOS INFO] [NINJA] [2443/9507] CC obj/third_party/openssl/crypto/x509/crypto_source/v3_ia5.o
[OHOS INFO] [NINJA] [2444/9507] CC obj/third_party/openssl/crypto/x509/crypto_source/v3_ist.o
[OHOS INFO] [NINJA] [2445/9507] CC obj/third_party/openssl/crypto/x509/crypto_source/v3_lib.o
[OHOS INFO] [NINJA] [2446/9507] CC obj/third_party/openssl/crypto/x509/crypto_source/v3_pcons.o
[OHOS INFO] [NINJA] [2447/9507] CC obj/third_party/openssl/crypto/x509/crypto_source/v3_pci.o
[OHOS INFO] [NINJA] [2448/9507] CC obj/third_party/openssl/crypto/x509/crypto_source/v3_pcia.o
[OHOS INFO] [NINJA] [2449/9507] CC obj/third_party/openssl/crypto/x509/crypto_source/v3_pku.o
[OHOS INFO] [NINJA] [2450/9507] CC obj/third_party/openssl/crypto/x509/crypto_source/v3_ncons.o
[OHOS INFO] [NINJA] [2451/9507] CC obj/third_party/openssl/crypto/x509/crypto_source/v3_pmaps.o
[OHOS INFO] [NINJA] [2452/9507] CC obj/third_party/openssl/crypto/x509/crypto_source/v3_skid.o
[OHOS INFO] [NINJA] [2453/9507] CC obj/third_party/openssl/crypto/x509/crypto_source/v3_prn.o
[OHOS INFO] [NINJA] [2454/9507] CC obj/third_party/openssl/crypto/x509/crypto_source/v3_san.o
[OHOS INFO] [NINJA] [2455/9507] CC obj/third_party/openssl/crypto/x509/crypto_source/v3_sxnet.o
[OHOS INFO] [NINJA] [2456/9507] CC obj/third_party/openssl/crypto/x509/crypto_source/v3_tlsf.o
[OHOS INFO] [NINJA] [2457/9507] CC obj/third_party/openssl/crypto/x509/crypto_source/v3err.o
[OHOS INFO] [NINJA] [2458/9507] CC obj/third_party/openssl/crypto/x509/crypto_source/v3_purp.o
[OHOS INFO] [NINJA] [2459/9507] CC obj/third_party/openssl/crypto/x509/crypto_source/v3_utf8.o
[OHOS INFO] [NINJA] [2460/9507] CC obj/third_party/openssl/crypto/x509/crypto_source/x509_err.o
[OHOS INFO] [NINJA] [2461/9507] CC obj/third_party/openssl/crypto/x509/crypto_source/x509_att.o
[OHOS INFO] [NINJA] [2462/9507] CC obj/third_party/openssl/crypto/x509/crypto_source/x509_d2.o
[OHOS INFO] [NINJA] [2463/9507] CC obj/third_party/openssl/crypto/x509/crypto_source/x509_def.o
[OHOS INFO] [NINJA] [2464/9507] CC obj/third_party/openssl/crypto/x509/crypto_source/x509_cmp.o
[OHOS INFO] [NINJA] [2465/9507] CC obj/third_party/openssl/crypto/x509/crypto_source/v3_utl.o
[OHOS INFO] [NINJA] [2466/9507] CC obj/third_party/openssl/crypto/x509/crypto_source/x509_r2x.o
[OHOS INFO] [NINJA] [2467/9507] CC obj/third_party/openssl/crypto/x509/crypto_source/x509_ext.o
[OHOS INFO] [NINJA] [2468/9507] CC obj/third_party/openssl/crypto/x509/crypto_source/x509_meth.o
[OHOS INFO] [NINJA] [2469/9507] CC obj/third_party/openssl/crypto/x509/crypto_source/x509_obj.o
[OHOS INFO] [NINJA] [2470/9507] CC obj/third_party/openssl/crypto/x509/crypto_source/x509_lu.o
[OHOS INFO] [NINJA] [2471/9507] CC obj/third_party/openssl/crypto/x509/crypto_source/x509_req.o
[OHOS INFO] [NINJA] [2472/9507] CC obj/third_party/openssl/crypto/x509/crypto_source/x509_txt.o
[OHOS INFO] [NINJA] [2473/9507] CC obj/third_party/openssl/crypto/x509/crypto_source/x509_trust.o
[OHOS INFO] [NINJA] [2474/9507] CC obj/third_party/openssl/crypto/x509/crypto_source/x509_set.o
[OHOS INFO] [NINJA] [2475/9507] CC obj/third_party/openssl/crypto/x509/crypto_source/x509_v3.o
[OHOS INFO] [NINJA] [2476/9507] CC obj/third_party/openssl/crypto/x509/crypto_source/x509name.o
[OHOS INFO] [NINJA] [2477/9507] CC obj/third_party/openssl/crypto/x509/crypto_source/x509cset.o
[OHOS INFO] [NINJA] [2478/9507] CC obj/third_party/openssl/crypto/x509/crypto_source/x509rset.o
[OHOS INFO] [NINJA] [2479/9507] CC obj/third_party/openssl/crypto/x509/crypto_source/x509_vpm.o
[OHOS INFO] [NINJA] [2480/9507] CC obj/third_party/openssl/crypto/x509/crypto_source/x509spki.o
[OHOS INFO] [NINJA] [2481/9507] CC obj/third_party/openssl/crypto/x509/crypto_source/x509type.o
[OHOS INFO] [NINJA] [2482/9507] CC obj/third_party/openssl/crypto/x509/crypto_source/x_attrib.o
[OHOS INFO] [NINJA] [2483/9507] CC obj/third_party/openssl/crypto/x509/crypto_source/x_crl.o
[OHOS INFO] [NINJA] [2484/9507] CC obj/third_party/openssl/crypto/x509/crypto_source/x_exten.o
[OHOS INFO] [NINJA] [2485/9507] CC obj/third_party/openssl/crypto/x509/crypto_source/x_all.o
[OHOS INFO] [NINJA] [2486/9507] CC obj/third_party/openssl/crypto/x509/crypto_source/x_name.o
[OHOS INFO] [NINJA] [2487/9507] CC obj/third_party/openssl/crypto/x509/crypto_source/x509_vfy.o
[OHOS INFO] [NINJA] [2488/9507] CC obj/third_party/openssl/crypto/x509/crypto_source/x_req.o
[OHOS INFO] [NINJA] [2489/9507] CC obj/third_party/openssl/crypto/x509/crypto_source/x_x509.o
[OHOS INFO] [NINJA] [2490/9507] CC obj/third_party/openssl/providers/crypto_source/baseprov.o
[OHOS INFO] [NINJA] [2491/9507] CC obj/third_party/openssl/crypto/x509/crypto_source/x_pubkey.o
[OHOS INFO] [NINJA] [2492/9507] CC obj/third_party/openssl/providers/crypto_source/nullprov.o
[OHOS INFO] [NINJA] [2493/9507] CC obj/third_party/openssl/crypto/x509/crypto_source/x_x509a.o
[OHOS INFO] [NINJA] [2494/9507] CC obj/third_party/openssl/providers/crypto_source/prov_running.o
[OHOS INFO] [NINJA] [2495/9507] CC obj/third_party/openssl/providers/crypto_source/defltprov.o
[OHOS INFO] [NINJA] [2496/9507] CC obj/third_party/openssl/providers/crypto_source/legacyprov.o
[OHOS INFO] [NINJA] [2497/9507] CC obj/third_party/openssl/providers/common/der/crypto_source/der_dsa_key.o
[OHOS INFO] [NINJA] [2498/9507] CC obj/third_party/openssl/engines/crypto_source/e_capi.o
[OHOS INFO] [NINJA] [2499/9507] CC obj/third_party/openssl/engines/crypto_source/e_padlock.o
[OHOS INFO] [NINJA] [2500/9507] CC obj/third_party/openssl/providers/common/der/crypto_source/der_dsa_sig.o
[OHOS INFO] [NINJA] [2501/9507] CC obj/third_party/openssl/providers/common/der/crypto_source/der_ec_key.o
[OHOS INFO] [NINJA] [2502/9507] CC obj/third_party/openssl/providers/common/der/crypto_source/der_ml_dsa_gen.o
[OHOS INFO] [NINJA] [2503/9507] CC obj/third_party/openssl/providers/common/der/crypto_source/der_ec_sig.o
[OHOS INFO] [NINJA] [2504/9507] CC obj/third_party/openssl/providers/common/der/crypto_source/der_ecx_key.o
[OHOS INFO] [NINJA] [2505/9507] CC obj/third_party/openssl/providers/common/der/crypto_source/der_ml_dsa_key.o
[OHOS INFO] [NINJA] [2506/9507] CC obj/third_party/openssl/providers/common/der/crypto_source/der_rsa_key.o
[OHOS INFO] [NINJA] [2507/9507] CC obj/third_party/openssl/providers/common/crypto_source/provider_ctx.o
[OHOS INFO] [NINJA] [2508/9507] CC obj/third_party/openssl/providers/common/crypto_source/provider_err.o
[OHOS INFO] [NINJA] [2509/9507] CC obj/third_party/openssl/providers/implementations/ciphers/crypto_source/ciphercommon_ccm_hw.o
[OHOS INFO] [NINJA] [2510/9507] CC obj/third_party/openssl/providers/implementations/ciphers/crypto_source/ciphercommon_block.o
[OHOS INFO] [NINJA] [2511/9507] CC obj/third_party/openssl/providers/implementations/ciphers/crypto_source/ciphercommon.o
[OHOS INFO] [NINJA] [2512/9507] CC obj/third_party/openssl/providers/implementations/ciphers/crypto_source/ciphercommon_ccm.o
[OHOS INFO] [NINJA] [2513/9507] CC obj/third_party/openssl/providers/implementations/ciphers/crypto_source/ciphercommon_gcm_hw.o
[OHOS INFO] [NINJA] [2514/9507] CC obj/third_party/openssl/providers/implementations/ciphers/crypto_source/ciphercommon_gcm.o
[OHOS INFO] [NINJA] [2515/9507] CC obj/out/rk3568/obj/third_party/openssl/build_all_generated/providers/common/der/crypto_source/der_digests_gen.o
[OHOS INFO] [NINJA] [2516/9507] CC obj/third_party/openssl/providers/implementations/digests/crypto_source/digestcommon.o
[OHOS INFO] [NINJA] [2517/9507] CC obj/third_party/openssl/providers/implementations/ciphers/crypto_source/ciphercommon_hw.o
[OHOS INFO] [NINJA] [2518/9507] CC obj/out/rk3568/obj/third_party/openssl/build_all_generated/providers/common/der/crypto_source/der_dsa_gen.o
[OHOS INFO] [NINJA] [2519/9507] CC obj/third_party/openssl/ssl/record/crypto_source/tls_pad.o
[OHOS INFO] [NINJA] [2520/9507] CC obj/out/rk3568/obj/third_party/openssl/build_all_generated/providers/common/der/crypto_source/der_ec_gen.o
[OHOS INFO] [NINJA] [2521/9507] CC obj/out/rk3568/obj/third_party/openssl/build_all_generated/providers/common/der/crypto_source/der_ecx_gen.o
[OHOS INFO] [NINJA] [2522/9507] CC obj/out/rk3568/obj/third_party/openssl/build_all_generated/providers/common/der/crypto_source/der_rsa_gen.o
[OHOS INFO] [NINJA] [2523/9507] CC obj/out/rk3568/obj/third_party/openssl/build_all_generated/providers/common/der/crypto_source/der_wrap_gen.o
[OHOS INFO] [NINJA] [2524/9507] CC obj/third_party/openssl/providers/common/crypto_source/capabilities.o
[OHOS INFO] [NINJA] [2525/9507] CC obj/third_party/openssl/providers/common/crypto_source/bio_prov.o
[OHOS INFO] [NINJA] [2526/9507] CC obj/third_party/openssl/providers/common/der/crypto_source/der_rsa_sig.o
[OHOS INFO] [NINJA] [2527/9507] CC obj/third_party/openssl/providers/common/der/crypto_source/der_sm2_key.o
[OHOS INFO] [NINJA] [2528/9507] CC obj/third_party/openssl/providers/common/der/crypto_source/der_sm2_sig.o
[OHOS INFO] [NINJA] [2529/9507] CC obj/third_party/openssl/providers/common/crypto_source/digest_to_nid.o
[OHOS INFO] [NINJA] [2530/9507] CC obj/third_party/openssl/providers/common/crypto_source/provider_seeding.o
[OHOS INFO] [NINJA] [2531/9507] CC obj/third_party/openssl/providers/common/crypto_source/securitycheck_default.o
[OHOS INFO] [NINJA] [2532/9507] CC obj/third_party/openssl/providers/common/crypto_source/securitycheck.o
[OHOS INFO] [NINJA] [2533/9507] CC obj/third_party/openssl/providers/common/crypto_source/provider_util.o
[OHOS INFO] [NINJA] [2534/9507] CC obj/third_party/openssl/providers/implementations/ciphers/crypto_source/cipher_aes_cbc_hmac_sha.o
[OHOS INFO] [NINJA] [2535/9507] CC obj/third_party/openssl/providers/implementations/asymciphers/crypto_source/sm2_enc.o
[OHOS INFO] [NINJA] [2536/9507] CC obj/third_party/openssl/providers/implementations/asymciphers/crypto_source/rsa_enc.o
[OHOS INFO] [NINJA] [2537/9507] CC obj/third_party/openssl/providers/implementations/ciphers/crypto_source/cipher_aes_cbc_hmac_sha1_hw.o
[OHOS INFO] [NINJA] [2538/9507] CC obj/third_party/openssl/providers/implementations/ciphers/crypto_source/cipher_aes.o
[OHOS INFO] [NINJA] [2539/9507] CC obj/third_party/openssl/providers/implementations/ciphers/crypto_source/cipher_aes_ccm_hw.o
[OHOS INFO] [NINJA] [2540/9507] CC obj/third_party/openssl/providers/implementations/ciphers/crypto_source/cipher_aes_cbc_hmac_sha256_hw.o
[OHOS INFO] [NINJA] [2541/9507] CC obj/third_party/openssl/providers/implementations/ciphers/crypto_source/cipher_aes_ccm.o
[OHOS INFO] [NINJA] [2542/9507] CC obj/third_party/openssl/providers/implementations/ciphers/crypto_source/cipher_aes_gcm_hw.o
[OHOS INFO] [NINJA] [2543/9507] CC obj/third_party/openssl/providers/implementations/ciphers/crypto_source/cipher_aes_gcm.o
[OHOS INFO] [NINJA] [2544/9507] CC obj/third_party/openssl/providers/implementations/ciphers/crypto_source/cipher_aes_hw.o
[OHOS INFO] [NINJA] [2545/9507] CC obj/third_party/openssl/providers/implementations/ciphers/crypto_source/cipher_aes_ocb_hw.o
[OHOS INFO] [NINJA] [2546/9507] CC obj/third_party/openssl/providers/implementations/ciphers/crypto_source/cipher_aes_siv.o
[OHOS INFO] [NINJA] [2547/9507] CC obj/third_party/openssl/providers/implementations/ciphers/crypto_source/cipher_aes_wrp.o
[OHOS INFO] [NINJA] [2548/9507] CC obj/third_party/openssl/providers/implementations/ciphers/crypto_source/cipher_aes_ocb.o
[OHOS INFO] [NINJA] [2549/9507] CC obj/third_party/openssl/providers/implementations/ciphers/crypto_source/cipher_aes_siv_hw.o
[OHOS INFO] [NINJA] [2550/9507] CC obj/third_party/openssl/providers/implementations/ciphers/crypto_source/cipher_aes_xts.o
[OHOS INFO] [NINJA] [2551/9507] CC obj/third_party/openssl/providers/implementations/ciphers/crypto_source/cipher_aes_xts_fips.o
[OHOS INFO] [NINJA] [2552/9507] CC obj/third_party/openssl/providers/implementations/ciphers/crypto_source/cipher_aes_xts_hw.o
[OHOS INFO] [NINJA] [2553/9507] CC obj/third_party/openssl/providers/implementations/ciphers/crypto_source/cipher_aria_ccm_hw.o
[OHOS INFO] [NINJA] [2554/9507] CC obj/third_party/openssl/providers/implementations/ciphers/crypto_source/cipher_aria_ccm.o
[OHOS INFO] [NINJA] [2555/9507] CC obj/third_party/openssl/providers/implementations/ciphers/crypto_source/cipher_aria_gcm_hw.o
[OHOS INFO] [NINJA] [2556/9507] CC obj/third_party/openssl/providers/implementations/ciphers/crypto_source/cipher_aria.o
[OHOS INFO] [NINJA] [2557/9507] CC obj/third_party/openssl/providers/implementations/ciphers/crypto_source/cipher_aria_gcm.o
[OHOS INFO] [NINJA] [2558/9507] CC obj/third_party/openssl/providers/implementations/ciphers/crypto_source/cipher_aria_hw.o
[OHOS INFO] [NINJA] [2559/9507] CC obj/third_party/openssl/providers/implementations/ciphers/crypto_source/cipher_camellia_hw.o
[OHOS INFO] [NINJA] [2560/9507] CC obj/third_party/openssl/providers/implementations/ciphers/crypto_source/cipher_chacha20.o
[OHOS INFO] [NINJA] [2561/9507] CC obj/third_party/openssl/providers/implementations/ciphers/crypto_source/cipher_camellia.o
[OHOS INFO] [NINJA] [2562/9507] CC obj/third_party/openssl/providers/implementations/ciphers/crypto_source/cipher_chacha20_poly1305.o
[OHOS INFO] [NINJA] [2563/9507] CC obj/third_party/openssl/providers/implementations/ciphers/crypto_source/cipher_chacha20_hw.o
[OHOS INFO] [NINJA] [2564/9507] CC obj/third_party/openssl/providers/implementations/ciphers/crypto_source/cipher_chacha20_poly1305_hw.o
[OHOS INFO] [NINJA] [2565/9507] CC obj/third_party/openssl/providers/implementations/ciphers/crypto_source/cipher_null.o
[OHOS INFO] [NINJA] [2566/9507] CC obj/third_party/openssl/providers/implementations/ciphers/crypto_source/cipher_cts.o
[OHOS INFO] [NINJA] [2567/9507] CC obj/third_party/openssl/providers/implementations/ciphers/crypto_source/cipher_sm4_ccm.o
[OHOS INFO] [NINJA] [2568/9507] CC obj/third_party/openssl/providers/implementations/ciphers/crypto_source/cipher_sm4.o
[OHOS INFO] [NINJA] [2569/9507] CC obj/third_party/openssl/providers/implementations/ciphers/crypto_source/cipher_sm4_ccm_hw.o
[OHOS INFO] [NINJA] [2570/9507] CC obj/third_party/openssl/providers/implementations/ciphers/crypto_source/cipher_sm4_gcm.o
[OHOS INFO] [NINJA] [2571/9507] CC obj/third_party/openssl/providers/implementations/ciphers/crypto_source/cipher_sm4_hw.o
[OHOS INFO] [NINJA] [2572/9507] CC obj/third_party/openssl/providers/implementations/ciphers/crypto_source/cipher_sm4_gcm_hw.o
[OHOS INFO] [NINJA] [2573/9507] CC obj/third_party/openssl/providers/implementations/ciphers/crypto_source/cipher_tdes.o
[OHOS INFO] [NINJA] [2574/9507] CC obj/third_party/openssl/providers/implementations/ciphers/crypto_source/cipher_tdes_default.o
[OHOS INFO] [NINJA] [2575/9507] CC obj/third_party/openssl/providers/implementations/ciphers/crypto_source/cipher_tdes_common.o
[OHOS INFO] [NINJA] [2576/9507] CC obj/third_party/openssl/providers/implementations/ciphers/crypto_source/cipher_tdes_default_hw.o
[OHOS INFO] [NINJA] [2577/9507] CC obj/third_party/openssl/providers/implementations/ciphers/crypto_source/cipher_tdes_hw.o
[OHOS INFO] [NINJA] [2578/9507] CC obj/third_party/openssl/providers/implementations/ciphers/crypto_source/cipher_tdes_wrap.o
[OHOS INFO] [NINJA] [2579/9507] CC obj/third_party/openssl/providers/implementations/ciphers/crypto_source/cipher_tdes_wrap_hw.o
[OHOS INFO] [NINJA] [2580/9507] CC obj/third_party/openssl/providers/implementations/digests/crypto_source/blake2_prov.o
[OHOS INFO] [NINJA] [2581/9507] CC obj/third_party/openssl/providers/implementations/digests/crypto_source/md5_prov.o
[OHOS INFO] [NINJA] [2582/9507] CC obj/third_party/openssl/providers/implementations/digests/crypto_source/null_prov.o
[OHOS INFO] [NINJA] [2583/9507] CC obj/third_party/openssl/providers/implementations/digests/crypto_source/blake2s_prov.o
[OHOS INFO] [NINJA] [2584/9507] CC obj/third_party/openssl/providers/implementations/digests/crypto_source/ripemd_prov.o
[OHOS INFO] [NINJA] [2585/9507] CC obj/third_party/openssl/providers/implementations/digests/crypto_source/md5_sha1_prov.o
[OHOS INFO] [NINJA] [2586/9507] CC obj/third_party/openssl/providers/implementations/digests/crypto_source/sha2_prov.o
[OHOS INFO] [NINJA] [2587/9507] CC obj/third_party/openssl/providers/implementations/digests/crypto_source/sha3_prov.o
[OHOS INFO] [NINJA] [2588/9507] CC obj/third_party/openssl/providers/implementations/digests/crypto_source/sm3_prov.o
[OHOS INFO] [NINJA] [2589/9507] CC obj/third_party/openssl/providers/implementations/digests/crypto_source/blake2b_prov.o
[OHOS INFO] [NINJA] [2590/9507] CC obj/third_party/openssl/providers/implementations/encode_decode/crypto_source/decode_epki2pki.o
[OHOS INFO] [NINJA] [2591/9507] CC obj/third_party/openssl/providers/implementations/encode_decode/crypto_source/decode_msblob2key.o
[OHOS INFO] [NINJA] [2592/9507] CC obj/third_party/openssl/providers/implementations/encode_decode/crypto_source/decode_pem2der.o
[OHOS INFO] [NINJA] [2593/9507] CC obj/third_party/openssl/providers/implementations/encode_decode/crypto_source/decode_pvk2key.o
[OHOS INFO] [NINJA] [2594/9507] CC obj/third_party/openssl/providers/implementations/encode_decode/crypto_source/encode_key2blob.o
[OHOS INFO] [NINJA] [2595/9507] CC obj/third_party/openssl/providers/implementations/encode_decode/crypto_source/decode_spki2typespki.o
[OHOS INFO] [NINJA] [2596/9507] CC obj/third_party/openssl/providers/implementations/encode_decode/crypto_source/decode_der2key.o
[OHOS INFO] [NINJA] [2597/9507] CC obj/third_party/openssl/providers/implementations/encode_decode/crypto_source/encode_key2ms.o
[OHOS INFO] [NINJA] [2598/9507] CC obj/third_party/openssl/providers/implementations/encode_decode/crypto_source/endecoder_common.o
[OHOS INFO] [NINJA] [2599/9507] CC obj/third_party/openssl/providers/implementations/encode_decode/crypto_source/ml_common_codecs.o
[OHOS INFO] [NINJA] [2600/9507] CC obj/third_party/openssl/providers/implementations/encode_decode/crypto_source/encode_key2text.o
[OHOS INFO] [NINJA] [2601/9507] CC obj/third_party/openssl/providers/implementations/exchange/crypto_source/ecdh_exch.o
[OHOS INFO] [NINJA] [2602/9507] CC obj/third_party/openssl/providers/implementations/encode_decode/crypto_source/ml_dsa_codecs.o
[OHOS INFO] [NINJA] [2603/9507] CC obj/third_party/openssl/providers/implementations/exchange/crypto_source/dh_exch.o
[OHOS INFO] [NINJA] [2604/9507] CC obj/third_party/openssl/providers/implementations/encode_decode/crypto_source/ml_kem_codecs.o
[OHOS INFO] [NINJA] [2605/9507] CC obj/third_party/openssl/providers/implementations/exchange/crypto_source/ecx_exch.o
[OHOS INFO] [NINJA] [2606/9507] CC obj/third_party/openssl/providers/implementations/exchange/crypto_source/kdf_exch.o
[OHOS INFO] [NINJA] [2607/9507] CC obj/third_party/openssl/providers/implementations/kdfs/crypto_source/pbkdf2_fips.o
[OHOS INFO] [NINJA] [2608/9507] CC obj/third_party/openssl/providers/implementations/kdfs/crypto_source/hkdf.o
[OHOS INFO] [NINJA] [2609/9507] CC obj/third_party/openssl/providers/implementations/kdfs/crypto_source/kbkdf.o
[OHOS INFO] [NINJA] [2610/9507] CC obj/third_party/openssl/providers/implementations/kdfs/crypto_source/krb5kdf.o
[OHOS INFO] [NINJA] [2611/9507] CC obj/third_party/openssl/providers/implementations/kdfs/crypto_source/pbkdf2.o
[OHOS INFO] [NINJA] [2612/9507] CC obj/third_party/openssl/providers/implementations/kdfs/crypto_source/pkcs12kdf.o
[OHOS INFO] [NINJA] [2613/9507] CC obj/third_party/openssl/providers/implementations/kdfs/crypto_source/sshkdf.o
[OHOS INFO] [NINJA] [2614/9507] CC obj/third_party/openssl/providers/implementations/kdfs/crypto_source/scrypt.o
[OHOS INFO] [NINJA] [2615/9507] CC obj/third_party/openssl/providers/implementations/kdfs/crypto_source/sskdf.o
[OHOS INFO] [NINJA] [2616/9507] CC obj/third_party/openssl/providers/implementations/kdfs/crypto_source/x942kdf.o
[OHOS INFO] [NINJA] [2617/9507] CC obj/third_party/openssl/providers/implementations/kdfs/crypto_source/tls1_prf.o
[OHOS INFO] [NINJA] [2618/9507] CC obj/third_party/openssl/providers/implementations/kem/crypto_source/rsa_kem.o
[OHOS INFO] [NINJA] [2619/9507] CC obj/third_party/openssl/providers/implementations/kem/crypto_source/ml_kem_kem.o
[OHOS INFO] [NINJA] [2620/9507] CC obj/third_party/openssl/providers/implementations/keymgmt/crypto_source/dsa_kmgmt.o
[OHOS INFO] [NINJA] [2621/9507] CC obj/third_party/openssl/providers/implementations/encode_decode/crypto_source/encode_key2any.o
[OHOS INFO] [NINJA] [2622/9507] CC obj/third_party/openssl/providers/implementations/keymgmt/crypto_source/dh_kmgmt.o
[OHOS INFO] [NINJA] [2623/9507] CC obj/third_party/openssl/providers/implementations/keymgmt/crypto_source/kdf_legacy_kmgmt.o
[OHOS INFO] [NINJA] [2624/9507] CC obj/third_party/openssl/providers/implementations/keymgmt/crypto_source/ecx_kmgmt.o
[OHOS INFO] [NINJA] [2625/9507] CC obj/third_party/openssl/providers/implementations/keymgmt/crypto_source/ec_kmgmt.o
[OHOS INFO] [NINJA] [2626/9507] CC obj/third_party/openssl/providers/implementations/keymgmt/crypto_source/ml_dsa_kmgmt.o
[OHOS INFO] [NINJA] [2627/9507] CC obj/third_party/openssl/providers/implementations/keymgmt/crypto_source/mac_legacy_kmgmt.o
[OHOS INFO] [NINJA] [2628/9507] CC obj/third_party/openssl/providers/implementations/macs/crypto_source/blake2b_mac.o
[OHOS INFO] [NINJA] [2629/9507] CC obj/third_party/openssl/providers/implementations/keymgmt/crypto_source/ml_kem_kmgmt.o
[OHOS INFO] [NINJA] [2630/9507] CC obj/third_party/openssl/providers/implementations/keymgmt/crypto_source/rsa_kmgmt.o
[OHOS INFO] [NINJA] [2631/9507] CC obj/third_party/openssl/providers/implementations/macs/crypto_source/blake2s_mac.o
[OHOS INFO] [NINJA] [2632/9507] CC obj/third_party/openssl/providers/implementations/macs/crypto_source/cmac_prov.o
[OHOS INFO] [NINJA] [2633/9507] CC obj/third_party/openssl/providers/implementations/macs/crypto_source/gmac_prov.o
[OHOS INFO] [NINJA] [2634/9507] CC obj/third_party/openssl/providers/implementations/macs/crypto_source/hmac_prov.o
[OHOS INFO] [NINJA] [2635/9507] CC obj/third_party/openssl/providers/implementations/macs/crypto_source/poly1305_prov.o
[OHOS INFO] [NINJA] [2636/9507] CC obj/third_party/openssl/providers/implementations/macs/crypto_source/siphash_prov.o
[OHOS INFO] [NINJA] [2637/9507] CC obj/third_party/openssl/providers/implementations/macs/crypto_source/kmac_prov.o
[OHOS INFO] [NINJA] [2638/9507] CC obj/third_party/openssl/providers/implementations/rands/crypto_source/crngt.o
[OHOS INFO] [NINJA] [2639/9507] CC obj/third_party/openssl/providers/implementations/rands/crypto_source/seed_src.o
[OHOS INFO] [NINJA] [2640/9507] CC obj/third_party/openssl/providers/implementations/rands/crypto_source/drbg.o
[OHOS INFO] [NINJA] [2641/9507] CC obj/third_party/openssl/providers/implementations/rands/crypto_source/drbg_hmac.o
[OHOS INFO] [NINJA] [2642/9507] CC obj/third_party/openssl/providers/implementations/rands/crypto_source/drbg_hash.o
[OHOS INFO] [NINJA] [2643/9507] CC obj/third_party/openssl/providers/implementations/rands/seeding/crypto_source/rand_cpu_x86.o
[OHOS INFO] [NINJA] [2644/9507] CC obj/third_party/openssl/providers/implementations/rands/crypto_source/drbg_ctr.o
[OHOS INFO] [NINJA] [2645/9507] CC obj/third_party/openssl/providers/implementations/rands/seeding/crypto_source/rand_tsc.o
[OHOS INFO] [NINJA] [2646/9507] CC obj/third_party/openssl/providers/implementations/rands/seeding/crypto_source/rand_unix.o
[OHOS INFO] [NINJA] [2647/9507] CC obj/third_party/openssl/providers/implementations/rands/seeding/crypto_source/rand_win.o
[OHOS INFO] [NINJA] [2648/9507] CC obj/third_party/openssl/providers/implementations/rands/crypto_source/test_rng.o
[OHOS INFO] [NINJA] [2649/9507] CC obj/third_party/openssl/providers/implementations/signature/crypto_source/dsa_sig.o
[OHOS INFO] [NINJA] [2650/9507] CC obj/third_party/openssl/providers/implementations/signature/crypto_source/eddsa_sig.o
[OHOS INFO] [NINJA] [2651/9507] CC obj/third_party/openssl/providers/implementations/signature/crypto_source/ecdsa_sig.o
[OHOS INFO] [NINJA] [2652/9507] CC obj/third_party/openssl/providers/implementations/signature/crypto_source/mac_legacy_sig.o
[OHOS INFO] [NINJA] [2653/9507] CC obj/third_party/openssl/providers/implementations/signature/crypto_source/ml_dsa_sig.o
[OHOS INFO] [NINJA] [2654/9507] CC obj/third_party/openssl/providers/implementations/signature/crypto_source/sm2_sig.o
[OHOS INFO] [NINJA] [2655/9507] CC obj/third_party/openssl/providers/implementations/storemgmt/crypto_source/file_store_any2obj.o
[OHOS INFO] [NINJA] [2656/9507] ASM obj/out/rk3568/obj/third_party/openssl/build_all_generated/crypto/aes/crypto_source/aes-armv4.o
[OHOS INFO] [NINJA] [2657/9507] CC obj/out/rk3568/obj/third_party/openssl/build_all_generated/providers/common/der/crypto_source/der_sm2_gen.o
[OHOS INFO] [NINJA] [2658/9507] ASM obj/out/rk3568/obj/third_party/openssl/build_all_generated/crypto/aes/crypto_source/aesv8-armx.o
[OHOS INFO] [NINJA] [2659/9507] CC obj/third_party/openssl/providers/implementations/storemgmt/crypto_source/file_store.o
[OHOS INFO] [NINJA] [2660/9507] CC obj/third_party/openssl/ssl/crypto_source/s3_cbc.o
[OHOS INFO] [NINJA] [2661/9507] ASM obj/out/rk3568/obj/third_party/openssl/build_all_generated/crypto/bn/crypto_source/armv4-gf2m.o
[OHOS INFO] [NINJA] [2662/9507] ASM obj/out/rk3568/obj/third_party/openssl/build_all_generated/crypto/crypto_source/armv4cpuid.o
[OHOS INFO] [NINJA] [2663/9507] ASM obj/out/rk3568/obj/third_party/openssl/build_all_generated/crypto/aes/crypto_source/bsaes-armv7.o
[OHOS INFO] [NINJA] [2664/9507] CC obj/third_party/openssl/providers/implementations/signature/crypto_source/rsa_sig.o
[OHOS INFO] [NINJA] [2665/9507] ASM obj/out/rk3568/obj/third_party/openssl/build_all_generated/crypto/bn/crypto_source/armv4-mont.o
[OHOS INFO] [NINJA] [2666/9507] ASM obj/out/rk3568/obj/third_party/openssl/build_all_generated/crypto/modes/crypto_source/ghash-armv4.o
[OHOS INFO] [NINJA] [2667/9507] ASM obj/out/rk3568/obj/third_party/openssl/build_all_generated/crypto/modes/crypto_source/ghashv8-armx.o
[OHOS INFO] [NINJA] [2668/9507] ASM obj/out/rk3568/obj/third_party/openssl/build_all_generated/crypto/chacha/crypto_source/chacha-armv4.o
[OHOS INFO] [NINJA] [2669/9507] ASM obj/out/rk3568/obj/third_party/openssl/build_all_generated/crypto/poly1305/crypto_source/poly1305-armv4.o
[OHOS INFO] [NINJA] [2670/9507] ASM obj/out/rk3568/obj/third_party/openssl/build_all_generated/crypto/sha/crypto_source/keccak1600-armv4.o
[OHOS INFO] [NINJA] [2671/9507] ASM obj/out/rk3568/obj/third_party/openssl/build_all_generated/crypto/ec/crypto_source/ecp_nistz256-armv4.o
[OHOS INFO] [NINJA] [2672/9507] ASM obj/out/rk3568/obj/third_party/openssl/build_all_generated/crypto/sha/crypto_source/sha1-armv4-large.o
[OHOS INFO] [NINJA] [2673/9507] ASM obj/out/rk3568/obj/third_party/openssl/build_all_generated/crypto/sha/crypto_source/sha256-armv4.o
[OHOS INFO] [NINJA] [2674/9507] ASM obj/out/rk3568/obj/third_party/openssl/build_all_generated/crypto/sha/crypto_source/sha512-armv4.o
[OHOS INFO] [NINJA] [2675/9507] CC obj/third_party/openssl/providers/implementations/ciphers/crypto_source/cipher_blowfish_hw.o
[OHOS INFO] [NINJA] [2676/9507] CC obj/third_party/openssl/providers/implementations/ciphers/crypto_source/cipher_blowfish.o
[OHOS INFO] [NINJA] [2677/9507] CC obj/third_party/openssl/providers/implementations/ciphers/crypto_source/cipher_cast5.o
[OHOS INFO] [NINJA] [2678/9507] CC obj/third_party/openssl/providers/implementations/ciphers/crypto_source/cipher_cast5_hw.o
[OHOS INFO] [NINJA] [2679/9507] CC obj/third_party/openssl/providers/implementations/ciphers/crypto_source/cipher_des_hw.o
[OHOS INFO] [NINJA] [2680/9507] CC obj/third_party/openssl/providers/implementations/ciphers/crypto_source/cipher_des.o
[OHOS INFO] [NINJA] [2681/9507] CC obj/third_party/openssl/providers/implementations/ciphers/crypto_source/cipher_desx.o
[OHOS INFO] [NINJA] [2682/9507] CC obj/third_party/openssl/providers/implementations/ciphers/crypto_source/cipher_desx_hw.o
[OHOS INFO] [NINJA] [2683/9507] CC obj/third_party/openssl/providers/implementations/ciphers/crypto_source/cipher_idea.o
[OHOS INFO] [NINJA] [2684/9507] CC obj/third_party/openssl/providers/implementations/ciphers/crypto_source/cipher_rc2_hw.o
[OHOS INFO] [NINJA] [2685/9507] CC obj/third_party/openssl/providers/implementations/ciphers/crypto_source/cipher_idea_hw.o
[OHOS INFO] [NINJA] [2686/9507] CC obj/third_party/openssl/providers/implementations/ciphers/crypto_source/cipher_rc2.o
[OHOS INFO] [NINJA] [2687/9507] CC obj/third_party/openssl/providers/implementations/ciphers/crypto_source/cipher_rc4_hmac_md5.o
[OHOS INFO] [NINJA] [2688/9507] CC obj/third_party/openssl/providers/implementations/ciphers/crypto_source/cipher_rc4.o
[OHOS INFO] [NINJA] [2689/9507] CC obj/third_party/openssl/providers/implementations/ciphers/crypto_source/cipher_rc4_hmac_md5_hw.o
[OHOS INFO] [NINJA] [2690/9507] CC obj/third_party/openssl/providers/implementations/ciphers/crypto_source/cipher_rc4_hw.o
[OHOS INFO] [NINJA] [2691/9507] CC obj/third_party/openssl/providers/implementations/digests/crypto_source/md2_prov.o
[OHOS INFO] [NINJA] [2692/9507] CC obj/third_party/openssl/providers/implementations/digests/crypto_source/md4_prov.o
[OHOS INFO] [NINJA] [2693/9507] CC obj/third_party/openssl/providers/implementations/ciphers/crypto_source/cipher_seed_hw.o
[OHOS INFO] [NINJA] [2694/9507] CC obj/third_party/openssl/providers/implementations/ciphers/crypto_source/cipher_seed.o
[OHOS INFO] [NINJA] [2695/9507] CC obj/third_party/openssl/providers/implementations/digests/crypto_source/mdc2_prov.o
[OHOS INFO] [NINJA] [2696/9507] CC obj/third_party/openssl/providers/implementations/digests/crypto_source/wp_prov.o
[OHOS INFO] [NINJA] [2697/9507] CC obj/third_party/openssl/crypto/aes/crypto_source/aes_cbc.o
[OHOS INFO] [NINJA] [2698/9507] CC obj/third_party/openssl/crypto/crypto_source/armcap.o
[OHOS INFO] [NINJA] [2699/9507] CC obj/third_party/openssl/crypto/camellia/crypto_source/cmll_cbc.o
[OHOS INFO] [NINJA] [2700/9507] CC obj/third_party/openssl/providers/implementations/kdfs/crypto_source/pbkdf1.o
[OHOS INFO] [NINJA] [2701/9507] CC obj/third_party/openssl/crypto/camellia/crypto_source/camellia.o
[OHOS INFO] [NINJA] [2702/9507] CC obj/third_party/openssl/crypto/rc4/crypto_source/rc4_enc.o
[OHOS INFO] [NINJA] [2703/9507] CC obj/third_party/openssl/crypto/rc4/crypto_source/rc4_skey.o
[OHOS INFO] [NINJA] [2704/9507] CC obj/third_party/openssl/crypto/bn/crypto_source/bn_asm.o
[OHOS INFO] [NINJA] [2705/9507] CC obj/third_party/openssl/engines/crypto_source/e_afalg.o
[OHOS INFO] [NINJA] [2706/9507] CC obj/third_party/openssl/crypto/whrlpool/crypto_source/wp_block.o
[OHOS INFO] [NINJA] [2707/9507] CXX obj/third_party/skia/m133/client_utils/android/android_utils/FrontBufferedStream.o
[OHOS INFO] [NINJA] [2708/9507] CXX obj/third_party/skia/m133/modules/skcms/skcms/skcms.o
[OHOS INFO] [NINJA] [2709/9507] CXX obj/third_party/skia/m133/modules/skcms/src/skcms/skcms_TransformBaseline.o
[OHOS INFO] [NINJA] [2710/9507] CXX obj/third_party/skia/m133/client_utils/android/android_utils/BitmapRegionDecoder.o
[OHOS INFO] [NINJA] [2711/9507] CXX obj/third_party/skia/m133/src/ports/skia_ohos/fontmgr_ohos/SkFontMgr_ohos_factory.o
[OHOS INFO] [NINJA] [2712/9507] CXX obj/third_party/skia/m133/src/ports/skia_ohos/fontmgr_ohos/SkFontStyleSet_ohos.o
[OHOS INFO] [NINJA] [2713/9507] CXX obj/third_party/skia/m133/src/codec/heif/SkHeifCodec.o
[OHOS INFO] [NINJA] [2714/9507] CXX obj/third_party/skia/m133/src/ports/skia_ohos/fontmgr_ohos/SkTypeface_ohos.o
[OHOS INFO] [NINJA] [2715/9507] CXX obj/third_party/skia/m133/src/ports/skia_ohos/fontmgr_ohos/SkFontMgr_ohos.o
[OHOS INFO] [NINJA] [2716/9507] CXX obj/third_party/skia/m133/src/codec/jpeg_decode/SkJpegCodec.o
[OHOS INFO] [NINJA] [2717/9507] CXX obj/third_party/skia/m133/src/codec/jpeg_decode/SkJpegDecoderMgr.o
[OHOS INFO] [NINJA] [2718/9507] CXX obj/third_party/skia/m133/src/codec/jpeg_decode/SkJpegUtility.o
[OHOS INFO] [NINJA] [2719/9507] CXX obj/third_party/skia/m133/src/codec/jpeg_decode/SkJpegSourceMgr.o
[OHOS INFO] [NINJA] [2720/9507] CXX obj/third_party/skia/m133/src/codec/jpeg_decode/SkJpegMetadataDecoderImpl.o
[OHOS INFO] [NINJA] [2721/9507] STAMP obj/third_party/skia/m133/jpeg_mpf.stamp
[OHOS INFO] [NINJA] [2722/9507] CXX obj/third_party/skia/m133/src/encode/jpeg_encode/SkJPEGWriteUtility.o
[OHOS INFO] [NINJA] [2723/9507] CXX obj/third_party/skia/m133/src/ports/skia_ohos/fontmgr_ohos/FontConfig_ohos.o
[OHOS INFO] [NINJA] [2724/9507] CXX obj/third_party/skia/m133/src/codec/jpeg_decode/SkJpegXmp.o
[OHOS INFO] [NINJA] [2725/9507] CXX obj/third_party/skia/m133/src/codec/png_decode_libpng/SkPngCompositeChunkReader.o
[OHOS INFO] [NINJA] [2726/9507] CXX obj/third_party/skia/m133/src/encode/jpeg_encode/SkJpegGainmapEncoder.o
[OHOS INFO] [NINJA] [2727/9507] CXX obj/third_party/skia/m133/src/encode/jpeg_encode/SkJpegEncoderImpl.o
[OHOS INFO] [NINJA] [2728/9507] CXX obj/third_party/skia/m133/src/codec/png_decode_libpng/SkIcoCodec.o
[OHOS INFO] [NINJA] [2729/9507] CXX obj/third_party/skia/m133/src/codec/png_decode_libpng/SkPngCodecBase.o
[OHOS INFO] [NINJA] [2730/9507] CXX obj/third_party/skia/m133/src/encode/png_encode/SkPngEncoderBase.o
[OHOS INFO] [NINJA] [2731/9507] CXX obj/third_party/skia/m133/src/codec/png_decode_libpng/SkPngCodec.o
[OHOS INFO] [NINJA] [2732/9507] CXX obj/third_party/skia/m133/src/encode/webp_encode/SkWebpEncoderImpl.o
[OHOS INFO] [NINJA] [2733/9507] CXX obj/third_party/skia/m133/src/encode/png_encode/SkPngEncoderImpl.o
[OHOS INFO] [NINJA] [2734/9507] CXX obj/third_party/skia/m133/src/codec/webp_decode/SkWebpCodec.o
[OHOS INFO] [NINJA] [2735/9507] CXX obj/third_party/skia/m133/src/codec/raw/SkRawCodec.o
[OHOS INFO] [NINJA] [2736/9507] CXX obj/third_party/skia/m133/modules/skresources/src/skresources/SkAnimCodecPlayer.o
[OHOS INFO] [NINJA] [2737/9507] CXX obj/third_party/skia/m133/src/codec/wuffs/SkWuffsCodec.o
[OHOS INFO] [NINJA] [2738/9507] CXX obj/third_party/skia/m133/modules/skshaper/src/skshaper/SkShaper_factory.o
[OHOS INFO] [NINJA] [2739/9507] CXX obj/third_party/skia/m133/modules/skshaper/src/skshaper/SkShaper.o
[OHOS INFO] [NINJA] [2740/9507] CXX obj/third_party/skia/m133/modules/skresources/src/skresources/SkResources.o
[OHOS INFO] [NINJA] [2741/9507] CXX obj/third_party/skia/m133/modules/skshaper/src/skshaper/SkShaper_primitive.o
[OHOS INFO] [NINJA] [2742/9507] CXX obj/third_party/skia/m133/modules/skshaper/src/skshaper/SkShaper_skunicode.o
[OHOS INFO] [NINJA] [2743/9507] CXX obj/third_party/skia/m133/modules/svg/src/svg/SkSVGAttribute.o
[OHOS INFO] [NINJA] [2744/9507] CXX obj/third_party/skia/m133/modules/svg/src/svg/CssStyleParser.o
[OHOS INFO] [NINJA] [2745/9507] CXX obj/third_party/skia/m133/modules/skshaper/src/skshaper/SkShaper_harfbuzz.o
[OHOS INFO] [NINJA] [2746/9507] CXX obj/third_party/skia/m133/modules/svg/src/svg/SkSVGClipPath.o
[OHOS INFO] [NINJA] [2747/9507] CXX obj/third_party/skia/m133/modules/svg/src/svg/SkSVGCircle.o
[OHOS INFO] [NINJA] [2748/9507] CXX obj/third_party/skia/m133/modules/svg/src/svg/SkSVGAttributeParser.o
[OHOS INFO] [NINJA] [2749/9507] CXX obj/third_party/skia/m133/modules/svg/src/svg/SkSVGContainer.o
[OHOS INFO] [NINJA] [2750/9507] CXX obj/third_party/skia/m133/modules/svg/src/svg/SkSVGEllipse.o
[OHOS INFO] [NINJA] [2751/9507] CXX obj/third_party/skia/m133/modules/svg/src/svg/SkSVGFe.o
[OHOS INFO] [NINJA] [2752/9507] CXX obj/third_party/skia/m133/modules/svg/src/svg/SkSVGFeBlend.o
[OHOS INFO] [NINJA] [2753/9507] CXX obj/third_party/skia/m133/modules/svg/src/svg/SkSVGDOM.o
[OHOS INFO] [NINJA] [2754/9507] CXX obj/third_party/skia/m133/modules/svg/src/svg/SkSVGFeColorMatrix.o
[OHOS INFO] [NINJA] [2755/9507] CXX obj/third_party/skia/m133/modules/svg/src/svg/SkSVGFeComposite.o
[OHOS INFO] [NINJA] [2756/9507] CXX obj/third_party/skia/m133/modules/svg/src/svg/SkSVGFeComponentTransfer.o
[OHOS INFO] [NINJA] [2757/9507] CXX obj/third_party/skia/m133/modules/svg/src/svg/SkSVGFeGaussianBlur.o
[OHOS INFO] [NINJA] [2758/9507] CXX obj/third_party/skia/m133/modules/svg/src/svg/SkSVGFeFlood.o
[OHOS INFO] [NINJA] [2759/9507] CXX obj/third_party/skia/m133/modules/svg/src/svg/SkSVGFeImage.o
[OHOS INFO] [NINJA] [2760/9507] CXX obj/third_party/skia/m133/modules/svg/src/svg/SkSVGFeDisplacementMap.o
[OHOS INFO] [NINJA] [2761/9507] CXX obj/third_party/skia/m133/modules/svg/src/svg/SkSVGFeLightSource.o
[OHOS INFO] [NINJA] [2762/9507] CXX obj/third_party/skia/m133/modules/svg/src/svg/SkSVGFeLighting.o
[OHOS INFO] [NINJA] [2763/9507] CXX obj/third_party/skia/m133/modules/svg/src/svg/SkSVGFeMorphology.o
[OHOS INFO] [NINJA] [2764/9507] CXX obj/third_party/skia/m133/modules/svg/src/svg/SkSVGFeMerge.o
[OHOS INFO] [NINJA] [2765/9507] CXX obj/third_party/skia/m133/modules/svg/src/svg/SkSVGFeOffset.o
[OHOS INFO] [NINJA] [2766/9507] CXX obj/third_party/skia/m133/modules/svg/src/svg/SkSVGFeTurbulence.o
[OHOS INFO] [NINJA] [2767/9507] CXX obj/third_party/skia/m133/modules/svg/src/svg/SkSVGFilter.o
[OHOS INFO] [NINJA] [2768/9507] CXX obj/third_party/skia/m133/modules/svg/src/svg/SkSVGFilterContext.o
[OHOS INFO] [NINJA] [2769/9507] CXX obj/third_party/skia/m133/modules/svg/src/svg/SkSVGGradient.o
[OHOS INFO] [NINJA] [2770/9507] CXX obj/third_party/skia/m133/modules/svg/src/svg/SkSVGLine.o
[OHOS INFO] [NINJA] [2771/9507] CXX obj/third_party/skia/m133/modules/svg/src/svg/SkSVGImage.o
[OHOS INFO] [NINJA] [2772/9507] CXX obj/third_party/skia/m133/modules/svg/src/svg/SkSVGLinearGradient.o
[OHOS INFO] [NINJA] [2773/9507] CXX obj/third_party/skia/m133/modules/svg/src/svg/SkSVGMask.o
[OHOS INFO] [NINJA] [2774/9507] CXX obj/third_party/skia/m133/modules/svg/src/svg/SkSVGPoly.o
[OHOS INFO] [NINJA] [2775/9507] CXX obj/third_party/skia/m133/modules/svg/src/svg/SkSVGOpenTypeSVGDecoder.o
[OHOS INFO] [NINJA] [2776/9507] CXX obj/third_party/skia/m133/modules/svg/src/svg/SkSVGPath.o
[OHOS INFO] [NINJA] [2777/9507] CXX obj/third_party/skia/m133/modules/svg/src/svg/SkSVGNode.o
[OHOS INFO] [NINJA] [2778/9507] CXX obj/third_party/skia/m133/modules/svg/src/svg/SkSVGPattern.o
[OHOS INFO] [NINJA] [2779/9507] CXX obj/third_party/skia/m133/modules/svg/src/svg/SkSVGRadialGradient.o
[OHOS INFO] [NINJA] [2780/9507] CXX obj/third_party/skia/m133/modules/svg/src/svg/SkSVGRect.o
[OHOS INFO] [NINJA] [2781/9507] CXX obj/third_party/skia/m133/modules/svg/src/svg/SkSVGShape.o
[OHOS INFO] [NINJA] [2782/9507] CXX obj/third_party/skia/m133/modules/svg/src/svg/SkSVGStop.o
[OHOS INFO] [NINJA] [2783/9507] CXX obj/third_party/skia/m133/modules/svg/src/svg/SkSVGValue.o
[OHOS INFO] [NINJA] [2784/9507] CXX obj/third_party/skia/m133/modules/svg/src/svg/SkSVGSVG.o
[OHOS INFO] [NINJA] [2785/9507] AR obj/third_party/skia/m133/third_party/dng_sdk/libdng_sdk.a
[OHOS INFO] [NINJA] [2786/9507] AR obj/third_party/skia/m133/third_party/libpng/libpng.a
[OHOS INFO] [NINJA] [2787/9507] CXX obj/third_party/skia/m133/modules/svg/src/svg/SkSVGRenderContext.o
[OHOS INFO] [NINJA] [2788/9507] AR obj/third_party/skia/m133/third_party/libwebp/libwebpm133.a
[OHOS INFO] [NINJA] [2789/9507] AR obj/third_party/skia/m133/third_party/wuffs/libwuffs.a
[OHOS INFO] [NINJA] [2790/9507] AR obj/third_party/skia/m133/third_party/piex/libpiexm133.a
[OHOS INFO] [NINJA] [2791/9507] CXX obj/third_party/skia/m133/modules/svg/src/svg/SkSVGXMLDOM.o
[OHOS INFO] [NINJA] [2792/9507] CXX obj/third_party/skia/m133/modules/svg/src/svg/SkSVGUse.o
[OHOS INFO] [NINJA] [2793/9507] CXX obj/third_party/skia/m133/modules/svg/src/svg/SkSVGText.o
[OHOS INFO] [NINJA] [2794/9507] CXX obj/third_party/skia/m133/modules/svg/src/svg/SkSVGTransformableNode.o
[OHOS INFO] [NINJA] [2795/9507] CXX obj/arkcompiler/runtime_core/libpandafile/libarkfile_runtime_static/annotation_data_accessor.o
[OHOS INFO] [NINJA] [2796/9507] CXX obj/arkcompiler/runtime_core/libpandafile/libarkfile_runtime_static/code_data_accessor.o
[OHOS INFO] [NINJA] [2797/9507] CXX obj/arkcompiler/runtime_core/libpandafile/libarkfile_runtime_static/debug_data_accessor.o
[OHOS INFO] [NINJA] [2798/9507] CXX obj/arkcompiler/runtime_core/libpandafile/libarkfile_runtime_static/class_data_accessor.o
[OHOS INFO] [NINJA] [2799/9507] CXX obj/arkcompiler/runtime_core/libpandafile/libarkfile_runtime_static/field_data_accessor.o
[OHOS INFO] [NINJA] [2800/9507] CXX obj/arkcompiler/runtime_core/libpandafile/libarkfile_runtime_static/file_format_version.o
[OHOS INFO] [NINJA] [2801/9507] CXX obj/arkcompiler/runtime_core/libpandafile/libarkfile_runtime_static/debug_info_extractor.o
[OHOS INFO] [NINJA] [2802/9507] CXX obj/arkcompiler/runtime_core/libpandafile/libarkfile_runtime_static/bytecode_emitter.o
[OHOS INFO] [NINJA] [2803/9507] CXX obj/arkcompiler/runtime_core/libpandafile/libarkfile_runtime_static/file_writer.o
[OHOS INFO] [NINJA] [2804/9507] CXX obj/arkcompiler/runtime_core/libpandafile/libarkfile_runtime_static/file.o
[OHOS INFO] [NINJA] [2805/9507] CXX obj/arkcompiler/runtime_core/libpandafile/libarkfile_runtime_static/literal_data_accessor.o
[OHOS INFO] [NINJA] [2806/9507] CXX obj/arkcompiler/runtime_core/libpandafile/libarkfile_runtime_static/method_data_accessor.o
[OHOS INFO] [NINJA] [2807/9507] CXX obj/arkcompiler/runtime_core/libpandafile/libarkfile_runtime_static/method_handle_data_accessor.o
[OHOS INFO] [NINJA] [2808/9507] CC obj/base/security/huks/frameworks/huks_standard/main/common/src/libhuks_common_standard_static/hks_ability.o
[OHOS INFO] [NINJA] [2809/9507] CXX obj/arkcompiler/runtime_core/libpandafile/libarkfile_runtime_static/module_data_accessor.o
[OHOS INFO] [NINJA] [2810/9507] CC obj/base/security/huks/frameworks/huks_standard/main/common/src/libhuks_common_standard_static/hks_base_check.o
[OHOS INFO] [NINJA] [2811/9507] CXX obj/arkcompiler/runtime_core/libpandafile/libarkfile_runtime_static/file_items.o
[OHOS INFO] [NINJA] [2812/9507] CC obj/base/security/huks/frameworks/huks_standard/main/common/src/libhuks_common_standard_static/hks_common_check.o
[OHOS INFO] [NINJA] [2813/9507] CC obj/base/security/huks/frameworks/huks_standard/main/common/src/libhuks_common_standard_static/hks_check_paramset.o
[OHOS INFO] [NINJA] [2814/9507] CC obj/base/security/huks/frameworks/huks_standard/main/common/src/libhuks_common_standard_static/hks_error_msg.o
[OHOS INFO] [NINJA] [2815/9507] CC obj/base/security/huks/frameworks/huks_standard/main/common/src/libhuks_common_standard_static/hks_tags_type_manager.o
[OHOS INFO] [NINJA] [2816/9507] CC obj/base/security/huks/frameworks/huks_standard/main/common/src/libhuks_common_standard_static/hks_crypto_adapter.o
[OHOS INFO] [NINJA] [2817/9507] CC obj/base/security/huks/frameworks/huks_standard/main/common/src/libhuks_common_standard_static/hks_param.o
[OHOS INFO] [NINJA] [2818/9507] CC obj/base/security/huks/frameworks/huks_standard/main/common/src/libhuks_common_standard_static/hks_external_error_info.o
[OHOS INFO] [NINJA] [2819/9507] CC obj/base/security/huks/frameworks/huks_standard/main/common/src/libhuks_common_standard_static/hks_errcode_adapter.o
[OHOS INFO] [NINJA] [2820/9507] STAMP obj/third_party/openssl/crypto_source.stamp
[OHOS INFO] [NINJA] [2821/9507] STAMP obj/third_party/skia/m133/android_utils.stamp
[OHOS INFO] [NINJA] [2822/9507] STAMP obj/third_party/skia/m133/heif.stamp
[OHOS INFO] [NINJA] [2823/9507] STAMP obj/third_party/skia/m133/jpeg_encode.stamp
[OHOS INFO] [NINJA] [2824/9507] STAMP obj/third_party/skia/m133/png_decode_libpng.stamp
[OHOS INFO] [NINJA] [2825/9507] STAMP obj/third_party/skia/m133/png_encode.stamp
[OHOS INFO] [NINJA] [2826/9507] STAMP obj/third_party/skia/m133/raw.stamp
[OHOS INFO] [NINJA] [2827/9507] STAMP obj/third_party/skia/m133/webp_decode.stamp
[OHOS INFO] [NINJA] [2828/9507] STAMP obj/third_party/skia/m133/webp_encode.stamp
[OHOS INFO] [NINJA] [2829/9507] STAMP obj/third_party/skia/m133/wuffs.stamp
[OHOS INFO] [NINJA] [2830/9507] AR obj/third_party/skia/m133/modules/skcms/libskcms.a
[OHOS INFO] [NINJA] [2831/9507] STAMP obj/third_party/skia/m133/modules/skresources/skresources.stamp
[OHOS INFO] [NINJA] [2832/9507] AR obj/third_party/skia/m133/modules/skshaper/libskshaper.a
[OHOS INFO] [NINJA] [2833/9507] STAMP obj/third_party/skia/m133/modules/svg/svg.stamp
[OHOS INFO] [NINJA] [2834/9507] CXX obj/base/security/huks/frameworks/huks_standard/main/common/src/libhuks_common_standard_static/hks_cpp_abilityinfo.o
[OHOS INFO] [NINJA] [2835/9507] CXX obj/arkcompiler/runtime_core/libpandafile/libarkfile_runtime_static/file_item_container.o
[OHOS INFO] [NINJA] [2836/9507] CXX obj/base/security/access_token/frameworks/privacy/src/privacy_communication_adapter_cxx/active_change_response_parcel.o
[OHOS INFO] [NINJA] [2837/9507] CXX obj/base/security/huks/frameworks/huks_standard/main/common/src/libhuks_common_standard_static/hks_cpp_paramset.o
[OHOS INFO] [NINJA] [2838/9507] CXX obj/arkcompiler/runtime_core/libpandafile/libarkfile_runtime_static/pgo.o
[OHOS INFO] [NINJA] [2839/9507] CXX obj/base/security/access_token/frameworks/privacy/src/privacy_communication_adapter_cxx/add_perm_param_info_parcel.o
[OHOS INFO] [NINJA] [2840/9507] CXX obj/base/security/access_token/frameworks/privacy/src/privacy_communication_adapter_cxx/perm_disable_policy_parcel.o
[OHOS INFO] [NINJA] [2841/9507] CXX obj/base/security/access_token/frameworks/privacy/src/privacy_communication_adapter_cxx/permission_used_request_parcel.o
[OHOS INFO] [NINJA] [2842/9507] CXX obj/base/security/access_token/frameworks/privacy/src/privacy_communication_adapter_cxx/bundle_used_record_parcel.o
[OHOS INFO] [NINJA] [2843/9507] CXX obj/arkcompiler/runtime_core/libpandafile/util/libarkfile_runtime_static/collect_util.o
[OHOS INFO] [NINJA] [2844/9507] CXX obj/base/security/access_token/frameworks/privacy/src/privacy_communication_adapter_cxx/permission_used_record_parcel.o
[OHOS INFO] [NINJA] [2845/9507] AR obj/base/security/huks/frameworks/huks_standard/main/common/libhuks_common_standard_static.a
[OHOS INFO] [NINJA] [2846/9507] CC obj/base/security/huks/frameworks/huks_standard/main/crypto_engine/openssl/src/libhuks_openssl_standard_static/hks_openssl_3des.o
[OHOS INFO] [NINJA] [2847/9507] CC obj/base/security/huks/frameworks/huks_standard/main/crypto_engine/openssl/src/libhuks_openssl_standard_static/hks_openssl_ability.o
[OHOS INFO] [NINJA] [2848/9507] CXX obj/base/security/access_token/frameworks/privacy/src/privacy_communication_adapter_cxx/permission_used_type_info_parcel.o
[OHOS INFO] [NINJA] [2849/9507] CC obj/base/security/huks/frameworks/huks_standard/main/crypto_engine/openssl/src/libhuks_openssl_standard_static/hks_openssl_bn.o
[OHOS INFO] [NINJA] [2850/9507] CC obj/base/security/huks/frameworks/huks_standard/main/crypto_engine/openssl/src/libhuks_openssl_standard_static/hks_openssl_aes.o
[OHOS INFO] [NINJA] [2851/9507] CXX obj/base/security/access_token/frameworks/privacy/src/privacy_communication_adapter_cxx/remote_add_perm_param_info_parcel.o
[OHOS INFO] [NINJA] [2852/9507] CC obj/base/security/huks/frameworks/huks_standard/main/crypto_engine/openssl/src/libhuks_openssl_standard_static/hks_openssl_common.o
[OHOS INFO] [NINJA] [2853/9507] CC obj/base/security/huks/frameworks/huks_standard/main/crypto_engine/openssl/src/libhuks_openssl_standard_static/hks_openssl_curve25519.o
[OHOS INFO] [NINJA] [2854/9507] CXX obj/base/security/access_token/frameworks/privacy/src/privacy_communication_adapter_cxx/remote_permission_used_info_parcel.o
[OHOS INFO] [NINJA] [2855/9507] CXX obj/base/security/access_token/frameworks/privacy/src/privacy_communication_adapter_cxx/used_record_detail_parcel.o
[OHOS INFO] [NINJA] [2856/9507] CC obj/base/security/huks/frameworks/huks_standard/main/crypto_engine/openssl/src/libhuks_openssl_standard_static/hks_openssl_des.o
[OHOS INFO] [NINJA] [2857/9507] CXX obj/base/security/access_token/frameworks/privacy/src/privacy_communication_adapter_cxx/permission_used_result_parcel.o
[OHOS INFO] [NINJA] [2858/9507] CC obj/base/security/huks/frameworks/huks_standard/main/crypto_engine/openssl/src/libhuks_openssl_standard_static/hks_openssl_dh.o
[OHOS INFO] [NINJA] [2859/9507] CC obj/base/security/huks/frameworks/huks_standard/main/crypto_engine/openssl/src/libhuks_openssl_standard_static/hks_openssl_ecc.o
[OHOS INFO] [NINJA] [2860/9507] CC obj/base/security/huks/frameworks/huks_standard/main/crypto_engine/openssl/src/libhuks_openssl_standard_static/hks_openssl_dsa.o
[OHOS INFO] [NINJA] [2861/9507] CC obj/base/security/huks/frameworks/huks_standard/main/crypto_engine/openssl/src/libhuks_openssl_standard_static/hks_openssl_ed25519tox25519.o
[OHOS INFO] [NINJA] [2862/9507] CC obj/base/security/huks/frameworks/huks_standard/main/crypto_engine/openssl/src/libhuks_openssl_standard_static/hks_openssl_engine.o
[OHOS INFO] [NINJA] [2863/9507] CC obj/base/security/huks/frameworks/huks_standard/main/crypto_engine/openssl/src/libhuks_openssl_standard_static/hks_openssl_hash.o
[OHOS INFO] [NINJA] [2864/9507] CC obj/base/security/huks/frameworks/huks_standard/main/crypto_engine/openssl/src/libhuks_openssl_standard_static/hks_openssl_hmac.o
[OHOS INFO] [NINJA] [2865/9507] CC obj/base/security/huks/frameworks/huks_standard/main/crypto_engine/openssl/src/libhuks_openssl_standard_static/hks_openssl_ml_dsa.o
[OHOS INFO] [NINJA] [2866/9507] CC obj/base/security/huks/frameworks/huks_standard/main/crypto_engine/openssl/src/libhuks_openssl_standard_static/hks_openssl_ml_kem.o
[OHOS INFO] [NINJA] [2867/9507] CC obj/base/security/huks/frameworks/huks_standard/main/crypto_engine/openssl/src/libhuks_openssl_standard_static/hks_openssl_kdf.o
[OHOS INFO] [NINJA] [2868/9507] CC obj/base/security/huks/frameworks/huks_standard/main/crypto_engine/openssl/src/libhuks_openssl_standard_static/hks_openssl_sm3.o
[OHOS INFO] [NINJA] [2869/9507] CC obj/base/security/huks/frameworks/huks_standard/main/crypto_engine/openssl/src/libhuks_openssl_standard_static/hks_openssl_sm4.o
[OHOS INFO] [NINJA] [2870/9507] CC obj/base/security/huks/frameworks/huks_standard/main/crypto_engine/openssl/src/libhuks_openssl_standard_static/hks_openssl_rsa.o
[OHOS INFO] [NINJA] [2871/9507] CC obj/base/security/huks/frameworks/huks_standard/main/crypto_engine/openssl/src/libhuks_openssl_standard_static/hks_openssl_mlkem.o
[OHOS INFO] [NINJA] [2872/9507] CC obj/base/security/huks/frameworks/huks_standard/main/crypto_engine/openssl/src/libhuks_openssl_standard_static/hks_openssl_sm2.o
[OHOS INFO] [NINJA] [2873/9507] CC obj/base/security/huks/frameworks/huks_standard/main/core/src/libhuks_core_standard_static/hks_local_engine.o
[OHOS INFO] [NINJA] [2874/9507] CC obj/base/security/huks/frameworks/huks_standard/main/crypto_engine/crypto_common/src/libhuks_crypto_engine_standard_static/hks_core_ability.o
[OHOS INFO] [NINJA] [2875/9507] CC obj/base/security/huks/frameworks/huks_standard/main/os_dependency/posix/libhuks_mem_standard_static/hks_mem.o
[OHOS INFO] [NINJA] [2876/9507] CC obj/base/security/huks/frameworks/huks_standard/main/crypto_engine/crypto_common/src/libhuks_crypto_engine_standard_static/hks_core_get_main_key.o
[OHOS INFO] [NINJA] [2877/9507] CC obj/base/security/huks/frameworks/huks_standard/main/os_dependency/posix/libhuks_util_standard_static/hks_util.o
[OHOS INFO] [NINJA] [2878/9507] CC obj/third_party/ffmpeg/libavcodec/aac/ffmpeg_dynamic/aacdec_ac.o
[OHOS INFO] [NINJA] [2879/9507] CC obj/third_party/ffmpeg/libavcodec/aac/ffmpeg_dynamic/aacdec_lpd.o
[OHOS INFO] [NINJA] [2880/9507] CC obj/base/security/huks/frameworks/huks_standard/main/core/src/libhuks_core_standard_static/hks_verifier.o
[OHOS INFO] [NINJA] [2881/9507] CC obj/third_party/ffmpeg/libavcodec/aac/ffmpeg_dynamic/aacdec_tab.o
[OHOS INFO] [NINJA] [2882/9507] CC obj/third_party/ffmpeg/libavcodec/ffmpeg_dynamic/aac_parser.o
[OHOS INFO] [NINJA] [2883/9507] CC obj/third_party/ffmpeg/libavcodec/ffmpeg_dynamic/aac_ac3_parser.o
[OHOS INFO] [NINJA] [2884/9507] CC obj/third_party/ffmpeg/libavcodec/aac/ffmpeg_dynamic/aacdec_float.o
[OHOS INFO] [NINJA] [2885/9507] CXX obj/foundation/arkui/napi/interfaces/inner_api/cjffi/ark_interop/cj_envsetup/cj_envsetup.o
[OHOS INFO] [NINJA] [2886/9507] STAMP obj/foundation/arkui/napi/interfaces/inner_api/cjffi/ark_interop/cj_envsetup.stamp
[OHOS INFO] [NINJA] [2887/9507] CC obj/third_party/ffmpeg/libavcodec/ffmpeg_dynamic/aacenc_is.o
[OHOS INFO] [NINJA] [2888/9507] CC obj/third_party/ffmpeg/libavcodec/ffmpeg_dynamic/aacenc_ltp.o
[OHOS INFO] [NINJA] [2889/9507] CC obj/third_party/ffmpeg/libavcodec/aac/ffmpeg_dynamic/aacdec_usac.o
[OHOS INFO] [NINJA] [2890/9507] CC obj/third_party/ffmpeg/libavcodec/ffmpeg_dynamic/aacenc_pred.o
[OHOS INFO] [NINJA] [2891/9507] CC obj/third_party/ffmpeg/libavcodec/ffmpeg_dynamic/aacenctab.o
[OHOS INFO] [NINJA] [2892/9507] CC obj/third_party/ffmpeg/libavcodec/aac/ffmpeg_dynamic/aacdec.o
[OHOS INFO] [NINJA] [2893/9507] CC obj/third_party/ffmpeg/libavcodec/ffmpeg_dynamic/aacenc_tns.o
[OHOS INFO] [NINJA] [2894/9507] CC obj/third_party/ffmpeg/libavcodec/ffmpeg_dynamic/aacenc.o
[OHOS INFO] [NINJA] [2895/9507] CC obj/third_party/ffmpeg/libavcodec/ffmpeg_dynamic/aacps_common.o
[OHOS INFO] [NINJA] [2896/9507] CC obj/third_party/ffmpeg/libavcodec/ffmpeg_dynamic/aacpsdsp_float.o
[OHOS INFO] [NINJA] [2897/9507] CC obj/third_party/ffmpeg/libavcodec/ffmpeg_dynamic/aandcttab.o
[OHOS INFO] [NINJA] [2898/9507] CC obj/third_party/ffmpeg/libavcodec/ffmpeg_dynamic/aactab.o
[OHOS INFO] [NINJA] [2899/9507] CC obj/third_party/ffmpeg/libavcodec/ffmpeg_dynamic/ac3.o
[OHOS INFO] [NINJA] [2900/9507] CC obj/third_party/ffmpeg/libavcodec/ffmpeg_dynamic/ac3dec_data.o
[OHOS INFO] [NINJA] [2901/9507] CC obj/third_party/ffmpeg/libavcodec/ffmpeg_dynamic/ac3_parser.o
[OHOS INFO] [NINJA] [2902/9507] CC obj/third_party/ffmpeg/libavcodec/ffmpeg_dynamic/aaccoder.o
[OHOS INFO] [NINJA] [2903/9507] CC obj/third_party/ffmpeg/libavcodec/ffmpeg_dynamic/aacpsy.o
[OHOS INFO] [NINJA] [2904/9507] CC obj/third_party/ffmpeg/libavcodec/ffmpeg_dynamic/aacps_float.o
[OHOS INFO] [NINJA] [2905/9507] CC obj/third_party/ffmpeg/libavcodec/ffmpeg_dynamic/ac3tab.o
[OHOS INFO] [NINJA] [2906/9507] CC obj/third_party/ffmpeg/libavcodec/ffmpeg_dynamic/ac3dsp.o
[OHOS INFO] [NINJA] [2907/9507] CC obj/third_party/ffmpeg/libavcodec/ffmpeg_dynamic/acelp_filters.o
[OHOS INFO] [NINJA] [2908/9507] CC obj/third_party/ffmpeg/libavcodec/ffmpeg_dynamic/acelp_pitch_delay.o
[OHOS INFO] [NINJA] [2909/9507] CC obj/third_party/ffmpeg/libavcodec/ffmpeg_dynamic/adpcm_data.o
[OHOS INFO] [NINJA] [2910/9507] CC obj/third_party/ffmpeg/libavcodec/ffmpeg_dynamic/acelp_vectors.o
[OHOS INFO] [NINJA] [2911/9507] CC obj/third_party/ffmpeg/libavformat/ffmpeg_dynamic/xa.o
[OHOS INFO] [NINJA] [2912/9507] CC obj/third_party/ffmpeg/libavcodec/ffmpeg_dynamic/adts_header.o
[OHOS INFO] [NINJA] [2913/9507] CC obj/third_party/ffmpeg/libavcodec/ffmpeg_dynamic/adts_parser.o
[OHOS INFO] [NINJA] [2914/9507] CC obj/third_party/ffmpeg/libavcodec/ffmpeg_dynamic/adx.o
[OHOS INFO] [NINJA] [2915/9507] CC obj/third_party/ffmpeg/libavcodec/ffmpeg_dynamic/aacsbr.o
[OHOS INFO] [NINJA] [2916/9507] CC obj/third_party/ffmpeg/libavcodec/ffmpeg_dynamic/adxdec.o
[OHOS INFO] [NINJA] [2917/9507] CC obj/third_party/ffmpeg/libavcodec/ffmpeg_dynamic/alac_data.o
[OHOS INFO] [NINJA] [2918/9507] CC obj/third_party/ffmpeg/libavcodec/ffmpeg_dynamic/alacdsp.o
[OHOS INFO] [NINJA] [2919/9507] CC obj/third_party/ffmpeg/libavcodec/ffmpeg_dynamic/allcodecs.o
[OHOS INFO] [NINJA] [2920/9507] CC obj/third_party/ffmpeg/libavcodec/ffmpeg_dynamic/alac.o
[OHOS INFO] [NINJA] [2921/9507] CC obj/third_party/ffmpeg/libavcodec/ffmpeg_dynamic/alacenc.o
[OHOS INFO] [NINJA] [2922/9507] CC obj/third_party/ffmpeg/libavcodec/ffmpeg_dynamic/ac3dec_float.o
[OHOS INFO] [NINJA] [2923/9507] CC obj/third_party/ffmpeg/libavcodec/ffmpeg_dynamic/amrnbdec.o
[OHOS INFO] [NINJA] [2924/9507] CC obj/third_party/ffmpeg/libavcodec/ffmpeg_dynamic/atsc_a53.o
[OHOS INFO] [NINJA] [2925/9507] CC obj/third_party/ffmpeg/libavcodec/ffmpeg_dynamic/adpcm.o
[OHOS INFO] [NINJA] [2926/9507] CC obj/third_party/ffmpeg/libavcodec/ffmpeg_dynamic/amrwbdec.o
[OHOS INFO] [NINJA] [2927/9507] CC obj/third_party/ffmpeg/libavcodec/ffmpeg_dynamic/audiodsp.o
[OHOS INFO] [NINJA] [2928/9507] CC obj/third_party/ffmpeg/libavcodec/ffmpeg_dynamic/audio_frame_queue.o
[OHOS INFO] [NINJA] [2929/9507] CC obj/third_party/ffmpeg/libavcodec/ffmpeg_dynamic/ac3dec_fixed.o
[OHOS INFO] [NINJA] [2930/9507] CC obj/third_party/ffmpeg/libavcodec/ffmpeg_dynamic/av1_parse.o
[OHOS INFO] [NINJA] [2931/9507] CC obj/third_party/ffmpeg/libavcodec/ffmpeg_dynamic/avfft.o
[OHOS INFO] [NINJA] [2932/9507] CC obj/third_party/ffmpeg/libavcodec/ffmpeg_dynamic/avdct.o
[OHOS INFO] [NINJA] [2933/9507] CC obj/third_party/ffmpeg/libavcodec/ffmpeg_dynamic/apedec.o
[OHOS INFO] [NINJA] [2934/9507] CC obj/third_party/ffmpeg/libavcodec/ffmpeg_dynamic/av3a_parser.o
[OHOS INFO] [NINJA] [2935/9507] CC obj/third_party/ffmpeg/libavcodec/ffmpeg_dynamic/avcodec.o
[OHOS INFO] [NINJA] [2936/9507] CC obj/third_party/ffmpeg/libavcodec/ffmpeg_dynamic/aom_film_grain.o
[OHOS INFO] [NINJA] [2937/9507] CC obj/third_party/ffmpeg/libavcodec/ffmpeg_dynamic/bitstream.o
[OHOS INFO] [NINJA] [2938/9507] CC obj/third_party/ffmpeg/libavcodec/ffmpeg_dynamic/blockdsp.o
[OHOS INFO] [NINJA] [2939/9507] CC obj/third_party/ffmpeg/libavcodec/ffmpeg_dynamic/bitstream_filters.o
[OHOS INFO] [NINJA] [2940/9507] CC obj/third_party/ffmpeg/libavcodec/ffmpeg_dynamic/bmp.o
[OHOS INFO] [NINJA] [2941/9507] CC obj/third_party/ffmpeg/libavcodec/bsf/ffmpeg_dynamic/extract_extradata.o
[OHOS INFO] [NINJA] [2942/9507] CC obj/third_party/ffmpeg/libavcodec/ffmpeg_dynamic/bsf.o
[OHOS INFO] [NINJA] [2943/9507] CC obj/third_party/ffmpeg/libavcodec/bsf/ffmpeg_dynamic/hevc_mp4toannexb.o
[OHOS INFO] [NINJA] [2944/9507] CC obj/third_party/ffmpeg/libavcodec/bsf/ffmpeg_dynamic/aac_adtstoasc.o
[OHOS INFO] [NINJA] [2945/9507] CC obj/third_party/ffmpeg/libavcodec/bsf/ffmpeg_dynamic/null.o
[OHOS INFO] [NINJA] [2946/9507] CC obj/third_party/ffmpeg/libavcodec/bsf/ffmpeg_dynamic/h264_mp4toannexb.o
[OHOS INFO] [NINJA] [2947/9507] CC obj/third_party/ffmpeg/libavcodec/ffmpeg_dynamic/cabac.o
[OHOS INFO] [NINJA] [2948/9507] CC obj/third_party/ffmpeg/libavcodec/bsf/ffmpeg_dynamic/vp9_superframe.o
[OHOS INFO] [NINJA] [2949/9507] CC obj/third_party/ffmpeg/libavcodec/bsf/ffmpeg_dynamic/vp9_superframe_split.o
[OHOS INFO] [NINJA] [2950/9507] CC obj/third_party/ffmpeg/libavcodec/ffmpeg_dynamic/bswapdsp.o
[OHOS INFO] [NINJA] [2951/9507] CC obj/third_party/ffmpeg/libavcodec/ffmpeg_dynamic/cbrt_data.o
[OHOS INFO] [NINJA] [2952/9507] CC obj/third_party/ffmpeg/libavcodec/bsf/ffmpeg_dynamic/vvc_mp4toannexb.o
[OHOS INFO] [NINJA] [2953/9507] CC obj/third_party/ffmpeg/libavcodec/ffmpeg_dynamic/celp_math.o
[OHOS INFO] [NINJA] [2954/9507] CC obj/third_party/ffmpeg/libavcodec/ffmpeg_dynamic/celp_filters.o
[OHOS INFO] [NINJA] [2955/9507] CC obj/third_party/ffmpeg/libavcodec/ffmpeg_dynamic/codec_desc.o
[OHOS INFO] [NINJA] [2956/9507] CC obj/third_party/ffmpeg/libavcodec/ffmpeg_dynamic/cinepak.o
[OHOS INFO] [NINJA] [2957/9507] CC obj/third_party/ffmpeg/libavcodec/ffmpeg_dynamic/d3d11va.o
[OHOS INFO] [NINJA] [2958/9507] CC obj/third_party/ffmpeg/libavcodec/ffmpeg_dynamic/cook_parser.o
[OHOS INFO] [NINJA] [2959/9507] CC obj/third_party/ffmpeg/libavcodec/ffmpeg_dynamic/codec_par.o
[OHOS INFO] [NINJA] [2960/9507] CC obj/third_party/ffmpeg/libavcodec/ffmpeg_dynamic/dca.o
[OHOS INFO] [NINJA] [2961/9507] CC obj/third_party/ffmpeg/libavcodec/ffmpeg_dynamic/cinepakenc.o
[OHOS INFO] [NINJA] [2962/9507] CC obj/third_party/ffmpeg/libavcodec/ffmpeg_dynamic/cook.o
[OHOS INFO] [NINJA] [2963/9507] CC obj/third_party/ffmpeg/libavcodec/ffmpeg_dynamic/dca_exss.o
[OHOS INFO] [NINJA] [2964/9507] CC obj/third_party/ffmpeg/libavcodec/ffmpeg_dynamic/dca_parser.o
[OHOS INFO] [NINJA] [2965/9507] CC obj/third_party/ffmpeg/libavcodec/ffmpeg_dynamic/dcadata.o
[OHOS INFO] [NINJA] [2966/9507] CC obj/third_party/ffmpeg/libavcodec/ffmpeg_dynamic/dcadec.o
[OHOS INFO] [NINJA] [2967/9507] CC obj/third_party/ffmpeg/libavcodec/ffmpeg_dynamic/dcahuff.o
[OHOS INFO] [NINJA] [2968/9507] CC obj/third_party/ffmpeg/libavcodec/ffmpeg_dynamic/dcadsp.o
[OHOS INFO] [NINJA] [2969/9507] CC obj/third_party/ffmpeg/libavcodec/ffmpeg_dynamic/dct32_fixed.o
[OHOS INFO] [NINJA] [2970/9507] CC obj/third_party/ffmpeg/libavcodec/ffmpeg_dynamic/dca_lbr.o
[OHOS INFO] [NINJA] [2971/9507] CC obj/third_party/ffmpeg/libavcodec/ffmpeg_dynamic/dct32_float.o
[OHOS INFO] [NINJA] [2972/9507] CC obj/third_party/ffmpeg/libavcodec/ffmpeg_dynamic/dcadct.o
[OHOS INFO] [NINJA] [2973/9507] CC obj/third_party/ffmpeg/libavcodec/ffmpeg_dynamic/dca_xll.o
[OHOS INFO] [NINJA] [2974/9507] CC obj/third_party/ffmpeg/libavcodec/ffmpeg_dynamic/mpeg4audio_sample_rates.o
[OHOS INFO] [NINJA] [2975/9507] CC obj/third_party/ffmpeg/libavcodec/ffmpeg_dynamic/get_buffer.o
[OHOS INFO] [NINJA] [2976/9507] CC obj/third_party/ffmpeg/libavcodec/ffmpeg_dynamic/dca_core.o
[OHOS INFO] [NINJA] [2977/9507] CC obj/third_party/ffmpeg/libavcodec/ffmpeg_dynamic/speedhqenc.o
[OHOS INFO] [NINJA] [2978/9507] CC obj/third_party/ffmpeg/libavcodec/ffmpeg_dynamic/dirac_vlc.o
[OHOS INFO] [NINJA] [2979/9507] CC obj/third_party/ffmpeg/libavcodec/ffmpeg_dynamic/vlc.o
[OHOS INFO] [NINJA] [2980/9507] CC obj/third_party/ffmpeg/libavcodec/ffmpeg_dynamic/dv.o
[OHOS INFO] [NINJA] [2981/9507] CC obj/third_party/ffmpeg/libavcodec/ffmpeg_dynamic/dv_profile.o
[OHOS INFO] [NINJA] [2982/9507] CC obj/third_party/ffmpeg/libavcodec/ffmpeg_dynamic/decode.o
[OHOS INFO] [NINJA] [2983/9507] CC obj/third_party/ffmpeg/libavcodec/ffmpeg_dynamic/dirac.o
[OHOS INFO] [NINJA] [2984/9507] CC obj/third_party/ffmpeg/libavcodec/ffmpeg_dynamic/dvaudio_parser.o
[OHOS INFO] [NINJA] [2985/9507] CC obj/third_party/ffmpeg/libavcodec/ffmpeg_dynamic/dvdata.o
[OHOS INFO] [NINJA] [2986/9507] CC obj/third_party/ffmpeg/libavcodec/ffmpeg_dynamic/dvaudiodec.o
[OHOS INFO] [NINJA] [2987/9507] CC obj/third_party/ffmpeg/libavcodec/ffmpeg_dynamic/eac3_data.o
[OHOS INFO] [NINJA] [2988/9507] CC obj/third_party/ffmpeg/libavcodec/ffmpeg_dynamic/mpegvideo_dec.o
[OHOS INFO] [NINJA] [2989/9507] CC obj/third_party/ffmpeg/libavcodec/ffmpeg_dynamic/exif.o
[OHOS INFO] [NINJA] [2990/9507] CC obj/third_party/ffmpeg/libavcodec/ffmpeg_dynamic/fdctdsp.o
[OHOS INFO] [NINJA] [2991/9507] CC obj/third_party/ffmpeg/libavcodec/ffmpeg_dynamic/encode.o
[OHOS INFO] [NINJA] [2992/9507] CC obj/third_party/ffmpeg/libavcodec/ffmpeg_dynamic/elbg.o
[OHOS INFO] [NINJA] [2993/9507] CC obj/third_party/ffmpeg/libavcodec/ffmpeg_dynamic/flacdata.o
[OHOS INFO] [NINJA] [2994/9507] CC obj/third_party/ffmpeg/libavcodec/ffmpeg_dynamic/flac.o
[OHOS INFO] [NINJA] [2995/9507] CC obj/third_party/ffmpeg/libavcodec/ffmpeg_dynamic/flac_parser.o
[OHOS INFO] [NINJA] [2996/9507] CC obj/third_party/ffmpeg/libavcodec/ffmpeg_dynamic/flacdsp.o
[OHOS INFO] [NINJA] [2997/9507] CC obj/third_party/ffmpeg/libavcodec/ffmpeg_dynamic/dvdec.o
[OHOS INFO] [NINJA] [2998/9507] CC obj/third_party/ffmpeg/libavcodec/ffmpeg_dynamic/flacdec.o
[OHOS INFO] [NINJA] [2999/9507] CC obj/third_party/ffmpeg/libavcodec/ffmpeg_dynamic/error_resilience.o
[OHOS INFO] [NINJA] [3000/9507] CC obj/third_party/ffmpeg/libavcodec/ffmpeg_dynamic/flvdec.o
[OHOS INFO] [NINJA] [3001/9507] CC obj/third_party/ffmpeg/libavcodec/ffmpeg_dynamic/fmtconvert.o
[OHOS INFO] [NINJA] [3002/9507] CC obj/third_party/ffmpeg/libavcodec/ffmpeg_dynamic/flvenc.o
[OHOS INFO] [NINJA] [3003/9507] CC obj/third_party/ffmpeg/libavcodec/ffmpeg_dynamic/g722.o
[OHOS INFO] [NINJA] [3004/9507] CC obj/third_party/ffmpeg/libavcodec/ffmpeg_dynamic/g722dsp.o
[OHOS INFO] [NINJA] [3005/9507] CC obj/third_party/ffmpeg/libavcodec/ffmpeg_dynamic/flacencdsp.o
[OHOS INFO] [NINJA] [3006/9507] CC obj/third_party/ffmpeg/libavcodec/ffmpeg_dynamic/frame_thread_encoder.o
[OHOS INFO] [NINJA] [3007/9507] CC obj/third_party/ffmpeg/libavcodec/ffmpeg_dynamic/g722dec.o
[OHOS INFO] [NINJA] [3008/9507] CC obj/third_party/ffmpeg/libavcodec/ffmpeg_dynamic/golomb.o
[OHOS INFO] [NINJA] [3009/9507] CC obj/third_party/ffmpeg/libavcodec/ffmpeg_dynamic/gsm_parser.o
[OHOS INFO] [NINJA] [3010/9507] CC obj/third_party/ffmpeg/libavcodec/ffmpeg_dynamic/gsmdec_data.o
[OHOS INFO] [NINJA] [3011/9507] CC obj/third_party/ffmpeg/libavcodec/ffmpeg_dynamic/h261_parser.o
[OHOS INFO] [NINJA] [3012/9507] CC obj/third_party/ffmpeg/libavcodec/ffmpeg_dynamic/h261.o
[OHOS INFO] [NINJA] [3013/9507] CC obj/third_party/ffmpeg/libavcodec/ffmpeg_dynamic/g726.o
[OHOS INFO] [NINJA] [3014/9507] CC obj/third_party/ffmpeg/libavcodec/ffmpeg_dynamic/h261data.o
[OHOS INFO] [NINJA] [3015/9507] CC obj/third_party/ffmpeg/libavcodec/ffmpeg_dynamic/gsmdec.o
[OHOS INFO] [NINJA] [3016/9507] CC obj/third_party/ffmpeg/libavcodec/ffmpeg_dynamic/h263data.o
[OHOS INFO] [NINJA] [3017/9507] CC obj/third_party/ffmpeg/libavcodec/ffmpeg_dynamic/flacenc.o
[OHOS INFO] [NINJA] [3018/9507] CC obj/third_party/ffmpeg/libavcodec/ffmpeg_dynamic/h263_parser.o
[OHOS INFO] [NINJA] [3019/9507] CC obj/third_party/ffmpeg/libavcodec/ffmpeg_dynamic/h263.o
[OHOS INFO] [NINJA] [3020/9507] CC obj/third_party/ffmpeg/libavcodec/ffmpeg_dynamic/h261enc.o
[OHOS INFO] [NINJA] [3021/9507] CC obj/third_party/ffmpeg/libavcodec/ffmpeg_dynamic/h261dec.o
[OHOS INFO] [NINJA] [3022/9507] CC obj/third_party/ffmpeg/libavcodec/ffmpeg_dynamic/h263dsp.o
[OHOS INFO] [NINJA] [3023/9507] CC obj/third_party/ffmpeg/libavcodec/ffmpeg_dynamic/h263dec.o
[OHOS INFO] [NINJA] [3024/9507] CC obj/third_party/ffmpeg/libavcodec/ffmpeg_dynamic/h2645data.o
[OHOS INFO] [NINJA] [3025/9507] CC obj/third_party/ffmpeg/libavcodec/ffmpeg_dynamic/h2645_vui.o
[OHOS INFO] [NINJA] [3026/9507] CC obj/third_party/ffmpeg/libavcodec/ffmpeg_dynamic/h2645_parse.o
[OHOS INFO] [NINJA] [3027/9507] CC obj/third_party/ffmpeg/libavcodec/ffmpeg_dynamic/h2645_sei.o
[OHOS INFO] [NINJA] [3028/9507] CC obj/third_party/ffmpeg/libavcodec/ffmpeg_dynamic/h264_direct.o
[OHOS INFO] [NINJA] [3029/9507] CC obj/third_party/ffmpeg/libavcodec/ffmpeg_dynamic/h264_parse.o
[OHOS INFO] [NINJA] [3030/9507] CC obj/third_party/ffmpeg/libavcodec/ffmpeg_dynamic/h264_picture.o
[OHOS INFO] [NINJA] [3031/9507] CC obj/third_party/ffmpeg/libavcodec/ffmpeg_dynamic/h264_parser.o
[OHOS INFO] [NINJA] [3032/9507] CC obj/third_party/ffmpeg/libavcodec/ffmpeg_dynamic/h274.o
[OHOS INFO] [NINJA] [3033/9507] CC obj/third_party/ffmpeg/libavcodec/ffmpeg_dynamic/h264_loopfilter.o
[OHOS INFO] [NINJA] [3034/9507] CC obj/third_party/ffmpeg/libavcodec/ffmpeg_dynamic/h264_ps.o
[OHOS INFO] [NINJA] [3035/9507] CC obj/third_party/ffmpeg/libavcodec/ffmpeg_dynamic/h264_cavlc.o
[OHOS INFO] [NINJA] [3036/9507] CC obj/third_party/ffmpeg/libavcodec/ffmpeg_dynamic/h264_sei.o
[OHOS INFO] [NINJA] [3037/9507] CC obj/third_party/ffmpeg/libavcodec/ffmpeg_dynamic/h264_cabac.o
[OHOS INFO] [NINJA] [3038/9507] CC obj/third_party/ffmpeg/libavcodec/ffmpeg_dynamic/h264data.o
[OHOS INFO] [NINJA] [3039/9507] CC obj/third_party/ffmpeg/libavcodec/ffmpeg_dynamic/h264_refs.o
[OHOS INFO] [NINJA] [3040/9507] CC obj/third_party/ffmpeg/libavcodec/ffmpeg_dynamic/h264chroma.o
[OHOS INFO] [NINJA] [3041/9507] CC obj/third_party/ffmpeg/libavcodec/ffmpeg_dynamic/h264_mb.o
[OHOS INFO] [NINJA] [3042/9507] CC obj/third_party/ffmpeg/libavcodec/ffmpeg_dynamic/h264dec.o
[OHOS INFO] [NINJA] [3043/9507] CC obj/third_party/ffmpeg/libavcodec/ffmpeg_dynamic/h264idct.o
[OHOS INFO] [NINJA] [3044/9507] CC obj/third_party/ffmpeg/libavcodec/ffmpeg_dynamic/hpeldsp.o
[OHOS INFO] [NINJA] [3045/9507] CC obj/third_party/ffmpeg/libavcodec/ffmpeg_dynamic/h264_slice.o
[OHOS INFO] [NINJA] [3046/9507] CC obj/third_party/ffmpeg/libavcodec/ffmpeg_dynamic/iirfilter.o
[OHOS INFO] [NINJA] [3047/9507] CC obj/third_party/ffmpeg/libavcodec/ffmpeg_dynamic/idctdsp.o
[OHOS INFO] [NINJA] [3048/9507] CC obj/third_party/ffmpeg/libavcodec/ffmpeg_dynamic/imgconvert.o
[OHOS INFO] [NINJA] [3049/9507] CC obj/third_party/ffmpeg/libavcodec/ffmpeg_dynamic/intelh263dec.o
[OHOS INFO] [NINJA] [3050/9507] CC obj/third_party/ffmpeg/libavcodec/ffmpeg_dynamic/intrax8.o
[OHOS INFO] [NINJA] [3051/9507] CC obj/third_party/ffmpeg/libavcodec/ffmpeg_dynamic/h264dsp.o
[OHOS INFO] [NINJA] [3052/9507] CC obj/third_party/ffmpeg/libavcodec/ffmpeg_dynamic/ilbcdec.o
[OHOS INFO] [NINJA] [3053/9507] CC obj/third_party/ffmpeg/libavcodec/ffmpeg_dynamic/intrax8dsp.o
[OHOS INFO] [NINJA] [3054/9507] CC obj/third_party/ffmpeg/libavcodec/ffmpeg_dynamic/jfdctfst.o
[OHOS INFO] [NINJA] [3055/9507] CC obj/third_party/ffmpeg/libavcodec/ffmpeg_dynamic/jni.o
[OHOS INFO] [NINJA] [3056/9507] CC obj/third_party/ffmpeg/libavcodec/ffmpeg_dynamic/jfdctint.o
[OHOS INFO] [NINJA] [3057/9507] CC obj/third_party/ffmpeg/libavcodec/ffmpeg_dynamic/jpegls.o
[OHOS INFO] [NINJA] [3058/9507] CC obj/third_party/ffmpeg/libavcodec/ffmpeg_dynamic/jpegtables.o
[OHOS INFO] [NINJA] [3059/9507] CC obj/third_party/ffmpeg/libavcodec/ffmpeg_dynamic/ituh263dec.o
[OHOS INFO] [NINJA] [3060/9507] CC obj/third_party/ffmpeg/libavcodec/ffmpeg_dynamic/jpeglsdec.o
[OHOS INFO] [NINJA] [3061/9507] CC obj/third_party/ffmpeg/libavcodec/ffmpeg_dynamic/kbdwin.o
[OHOS INFO] [NINJA] [3062/9507] CC obj/third_party/ffmpeg/libavcodec/ffmpeg_dynamic/ituh263enc.o
[OHOS INFO] [NINJA] [3063/9507] CC obj/third_party/ffmpeg/libavcodec/ffmpeg_dynamic/latm_parser.o
[OHOS INFO] [NINJA] [3064/9507] CC obj/third_party/ffmpeg/libavcodec/ffmpeg_dynamic/jrevdct.o
[OHOS INFO] [NINJA] [3065/9507] CC obj/third_party/ffmpeg/libavcodec/ffmpeg_dynamic/lossless_audiodsp.o
[OHOS INFO] [NINJA] [3066/9507] CC obj/third_party/ffmpeg/libavcodec/ffmpeg_dynamic/lcevcdec.o
[OHOS INFO] [NINJA] [3067/9507] CC obj/third_party/ffmpeg/libavcodec/ffmpeg_dynamic/mathtables.o
[OHOS INFO] [NINJA] [3068/9507] CC obj/third_party/ffmpeg/libavcodec/ffmpeg_dynamic/lpc.o
[OHOS INFO] [NINJA] [3069/9507] CC obj/third_party/ffmpeg/libavcodec/ffmpeg_dynamic/lsp.o
[OHOS INFO] [NINJA] [3070/9507] CC obj/third_party/ffmpeg/libavcodec/ffmpeg_dynamic/mediacodec.o
[OHOS INFO] [NINJA] [3071/9507] CC obj/third_party/ffmpeg/libavcodec/ffmpeg_dynamic/mjpeg_parser.o
[OHOS INFO] [NINJA] [3072/9507] CC obj/third_party/ffmpeg/libavcodec/ffmpeg_dynamic/mjpegdec_common.o
[OHOS INFO] [NINJA] [3073/9507] CC obj/third_party/ffmpeg/libavcodec/ffmpeg_dynamic/mjpegenc.o
[OHOS INFO] [NINJA] [3074/9507] CC obj/third_party/ffmpeg/libavcodec/ffmpeg_dynamic/mjpegenc_huffman.o
[OHOS INFO] [NINJA] [3075/9507] CC obj/third_party/ffmpeg/libavcodec/ffmpeg_dynamic/me_cmp.o
[OHOS INFO] [NINJA] [3076/9507] CC obj/third_party/ffmpeg/libavcodec/ffmpeg_dynamic/mlp.o
[OHOS INFO] [NINJA] [3077/9507] CC obj/third_party/ffmpeg/libavcodec/ffmpeg_dynamic/mlp_parse.o
[OHOS INFO] [NINJA] [3078/9507] CC obj/third_party/ffmpeg/libavcodec/ffmpeg_dynamic/mlp_parser.o
[OHOS INFO] [NINJA] [3079/9507] CC obj/third_party/ffmpeg/libavcodec/ffmpeg_dynamic/mjpegenc_common.o
[OHOS INFO] [NINJA] [3080/9507] CC obj/third_party/ffmpeg/libavcodec/ffmpeg_dynamic/mlpdsp.o
[OHOS INFO] [NINJA] [3081/9507] CC obj/third_party/ffmpeg/libavcodec/ffmpeg_dynamic/mpeg12.o
[OHOS INFO] [NINJA] [3082/9507] CC obj/third_party/ffmpeg/libavcodec/ffmpeg_dynamic/mpeg12data.o
[OHOS INFO] [NINJA] [3083/9507] CC obj/third_party/ffmpeg/libavcodec/ffmpeg_dynamic/mlpdec.o
[OHOS INFO] [NINJA] [3084/9507] CC obj/third_party/ffmpeg/libavcodec/ffmpeg_dynamic/mjpegdec.o
[OHOS INFO] [NINJA] [3085/9507] CC obj/third_party/ffmpeg/libavcodec/ffmpeg_dynamic/mpeg12framerate.o
[OHOS INFO] [NINJA] [3086/9507] CC obj/third_party/ffmpeg/libavcodec/ffmpeg_dynamic/mpeg4audio.o
[OHOS INFO] [NINJA] [3087/9507] CC obj/third_party/ffmpeg/libavcodec/ffmpeg_dynamic/mpeg4video.o
[OHOS INFO] [NINJA] [3088/9507] CC obj/third_party/ffmpeg/libavcodec/ffmpeg_dynamic/mpeg12dec.o
[OHOS INFO] [NINJA] [3089/9507] CC obj/third_party/ffmpeg/libavcodec/ffmpeg_dynamic/mpeg4video_parser.o
[OHOS INFO] [NINJA] [3090/9507] CC obj/third_party/ffmpeg/libavcodec/ffmpeg_dynamic/mpeg4videodsp.o
[OHOS INFO] [NINJA] [3091/9507] CC obj/third_party/ffmpeg/libavcodec/ffmpeg_dynamic/mpeg12enc.o
[OHOS INFO] [NINJA] [3092/9507] CC obj/third_party/ffmpeg/libavcodec/ffmpeg_dynamic/h264pred.o
[OHOS INFO] [NINJA] [3093/9507] CC obj/third_party/ffmpeg/libavcodec/ffmpeg_dynamic/mpegaudio.o
[OHOS INFO] [NINJA] [3094/9507] CC obj/third_party/ffmpeg/libavcodec/ffmpeg_dynamic/mpeg_er.o
[OHOS INFO] [NINJA] [3095/9507] CC obj/third_party/ffmpeg/libavcodec/ffmpeg_dynamic/mpegaudiodata.o
[OHOS INFO] [NINJA] [3096/9507] CC obj/third_party/ffmpeg/libavcodec/ffmpeg_dynamic/mpegaudio_parser.o
[OHOS INFO] [NINJA] [3097/9507] CC obj/third_party/ffmpeg/libavcodec/ffmpeg_dynamic/mpegaudiodec_common.o
[OHOS INFO] [NINJA] [3098/9507] CC obj/third_party/ffmpeg/libavcodec/ffmpeg_dynamic/mpeg4videoenc.o
[OHOS INFO] [NINJA] [3099/9507] CC obj/third_party/ffmpeg/libavcodec/ffmpeg_dynamic/mpegaudiodecheader.o
[OHOS INFO] [NINJA] [3100/9507] CC obj/third_party/ffmpeg/libavcodec/ffmpeg_dynamic/mpegaudiodsp.o
[OHOS INFO] [NINJA] [3101/9507] CC obj/third_party/ffmpeg/libavcodec/ffmpeg_dynamic/mpeg4videodec.o
[OHOS INFO] [NINJA] [3102/9507] CC obj/third_party/ffmpeg/libavcodec/ffmpeg_dynamic/mpegaudiodsp_data.o
[OHOS INFO] [NINJA] [3103/9507] CC obj/third_party/ffmpeg/libavcodec/ffmpeg_dynamic/mpegaudiodec_fixed.o
[OHOS INFO] [NINJA] [3104/9507] CC obj/third_party/ffmpeg/libavcodec/ffmpeg_dynamic/mpegaudiodsp_float.o
[OHOS INFO] [NINJA] [3105/9507] CC obj/third_party/ffmpeg/libavcodec/ffmpeg_dynamic/mpegaudiodsp_fixed.o
[OHOS INFO] [NINJA] [3106/9507] CC obj/third_party/ffmpeg/libavcodec/ffmpeg_dynamic/mpegaudiodec_float.o
[OHOS INFO] [NINJA] [3107/9507] CC obj/third_party/ffmpeg/libavcodec/ffmpeg_dynamic/mpegpicture.o
[OHOS INFO] [NINJA] [3108/9507] CC obj/third_party/ffmpeg/libavcodec/ffmpeg_dynamic/mpegutils.o
[OHOS INFO] [NINJA] [3109/9507] CC obj/third_party/ffmpeg/libavcodec/ffmpeg_dynamic/mpegvideo.o
[OHOS INFO] [NINJA] [3110/9507] CC obj/third_party/ffmpeg/libavcodec/ffmpeg_dynamic/mpegvideodata.o
[OHOS INFO] [NINJA] [3111/9507] CC obj/third_party/ffmpeg/libavcodec/ffmpeg_dynamic/mpegvideo_parser.o
[OHOS INFO] [NINJA] [3112/9507] CC obj/third_party/ffmpeg/libavcodec/ffmpeg_dynamic/mpegvideo_motion.o
[OHOS INFO] [NINJA] [3113/9507] CC obj/third_party/ffmpeg/libavcodec/ffmpeg_dynamic/msgsmdec.o
[OHOS INFO] [NINJA] [3114/9507] CC obj/third_party/ffmpeg/libavcodec/ffmpeg_dynamic/mpegvideoencdsp.o
[OHOS INFO] [NINJA] [3115/9507] CC obj/third_party/ffmpeg/libavcodec/ffmpeg_dynamic/msmpeg4data.o
[OHOS INFO] [NINJA] [3116/9507] CC obj/third_party/ffmpeg/libavcodec/ffmpeg_dynamic/msmpeg4.o
[OHOS INFO] [NINJA] [3117/9507] CC obj/third_party/ffmpeg/libavcodec/ffmpeg_dynamic/msmpeg4_vc1_data.o
[OHOS INFO] [NINJA] [3118/9507] CC obj/third_party/ffmpeg/libavcodec/ffmpeg_dynamic/msrledec.o
[OHOS INFO] [NINJA] [3119/9507] CC obj/third_party/ffmpeg/libavcodec/ffmpeg_dynamic/msmpeg4dec.o
[OHOS INFO] [NINJA] [3120/9507] CC obj/third_party/ffmpeg/libavcodec/ffmpeg_dynamic/msmpeg4enc.o
[OHOS INFO] [NINJA] [3121/9507] CC obj/third_party/ffmpeg/libavcodec/ffmpeg_dynamic/msvideo1.o
[OHOS INFO] [NINJA] [3122/9507] CC obj/third_party/ffmpeg/libavcodec/ffmpeg_dynamic/options.o
[OHOS INFO] [NINJA] [3123/9507] CC obj/third_party/ffmpeg/libavcodec/opus/ffmpeg_dynamic/dec.o
[OHOS INFO] [NINJA] [3124/9507] CC obj/third_party/ffmpeg/libavcodec/opus/ffmpeg_dynamic/celt.o
[OHOS INFO] [NINJA] [3125/9507] CC obj/third_party/ffmpeg/libavcodec/opus/ffmpeg_dynamic/dec_celt.o
[OHOS INFO] [NINJA] [3126/9507] CC obj/third_party/ffmpeg/libavcodec/opus/ffmpeg_dynamic/dsp.o
[OHOS INFO] [NINJA] [3127/9507] CC obj/third_party/ffmpeg/libavcodec/opus/ffmpeg_dynamic/parse.o
[OHOS INFO] [NINJA] [3128/9507] CC obj/third_party/ffmpeg/libavcodec/opus/ffmpeg_dynamic/enc_psy.o
[OHOS INFO] [NINJA] [3129/9507] CC obj/third_party/ffmpeg/libavcodec/ffmpeg_dynamic/h264qpel.o
[OHOS INFO] [NINJA] [3130/9507] CC obj/third_party/ffmpeg/libavcodec/opus/ffmpeg_dynamic/parser.o
[OHOS INFO] [NINJA] [3131/9507] CC obj/third_party/ffmpeg/libavcodec/opus/ffmpeg_dynamic/enc.o
[OHOS INFO] [NINJA] [3132/9507] CC obj/third_party/ffmpeg/libavcodec/opus/ffmpeg_dynamic/tab.o
[OHOS INFO] [NINJA] [3133/9507] CC obj/third_party/ffmpeg/libavcodec/opus/ffmpeg_dynamic/rc.o
[OHOS INFO] [NINJA] [3134/9507] CC obj/third_party/ffmpeg/libavcodec/ffmpeg_dynamic/amr_parser.o
[OHOS INFO] [NINJA] [3135/9507] CC obj/third_party/ffmpeg/libavcodec/ffmpeg_dynamic/mpegvideo_enc.o
[OHOS INFO] [NINJA] [3136/9507] CC obj/third_party/ffmpeg/libavcodec/ffmpeg_dynamic/packet.o
[OHOS INFO] [NINJA] [3137/9507] CC obj/third_party/ffmpeg/libavcodec/ffmpeg_dynamic/parsers.o
[OHOS INFO] [NINJA] [3138/9507] CC obj/third_party/ffmpeg/libavcodec/ffmpeg_dynamic/parser.o
[OHOS INFO] [NINJA] [3139/9507] CC obj/third_party/ffmpeg/libavcodec/opus/ffmpeg_dynamic/silk.o
[OHOS INFO] [NINJA] [3140/9507] CC obj/third_party/ffmpeg/libavcodec/opus/ffmpeg_dynamic/pvq.o
[OHOS INFO] [NINJA] [3141/9507] CC obj/third_party/ffmpeg/libavcodec/ffmpeg_dynamic/pcm-dvd.o
[OHOS INFO] [NINJA] [3142/9507] CC obj/third_party/ffmpeg/libavcodec/ffmpeg_dynamic/profiles.o
[OHOS INFO] [NINJA] [3143/9507] CC obj/third_party/ffmpeg/libavcodec/ffmpeg_dynamic/pcm-bluray.o
[OHOS INFO] [NINJA] [3144/9507] CC obj/third_party/ffmpeg/libavcodec/ffmpeg_dynamic/pixblockdsp.o
[OHOS INFO] [NINJA] [3145/9507] CC obj/third_party/ffmpeg/libavcodec/ffmpeg_dynamic/psymodel.o
[OHOS INFO] [NINJA] [3146/9507] CC obj/third_party/ffmpeg/libavcodec/ffmpeg_dynamic/qsv_api.o
[OHOS INFO] [NINJA] [3147/9507] CC obj/third_party/ffmpeg/libavcodec/ffmpeg_dynamic/pthread_slice.o
[OHOS INFO] [NINJA] [3148/9507] CC obj/third_party/ffmpeg/libavcodec/ffmpeg_dynamic/pthread.o
[OHOS INFO] [NINJA] [3149/9507] CC obj/third_party/ffmpeg/libavcodec/ffmpeg_dynamic/rangecoder.o
[OHOS INFO] [NINJA] [3150/9507] CC obj/third_party/ffmpeg/libavcodec/ffmpeg_dynamic/raw.o
[OHOS INFO] [NINJA] [3151/9507] CC obj/third_party/ffmpeg/libavcodec/ffmpeg_dynamic/pthread_frame.o
[OHOS INFO] [NINJA] [3152/9507] CC obj/third_party/ffmpeg/libavcodec/ffmpeg_dynamic/refstruct.o
[OHOS INFO] [NINJA] [3153/9507] CC obj/third_party/ffmpeg/libavcodec/ffmpeg_dynamic/rl.o
[OHOS INFO] [NINJA] [3154/9507] CC obj/third_party/ffmpeg/libavcodec/ffmpeg_dynamic/rawdec.o
[OHOS INFO] [NINJA] [3155/9507] CC obj/third_party/ffmpeg/libavcodec/ffmpeg_dynamic/ratecontrol.o
[OHOS INFO] [NINJA] [3156/9507] CC obj/third_party/ffmpeg/libavcodec/ffmpeg_dynamic/rv10enc.o
[OHOS INFO] [NINJA] [3157/9507] CC obj/third_party/ffmpeg/libavcodec/ffmpeg_dynamic/rv10.o
[OHOS INFO] [NINJA] [3158/9507] CC obj/third_party/ffmpeg/libavcodec/ffmpeg_dynamic/rv20enc.o
[OHOS INFO] [NINJA] [3159/9507] CC obj/third_party/ffmpeg/libavcodec/ffmpeg_dynamic/sbrdsp.o
[OHOS INFO] [NINJA] [3160/9507] CC obj/third_party/ffmpeg/libavcodec/ffmpeg_dynamic/sinewin.o
[OHOS INFO] [NINJA] [3161/9507] CC obj/third_party/ffmpeg/libavcodec/ffmpeg_dynamic/snow.o
[OHOS INFO] [NINJA] [3162/9507] CC obj/third_party/ffmpeg/libavcodec/ffmpeg_dynamic/simple_idct.o
[OHOS INFO] [NINJA] [3163/9507] CC obj/third_party/ffmpeg/libavcodec/ffmpeg_dynamic/sp5xdec.o
[OHOS INFO] [NINJA] [3164/9507] CC obj/third_party/ffmpeg/libavcodec/ffmpeg_dynamic/speedhq.o
[OHOS INFO] [NINJA] [3165/9507] CC obj/third_party/ffmpeg/libavcodec/ffmpeg_dynamic/snow_dwt.o
[OHOS INFO] [NINJA] [3166/9507] CC obj/third_party/ffmpeg/libavcodec/ffmpeg_dynamic/startcode.o
[OHOS INFO] [NINJA] [3167/9507] CC obj/third_party/ffmpeg/libavcodec/ffmpeg_dynamic/threadprogress.o
[OHOS INFO] [NINJA] [3168/9507] CC obj/third_party/ffmpeg/libavcodec/ffmpeg_dynamic/synth_filter.o
[OHOS INFO] [NINJA] [3169/9507] CC obj/third_party/ffmpeg/libavcodec/ffmpeg_dynamic/snowdec.o
[OHOS INFO] [NINJA] [3170/9507] CC obj/third_party/ffmpeg/libavcodec/ffmpeg_dynamic/tiff_common.o
[OHOS INFO] [NINJA] [3171/9507] CC obj/third_party/ffmpeg/libavcodec/ffmpeg_dynamic/twinvq.o
[OHOS INFO] [NINJA] [3172/9507] CC obj/third_party/ffmpeg/libavcodec/ffmpeg_dynamic/utils.o
[OHOS INFO] [NINJA] [3173/9507] CC obj/third_party/ffmpeg/libavcodec/ffmpeg_dynamic/twinvqdec.o
[OHOS INFO] [NINJA] [3174/9507] CC obj/third_party/ffmpeg/libavcodec/ffmpeg_dynamic/motion_est.o
[OHOS INFO] [NINJA] [3175/9507] CC obj/third_party/ffmpeg/libavcodec/ffmpeg_dynamic/qpeldsp.o
[OHOS INFO] [NINJA] [3176/9507] CC obj/third_party/ffmpeg/libavcodec/ffmpeg_dynamic/vc1.o
[OHOS INFO] [NINJA] [3177/9507] CC obj/third_party/ffmpeg/libavcodec/ffmpeg_dynamic/vc1_parser.o
[OHOS INFO] [NINJA] [3178/9507] CC obj/third_party/ffmpeg/libavcodec/ffmpeg_dynamic/vc1_mc.o
[OHOS INFO] [NINJA] [3179/9507] CC obj/third_party/ffmpeg/libavcodec/ffmpeg_dynamic/vc1data.o
[OHOS INFO] [NINJA] [3180/9507] CC obj/third_party/ffmpeg/libavcodec/ffmpeg_dynamic/vc1_loopfilter.o
[OHOS INFO] [NINJA] [3181/9507] CC obj/third_party/ffmpeg/libavcodec/ffmpeg_dynamic/snowenc.o
[OHOS INFO] [NINJA] [3182/9507] CC obj/third_party/ffmpeg/libavcodec/ffmpeg_dynamic/vc1_pred.o
[OHOS INFO] [NINJA] [3183/9507] CC obj/third_party/ffmpeg/libavcodec/ffmpeg_dynamic/videodsp.o
[OHOS INFO] [NINJA] [3184/9507] CC obj/third_party/ffmpeg/libavcodec/ffmpeg_dynamic/vorbis.o
[OHOS INFO] [NINJA] [3185/9507] CC obj/third_party/ffmpeg/libavcodec/ffmpeg_dynamic/vorbis_data.o
[OHOS INFO] [NINJA] [3186/9507] CC obj/third_party/ffmpeg/libavcodec/ffmpeg_dynamic/vorbisdsp.o
[OHOS INFO] [NINJA] [3187/9507] CC obj/third_party/ffmpeg/libavcodec/ffmpeg_dynamic/vorbis_parser.o
[OHOS INFO] [NINJA] [3188/9507] CC obj/third_party/ffmpeg/libavcodec/ffmpeg_dynamic/vc1dec.o
[OHOS INFO] [NINJA] [3189/9507] CC obj/third_party/ffmpeg/libavcodec/ffmpeg_dynamic/vp8data.o
[OHOS INFO] [NINJA] [3190/9507] CC obj/third_party/ffmpeg/libavcodec/ffmpeg_dynamic/vp8_parser.o
[OHOS INFO] [NINJA] [3191/9507] CC obj/third_party/ffmpeg/libavcodec/ffmpeg_dynamic/vc1_block.o
[OHOS INFO] [NINJA] [3192/9507] CC obj/third_party/ffmpeg/libavcodec/ffmpeg_dynamic/vorbisdec.o
[OHOS INFO] [NINJA] [3193/9507] CC obj/third_party/ffmpeg/libavcodec/ffmpeg_dynamic/vp9_parser.o
[OHOS INFO] [NINJA] [3194/9507] CC obj/third_party/ffmpeg/libavcodec/ffmpeg_dynamic/vp9data.o
[OHOS INFO] [NINJA] [3195/9507] CC obj/third_party/ffmpeg/libavcodec/ffmpeg_dynamic/vp9dsp.o
[OHOS INFO] [NINJA] [3196/9507] CC obj/third_party/ffmpeg/libavcodec/ffmpeg_dynamic/vp8dsp.o
[OHOS INFO] [NINJA] [3197/9507] CC obj/third_party/ffmpeg/libavcodec/ffmpeg_dynamic/vp9.o
[OHOS INFO] [NINJA] [3198/9507] CC obj/third_party/ffmpeg/libavcodec/ffmpeg_dynamic/vc1dsp.o
[OHOS INFO] [NINJA] [3199/9507] CC obj/third_party/ffmpeg/libavcodec/ffmpeg_dynamic/vp9lpf.o
[OHOS INFO] [NINJA] [3200/9507] CC obj/third_party/ffmpeg/libavcodec/ffmpeg_dynamic/vp9mvs.o
[OHOS INFO] [NINJA] [3201/9507] CC obj/third_party/ffmpeg/libavcodec/ffmpeg_dynamic/vp9prob.o
[OHOS INFO] [NINJA] [3202/9507] CC obj/third_party/ffmpeg/libavcodec/ffmpeg_dynamic/vp9block.o
[OHOS INFO] [NINJA] [3203/9507] CC obj/third_party/ffmpeg/libavcodec/ffmpeg_dynamic/vpx_rac.o
[OHOS INFO] [NINJA] [3204/9507] CC obj/third_party/ffmpeg/libavcodec/ffmpeg_dynamic/wma.o
[OHOS INFO] [NINJA] [3205/9507] CC obj/third_party/ffmpeg/libavcodec/ffmpeg_dynamic/wma_common.o
[OHOS INFO] [NINJA] [3206/9507] CC obj/third_party/ffmpeg/libavcodec/ffmpeg_dynamic/wma_freqs.o
[OHOS INFO] [NINJA] [3207/9507] CC obj/third_party/ffmpeg/libavcodec/ffmpeg_dynamic/vp9dsp_12bpp.o
[OHOS INFO] [NINJA] [3208/9507] CC obj/third_party/ffmpeg/libavcodec/ffmpeg_dynamic/vp9dsp_10bpp.o
[OHOS INFO] [NINJA] [3209/9507] CC obj/third_party/ffmpeg/libavcodec/ffmpeg_dynamic/wmadec.o
[OHOS INFO] [NINJA] [3210/9507] CC obj/third_party/ffmpeg/libavcodec/ffmpeg_dynamic/wmv2data.o
[OHOS INFO] [NINJA] [3211/9507] CC obj/third_party/ffmpeg/libavcodec/ffmpeg_dynamic/wmv2.o
[OHOS INFO] [NINJA] [3212/9507] CC obj/third_party/ffmpeg/libavcodec/ffmpeg_dynamic/vp9dsp_8bpp.o
[OHOS INFO] [NINJA] [3213/9507] CC obj/third_party/ffmpeg/libavcodec/ffmpeg_dynamic/wmv2dsp.o
[OHOS INFO] [NINJA] [3214/9507] CC obj/third_party/ffmpeg/libavcodec/ffmpeg_dynamic/xiph.o
[OHOS INFO] [NINJA] [3215/9507] CC obj/third_party/ffmpeg/libavcodec/ffmpeg_dynamic/wmv2dec.o
[OHOS INFO] [NINJA] [3216/9507] CC obj/third_party/ffmpeg/libavcodec/ffmpeg_dynamic/wmv2enc.o
[OHOS INFO] [NINJA] [3217/9507] CC obj/third_party/ffmpeg/libavfilter/ffmpeg_dynamic/allfilters.o
[OHOS INFO] [NINJA] [3218/9507] CC obj/third_party/ffmpeg/libavcodec/ffmpeg_dynamic/wmaprodec.o
[OHOS INFO] [NINJA] [3219/9507] CC obj/third_party/ffmpeg/libavfilter/ffmpeg_dynamic/audio.o
[OHOS INFO] [NINJA] [3220/9507] CC obj/third_party/ffmpeg/libavcodec/ffmpeg_dynamic/xvididct.o
[OHOS INFO] [NINJA] [3221/9507] CC obj/third_party/ffmpeg/libavfilter/ffmpeg_dynamic/buffersink.o
[OHOS INFO] [NINJA] [3222/9507] CC obj/third_party/ffmpeg/libavfilter/ffmpeg_dynamic/buffersrc.o
[OHOS INFO] [NINJA] [3223/9507] CC obj/third_party/ffmpeg/libavfilter/ffmpeg_dynamic/avfilter.o
[OHOS INFO] [NINJA] [3224/9507] CC obj/third_party/ffmpeg/libavfilter/ffmpeg_dynamic/colorspace.o
[OHOS INFO] [NINJA] [3225/9507] CC obj/third_party/ffmpeg/libavfilter/ffmpeg_dynamic/framepool.o
[OHOS INFO] [NINJA] [3226/9507] CC obj/third_party/ffmpeg/libavfilter/ffmpeg_dynamic/drawutils.o
[OHOS INFO] [NINJA] [3227/9507] CC obj/third_party/ffmpeg/libavfilter/ffmpeg_dynamic/framequeue.o
[OHOS INFO] [NINJA] [3228/9507] CC obj/third_party/ffmpeg/libavfilter/ffmpeg_dynamic/avfiltergraph.o
[OHOS INFO] [NINJA] [3229/9507] CC obj/third_party/ffmpeg/libavfilter/ffmpeg_dynamic/graphdump.o
[OHOS INFO] [NINJA] [3230/9507] CC obj/third_party/ffmpeg/libavfilter/ffmpeg_dynamic/pthread.o
[OHOS INFO] [NINJA] [3231/9507] CC obj/third_party/ffmpeg/libavfilter/ffmpeg_dynamic/transform.o
[OHOS INFO] [NINJA] [3232/9507] CC obj/third_party/ffmpeg/libavfilter/ffmpeg_dynamic/formats.o
[OHOS INFO] [NINJA] [3233/9507] CC obj/third_party/ffmpeg/libavfilter/ffmpeg_dynamic/vf_crop.o
[OHOS INFO] [NINJA] [3234/9507] CC obj/third_party/ffmpeg/libavfilter/ffmpeg_dynamic/vf_hflip.o
[OHOS INFO] [NINJA] [3235/9507] CC obj/third_party/ffmpeg/libavfilter/ffmpeg_dynamic/vf_vflip.o
[OHOS INFO] [NINJA] [3236/9507] CC obj/third_party/ffmpeg/libavfilter/ffmpeg_dynamic/graphparser.o
[OHOS INFO] [NINJA] [3237/9507] CC obj/third_party/ffmpeg/libavfilter/ffmpeg_dynamic/vf_transpose.o
[OHOS INFO] [NINJA] [3238/9507] CC obj/third_party/ffmpeg/libavfilter/ffmpeg_dynamic/video.o
[OHOS INFO] [NINJA] [3239/9507] CC obj/third_party/ffmpeg/libavcodec/ffmpeg_dynamic/vp9recon.o
[OHOS INFO] [NINJA] [3240/9507] CC obj/third_party/ffmpeg/libavformat/ffmpeg_dynamic/aacdec.o
[OHOS INFO] [NINJA] [3241/9507] CC obj/third_party/ffmpeg/libavformat/ffmpeg_dynamic/ac3dec.o
[OHOS INFO] [NINJA] [3242/9507] CC obj/third_party/ffmpeg/libavformat/ffmpeg_dynamic/afc.o
[OHOS INFO] [NINJA] [3243/9507] CC obj/third_party/ffmpeg/libavformat/ffmpeg_dynamic/adxdec.o
[OHOS INFO] [NINJA] [3244/9507] CC obj/third_party/ffmpeg/libavformat/ffmpeg_dynamic/aiff.o
[OHOS INFO] [NINJA] [3245/9507] CC obj/third_party/ffmpeg/libavformat/ffmpeg_dynamic/adtsenc.o
[OHOS INFO] [NINJA] [3246/9507] CC obj/third_party/ffmpeg/libavformat/ffmpeg_dynamic/aiffenc.o
[OHOS INFO] [NINJA] [3247/9507] CC obj/third_party/ffmpeg/libavformat/ffmpeg_dynamic/allformats.o
[OHOS INFO] [NINJA] [3248/9507] CC obj/third_party/ffmpeg/libavformat/ffmpeg_dynamic/aiffdec.o
[OHOS INFO] [NINJA] [3249/9507] CC obj/third_party/ffmpeg/libavformat/ffmpeg_dynamic/amr.o
[OHOS INFO] [NINJA] [3250/9507] CC obj/third_party/ffmpeg/libavcodec/ffmpeg_dynamic/vp8.o
[OHOS INFO] [NINJA] [3251/9507] CC obj/third_party/ffmpeg/libavformat/ffmpeg_dynamic/apetag.o
[OHOS INFO] [NINJA] [3252/9507] CC obj/third_party/ffmpeg/libavformat/ffmpeg_dynamic/ape.o
[OHOS INFO] [NINJA] [3253/9507] CC obj/third_party/ffmpeg/libavformat/ffmpeg_dynamic/asfcrypt.o
[OHOS INFO] [NINJA] [3254/9507] CC obj/third_party/ffmpeg/libavformat/ffmpeg_dynamic/asf.o
[OHOS INFO] [NINJA] [3255/9507] CC obj/third_party/ffmpeg/libavformat/ffmpeg_dynamic/au.o
[OHOS INFO] [NINJA] [3256/9507] CC obj/third_party/ffmpeg/libavformat/ffmpeg_dynamic/av3adec.o
[OHOS INFO] [NINJA] [3257/9507] CC obj/third_party/ffmpeg/libavformat/ffmpeg_dynamic/av1.o
[OHOS INFO] [NINJA] [3258/9507] CC obj/third_party/ffmpeg/libavformat/ffmpeg_dynamic/avc.o
[OHOS INFO] [NINJA] [3259/9507] CC obj/third_party/ffmpeg/libavformat/ffmpeg_dynamic/asfdec_o.o
[OHOS INFO] [NINJA] [3260/9507] CC obj/third_party/ffmpeg/libavformat/ffmpeg_dynamic/asfdec_f.o
[OHOS INFO] [NINJA] [3261/9507] CC obj/third_party/ffmpeg/libavformat/ffmpeg_dynamic/avlanguage.o
[OHOS INFO] [NINJA] [3262/9507] CC obj/third_party/ffmpeg/libavformat/ffmpeg_dynamic/caf.o
[OHOS INFO] [NINJA] [3263/9507] CC obj/third_party/ffmpeg/libavformat/ffmpeg_dynamic/avio.o
[OHOS INFO] [NINJA] [3264/9507] CC obj/third_party/ffmpeg/libavformat/ffmpeg_dynamic/ac3_channel_layout_tab.o
[OHOS INFO] [NINJA] [3265/9507] CC obj/third_party/ffmpeg/libavformat/ffmpeg_dynamic/cafdec.o
[OHOS INFO] [NINJA] [3266/9507] CC obj/third_party/ffmpeg/libavformat/ffmpeg_dynamic/dtsdec.o
[OHOS INFO] [NINJA] [3267/9507] CC obj/third_party/ffmpeg/libavformat/ffmpeg_dynamic/aviobuf.o
[OHOS INFO] [NINJA] [3268/9507] CC obj/third_party/ffmpeg/libavformat/ffmpeg_dynamic/file.o
[OHOS INFO] [NINJA] [3269/9507] CC obj/third_party/ffmpeg/libavformat/ffmpeg_dynamic/evc.o
[OHOS INFO] [NINJA] [3270/9507] CC obj/third_party/ffmpeg/libavformat/ffmpeg_dynamic/dv.o
[OHOS INFO] [NINJA] [3271/9507] CC obj/third_party/ffmpeg/libavformat/ffmpeg_dynamic/dump.o
[OHOS INFO] [NINJA] [3272/9507] CC obj/third_party/ffmpeg/libavformat/ffmpeg_dynamic/avidec.o
[OHOS INFO] [NINJA] [3273/9507] CC obj/third_party/ffmpeg/libavformat/ffmpeg_dynamic/flacenc_header.o
[OHOS INFO] [NINJA] [3274/9507] CC obj/third_party/ffmpeg/libavformat/ffmpeg_dynamic/flac_picture.o
[OHOS INFO] [NINJA] [3275/9507] CC obj/third_party/ffmpeg/libavformat/ffmpeg_dynamic/flacenc.o
[OHOS INFO] [NINJA] [3276/9507] CC obj/third_party/ffmpeg/libavformat/ffmpeg_dynamic/flacdec.o
[OHOS INFO] [NINJA] [3277/9507] CC obj/third_party/ffmpeg/libavformat/ffmpeg_dynamic/gsmdec.o
[OHOS INFO] [NINJA] [3278/9507] CC obj/third_party/ffmpeg/libavformat/ffmpeg_dynamic/format.o
[OHOS INFO] [NINJA] [3279/9507] CC obj/third_party/ffmpeg/libavformat/ffmpeg_dynamic/h264dec.o
[OHOS INFO] [NINJA] [3280/9507] CC obj/third_party/ffmpeg/libavformat/ffmpeg_dynamic/flvenc.o
[OHOS INFO] [NINJA] [3281/9507] CC obj/third_party/ffmpeg/libavformat/ffmpeg_dynamic/iamf_reader.o
[OHOS INFO] [NINJA] [3282/9507] CC obj/third_party/ffmpeg/libavformat/ffmpeg_dynamic/flvdec.o
[OHOS INFO] [NINJA] [3283/9507] CC obj/third_party/ffmpeg/libavformat/ffmpeg_dynamic/iamf.o
[OHOS INFO] [NINJA] [3284/9507] CC obj/third_party/ffmpeg/libavformat/ffmpeg_dynamic/iamfdec.o
[OHOS INFO] [NINJA] [3285/9507] CC obj/third_party/ffmpeg/libavformat/ffmpeg_dynamic/iamfenc.o
[OHOS INFO] [NINJA] [3286/9507] CC obj/third_party/ffmpeg/libavformat/ffmpeg_dynamic/id3v1.o
[OHOS INFO] [NINJA] [3287/9507] CC obj/third_party/ffmpeg/libavformat/ffmpeg_dynamic/iamf_parse.o
[OHOS INFO] [NINJA] [3288/9507] CC obj/third_party/ffmpeg/libavformat/ffmpeg_dynamic/ilbc.o
[OHOS INFO] [NINJA] [3289/9507] CC obj/third_party/ffmpeg/libavformat/ffmpeg_dynamic/iamf_writer.o
[OHOS INFO] [NINJA] [3290/9507] CC obj/third_party/ffmpeg/libavformat/ffmpeg_dynamic/img2.o
[OHOS INFO] [NINJA] [3291/9507] CC obj/third_party/ffmpeg/libavformat/ffmpeg_dynamic/id3v2enc.o
[OHOS INFO] [NINJA] [3292/9507] CC obj/third_party/ffmpeg/libavformat/ffmpeg_dynamic/id3v2.o
[OHOS INFO] [NINJA] [3293/9507] CC obj/third_party/ffmpeg/libavformat/ffmpeg_dynamic/isom.o
[OHOS INFO] [NINJA] [3294/9507] CC obj/third_party/ffmpeg/libavformat/ffmpeg_dynamic/hevc.o
[OHOS INFO] [NINJA] [3295/9507] CC obj/third_party/ffmpeg/libavformat/ffmpeg_dynamic/isom_tags.o
[OHOS INFO] [NINJA] [3296/9507] CC obj/third_party/ffmpeg/libavformat/ffmpeg_dynamic/matroska.o
[OHOS INFO] [NINJA] [3297/9507] CC obj/third_party/ffmpeg/libavformat/ffmpeg_dynamic/mlpdec.o
[OHOS INFO] [NINJA] [3298/9507] CC obj/third_party/ffmpeg/libavformat/ffmpeg_dynamic/metadata.o
[OHOS INFO] [NINJA] [3299/9507] CC obj/third_party/ffmpeg/libavformat/ffmpeg_dynamic/dovi_isom.o
[OHOS INFO] [NINJA] [3300/9507] CC obj/third_party/ffmpeg/libavformat/ffmpeg_dynamic/latmenc.o
[OHOS INFO] [NINJA] [3301/9507] CC obj/third_party/ffmpeg/libavformat/ffmpeg_dynamic/mov_esds.o
[OHOS INFO] [NINJA] [3302/9507] CC obj/third_party/ffmpeg/libavformat/ffmpeg_dynamic/mov_chan.o
[OHOS INFO] [NINJA] [3303/9507] CC obj/third_party/ffmpeg/libavformat/ffmpeg_dynamic/movenc_ttml.o
[OHOS INFO] [NINJA] [3304/9507] CC obj/third_party/ffmpeg/libavformat/ffmpeg_dynamic/movenccenc.o
[OHOS INFO] [NINJA] [3305/9507] CC obj/third_party/ffmpeg/libavformat/ffmpeg_dynamic/movenchint.o
[OHOS INFO] [NINJA] [3306/9507] CC obj/third_party/ffmpeg/libavformat/ffmpeg_dynamic/mp3enc.o
[OHOS INFO] [NINJA] [3307/9507] CC obj/third_party/ffmpeg/libavformat/ffmpeg_dynamic/mp3dec.o
[OHOS INFO] [NINJA] [3308/9507] CC obj/third_party/ffmpeg/libavformat/ffmpeg_dynamic/mpeg.o
[OHOS INFO] [NINJA] [3309/9507] CC obj/third_party/ffmpeg/libavformat/ffmpeg_dynamic/mpegvideodec.o
[OHOS INFO] [NINJA] [3310/9507] CC obj/third_party/ffmpeg/libavformat/ffmpeg_dynamic/mtaf.o
[OHOS INFO] [NINJA] [3311/9507] CC obj/third_party/ffmpeg/libavformat/ffmpeg_dynamic/matroskadec.o
[OHOS INFO] [NINJA] [3312/9507] CC obj/third_party/ffmpeg/libavformat/ffmpeg_dynamic/nal.o
[OHOS INFO] [NINJA] [3313/9507] CC obj/third_party/ffmpeg/libavformat/ffmpeg_dynamic/mpegtsenc.o
[OHOS INFO] [NINJA] [3314/9507] CC obj/third_party/ffmpeg/libavformat/ffmpeg_dynamic/mux.o
[OHOS INFO] [NINJA] [3315/9507] CC obj/third_party/ffmpeg/libavformat/ffmpeg_dynamic/mpegts.o
[OHOS INFO] [NINJA] [3316/9507] CC obj/third_party/ffmpeg/libavformat/ffmpeg_dynamic/oggdec.o
[OHOS INFO] [NINJA] [3317/9507] CC obj/third_party/ffmpeg/libavformat/ffmpeg_dynamic/oggparsecelt.o
[OHOS INFO] [NINJA] [3318/9507] CC obj/third_party/ffmpeg/libavformat/ffmpeg_dynamic/oggenc.o
[OHOS INFO] [NINJA] [3319/9507] CC obj/third_party/ffmpeg/libavformat/ffmpeg_dynamic/oggparsedirac.o
[OHOS INFO] [NINJA] [3320/9507] CC obj/third_party/ffmpeg/libavformat/ffmpeg_dynamic/oggparseflac.o
[OHOS INFO] [NINJA] [3321/9507] CC obj/third_party/ffmpeg/libavformat/ffmpeg_dynamic/oggparseogm.o
[OHOS INFO] [NINJA] [3322/9507] CC obj/third_party/ffmpeg/libavformat/ffmpeg_dynamic/oggparseskeleton.o
[OHOS INFO] [NINJA] [3323/9507] CC obj/third_party/ffmpeg/libavformat/ffmpeg_dynamic/oggparseopus.o
[OHOS INFO] [NINJA] [3324/9507] CC obj/third_party/ffmpeg/libavformat/ffmpeg_dynamic/oggparsespeex.o
[OHOS INFO] [NINJA] [3325/9507] CC obj/third_party/ffmpeg/libavformat/ffmpeg_dynamic/oggparsetheora.o
[OHOS INFO] [NINJA] [3326/9507] CC obj/third_party/ffmpeg/libavformat/ffmpeg_dynamic/oggparsevp8.o
[OHOS INFO] [NINJA] [3327/9507] CC obj/third_party/ffmpeg/libavformat/ffmpeg_dynamic/os_support.o
[OHOS INFO] [NINJA] [3328/9507] CC obj/third_party/ffmpeg/libavformat/ffmpeg_dynamic/oggparsevorbis.o
[OHOS INFO] [NINJA] [3329/9507] CC obj/third_party/ffmpeg/libavformat/ffmpeg_dynamic/options.o
[OHOS INFO] [NINJA] [3330/9507] CC obj/third_party/ffmpeg/libavformat/ffmpeg_dynamic/protocols.o
[OHOS INFO] [NINJA] [3331/9507] CC obj/third_party/ffmpeg/libavformat/ffmpeg_dynamic/pcm.o
[OHOS INFO] [NINJA] [3332/9507] CC obj/third_party/ffmpeg/libavformat/ffmpeg_dynamic/qtpalette.o
[OHOS INFO] [NINJA] [3333/9507] CC obj/third_party/ffmpeg/libavformat/ffmpeg_dynamic/rawdec.o
[OHOS INFO] [NINJA] [3334/9507] CC obj/third_party/ffmpeg/libavformat/ffmpeg_dynamic/rawenc.o
[OHOS INFO] [NINJA] [3335/9507] CC obj/third_party/ffmpeg/libavformat/ffmpeg_dynamic/rawutils.o
[OHOS INFO] [NINJA] [3336/9507] CC obj/third_party/ffmpeg/libavformat/ffmpeg_dynamic/rawvideodec.o
[OHOS INFO] [NINJA] [3337/9507] CC obj/third_party/ffmpeg/libavformat/ffmpeg_dynamic/replaygain.o
[OHOS INFO] [NINJA] [3338/9507] CC obj/third_party/ffmpeg/libavformat/ffmpeg_dynamic/riff.o
[OHOS INFO] [NINJA] [3339/9507] CC obj/third_party/ffmpeg/libavformat/ffmpeg_dynamic/rmsipr.o
[OHOS INFO] [NINJA] [3340/9507] CC obj/third_party/ffmpeg/libavformat/ffmpeg_dynamic/riffdec.o
[OHOS INFO] [NINJA] [3341/9507] CC obj/third_party/ffmpeg/libavformat/ffmpeg_dynamic/riffenc.o
[OHOS INFO] [NINJA] [3342/9507] CC obj/third_party/ffmpeg/libavformat/ffmpeg_dynamic/rtp.o
[OHOS INFO] [NINJA] [3343/9507] CC obj/third_party/ffmpeg/libavformat/ffmpeg_dynamic/rtpenc_chain.o
[OHOS INFO] [NINJA] [3344/9507] CC obj/third_party/ffmpeg/libavformat/ffmpeg_dynamic/smjpeg.o
[OHOS INFO] [NINJA] [3345/9507] CC obj/third_party/ffmpeg/libavformat/ffmpeg_dynamic/smjpegdec.o
[OHOS INFO] [NINJA] [3346/9507] CC obj/third_party/ffmpeg/libavformat/ffmpeg_dynamic/sdp.o
[OHOS INFO] [NINJA] [3347/9507] CC obj/third_party/ffmpeg/libavformat/ffmpeg_dynamic/spdif.o
[OHOS INFO] [NINJA] [3348/9507] CC obj/third_party/ffmpeg/libavformat/ffmpeg_dynamic/movenc.o
[OHOS INFO] [NINJA] [3349/9507] CC obj/third_party/ffmpeg/libavformat/ffmpeg_dynamic/spdifdec.o
[OHOS INFO] [NINJA] [3350/9507] CC obj/third_party/ffmpeg/libavformat/ffmpeg_dynamic/spdifenc.o
[OHOS INFO] [NINJA] [3351/9507] CC obj/third_party/ffmpeg/libavformat/ffmpeg_dynamic/srtdec.o
[OHOS INFO] [NINJA] [3352/9507] CC obj/third_party/ffmpeg/libavformat/ffmpeg_dynamic/srtenc.o
[OHOS INFO] [NINJA] [3353/9507] CC obj/third_party/ffmpeg/libavformat/ffmpeg_dynamic/mov.o
[OHOS INFO] [NINJA] [3354/9507] CC obj/third_party/ffmpeg/libavformat/ffmpeg_dynamic/thp.o
[OHOS INFO] [NINJA] [3355/9507] CC obj/third_party/ffmpeg/libavformat/ffmpeg_dynamic/url.o
[OHOS INFO] [NINJA] [3356/9507] CC obj/third_party/ffmpeg/libavformat/ffmpeg_dynamic/subtitles.o
[OHOS INFO] [NINJA] [3357/9507] CC obj/third_party/ffmpeg/libavformat/ffmpeg_dynamic/vorbiscomment.o
[OHOS INFO] [NINJA] [3358/9507] CC obj/third_party/ffmpeg/libavformat/ffmpeg_dynamic/utils.o
[OHOS INFO] [NINJA] [3359/9507] CC obj/third_party/ffmpeg/libavformat/ffmpeg_dynamic/vpcc.o
[OHOS INFO] [NINJA] [3360/9507] CC obj/third_party/ffmpeg/libavformat/ffmpeg_dynamic/vqf.o
[OHOS INFO] [NINJA] [3361/9507] CC obj/third_party/ffmpeg/libavformat/ffmpeg_dynamic/asf_tags.o
[OHOS INFO] [NINJA] [3362/9507] CC obj/third_party/ffmpeg/libavformat/ffmpeg_dynamic/seek.o
[OHOS INFO] [NINJA] [3363/9507] CC obj/third_party/ffmpeg/libavformat/ffmpeg_dynamic/dca_sample_rate_tab.o
[OHOS INFO] [NINJA] [3364/9507] CC obj/third_party/ffmpeg/libavformat/ffmpeg_dynamic/mpegaudiotabs.o
[OHOS INFO] [NINJA] [3365/9507] CC obj/third_party/ffmpeg/libavformat/ffmpeg_dynamic/w64.o
[OHOS INFO] [NINJA] [3366/9507] CC obj/third_party/ffmpeg/libavformat/ffmpeg_dynamic/to_upper4.o
[OHOS INFO] [NINJA] [3367/9507] CC obj/third_party/ffmpeg/libavformat/ffmpeg_dynamic/mux_utils.o
[OHOS INFO] [NINJA] [3368/9507] CC obj/third_party/ffmpeg/libavformat/ffmpeg_dynamic/demux_utils.o
[OHOS INFO] [NINJA] [3369/9507] CC obj/third_party/ffmpeg/libavformat/ffmpeg_dynamic/avformat.o
[OHOS INFO] [NINJA] [3370/9507] CC obj/third_party/ffmpeg/libavformat/ffmpeg_dynamic/vvcdec.o
[OHOS INFO] [NINJA] [3371/9507] CC obj/third_party/ffmpeg/libavformat/ffmpeg_dynamic/webvttdec.o
[OHOS INFO] [NINJA] [3372/9507] CC obj/third_party/ffmpeg/libavformat/ffmpeg_dynamic/wavenc.o
[OHOS INFO] [NINJA] [3373/9507] CC obj/third_party/ffmpeg/libavutil/ffmpeg_dynamic/adler32.o
[OHOS INFO] [NINJA] [3374/9507] CC obj/third_party/ffmpeg/libavformat/ffmpeg_dynamic/webvttenc.o
[OHOS INFO] [NINJA] [3375/9507] CC obj/third_party/ffmpeg/libavformat/ffmpeg_dynamic/wavdec.o
[OHOS INFO] [NINJA] [3376/9507] CC obj/third_party/ffmpeg/libavutil/ffmpeg_dynamic/aes_ctr.o
[OHOS INFO] [NINJA] [3377/9507] CC obj/third_party/ffmpeg/libavutil/ffmpeg_dynamic/aes.o
[OHOS INFO] [NINJA] [3378/9507] CC obj/third_party/ffmpeg/libavutil/ffmpeg_dynamic/audio_fifo.o
[OHOS INFO] [NINJA] [3379/9507] CC obj/third_party/ffmpeg/libavutil/ffmpeg_dynamic/ambient_viewing_environment.o
[OHOS INFO] [NINJA] [3380/9507] CC obj/third_party/ffmpeg/libavutil/ffmpeg_dynamic/base64.o
[OHOS INFO] [NINJA] [3381/9507] CC obj/third_party/ffmpeg/libavutil/ffmpeg_dynamic/avstring.o
[OHOS INFO] [NINJA] [3382/9507] CC obj/third_party/ffmpeg/libavformat/ffmpeg_dynamic/demux.o
[OHOS INFO] [NINJA] [3383/9507] CC obj/third_party/ffmpeg/libavutil/ffmpeg_dynamic/blowfish.o
[OHOS INFO] [NINJA] [3384/9507] CC obj/third_party/ffmpeg/libavformat/ffmpeg_dynamic/vvc.o
[OHOS INFO] [NINJA] [3385/9507] CC obj/third_party/ffmpeg/libavutil/ffmpeg_dynamic/bprint.o
[OHOS INFO] [NINJA] [3386/9507] CC obj/third_party/ffmpeg/libavutil/ffmpeg_dynamic/buffer.o
[OHOS INFO] [NINJA] [3387/9507] CC obj/third_party/ffmpeg/libavutil/ffmpeg_dynamic/cast5.o
[OHOS INFO] [NINJA] [3388/9507] CC obj/third_party/ffmpeg/libavutil/ffmpeg_dynamic/cpu.o
[OHOS INFO] [NINJA] [3389/9507] CC obj/third_party/ffmpeg/libavutil/ffmpeg_dynamic/crc.o
[OHOS INFO] [NINJA] [3390/9507] CC obj/third_party/ffmpeg/libavutil/ffmpeg_dynamic/des.o
[OHOS INFO] [NINJA] [3391/9507] CC obj/third_party/ffmpeg/libavutil/ffmpeg_dynamic/dict.o
[OHOS INFO] [NINJA] [3392/9507] CC obj/third_party/ffmpeg/libavutil/ffmpeg_dynamic/camellia.o
[OHOS INFO] [NINJA] [3393/9507] CC obj/third_party/ffmpeg/libavutil/ffmpeg_dynamic/display.o
[OHOS INFO] [NINJA] [3394/9507] CC obj/third_party/ffmpeg/libavutil/ffmpeg_dynamic/channel_layout.o
[OHOS INFO] [NINJA] [3395/9507] CC obj/third_party/ffmpeg/libavutil/ffmpeg_dynamic/dovi_meta.o
[OHOS INFO] [NINJA] [3396/9507] CC obj/third_party/ffmpeg/libavutil/ffmpeg_dynamic/downmix_info.o
[OHOS INFO] [NINJA] [3397/9507] CC obj/third_party/ffmpeg/libavutil/ffmpeg_dynamic/error.o
[OHOS INFO] [NINJA] [3398/9507] CC obj/third_party/ffmpeg/libavutil/ffmpeg_dynamic/encryption_info.o
[OHOS INFO] [NINJA] [3399/9507] CC obj/third_party/ffmpeg/libavutil/ffmpeg_dynamic/file.o
[OHOS INFO] [NINJA] [3400/9507] CC obj/third_party/ffmpeg/libavutil/ffmpeg_dynamic/file_open.o
[OHOS INFO] [NINJA] [3401/9507] CC obj/third_party/ffmpeg/libavutil/ffmpeg_dynamic/fifo.o
[OHOS INFO] [NINJA] [3402/9507] CC obj/third_party/ffmpeg/libavutil/ffmpeg_dynamic/avsscanf.o
[OHOS INFO] [NINJA] [3403/9507] CC obj/third_party/ffmpeg/libavutil/ffmpeg_dynamic/fixed_dsp.o
[OHOS INFO] [NINJA] [3404/9507] CC obj/third_party/ffmpeg/libavutil/ffmpeg_dynamic/film_grain_params.o
[OHOS INFO] [NINJA] [3405/9507] CC obj/third_party/ffmpeg/libavutil/ffmpeg_dynamic/float_dsp.o
[OHOS INFO] [NINJA] [3406/9507] CC obj/third_party/ffmpeg/libavutil/ffmpeg_dynamic/half2float.o
[OHOS INFO] [NINJA] [3407/9507] CC obj/third_party/ffmpeg/libavutil/ffmpeg_dynamic/hash.o
[OHOS INFO] [NINJA] [3408/9507] CC obj/third_party/ffmpeg/libavutil/ffmpeg_dynamic/hmac.o
[OHOS INFO] [NINJA] [3409/9507] CC obj/third_party/ffmpeg/libavutil/ffmpeg_dynamic/eval.o
[OHOS INFO] [NINJA] [3410/9507] CC obj/third_party/ffmpeg/libavutil/ffmpeg_dynamic/iamf.o
[OHOS INFO] [NINJA] [3411/9507] CC obj/third_party/ffmpeg/libavutil/ffmpeg_dynamic/frame.o
[OHOS INFO] [NINJA] [3412/9507] CC obj/third_party/ffmpeg/libavutil/ffmpeg_dynamic/hwcontext.o
[OHOS INFO] [NINJA] [3413/9507] CC obj/third_party/ffmpeg/libavutil/ffmpeg_dynamic/integer.o
[OHOS INFO] [NINJA] [3414/9507] CC obj/third_party/ffmpeg/libavutil/ffmpeg_dynamic/intmath.o
[OHOS INFO] [NINJA] [3415/9507] CC obj/third_party/ffmpeg/libavutil/ffmpeg_dynamic/lfg.o
[OHOS INFO] [NINJA] [3416/9507] CC obj/third_party/ffmpeg/libavutil/ffmpeg_dynamic/imgutils.o
[OHOS INFO] [NINJA] [3417/9507] CC obj/third_party/ffmpeg/libavutil/ffmpeg_dynamic/hdr_dynamic_metadata.o
[OHOS INFO] [NINJA] [3418/9507] CC obj/third_party/ffmpeg/libavutil/ffmpeg_dynamic/lls.o
[OHOS INFO] [NINJA] [3419/9507] CC obj/third_party/ffmpeg/libavutil/ffmpeg_dynamic/log2_tab.o
[OHOS INFO] [NINJA] [3420/9507] CC obj/third_party/ffmpeg/libavutil/ffmpeg_dynamic/log.o
[OHOS INFO] [NINJA] [3421/9507] CC obj/third_party/ffmpeg/libavutil/ffmpeg_dynamic/csp.o
[OHOS INFO] [NINJA] [3422/9507] CC obj/third_party/ffmpeg/libavutil/ffmpeg_dynamic/mastering_display_metadata.o
[OHOS INFO] [NINJA] [3423/9507] CC obj/third_party/ffmpeg/libavutil/ffmpeg_dynamic/mathematics.o
[OHOS INFO] [NINJA] [3424/9507] CC obj/third_party/ffmpeg/libavutil/ffmpeg_dynamic/murmur3.o
[OHOS INFO] [NINJA] [3425/9507] CC obj/third_party/ffmpeg/libavutil/ffmpeg_dynamic/md5.o
[OHOS INFO] [NINJA] [3426/9507] CC obj/third_party/ffmpeg/libavutil/ffmpeg_dynamic/mem.o
[OHOS INFO] [NINJA] [3427/9507] CC obj/third_party/ffmpeg/libavutil/ffmpeg_dynamic/pixelutils.o
[OHOS INFO] [NINJA] [3428/9507] CC obj/third_party/ffmpeg/libavutil/ffmpeg_dynamic/random_seed.o
[OHOS INFO] [NINJA] [3429/9507] CC obj/third_party/ffmpeg/libavutil/ffmpeg_dynamic/rc4.o
[OHOS INFO] [NINJA] [3430/9507] CC obj/third_party/ffmpeg/libavutil/ffmpeg_dynamic/parseutils.o
[OHOS INFO] [NINJA] [3431/9507] CC obj/third_party/ffmpeg/libavutil/ffmpeg_dynamic/reverse.o
[OHOS INFO] [NINJA] [3432/9507] CC obj/third_party/ffmpeg/libavutil/ffmpeg_dynamic/rational.o
[OHOS INFO] [NINJA] [3433/9507] CC obj/third_party/ffmpeg/libavutil/ffmpeg_dynamic/samplefmt.o
[OHOS INFO] [NINJA] [3434/9507] CC obj/third_party/ffmpeg/libavutil/ffmpeg_dynamic/pixdesc.o
[OHOS INFO] [NINJA] [3435/9507] CC obj/third_party/ffmpeg/libavutil/ffmpeg_dynamic/spherical.o
[OHOS INFO] [NINJA] [3436/9507] CC obj/third_party/ffmpeg/libavutil/ffmpeg_dynamic/slicethread.o
[OHOS INFO] [NINJA] [3437/9507] CC obj/third_party/ffmpeg/libavutil/ffmpeg_dynamic/stereo3d.o
[OHOS INFO] [NINJA] [3438/9507] CC obj/third_party/ffmpeg/libavutil/ffmpeg_dynamic/tea.o
[OHOS INFO] [NINJA] [3439/9507] CC obj/third_party/ffmpeg/libavutil/ffmpeg_dynamic/time.o
[OHOS INFO] [NINJA] [3440/9507] CC obj/third_party/ffmpeg/libavutil/ffmpeg_dynamic/opt.o
[OHOS INFO] [NINJA] [3441/9507] CC obj/third_party/ffmpeg/libavutil/ffmpeg_dynamic/threadmessage.o
[OHOS INFO] [NINJA] [3442/9507] CC obj/third_party/ffmpeg/libavutil/ffmpeg_dynamic/sha.o
[OHOS INFO] [NINJA] [3443/9507] CC obj/third_party/ffmpeg/libavutil/ffmpeg_dynamic/timestamp.o
[OHOS INFO] [NINJA] [3444/9507] CC obj/third_party/ffmpeg/libavutil/ffmpeg_dynamic/ripemd.o
[OHOS INFO] [NINJA] [3445/9507] CC obj/third_party/ffmpeg/libavutil/ffmpeg_dynamic/timecode.o
[OHOS INFO] [NINJA] [3446/9507] CC obj/third_party/ffmpeg/libavutil/ffmpeg_dynamic/tree.o
[OHOS INFO] [NINJA] [3447/9507] CC obj/third_party/ffmpeg/libavutil/ffmpeg_dynamic/sha512.o
[OHOS INFO] [NINJA] [3448/9507] CC obj/third_party/ffmpeg/libavutil/ffmpeg_dynamic/twofish.o
[OHOS INFO] [NINJA] [3449/9507] CC obj/third_party/ffmpeg/libavutil/ffmpeg_dynamic/utils.o
[OHOS INFO] [NINJA] [3450/9507] CC obj/third_party/ffmpeg/libavutil/ffmpeg_dynamic/xga_font_data.o
[OHOS INFO] [NINJA] [3451/9507] CC obj/third_party/ffmpeg/libavutil/ffmpeg_dynamic/video_enc_params.o
[OHOS INFO] [NINJA] [3452/9507] CC obj/third_party/ffmpeg/libavutil/ffmpeg_dynamic/tx.o
[OHOS INFO] [NINJA] [3453/9507] CC obj/third_party/ffmpeg/libavutil/ffmpeg_dynamic/xtea.o
[OHOS INFO] [NINJA] [3454/9507] CC obj/third_party/ffmpeg/libswresample/ffmpeg_dynamic/audioconvert.o
[OHOS INFO] [NINJA] [3455/9507] CC obj/third_party/ffmpeg/libswresample/ffmpeg_dynamic/dither.o
[OHOS INFO] [NINJA] [3456/9507] CC obj/third_party/ffmpeg/libswresample/ffmpeg_dynamic/options.o
[OHOS INFO] [NINJA] [3457/9507] CC obj/third_party/ffmpeg/libswresample/ffmpeg_dynamic/resample.o
[OHOS INFO] [NINJA] [3458/9507] CC obj/third_party/ffmpeg/libswresample/ffmpeg_dynamic/resample_dsp.o
[OHOS INFO] [NINJA] [3459/9507] CC obj/third_party/ffmpeg/libswresample/ffmpeg_dynamic/swresample_frame.o
[OHOS INFO] [NINJA] [3460/9507] CC obj/third_party/ffmpeg/libavutil/ffmpeg_dynamic/tx_double.o
[OHOS INFO] [NINJA] [3461/9507] CC obj/third_party/ffmpeg/libswresample/ffmpeg_dynamic/rematrix.o
[OHOS INFO] [NINJA] [3462/9507] CC obj/third_party/ffmpeg/libavutil/ffmpeg_dynamic/tx_float.o
[OHOS INFO] [NINJA] [3463/9507] CC obj/third_party/ffmpeg/libswresample/ffmpeg_dynamic/swresample.o
[OHOS INFO] [NINJA] [3464/9507] CC obj/third_party/ffmpeg/libswscale/ffmpeg_dynamic/alphablend.o
[OHOS INFO] [NINJA] [3465/9507] CC obj/third_party/ffmpeg/libswscale/ffmpeg_dynamic/gamma.o
[OHOS INFO] [NINJA] [3466/9507] CC obj/third_party/ffmpeg/libswscale/ffmpeg_dynamic/hscale.o
[OHOS INFO] [NINJA] [3467/9507] CC obj/third_party/ffmpeg/libswscale/ffmpeg_dynamic/hscale_fast_bilinear.o
[OHOS INFO] [NINJA] [3468/9507] CC obj/third_party/ffmpeg/libswscale/ffmpeg_dynamic/options.o
[OHOS INFO] [NINJA] [3469/9507] CC obj/third_party/ffmpeg/libavutil/ffmpeg_dynamic/tx_int32.o
[OHOS INFO] [NINJA] [3470/9507] CC obj/third_party/ffmpeg/libswscale/ffmpeg_dynamic/slice.o
[OHOS INFO] [NINJA] [3471/9507] CC obj/third_party/ffmpeg/libswscale/ffmpeg_dynamic/swscale.o
[OHOS INFO] [NINJA] [3472/9507] CC obj/third_party/ffmpeg/libswscale/ffmpeg_dynamic/vscale.o
[OHOS INFO] [NINJA] [3473/9507] CC obj/third_party/ffmpeg/libswscale/ffmpeg_dynamic/rgb2rgb.o
[OHOS INFO] [NINJA] [3474/9507] CC obj/third_party/ffmpeg/libavformat/ffmpeg_dynamic/rm.o
[OHOS INFO] [NINJA] [3475/9507] CC obj/third_party/ffmpeg/libswscale/ffmpeg_dynamic/utils.o
[OHOS INFO] [NINJA] [3476/9507] CC obj/third_party/ffmpeg/libavcodec/ffmpeg_dynamic/rv30.o
[OHOS INFO] [NINJA] [3477/9507] CC obj/third_party/ffmpeg/libavformat/ffmpeg_dynamic/rmdec.o
[OHOS INFO] [NINJA] [3478/9507] CC obj/third_party/ffmpeg/libavcodec/ffmpeg_dynamic/rv30dsp.o
[OHOS INFO] [NINJA] [3479/9507] CC obj/third_party/ffmpeg/libavcodec/ffmpeg_dynamic/rv34_parser.o
[OHOS INFO] [NINJA] [3480/9507] CC obj/third_party/ffmpeg/libswscale/ffmpeg_dynamic/input.o
[OHOS INFO] [NINJA] [3481/9507] CC obj/third_party/ffmpeg/libavcodec/ffmpeg_dynamic/rv34dsp.o
[OHOS INFO] [NINJA] [3482/9507] CC obj/third_party/ffmpeg/libavcodec/ffmpeg_dynamic/rv40.o
[OHOS INFO] [NINJA] [3483/9507] CC obj/third_party/ffmpeg/libavcodec/ffmpeg_dynamic/rv34.o
[OHOS INFO] [NINJA] [3484/9507] CC obj/third_party/ffmpeg/libavcodec/ffmpeg_dynamic/rv40dsp.o
[OHOS INFO] [NINJA] [3485/9507] CC obj/third_party/ffmpeg/libswscale/ffmpeg_dynamic/swscale_unscaled.o
[OHOS INFO] [NINJA] [3486/9507] CC obj/third_party/ffmpeg/libswscale/ffmpeg_dynamic/yuv2rgb.o
[OHOS INFO] [NINJA] [3487/9507] CXX obj/third_party/vixl/src/libvixl/code-buffer-vixl.o
[OHOS INFO] [NINJA] [3488/9507] CXX obj/third_party/vixl/src/libvixl/compiler-intrinsics-vixl.o
[OHOS INFO] [NINJA] [3489/9507] CXX obj/third_party/vixl/src/libvixl/cpu-features.o
[OHOS INFO] [NINJA] [3490/9507] CXX obj/third_party/vixl/src/libvixl/utils-vixl.o
[OHOS INFO] [NINJA] [3491/9507] CXX obj/third_party/vixl/src/aarch32/libvixl/constants-aarch32.o
[OHOS INFO] [NINJA] [3492/9507] CC obj/third_party/ffmpeg/libswscale/ffmpeg_dynamic/output.o
[OHOS INFO] [NINJA] [3493/9507] CXX obj/third_party/vixl/src/aarch32/libvixl/instructions-aarch32.o
[OHOS INFO] [NINJA] [3494/9507] AR obj/base/security/huks/frameworks/huks_standard/main/os_dependency/libhuks_mem_standard_static.a
[OHOS INFO] [NINJA] [3495/9507] AR obj/base/security/huks/frameworks/huks_standard/main/os_dependency/libhuks_util_standard_static.a
[OHOS INFO] [NINJA] [3496/9507] CC obj/base/security/huks/utils/crypto_adapter/libhuks_utils_client_service_adapter_static/hks_client_service_adapter.o
[OHOS INFO] [NINJA] [3497/9507] CC obj/base/security/huks/utils/crypto_adapter/libhuks_utils_client_service_adapter_static/hks_client_service_adapter_common.o
[OHOS INFO] [NINJA] [3498/9507] CC obj/base/security/huks/utils/mutex/libhuks_utils_mutex_static/hks_mutex.o
[OHOS INFO] [NINJA] [3499/9507] CXX obj/third_party/vixl/src/aarch32/libvixl/location-aarch32.o
[OHOS INFO] [NINJA] [3500/9507] CXX obj/third_party/vixl/src/aarch32/libvixl/operands-aarch32.o
[OHOS INFO] [NINJA] [3501/9507] CXX obj/commonlibrary/c_utils/base/src/utilsbase/string_ex.o
[OHOS INFO] [NINJA] [3502/9507] CXX obj/commonlibrary/c_utils/base/src/utilsbase/unicode_ex.o
[OHOS INFO] [NINJA] [3503/9507] CXX obj/third_party/vixl/src/aarch32/libvixl/macro-assembler-aarch32.o
[OHOS INFO] [NINJA] [3504/9507] CXX obj/commonlibrary/c_utils/base/src/utilsbase/datetime_ex.o
[OHOS INFO] [NINJA] [3505/9507] CXX obj/commonlibrary/c_utils/base/src/utilsbase/directory_ex.o
[OHOS INFO] [NINJA] [3506/9507] CXX obj/commonlibrary/c_utils/base/src/utilsbase/refbase.o
[OHOS INFO] [NINJA] [3507/9507] CXX obj/commonlibrary/c_utils/base/src/utilsbase/semaphore_ex.o
[OHOS INFO] [NINJA] [3508/9507] CXX obj/commonlibrary/c_utils/base/src/utilsbase/mapped_file.o
[OHOS INFO] [NINJA] [3509/9507] CXX obj/commonlibrary/c_utils/base/src/utilsbase/thread_pool.o
[OHOS INFO] [NINJA] [3510/9507] CXX obj/commonlibrary/c_utils/base/src/utilsbase/parcel.o
[OHOS INFO] [NINJA] [3511/9507] CXX obj/commonlibrary/c_utils/base/src/utilsbase/file_ex.o
[OHOS INFO] [NINJA] [3512/9507] CXX obj/commonlibrary/c_utils/base/src/utilsbase/thread_ex.o
[OHOS INFO] [NINJA] [3513/9507] CXX obj/commonlibrary/c_utils/base/src/utilsbase/io_event_handler.o
[OHOS INFO] [NINJA] [3514/9507] CXX obj/commonlibrary/c_utils/base/src/utilsbase/observer.o
[OHOS INFO] [NINJA] [3515/9507] CXX obj/third_party/vixl/src/aarch32/libvixl/assembler-aarch32.o
[OHOS INFO] [NINJA] [3516/9507] CXX obj/commonlibrary/c_utils/base/src/utilsbase/io_event_reactor.o
[OHOS INFO] [NINJA] [3517/9507] CXX obj/commonlibrary/c_utils/base/src/utilsbase/io_event_epoll.o
[OHOS INFO] [NINJA] [3518/9507] CXX obj/commonlibrary/c_utils/base/src/utilsbase/event_handler.o
[OHOS INFO] [NINJA] [3519/9507] CXX obj/commonlibrary/c_utils/base/src/utilsbase/event_reactor.o
[OHOS INFO] [NINJA] [3520/9507] CXX obj/commonlibrary/c_utils/base/src/utilsbase/timer_event_handler.o
[OHOS INFO] [NINJA] [3521/9507] STAMP obj/third_party/ffmpeg/ffmpeg_dynamic.stamp
[OHOS INFO] [NINJA] [3522/9507] CXX obj/commonlibrary/c_utils/base/src/utilsbase/rwlock.o
[OHOS INFO] [NINJA] [3523/9507] CC obj/third_party/libexif/libexif/apple/exif_static/exif-mnote-data-apple.o
[OHOS INFO] [NINJA] [3524/9507] CC obj/third_party/libexif/libexif/apple/exif_static/mnote-apple-entry.o
[OHOS INFO] [NINJA] [3525/9507] CC obj/third_party/libexif/libexif/apple/exif_static/mnote-apple-tag.o
[OHOS INFO] [NINJA] [3526/9507] CXX obj/commonlibrary/c_utils/base/src/utilsbase/event_demultiplexer.o
[OHOS INFO] [NINJA] [3527/9507] CC obj/third_party/libexif/libexif/canon/exif_static/exif-mnote-data-canon.o
[OHOS INFO] [NINJA] [3528/9507] CC obj/third_party/libexif/libexif/canon/exif_static/mnote-canon-tag.o
[OHOS INFO] [NINJA] [3529/9507] CC obj/third_party/libexif/libexif/exif_static/exif-byte-order.o
[OHOS INFO] [NINJA] [3530/9507] CC obj/third_party/libexif/libexif/canon/exif_static/mnote-canon-entry.o
[OHOS INFO] [NINJA] [3531/9507] CC obj/third_party/libexif/libexif/exif_static/exif-content.o
[OHOS INFO] [NINJA] [3532/9507] CC obj/third_party/libexif/libexif/exif_static/exif-format.o
[OHOS INFO] [NINJA] [3533/9507] CXX obj/commonlibrary/c_utils/base/src/utilsbase/ashmem.o
[OHOS INFO] [NINJA] [3534/9507] CC obj/third_party/libexif/libexif/exif_static/exif-gps-ifd.o
[OHOS INFO] [NINJA] [3535/9507] CC obj/third_party/libexif/libexif/exif_static/exif-ifd.o
[OHOS INFO] [NINJA] [3536/9507] CC obj/third_party/libexif/libexif/exif_static/exif-log.o
[OHOS INFO] [NINJA] [3537/9507] CC obj/third_party/libexif/libexif/exif_static/exif-entry.o
[OHOS INFO] [NINJA] [3538/9507] CC obj/third_party/libexif/libexif/exif_static/exif-data.o
[OHOS INFO] [NINJA] [3539/9507] CC obj/third_party/libexif/libexif/exif_static/exif-loader.o
[OHOS INFO] [NINJA] [3540/9507] CC obj/third_party/libexif/libexif/exif_static/exif-mem.o
[OHOS INFO] [NINJA] [3541/9507] CC obj/third_party/libexif/libexif/exif_static/exif-mnote-data.o
[OHOS INFO] [NINJA] [3542/9507] CC obj/third_party/libexif/libexif/exif_static/exif-utils.o
[OHOS INFO] [NINJA] [3543/9507] CC obj/third_party/libexif/libexif/exif_static/exif-tag.o
[OHOS INFO] [NINJA] [3544/9507] CXX obj/commonlibrary/c_utils/base/src/utilsbase/timer.o
[OHOS INFO] [NINJA] [3545/9507] CC obj/third_party/libexif/libexif/fuji/exif_static/exif-mnote-data-fuji.o
[OHOS INFO] [NINJA] [3546/9507] CC obj/third_party/libexif/libexif/fuji/exif_static/mnote-fuji-tag.o
[OHOS INFO] [NINJA] [3547/9507] CC obj/third_party/libexif/libexif/fuji/exif_static/mnote-fuji-entry.o
[OHOS INFO] [NINJA] [3548/9507] CC obj/third_party/libexif/libexif/huawei/exif_static/mnote-huawei-data-type.o
[OHOS INFO] [NINJA] [3549/9507] CC obj/third_party/libexif/libexif/huawei/exif_static/mnote-huawei-tag.o
[OHOS INFO] [NINJA] [3550/9507] CC obj/third_party/libexif/libexif/huawei/exif_static/mnote-huawei-entry.o
[OHOS INFO] [NINJA] [3551/9507] CC obj/third_party/libexif/libexif/huawei/exif_static/exif-mnote-data-huawei.o
[OHOS INFO] [NINJA] [3552/9507] CC obj/third_party/libexif/libexif/olympus/exif_static/exif-mnote-data-olympus.o
[OHOS INFO] [NINJA] [3553/9507] CC obj/third_party/libexif/libexif/olympus/exif_static/mnote-olympus-entry.o
[OHOS INFO] [NINJA] [3554/9507] CC obj/third_party/libexif/libexif/olympus/exif_static/mnote-olympus-tag.o
[OHOS INFO] [NINJA] [3555/9507] CC obj/third_party/libexif/libexif/pentax/exif_static/mnote-pentax-tag.o
[OHOS INFO] [NINJA] [3556/9507] CC obj/third_party/libexif/libexif/pentax/exif_static/exif-mnote-data-pentax.o
[OHOS INFO] [NINJA] [3557/9507] CC obj/third_party/libexif/libexif/pentax/exif_static/mnote-pentax-entry.o
[OHOS INFO] [NINJA] [3558/9507] CC obj/out/rk3568/gen/third_party/libjpeg-turbo/libjpeg-turbo-3.1.0/src/turbojpeg/jpeg_nbits.o
[OHOS INFO] [NINJA] [3559/9507] CC obj/out/rk3568/gen/third_party/libjpeg-turbo/libjpeg-turbo-3.1.0/src/turbojpeg/jddiffct.o
[OHOS INFO] [NINJA] [3560/9507] CC obj/out/rk3568/gen/third_party/libjpeg-turbo/libjpeg-turbo-3.1.0/src/turbojpeg/jdlhuff.o
[OHOS INFO] [NINJA] [3561/9507] CC obj/out/rk3568/gen/third_party/libjpeg-turbo/libjpeg-turbo-3.1.0/src/turbojpeg/jdlossls.o
[OHOS INFO] [NINJA] [3562/9507] CC obj/out/rk3568/gen/third_party/libjpeg-turbo/libjpeg-turbo-3.1.0/src/turbojpeg/jcdiffct.o
[OHOS INFO] [NINJA] [3563/9507] CC obj/out/rk3568/gen/third_party/libjpeg-turbo/libjpeg-turbo-3.1.0/src/turbojpeg/jclossls.o
[OHOS INFO] [NINJA] [3564/9507] CC obj/out/rk3568/gen/third_party/libjpeg-turbo/libjpeg-turbo-3.1.0/src/turbojpeg/jcapistd.o
[OHOS INFO] [NINJA] [3565/9507] CC obj/out/rk3568/gen/third_party/libjpeg-turbo/libjpeg-turbo-3.1.0/src/turbojpeg/jcapimin.o
[OHOS INFO] [NINJA] [3566/9507] CC obj/out/rk3568/gen/third_party/libjpeg-turbo/libjpeg-turbo-3.1.0/src/turbojpeg/jclhuff.o
[OHOS INFO] [NINJA] [3567/9507] CC obj/out/rk3568/gen/third_party/libjpeg-turbo/libjpeg-turbo-3.1.0/src/turbojpeg/jccoefct.o
[OHOS INFO] [NINJA] [3568/9507] CC obj/out/rk3568/gen/third_party/libjpeg-turbo/libjpeg-turbo-3.1.0/src/turbojpeg/jcicc.o
[OHOS INFO] [NINJA] [3569/9507] CC obj/out/rk3568/gen/third_party/libjpeg-turbo/libjpeg-turbo-3.1.0/src/turbojpeg/jcdctmgr.o
[OHOS INFO] [NINJA] [3570/9507] CC obj/out/rk3568/gen/third_party/libjpeg-turbo/libjpeg-turbo-3.1.0/src/turbojpeg/jcinit.o
[OHOS INFO] [NINJA] [3571/9507] CC obj/out/rk3568/gen/third_party/libjpeg-turbo/libjpeg-turbo-3.1.0/src/turbojpeg/jcmainct.o
[OHOS INFO] [NINJA] [3572/9507] CC obj/out/rk3568/gen/third_party/libjpeg-turbo/libjpeg-turbo-3.1.0/src/turbojpeg/jcomapi.o
[OHOS INFO] [NINJA] [3573/9507] CC obj/out/rk3568/gen/third_party/libjpeg-turbo/libjpeg-turbo-3.1.0/src/turbojpeg/jccolor.o
[OHOS INFO] [NINJA] [3574/9507] CC obj/out/rk3568/gen/third_party/libjpeg-turbo/libjpeg-turbo-3.1.0/src/turbojpeg/jcmarker.o
[OHOS INFO] [NINJA] [3575/9507] CC obj/out/rk3568/gen/third_party/libjpeg-turbo/libjpeg-turbo-3.1.0/src/turbojpeg/jcmaster.o
[OHOS INFO] [NINJA] [3576/9507] CC obj/out/rk3568/gen/third_party/libjpeg-turbo/libjpeg-turbo-3.1.0/src/turbojpeg/jcparam.o
[OHOS INFO] [NINJA] [3577/9507] CC obj/out/rk3568/gen/third_party/libjpeg-turbo/libjpeg-turbo-3.1.0/src/turbojpeg/jcprepct.o
[OHOS INFO] [NINJA] [3578/9507] CC obj/out/rk3568/gen/third_party/libjpeg-turbo/libjpeg-turbo-3.1.0/src/turbojpeg/jcphuff.o
[OHOS INFO] [NINJA] [3579/9507] CC obj/out/rk3568/gen/third_party/libjpeg-turbo/libjpeg-turbo-3.1.0/src/turbojpeg/jcsample.o
[OHOS INFO] [NINJA] [3580/9507] CC obj/out/rk3568/gen/third_party/libjpeg-turbo/libjpeg-turbo-3.1.0/src/turbojpeg/jctrans.o
[OHOS INFO] [NINJA] [3581/9507] CC obj/out/rk3568/gen/third_party/libjpeg-turbo/libjpeg-turbo-3.1.0/src/turbojpeg/jdapimin.o
[OHOS INFO] [NINJA] [3582/9507] CC obj/out/rk3568/gen/third_party/libjpeg-turbo/libjpeg-turbo-3.1.0/src/turbojpeg/jdatadst.o
[OHOS INFO] [NINJA] [3583/9507] CC obj/out/rk3568/gen/third_party/libjpeg-turbo/libjpeg-turbo-3.1.0/src/turbojpeg/jdatasrc.o
[OHOS INFO] [NINJA] [3584/9507] CC obj/out/rk3568/gen/third_party/libjpeg-turbo/libjpeg-turbo-3.1.0/src/turbojpeg/jdapistd.o
[OHOS INFO] [NINJA] [3585/9507] CC obj/out/rk3568/gen/third_party/libjpeg-turbo/libjpeg-turbo-3.1.0/src/turbojpeg/jddctmgr.o
[OHOS INFO] [NINJA] [3586/9507] CC obj/out/rk3568/gen/third_party/libjpeg-turbo/libjpeg-turbo-3.1.0/src/turbojpeg/jdicc.o
[OHOS INFO] [NINJA] [3587/9507] CC obj/out/rk3568/gen/third_party/libjpeg-turbo/libjpeg-turbo-3.1.0/src/turbojpeg/jdcoefct.o
[OHOS INFO] [NINJA] [3588/9507] CC obj/out/rk3568/gen/third_party/libjpeg-turbo/libjpeg-turbo-3.1.0/src/turbojpeg/jdinput.o
[OHOS INFO] [NINJA] [3589/9507] CC obj/out/rk3568/gen/third_party/libjpeg-turbo/libjpeg-turbo-3.1.0/src/turbojpeg/jdmainct.o
[OHOS INFO] [NINJA] [3590/9507] CC obj/out/rk3568/gen/third_party/libjpeg-turbo/libjpeg-turbo-3.1.0/src/turbojpeg/jdcolor.o
[OHOS INFO] [NINJA] [3591/9507] CC obj/out/rk3568/gen/third_party/libjpeg-turbo/libjpeg-turbo-3.1.0/src/turbojpeg/jdmaster.o
[OHOS INFO] [NINJA] [3592/9507] CC obj/out/rk3568/gen/third_party/libjpeg-turbo/libjpeg-turbo-3.1.0/src/turbojpeg/jdpostct.o
[OHOS INFO] [NINJA] [3593/9507] CC obj/out/rk3568/gen/third_party/libjpeg-turbo/libjpeg-turbo-3.1.0/src/turbojpeg/jdmarker.o
[OHOS INFO] [NINJA] [3594/9507] CC obj/out/rk3568/gen/third_party/libjpeg-turbo/libjpeg-turbo-3.1.0/src/turbojpeg/jdphuff.o
[OHOS INFO] [NINJA] [3595/9507] CC obj/out/rk3568/gen/third_party/libjpeg-turbo/libjpeg-turbo-3.1.0/src/turbojpeg/jerror.o
[OHOS INFO] [NINJA] [3596/9507] CC obj/out/rk3568/gen/third_party/libjpeg-turbo/libjpeg-turbo-3.1.0/src/turbojpeg/jdmerge.o
[OHOS INFO] [NINJA] [3597/9507] CC obj/out/rk3568/gen/third_party/libjpeg-turbo/libjpeg-turbo-3.1.0/src/turbojpeg/jdtrans.o
[OHOS INFO] [NINJA] [3598/9507] CC obj/out/rk3568/gen/third_party/libjpeg-turbo/libjpeg-turbo-3.1.0/src/turbojpeg/jdsample.o
[OHOS INFO] [NINJA] [3599/9507] CC obj/out/rk3568/gen/third_party/libjpeg-turbo/libjpeg-turbo-3.1.0/src/turbojpeg/jfdctflt.o
[OHOS INFO] [NINJA] [3600/9507] CC obj/out/rk3568/gen/third_party/libjpeg-turbo/libjpeg-turbo-3.1.0/src/turbojpeg/jfdctint.o
[OHOS INFO] [NINJA] [3601/9507] CC obj/out/rk3568/gen/third_party/libjpeg-turbo/libjpeg-turbo-3.1.0/src/turbojpeg/jidctflt.o
[OHOS INFO] [NINJA] [3602/9507] CC obj/out/rk3568/gen/third_party/libjpeg-turbo/libjpeg-turbo-3.1.0/src/turbojpeg/jfdctfst.o
[OHOS INFO] [NINJA] [3603/9507] CC obj/out/rk3568/gen/third_party/libjpeg-turbo/libjpeg-turbo-3.1.0/src/turbojpeg/jidctred.o
[OHOS INFO] [NINJA] [3604/9507] CC obj/out/rk3568/gen/third_party/libjpeg-turbo/libjpeg-turbo-3.1.0/src/turbojpeg/jidctfst.o
[OHOS INFO] [NINJA] [3605/9507] CC obj/out/rk3568/gen/third_party/libjpeg-turbo/libjpeg-turbo-3.1.0/src/turbojpeg/jmemnobs.o
[OHOS INFO] [NINJA] [3606/9507] CC obj/out/rk3568/gen/third_party/libjpeg-turbo/libjpeg-turbo-3.1.0/src/turbojpeg/jmemmgr.o
[OHOS INFO] [NINJA] [3607/9507] CC obj/out/rk3568/gen/third_party/libjpeg-turbo/libjpeg-turbo-3.1.0/src/turbojpeg/jutils.o
[OHOS INFO] [NINJA] [3608/9507] CC obj/out/rk3568/gen/third_party/libjpeg-turbo/libjpeg-turbo-3.1.0/src/turbojpeg/jquant1.o
[OHOS INFO] [NINJA] [3609/9507] CC obj/out/rk3568/gen/third_party/libjpeg-turbo/libjpeg-turbo-3.1.0/src/turbojpeg/jquant2.o
[OHOS INFO] [NINJA] [3610/9507] CC obj/out/rk3568/gen/third_party/libjpeg-turbo/libjpeg-turbo-3.1.0/src/turbojpeg/jchuff.o
[OHOS INFO] [NINJA] [3611/9507] CC obj/out/rk3568/gen/third_party/libjpeg-turbo/libjpeg-turbo-3.1.0/src/turbojpeg/jidctint.o
[OHOS INFO] [NINJA] [3612/9507] CC obj/out/rk3568/gen/third_party/libjpeg-turbo/libjpeg-turbo-3.1.0/simd/arm/turbojpeg/jcgray-neon.o
[OHOS INFO] [NINJA] [3613/9507] CC obj/out/rk3568/gen/third_party/libjpeg-turbo/libjpeg-turbo-3.1.0/src/turbojpeg/jdhuff.o
[OHOS INFO] [NINJA] [3614/9507] CC obj/out/rk3568/gen/third_party/libjpeg-turbo/libjpeg-turbo-3.1.0/simd/arm/turbojpeg/jcphuff-neon.o
[OHOS INFO] [NINJA] [3615/9507] CC obj/out/rk3568/gen/third_party/libjpeg-turbo/libjpeg-turbo-3.1.0/simd/arm/turbojpeg/jcsample-neon.o
[OHOS INFO] [NINJA] [3616/9507] CC obj/out/rk3568/gen/third_party/libjpeg-turbo/libjpeg-turbo-3.1.0/simd/arm/turbojpeg/jfdctfst-neon.o
[OHOS INFO] [NINJA] [3617/9507] CC obj/out/rk3568/gen/third_party/libjpeg-turbo/libjpeg-turbo-3.1.0/simd/arm/turbojpeg/jdsample-neon.o
[OHOS INFO] [NINJA] [3618/9507] CC obj/out/rk3568/gen/third_party/libjpeg-turbo/libjpeg-turbo-3.1.0/simd/arm/turbojpeg/jquanti-neon.o
[OHOS INFO] [NINJA] [3619/9507] CC obj/out/rk3568/gen/third_party/libjpeg-turbo/libjpeg-turbo-3.1.0/simd/arm/turbojpeg/jidctred-neon.o
[OHOS INFO] [NINJA] [3620/9507] CC obj/out/rk3568/gen/third_party/libjpeg-turbo/libjpeg-turbo-3.1.0/simd/arm/turbojpeg/jidctfst-neon.o
[OHOS INFO] [NINJA] [3621/9507] CC obj/out/rk3568/gen/third_party/libjpeg-turbo/libjpeg-turbo-3.1.0/simd/arm/turbojpeg/jccolor-neon.o
[OHOS INFO] [NINJA] [3622/9507] CC obj/out/rk3568/gen/third_party/libjpeg-turbo/libjpeg-turbo-3.1.0/simd/arm/aarch32/turbojpeg/jsimd.o
[OHOS INFO] [NINJA] [3623/9507] CC obj/out/rk3568/gen/third_party/libjpeg-turbo/libjpeg-turbo-3.1.0/simd/arm/aarch32/turbojpeg/jchuff-neon.o
[OHOS INFO] [NINJA] [3624/9507] CC obj/out/rk3568/gen/third_party/libjpeg-turbo/libjpeg-turbo-3.1.0/simd/arm/turbojpeg/jidctint-neon.o
[OHOS INFO] [NINJA] [3625/9507] CC obj/out/rk3568/gen/third_party/libjpeg-turbo/libjpeg-turbo-3.1.0/simd/arm/turbojpeg/jdmerge-neon.o
[OHOS INFO] [NINJA] [3626/9507] CC obj/out/rk3568/gen/third_party/libjpeg-turbo/libjpeg-turbo-3.1.0/src/turbojpeg/jaricom.o
[OHOS INFO] [NINJA] [3627/9507] CC obj/out/rk3568/gen/third_party/libjpeg-turbo/libjpeg-turbo-3.1.0/src/turbojpeg/jdatadst-tj.o
[OHOS INFO] [NINJA] [3628/9507] CC obj/out/rk3568/gen/third_party/libjpeg-turbo/libjpeg-turbo-3.1.0/simd/arm/turbojpeg/jdcolor-neon.o
[OHOS INFO] [NINJA] [3629/9507] CC obj/out/rk3568/gen/third_party/libjpeg-turbo/libjpeg-turbo-3.1.0/simd/arm/turbojpeg/jfdctint-neon.o
[OHOS INFO] [NINJA] [3630/9507] CC obj/out/rk3568/gen/third_party/libjpeg-turbo/libjpeg-turbo-3.1.0/src/turbojpeg/jdatasrc-tj.o
[OHOS INFO] [NINJA] [3631/9507] CC obj/out/rk3568/gen/third_party/libjpeg-turbo/libjpeg-turbo-3.1.0/src/turbojpeg/jdarith.o
[OHOS INFO] [NINJA] [3632/9507] CC obj/out/rk3568/gen/third_party/libjpeg-turbo/libjpeg-turbo-3.1.0/src/turbojpeg/jcarith.o
[OHOS INFO] [NINJA] [3633/9507] CC obj/out/rk3568/gen/third_party/libjpeg-turbo/libjpeg-turbo-3.1.0/src/turbojpeg/rdbmp.o
[OHOS INFO] [NINJA] [3634/9507] CC obj/out/rk3568/gen/third_party/libjpeg-turbo/libjpeg-turbo-3.1.0/src/turbojpeg/wrbmp.o
[OHOS INFO] [NINJA] [3635/9507] AR obj/base/security/huks/utils/mutex/libhuks_utils_mutex_static.a
[OHOS INFO] [NINJA] [3636/9507] AR obj/commonlibrary/c_utils/base/libutilsbase.a
[OHOS INFO] [NINJA] [3637/9507] CC obj/out/rk3568/gen/third_party/libjpeg-turbo/libjpeg-turbo-3.1.0/src/turbojpeg/rdppm.o
[OHOS INFO] [NINJA] [3638/9507] CC obj/out/rk3568/gen/third_party/libjpeg-turbo/libjpeg-turbo-3.1.0/src/turbojpeg/wrppm.o
[OHOS INFO] [NINJA] [3639/9507] SOLINK filemanagement/file_api/libfilemgmt_libhilog.z.so
[OHOS INFO] [NINJA] [3640/9507] SOLINK hiviewdfx/faultloggerd/libbacktrace_local.so
[OHOS INFO] [NINJA] [3641/9507] CC obj/out/rk3568/gen/third_party/libjpeg-turbo/libjpeg-turbo-3.1.0/src/turbojpeg/transupp.o
[OHOS INFO] [NINJA] [3642/9507] SOLINK hiviewdfx/faultloggerd/libfaultloggerd.z.so
[OHOS INFO] [NINJA] [3643/9507] CC obj/out/rk3568/gen/third_party/libjpeg-turbo/libjpeg-turbo-3.1.0/src/turbojpeg/turbojpeg.o
[OHOS INFO] [NINJA] [3644/9507] SOLINK hiviewdfx/faultloggerd/libasync_stack.z.so
[OHOS INFO] [NINJA] [3645/9507] CXX obj/foundation/multimedia/image_framework/mock/native/src/log_mock_static/HiLog.o
[OHOS INFO] [NINJA] [3646/9507] CXX obj/foundation/multimedia/image_framework/mock/native/src/log_mock_static/hitrace_meter.o
[OHOS INFO] [NINJA] [3647/9507] SOLINK thirdparty/pcre2/libpcre2.z.so
[OHOS INFO] [NINJA] [3648/9507] SOLINK hiviewdfx/faultloggerd/libstack_printer.z.so
[OHOS INFO] [NINJA] [3649/9507] CXX obj/foundation/multimedia/image_framework/plugins/common/libs/image/libextplugin/src/heif_impl/heif_parser/box/heifparser/basic_box.o
[OHOS INFO] [NINJA] [3650/9507] SOLINK communication/ipc/libipc_common.z.so
[OHOS INFO] [NINJA] [3651/9507] SOLINK hiviewdfx/faultloggerd/libdfx_dumpcatcher.z.so
[OHOS INFO] [NINJA] [3652/9507] SOLINK thirdparty/selinux/libselinux.z.so
[OHOS INFO] [NINJA] [3653/9507] CXX obj/foundation/multimedia/image_framework/plugins/common/libs/image/libextplugin/src/heif_impl/heif_parser/box/heifparser/item_data_box.o
[OHOS INFO] [NINJA] [3654/9507] CXX obj/foundation/multimedia/image_framework/plugins/common/libs/image/libextplugin/src/heif_impl/heif_parser/box/heifparser/cr3_box.o
[OHOS INFO] [NINJA] [3655/9507] CXX obj/foundation/multimedia/image_framework/plugins/common/libs/image/libextplugin/src/heif_impl/heif_parser/box/heifparser/item_info_box.o
[OHOS INFO] [NINJA] [3656/9507] CXX obj/foundation/multimedia/image_framework/plugins/common/libs/image/libextplugin/src/heif_impl/heif_parser/box/heifparser/heif_box.o
[OHOS INFO] [NINJA] [3657/9507] CXX obj/foundation/multimedia/image_framework/plugins/common/libs/image/libextplugin/src/heif_impl/heif_parser/box/heifparser/item_property_aux_box.o
[OHOS INFO] [NINJA] [3658/9507] CXX obj/foundation/multimedia/image_framework/plugins/common/libs/image/libextplugin/src/heif_impl/heif_parser/box/heifparser/item_property_av1c_box.o
[OHOS INFO] [NINJA] [3659/9507] CXX obj/foundation/multimedia/image_framework/plugins/common/libs/image/libextplugin/src/heif_impl/heif_parser/box/heifparser/item_movie_box.o
[OHOS INFO] [NINJA] [3660/9507] CXX obj/foundation/multimedia/image_framework/plugins/common/libs/image/libextplugin/src/heif_impl/heif_parser/box/heifparser/item_property_basic_box.o
[OHOS INFO] [NINJA] [3661/9507] CXX obj/foundation/multimedia/image_framework/plugins/common/libs/image/libextplugin/src/heif_impl/heif_parser/box/heifparser/item_property_color_box.o
[OHOS INFO] [NINJA] [3662/9507] CXX obj/foundation/multimedia/image_framework/plugins/common/libs/image/libextplugin/src/heif_impl/heif_parser/box/heifparser/item_property_box.o
[OHOS INFO] [NINJA] [3663/9507] CXX obj/foundation/multimedia/image_framework/plugins/common/libs/image/libextplugin/src/heif_impl/heif_parser/box/heifparser/item_property_display_box.o
[OHOS INFO] [NINJA] [3664/9507] CXX obj/foundation/multimedia/image_framework/plugins/common/libs/image/libextplugin/src/heif_impl/heif_parser/box/heifparser/item_property_transform_box.o
[OHOS INFO] [NINJA] [3665/9507] CXX obj/third_party/vixl/src/aarch32/libvixl/disasm-aarch32.o
[OHOS INFO] [NINJA] [3666/9507] AR obj/third_party/vixl/libvixl.a
[OHOS INFO] [NINJA] [3667/9507] CXX obj/foundation/multimedia/image_framework/plugins/common/libs/image/libextplugin/src/heif_impl/heif_parser/box/heifparser/item_ref_box.o
[OHOS INFO] [NINJA] [3668/9507] CXX obj/foundation/multimedia/image_framework/plugins/common/libs/image/libextplugin/src/heif_impl/heif_parser/heifparser/cr3_parser.o
[OHOS INFO] [NINJA] [3669/9507] SOLINK resourceschedule/ffrt/libffrt.so
[OHOS INFO] [NINJA] [3670/9507] STAMP obj/arkcompiler/runtime_core/static_core/libarkbase/libarktsbase_static.stamp
[OHOS INFO] [NINJA] [3671/9507] SOLINK thirdparty/zlib/libshared_libz.z.so
[OHOS INFO] [NINJA] [3672/9507] CXX obj/foundation/multimedia/image_framework/plugins/common/libs/image/libextplugin/src/heif_impl/heif_parser/box/heifparser/item_property_hvcc_box.o
[OHOS INFO] [NINJA] [3673/9507] AR obj/arkcompiler/runtime_core/libziparchive/libarkziparchive_static.a
[OHOS INFO] [NINJA] [3674/9507] AR obj/arkcompiler/runtime_core/libpandafile/libarkfile_runtime_static.a
[OHOS INFO] [NINJA] [3675/9507] CXX obj/foundation/multimedia/image_framework/plugins/common/libs/image/libextplugin/src/heif_impl/heif_parser/heifparser/heif_image.o
[OHOS INFO] [NINJA] [3676/9507] CXX obj/foundation/multimedia/image_framework/plugins/common/libs/image/libextplugin/src/heif_impl/heif_parser/heifparser/heif_stream.o
[OHOS INFO] [NINJA] [3677/9507] SOLINK communication/ipc/libipc_single.z.so
[OHOS INFO] [NINJA] [3678/9507] COPY communication/ipc/libipc_single.z.so obj/foundation/communication/ipc/interfaces/innerkits/ipc_core/out/rk3568/communication/ipc/libipc_single.z.so
[OHOS INFO] [NINJA] [3679/9507] STAMP obj/foundation/communication/ipc/interfaces/innerkits/ipc_core/ipc_core.stamp
[OHOS INFO] [NINJA] [3680/9507] CXX obj/foundation/multimedia/image_framework/plugins/common/libs/image/libextplugin/src/heif_impl/heif_parser/heifparser/heif_utils.o
[OHOS INFO] [NINJA] [3681/9507] STAMP obj/foundation/filemanagement/storage_service/interfaces/innerkits/acl/native/storage_manager_acl.inputdeps.stamp
[OHOS INFO] [NINJA] [3682/9507] SOLINK arkcompiler/runtime_core/libarktsbase.so
[OHOS INFO] [NINJA] [3683/9507] STAMP obj/foundation/systemabilitymgr/samgr/interfaces/innerkits/samgr_proxy/samgr_proxy.inputdeps.stamp
[OHOS INFO] [NINJA] [3684/9507] STAMP obj/arkcompiler/runtime_core/static_core/libziparchive/libarktsziparchive_static.stamp
[OHOS INFO] [NINJA] [3685/9507] STAMP obj/base/hiviewdfx/hiview/adapter/service/client/hiview_service_impl_for_unified_collection.inputdeps.stamp
[OHOS INFO] [NINJA] [3686/9507] CXX obj/foundation/window/window_manager/utils/src/libwmutil_base/color_parser.o
[OHOS INFO] [NINJA] [3687/9507] CXX obj/foundation/window/window_manager/utils/src/libwmutil_base/agent_death_recipient.o
[OHOS INFO] [NINJA] [3688/9507] CXX obj/foundation/systemabilitymgr/samgr/interfaces/innerkits/dynamic_cache/src/dynamic_cache/dynamic_cache.o
[OHOS INFO] [NINJA] [3689/9507] AR obj/foundation/systemabilitymgr/samgr/interfaces/innerkits/dynamic_cache/libdynamic_cache.a
[OHOS INFO] [NINJA] [3690/9507] CXX obj/foundation/filemanagement/storage_service/services/storage_daemon/file_sharing/src/storage_manager_acl/acl.o
[OHOS INFO] [NINJA] [3691/9507] CXX obj/foundation/window/window_manager/utils/src/libwmutil_base/accessibility_window_info.o
[OHOS INFO] [NINJA] [3692/9507] CXX obj/foundation/systemabilitymgr/samgr/frameworks/native/source/samgr_proxy/system_ability_load_callback_stub.o
[OHOS INFO] [NINJA] [3693/9507] CXX obj/foundation/filemanagement/storage_service/services/storage_daemon/file_sharing/src/storage_manager_acl/setacl.o
[OHOS INFO] [NINJA] [3694/9507] CXX obj/foundation/systemabilitymgr/samgr/frameworks/native/source/samgr_proxy/system_ability_on_demand_event.o
[OHOS INFO] [NINJA] [3695/9507] CXX obj/foundation/multimedia/image_framework/plugins/common/libs/image/libextplugin/src/heif_impl/heif_parser/heifparser/heif_parser.o
[OHOS INFO] [NINJA] [3696/9507] CXX obj/foundation/systemabilitymgr/samgr/frameworks/native/source/samgr_proxy/system_ability_status_change_stub.o
[OHOS INFO] [NINJA] [3697/9507] CXX obj/foundation/systemabilitymgr/samgr/frameworks/native/source/samgr_proxy/system_process_status_change_stub.o
[OHOS INFO] [NINJA] [3698/9507] CXX obj/foundation/systemabilitymgr/samgr/frameworks/native/source/samgr_proxy/system_ability_manager_proxy.o
[OHOS INFO] [NINJA] [3699/9507] CXX obj/foundation/systemabilitymgr/samgr/services/lsamgr/src/samgr_proxy/local_abilitys.o
[OHOS INFO] [NINJA] [3700/9507] CXX obj/out/rk3568/gen/base/hiviewdfx/hiview/adapter/service/client/hiview_service_impl_for_unified_collection/request_trace_callback_stub.o
[OHOS INFO] [NINJA] [3701/9507] CXX obj/foundation/systemabilitymgr/samgr/services/samgr/native/source/samgr_proxy/service_registry.o
[OHOS INFO] [NINJA] [3702/9507] STAMP obj/base/hiviewdfx/hiview/adapter/service/client/hiview_service_proxy.stamp
[OHOS INFO] [NINJA] [3703/9507] STAMP obj/base/hiviewdfx/hiview/interfaces/inner_api/unified_collection/client/src/ucollection_client_source.inputdeps.stamp
[OHOS INFO] [NINJA] [3704/9507] CXX obj/base/hiviewdfx/hiview/adapter/service/client/src/hiview_service_impl_for_unified_collection/hiview_remote_service.o
[OHOS INFO] [NINJA] [3705/9507] CXX obj/foundation/systemabilitymgr/samgr/services/lsamgr/src/samgr_proxy/local_ability_manager_proxy.o
[OHOS INFO] [NINJA] [3706/9507] CXX obj/base/hiviewdfx/hiview/interfaces/inner_api/unified_collection/client/src/ucollection_client_source/cpu_collector_client_impl.o
[OHOS INFO] [NINJA] [3707/9507] STAMP obj/base/hiviewdfx/hicollie/frameworks/native/libhicollie_source.inputdeps.stamp
[OHOS INFO] [NINJA] [3708/9507] CXX obj/base/hiviewdfx/hiview/interfaces/inner_api/unified_collection/client/src/ucollection_client_source/memory_collector_client_impl.o
[OHOS INFO] [NINJA] [3709/9507] STAMP obj/base/security/access_token/services/accesstokenmanager/idl/access_token_manager_proxy.inputdeps.stamp
[OHOS INFO] [NINJA] [3710/9507] STAMP obj/drivers/hdf_core/adapter/uhdf2/ipc/libhdf_ipc_adapter.inputdeps.stamp
[OHOS INFO] [NINJA] [3711/9507] STAMP obj/foundation/ability/ability_base/base.inputdeps.stamp
[OHOS INFO] [NINJA] [3712/9507] CXX obj/base/hiviewdfx/hiview/adapter/service/client/src/hiview_service_impl_for_unified_collection/hiview_service_cpu_delegate.o
[OHOS INFO] [NINJA] [3713/9507] CXX obj/base/hiviewdfx/hiview/adapter/service/client/src/hiview_service_impl_for_unified_collection/hiview_service_memory_delegate.o
[OHOS INFO] [NINJA] [3714/9507] SOLINK security/access_token/libaccesstoken_common_cxx.z.so
[OHOS INFO] [NINJA] [3715/9507] SOLINK arkcompiler/runtime_core/libarktsziparchive.so
[OHOS INFO] [NINJA] [3716/9507] CXX obj/base/hiviewdfx/hiview/adapter/service/client/src/hiview_service_impl_for_unified_collection/hiview_service_trace_delegate.o
[OHOS INFO] [NINJA] [3717/9507] STAMP obj/arkcompiler/runtime_core/static_core/libarkfile/libarktsfile_static.stamp
[OHOS INFO] [NINJA] [3718/9507] SOLINK filemanagement/storage_service/libstorage_manager_acl.z.so
[OHOS INFO] [NINJA] [3719/9507] CXX obj/base/hiviewdfx/hiview/interfaces/inner_api/unified_collection/client/src/ucollection_client_source/trace_collector_client_impl.o
[OHOS INFO] [NINJA] [3720/9507] SOLINK systemabilitymgr/samgr/libsamgr_proxy.z.so
[OHOS INFO] [NINJA] [3721/9507] STAMP obj/base/hiviewdfx/hiview/adapter/service/client/hiview_service_impl_for_unified_collection.stamp
[OHOS INFO] [NINJA] [3722/9507] CXX obj/base/hiviewdfx/hicollie/frameworks/native/libhicollie_source/process_kill_reason.o
[OHOS INFO] [NINJA] [3723/9507] STAMP obj/base/hiviewdfx/hiview/interfaces/inner_api/unified_collection/client/src/ucollection_client_source.stamp
[OHOS INFO] [NINJA] [3724/9507] CXX obj/base/hiviewdfx/hicollie/frameworks/native/libhicollie_source/ipc_full.o
[OHOS INFO] [NINJA] [3725/9507] SOLINK arkcompiler/runtime_core/libarktsfile.so
[OHOS INFO] [NINJA] [3726/9507] AR gen/arkcompiler/runtime_core/static_core/runtime/asm_defines/generated/libasm_defines.S
[OHOS INFO] [NINJA] [3727/9507] CXX obj/base/hiviewdfx/hicollie/frameworks/native/libhicollie_source/handler_checker.o
[OHOS INFO] [NINJA] [3728/9507] CXX obj/base/hiviewdfx/hicollie/frameworks/native/libhicollie_source/sample_stack_map.o
[OHOS INFO] [NINJA] [3729/9507] CXX obj/base/hiviewdfx/hicollie/frameworks/native/libhicollie_source/watchdog.o
[OHOS INFO] [NINJA] [3730/9507] CXX obj/base/hiviewdfx/hicollie/frameworks/native/libhicollie_source/xcollie.o
[OHOS INFO] [NINJA] [3731/9507] SOLINK hiviewdfx/hiview/libucollection_client.z.so
[OHOS INFO] [NINJA] [3732/9507] CXX obj/base/hiviewdfx/hicollie/frameworks/native/libhicollie_source/xcollie_ffrt_task.o
[OHOS INFO] [NINJA] [3733/9507] STAMP obj/base/security/access_token/interfaces/innerkits/accesstoken/libaccesstoken_sdk.inputdeps.stamp
[OHOS INFO] [NINJA] [3734/9507] SOLINK notification/eventhandler/libeventhandler.z.so
[OHOS INFO] [NINJA] [3735/9507] SOLINK security/access_token/libaccesstoken_communication_adapter_cxx.z.so
[OHOS INFO] [NINJA] [3736/9507] CXX obj/base/hiviewdfx/hicollie/frameworks/native/libhicollie_source/watchdog_task.o
[OHOS INFO] [NINJA] [3737/9507] SOLINK security/access_token/libpermsetproc_shared.z.so
[OHOS INFO] [NINJA] [3738/9507] STAMP obj/base/startup/init/interfaces/innerkits/param_watcher_proxy.inputdeps.stamp
[OHOS INFO] [NINJA] [3739/9507] STAMP obj/drivers/hdf_core/adapter/uhdf2/hdi/libhdi.inputdeps.stamp
[OHOS INFO] [NINJA] [3740/9507] CXX obj/base/hiviewdfx/hicollie/frameworks/native/libhicollie_source/xcollie_mgr.o
[OHOS INFO] [NINJA] [3741/9507] CXX obj/drivers/hdf_core/adapter/uhdf2/ipc/src/libhdf_ipc_adapter/hdf_dump.o
[OHOS INFO] [NINJA] [3742/9507] CC obj/drivers/hdf_core/adapter/uhdf2/ipc/src/libhdf_ipc_adapter/hdf_remote_service.o
[OHOS INFO] [NINJA] [3743/9507] CXX obj/base/hiviewdfx/hicollie/frameworks/native/libhicollie_source/xcollie_utils.o
[OHOS INFO] [NINJA] [3744/9507] SOLINK hdf/hdf_core/libpub_utils.z.so
[OHOS INFO] [NINJA] [3745/9507] CXX obj/out/rk3568/gen/base/security/access_token/services/accesstokenmanager/idl/access_token_manager_proxy/idl_common.o
[OHOS INFO] [NINJA] [3746/9507] CXX obj/drivers/hdf_core/adapter/uhdf2/ipc/src/libhdf_ipc_adapter/hdf_sbuf_impl_hipc.o
[OHOS INFO] [NINJA] [3747/9507] CXX obj/out/rk3568/gen/base/security/access_token/services/accesstokenmanager/idl/access_token_manager_proxy/access_token_manager_proxy.o
[OHOS INFO] [NINJA] [3748/9507] CXX obj/base/hiviewdfx/hicollie/frameworks/native/libhicollie_source/watchdog_inner.o
[OHOS INFO] [NINJA] [3749/9507] CXX obj/foundation/ability/ability_base/interfaces/inner_api/base/src/base/base.o
[OHOS INFO] [NINJA] [3750/9507] CXX obj/foundation/ability/ability_base/interfaces/inner_api/base/src/base/base_object.o
[OHOS INFO] [NINJA] [3751/9507] CXX obj/foundation/ability/ability_base/interfaces/inner_api/base/src/base/float_wrapper.o
[OHOS INFO] [NINJA] [3752/9507] CXX obj/foundation/ability/ability_base/interfaces/inner_api/base/src/base/double_wrapper.o
[OHOS INFO] [NINJA] [3753/9507] CXX obj/foundation/ability/ability_base/interfaces/inner_api/base/src/base/bool_wrapper.o
[OHOS INFO] [NINJA] [3754/9507] CXX obj/foundation/ability/ability_base/interfaces/inner_api/base/src/base/byte_wrapper.o
[OHOS INFO] [NINJA] [3755/9507] CXX obj/foundation/ability/ability_base/interfaces/inner_api/base/src/base/short_wrapper.o
[OHOS INFO] [NINJA] [3756/9507] CXX obj/drivers/hdf_core/adapter/uhdf2/ipc/src/libhdf_ipc_adapter/hdf_remote_adapter.o
[OHOS INFO] [NINJA] [3757/9507] CXX obj/foundation/ability/ability_base/interfaces/inner_api/base/src/base/int_wrapper.o
[OHOS INFO] [NINJA] [3758/9507] CXX obj/foundation/ability/ability_base/interfaces/inner_api/base/src/base/long_wrapper.o
[OHOS INFO] [NINJA] [3759/9507] STAMP obj/foundation/ability/ability_base/want.inputdeps.stamp
[OHOS INFO] [NINJA] [3760/9507] STAMP obj/base/account/os_account/frameworks/common/libaccount_common.inputdeps.stamp
[OHOS INFO] [NINJA] [3761/9507] STAMP obj/base/hiviewdfx/hicollie/frameworks/native/libhicollie_source.stamp
[OHOS INFO] [NINJA] [3762/9507] CXX obj/foundation/ability/ability_base/interfaces/inner_api/base/src/base/remote_object_wrapper.o
[OHOS INFO] [NINJA] [3763/9507] CXX obj/foundation/ability/ability_base/interfaces/inner_api/base/src/base/string_wrapper.o
[OHOS INFO] [NINJA] [3764/9507] ACTION //arkcompiler/runtime_core/static_core/cross_values:cross_values_generate(//build/toolchain/ohos:ohos_clang_arm)
[OHOS INFO] [NINJA] [3765/9507] CXX obj/foundation/ability/ability_base/interfaces/inner_api/base/src/base/zchar_wrapper.o
[OHOS INFO] [NINJA] [3766/9507] CXX obj/base/security/access_token/interfaces/innerkits/accesstoken/src/libaccesstoken_sdk/accesstoken_callbacks.o
[OHOS INFO] [NINJA] [3767/9507] CXX obj/base/security/access_token/interfaces/innerkits/accesstoken/src/libaccesstoken_sdk/accesstoken_death_recipient.o
[OHOS INFO] [NINJA] [3768/9507] STAMP obj/base/security/access_token/services/accesstokenmanager/idl/access_token_manager_proxy.stamp
[OHOS INFO] [NINJA] [3769/9507] STAMP obj/base/security/access_token/services/common/proxy_death/proxy_death_stub.stamp
[OHOS INFO] [NINJA] [3770/9507] CXX obj/base/security/access_token/interfaces/innerkits/accesstoken/src/libaccesstoken_sdk/accesstoken_callback_stubs.o
[OHOS INFO] [NINJA] [3771/9507] STAMP obj/base/startup/init/interfaces/innerkits/libbeget_proxy.inputdeps.stamp
[OHOS INFO] [NINJA] [3772/9507] CXX obj/foundation/ability/ability_base/interfaces/inner_api/base/src/base/user_object_wrapper.o
[OHOS INFO] [NINJA] [3773/9507] CXX obj/base/security/access_token/interfaces/innerkits/accesstoken/src/libaccesstoken_sdk/perm_state_change_callback_customize.o
[OHOS INFO] [NINJA] [3774/9507] CC obj/drivers/hdf_core/framework/core/shared/src/libhdi/service_status.o
[OHOS INFO] [NINJA] [3775/9507] CXX obj/out/rk3568/gen/base/startup/init/interfaces/innerkits/deviceinfo_proxy/device_info_proxy.o
[OHOS INFO] [NINJA] [3776/9507] CXX obj/out/rk3568/gen/base/startup/init/interfaces/innerkits/param_watcher_proxy/watcher_manager_proxy.o
[OHOS INFO] [NINJA] [3777/9507] CXX obj/out/rk3568/gen/base/startup/init/interfaces/innerkits/param_watcher_proxy/watcher_stub.o
[OHOS INFO] [NINJA] [3778/9507] CC obj/drivers/hdf_core/adapter/uhdf2/hdi/src/libhdi/buffer_util.o
[OHOS INFO] [NINJA] [3779/9507] CC obj/drivers/hdf_core/adapter/uhdf2/hdi/src/libhdi/devmgr_client.o
[OHOS INFO] [NINJA] [3780/9507] CXX obj/base/security/access_token/interfaces/innerkits/accesstoken/src/libaccesstoken_sdk/accesstoken_kit.o
[OHOS INFO] [NINJA] [3781/9507] CXX obj/drivers/hdf_core/adapter/uhdf2/hdi/src/libhdi/hdi_smq_syncer.o
[OHOS INFO] [NINJA] [3782/9507] CC obj/drivers/hdf_core/adapter/uhdf2/hdi/src/libhdi/servmgr_client.o
[OHOS INFO] [NINJA] [3783/9507] CC obj/drivers/hdf_core/adapter/uhdf2/hdi/src/libhdi/servstat_listener.o
[OHOS INFO] [NINJA] [3784/9507] CXX obj/drivers/hdf_core/adapter/uhdf2/hdi/src/libhdi/native_buffer.o
[OHOS INFO] [NINJA] [3785/9507] CXX obj/drivers/hdf_core/adapter/uhdf2/hdi/src/libhdi/object_collector.o
[OHOS INFO] [NINJA] [3786/9507] SOLINK hdf/hdf_core/libhdi_base.z.so
[OHOS INFO] [NINJA] [3787/9507] CXX obj/drivers/hdf_core/adapter/uhdf2/hdi/src/libhdi/idevmgr_client.o
[OHOS INFO] [NINJA] [3788/9507] STAMP obj/drivers/interface/display/buffer/v1_0/libdisplay_buffer_proxy_1.0.inputdeps.stamp
[OHOS INFO] [NINJA] [3789/9507] CXX obj/drivers/hdf_core/adapter/uhdf2/hdi/src/libhdi/iservmgr_client.o
[OHOS INFO] [NINJA] [3790/9507] CXX obj/drivers/hdf_core/adapter/uhdf2/hdi/src/libhdi/servstat_listener_stub.o
[OHOS INFO] [NINJA] [3791/9507] SOLINK hdf/hdf_core/libhdf_ipc_adapter.z.so
[OHOS INFO] [NINJA] [3792/9507] SOLINK ability/ability_base/libbase.z.so
[OHOS INFO] [NINJA] [3793/9507] CXX obj/drivers/hdf_core/adapter/uhdf2/hdi/src/libhdi/stub_collector.o
[OHOS INFO] [NINJA] [3794/9507] CXX obj/foundation/ability/ability_base/interfaces/kits/native/want/src/want/extra_params.o
[OHOS INFO] [NINJA] [3795/9507] CXX obj/foundation/ability/ability_base/interfaces/kits/native/want/src/want/element_name.o
[OHOS INFO] [NINJA] [3796/9507] CXX obj/foundation/ability/ability_base/interfaces/kits/native/want/src/want/operation.o
[OHOS INFO] [NINJA] [3797/9507] CXX obj/base/security/access_token/interfaces/innerkits/accesstoken/src/libaccesstoken_sdk/accesstoken_manager_client.o
[OHOS INFO] [NINJA] [3798/9507] CXX obj/foundation/ability/ability_base/interfaces/kits/native/want/src/want/operation_builder.o
[OHOS INFO] [NINJA] [3799/9507] CXX obj/foundation/ability/ability_base/interfaces/kits/native/want/src/want/array_wrapper.o
[OHOS INFO] [NINJA] [3800/9507] CXX obj/foundation/ability/ability_base/interfaces/kits/native/want/src/want/skills.o
[OHOS INFO] [NINJA] [3801/9507] CXX obj/foundation/ability/ability_base/interfaces/kits/native/want/src/want/want_params_wrapper.o
[OHOS INFO] [NINJA] [3802/9507] CXX obj/foundation/ability/ability_base/interfaces/kits/native/want/src/want/patterns_matcher.o
[OHOS INFO] [NINJA] [3803/9507] STAMP obj/arkcompiler/runtime_core/static_core/cross_values/cross_values_generate.stamp
[OHOS INFO] [NINJA] [3804/9507] SOLINK ability/ability_base/libzuri.z.so
[OHOS INFO] [NINJA] [3805/9507] SOLINK thirdparty/jsoncpp/libjsoncpp.z.so
[OHOS INFO] [NINJA] [3806/9507] CXX obj/base/account/os_account/frameworks/ohosaccount/native/src/libaccount_common/distributed_account_subscribe_callback.o
[OHOS INFO] [NINJA] [3807/9507] CXX obj/base/account/os_account/frameworks/appaccount/native/src/libaccount_common/app_account_info.o
[OHOS INFO] [NINJA] [3808/9507] CXX obj/base/account/os_account/dfx/data_dfx/libaccount_common/data_size_report_adapter.o
[OHOS INFO] [NINJA] [3809/9507] CXX obj/base/account/os_account/dfx/hisysevent_adapter/libaccount_common/account_hisysevent_adapter.o
[OHOS INFO] [NINJA] [3810/9507] CXX obj/base/account/os_account/frameworks/common/account_error/src/libaccount_common/account_error_no.o
[OHOS INFO] [NINJA] [3811/9507] CXX obj/foundation/ability/ability_base/interfaces/kits/native/want/src/want/want_params_wrapper_json.o
[OHOS INFO] [NINJA] [3812/9507] CXX obj/foundation/ability/ability_base/interfaces/kits/native/want/src/want/pac_map.o
[OHOS INFO] [NINJA] [3813/9507] CXX obj/base/account/os_account/frameworks/common/json_utils/src/libaccount_common/app_account_info_json_parser.o
[OHOS INFO] [NINJA] [3814/9507] CXX obj/base/account/os_account/frameworks/common/file_operator/src/libaccount_common/account_file_operator.o
[OHOS INFO] [NINJA] [3815/9507] CXX obj/base/account/os_account/frameworks/common/json_utils/src/libaccount_common/os_account_info_json_parser.o
[OHOS INFO] [NINJA] [3816/9507] CXX obj/base/account/os_account/frameworks/common/json_utils/src/libaccount_common/json_utils.o
[OHOS INFO] [NINJA] [3817/9507] CXX obj/base/account/os_account/frameworks/common/log/src/libaccount_common/account_log_wrapper.o
[OHOS INFO] [NINJA] [3818/9507] CXX obj/base/account/os_account/frameworks/common/perf_stat/src/libaccount_common/perf_stat.o
[OHOS INFO] [NINJA] [3819/9507] CXX obj/base/account/os_account/frameworks/common/privileges/src/libaccount_common/privileges_map.o
[OHOS INFO] [NINJA] [3820/9507] CXX obj/foundation/ability/ability_base/interfaces/kits/native/want/src/want/want_params.o
[OHOS INFO] [NINJA] [3821/9507] STAMP obj/base/account/os_account/frameworks/ohosaccount/native/libaccountkits.inputdeps.stamp
[OHOS INFO] [NINJA] [3822/9507] CXX obj/base/account/os_account/frameworks/common/utils/src/libaccount_common/account_timeout_task.o
[OHOS INFO] [NINJA] [3823/9507] STAMP obj/base/hiviewdfx/hitrace/interfaces/native/innerkits/hitrace_inner.inputdeps.stamp
[OHOS INFO] [NINJA] [3824/9507] STAMP obj/base/startup/init/interfaces/innerkits/deviceinfo_proxy.stamp
[OHOS INFO] [NINJA] [3825/9507] CXX obj/foundation/ability/ability_base/interfaces/kits/native/want/src/want/want.o
[OHOS INFO] [NINJA] [3826/9507] CXX obj/base/account/os_account/frameworks/common/utils/src/libaccount_common/account_permission_manager.o
[OHOS INFO] [NINJA] [3827/9507] CXX obj/base/account/os_account/frameworks/common/utils/src/libaccount_common/memory_guard.o
[OHOS INFO] [NINJA] [3828/9507] SOLINK hiviewdfx/hicollie/libhicollie.z.so
[OHOS INFO] [NINJA] [3829/9507] CC obj/base/startup/init/interfaces/innerkits/service_watcher/libbeget_proxy/service_watcher.o
[OHOS INFO] [NINJA] [3830/9507] SOLINK security/access_token/libaccesstoken_sdk.z.so
[OHOS INFO] [NINJA] [3831/9507] SOLINK security/access_token/libtokenid_sdk.z.so
[OHOS INFO] [NINJA] [3832/9507] CXX obj/base/account/os_account/frameworks/common/utils/src/libaccount_common/account_timer.o
[OHOS INFO] [NINJA] [3833/9507] STAMP obj/base/startup/init/interfaces/innerkits/param_watcher_proxy.stamp
[OHOS INFO] [NINJA] [3834/9507] CXX obj/base/startup/init/device_info/libbeget_proxy/device_info.o
[OHOS INFO] [NINJA] [3835/9507] SOLINK hdf/hdf_core/libhdi.z.so
[OHOS INFO] [NINJA] [3836/9507] CXX obj/base/startup/init/services/param/watcher/agent/libbeget_proxy/watcher.o
[OHOS INFO] [NINJA] [3837/9507] CXX obj/base/startup/init/device_info/libbeget_proxy/device_info_kits.o
[OHOS INFO] [NINJA] [3838/9507] STAMP obj/drivers/interface/display/buffer/v1_2/libdisplay_buffer_proxy_1.2.inputdeps.stamp
[OHOS INFO] [NINJA] [3839/9507] CXX obj/base/startup/init/services/param/watcher/agent/libbeget_proxy/watcher_manager_kits.o
[OHOS INFO] [NINJA] [3840/9507] CXX obj/base/startup/init/device_info/libbeget_proxy/device_info_load.o
[OHOS INFO] [NINJA] [3841/9507] STAMP obj/base/account/os_account/frameworks/domain_account/domain_account_innerkits.inputdeps.stamp
[OHOS INFO] [NINJA] [3842/9507] ACTION //arkcompiler/runtime_core/static_core/cross_values:cross_values_getters_generate(//build/toolchain/ohos:ohos_clang_arm)
[OHOS INFO] [NINJA] [3843/9507] CXX obj/out/rk3568/gen/drivers/interface/display/buffer/v1_0/libdisplay_buffer_proxy_1.0/display_buffer_type.o
[OHOS INFO] [NINJA] [3844/9507] SOLINK ability/ability_base/libwant.z.so
[OHOS INFO] [NINJA] [3845/9507] CXX obj/out/rk3568/gen/drivers/interface/display/buffer/v1_0/libdisplay_buffer_proxy_1.0/allocator_proxy.o
[OHOS INFO] [NINJA] [3846/9507] CXX obj/out/rk3568/gen/drivers/interface/display/buffer/v1_0/libdisplay_buffer_proxy_1.0/mapper_proxy.o
[OHOS INFO] [NINJA] [3847/9507] CXX obj/base/account/os_account/frameworks/ohosaccount/native/src/libaccountkits/account_info.o
[OHOS INFO] [NINJA] [3848/9507] CXX obj/base/account/os_account/frameworks/ohosaccount/native/src/libaccountkits/ohos_account_kits.o
[OHOS INFO] [NINJA] [3849/9507] CXX obj/base/account/os_account/frameworks/ohosaccount/native/src/libaccountkits/system_ability_status_change_listener.o
[OHOS INFO] [NINJA] [3850/9507] CXX obj/base/hiviewdfx/hitrace/interfaces/native/innerkits/src/hitrace_inner/hitrace_meter.o
[OHOS INFO] [NINJA] [3851/9507] CC obj/base/hiviewdfx/hitrace/interfaces/native/innerkits/src/hitrace_inner/hitrace_meter_c.o
[OHOS INFO] [NINJA] [3852/9507] CXX obj/base/account/os_account/frameworks/ohosaccount/native/src/libaccountkits/distributed_account_event_service.o
[OHOS INFO] [NINJA] [3853/9507] CXX obj/out/rk3568/gen/base/account/os_account/frameworks/ohosaccount/native/libaccountkits/distributed_account_event_proxy.o
[OHOS INFO] [NINJA] [3854/9507] CXX obj/base/hiviewdfx/hitrace/interfaces/native/innerkits/src/hitrace_inner/hitrace_meter_wrapper.o
[OHOS INFO] [NINJA] [3855/9507] CXX obj/out/rk3568/gen/base/account/os_account/frameworks/ohosaccount/native/libaccountkits/account_proxy.o
[OHOS INFO] [NINJA] [3856/9507] SOLINK startup/init/libbeget_proxy.z.so
[OHOS INFO] [NINJA] [3857/9507] CXX obj/base/account/os_account/frameworks/ohosaccount/native/src/libaccountkits/ohos_account_kits_impl.o
[OHOS INFO] [NINJA] [3858/9507] STAMP obj/drivers/interface/display/graphic/common/v2_0/libdisplay_commontype_proxy_2.0.inputdeps.stamp
[OHOS INFO] [NINJA] [3859/9507] ACTION //arkcompiler/runtime_core/static_core/runtime:arkruntime_gen_entrypoints_compiler_checksum_entrypoints_compiler_checksum_inl(//build/toolchain/linux:clang_x64)
[OHOS INFO] [NINJA] [3860/9507] STAMP obj/arkcompiler/runtime_core/static_core/cross_values/cross_values_getters_generate.stamp
[OHOS INFO] [NINJA] [3861/9507] CXX obj/out/rk3568/gen/base/account/os_account/frameworks/ohosaccount/native/libaccountkits/distributed_account_event_stub.o
[OHOS INFO] [NINJA] [3862/9507] SOLINK account/os_account/libaccount_common.z.so
[OHOS INFO] [NINJA] [3863/9507] SOLINK hdf/drivers_interface_display/libdisplay_buffer_proxy_1.0.z.so
[OHOS INFO] [NINJA] [3864/9507] CXX obj/out/rk3568/gen/drivers/interface/display/buffer/v1_2/libdisplay_buffer_proxy_1.2/display_buffer_type.o
[OHOS INFO] [NINJA] [3865/9507] CXX obj/base/account/os_account/frameworks/domain_account/src/domain_account_innerkits/domain_account_callback_service.o
[OHOS INFO] [NINJA] [3866/9507] CXX obj/out/rk3568/gen/drivers/interface/display/buffer/v1_1/libdisplay_buffer_proxy_1.1/metadata_proxy.o
[OHOS INFO] [NINJA] [3867/9507] CXX obj/out/rk3568/gen/drivers/interface/display/buffer/v1_2/libdisplay_buffer_proxy_1.2/mapper_proxy.o
[OHOS INFO] [NINJA] [3868/9507] CXX obj/base/account/os_account/frameworks/domain_account/src/domain_account_innerkits/domain_account_parcel.o
[OHOS INFO] [NINJA] [3869/9507] CXX obj/base/account/os_account/frameworks/domain_account/src/domain_account_innerkits/domain_account_common.o
[OHOS INFO] [NINJA] [3870/9507] CXX obj/out/rk3568/gen/base/account/os_account/frameworks/domain_account/domain_account_innerkits/domain_account_callback_proxy.o
[OHOS INFO] [NINJA] [3871/9507] CXX obj/base/account/os_account/frameworks/domain_account/src/domain_account_innerkits/domain_account_callback_adapters.o
[OHOS INFO] [NINJA] [3872/9507] CXX obj/out/rk3568/gen/base/account/os_account/frameworks/domain_account/domain_account_innerkits/domain_account_callback_stub.o
[OHOS INFO] [NINJA] [3873/9507] CXX obj/base/account/os_account/frameworks/domain_account/src/domain_account_innerkits/domain_account_client.o
[OHOS INFO] [NINJA] [3874/9507] CXX obj/base/account/os_account/frameworks/domain_account/src/domain_account_innerkits/domain_account_callback_client.o
[OHOS INFO] [NINJA] [3875/9507] STAMP obj/base/account/os_account/frameworks/osaccount/native/os_account_innerkits.inputdeps.stamp
[OHOS INFO] [NINJA] [3876/9507] AR obj/base/hiviewdfx/hitrace/interfaces/native/innerkits/libhitrace_inner.a
[OHOS INFO] [NINJA] [3877/9507] STAMP obj/base/notification/common_event_service/frameworks/core/cesfwk_core.inputdeps.stamp
[OHOS INFO] [NINJA] [3878/9507] SOLINK account/os_account/libaccountkits.z.so
[OHOS INFO] [NINJA] [3879/9507] CXX obj/base/account/os_account/frameworks/domain_account/src/domain_account_innerkits/domain_account_plugin_service.o
[OHOS INFO] [NINJA] [3880/9507] CXX obj/base/account/os_account/frameworks/domain_account/src/domain_account_innerkits/domain_account_status_listener_manager.o
[OHOS INFO] [NINJA] [3881/9507] CXX obj/out/rk3568/gen/base/account/os_account/frameworks/domain_account/domain_account_innerkits/domain_account_plugin_stub.o
[OHOS INFO] [NINJA] [3882/9507] CXX obj/out/rk3568/gen/base/account/os_account/frameworks/domain_account/domain_account_innerkits/domain_account_proxy.o
[OHOS INFO] [NINJA] [3883/9507] SOLINK hdf/drivers_interface_display/libdisplay_buffer_proxy_1.1.z.so
[OHOS INFO] [NINJA] [3884/9507] SOLINK hdf/drivers_interface_display/libdisplay_buffer_proxy_1.2.z.so
[OHOS INFO] [NINJA] [3885/9507] STAMP obj/drivers/interface/display/graphic/common/v1_0/libdisplay_commontype_proxy_1.0.inputdeps.stamp
[OHOS INFO] [NINJA] [3886/9507] CXX obj/out/rk3568/gen/base/notification/common_event_service/frameworks/core/common_event_proxy/common_event_proxy.o
[OHOS INFO] [NINJA] [3887/9507] CXX obj/out/rk3568/gen/base/notification/common_event_service/frameworks/core/event_receive_proxy/event_receive_proxy.o
[OHOS INFO] [NINJA] [3888/9507] CXX obj/out/rk3568/gen/base/notification/common_event_service/frameworks/core/common_event_stub/common_event_stub.o
[OHOS INFO] [NINJA] [3889/9507] STAMP obj/drivers/interface/display/graphic/common/v2_1/libdisplay_commontype_proxy_2.1.inputdeps.stamp
[OHOS INFO] [NINJA] [3890/9507] STAMP obj/foundation/distributeddatamgr/kv_store/interfaces/innerkits/distributeddatamgr/distributeddata_mgr.inputdeps.stamp
[OHOS INFO] [NINJA] [3891/9507] STAMP obj/foundation/graphic/graphic_surface/sync_fence/sync_fence_static.inputdeps.stamp
[OHOS INFO] [NINJA] [3892/9507] STAMP clang_x64/obj/arkcompiler/runtime_core/static_core/runtime/arkruntime_gen_entrypoints_compiler_checksum_entrypoints_compiler_checksum_inl.stamp
[OHOS INFO] [NINJA] [3893/9507] CXX obj/out/rk3568/gen/base/notification/common_event_service/frameworks/core/event_receive_stub/event_receive_stub.o
[OHOS INFO] [NINJA] [3894/9507] SOLINK account/os_account/libdomain_account_innerkits.z.so
[OHOS INFO] [NINJA] [3895/9507] CXX obj/out/rk3568/gen/drivers/interface/display/graphic/common/v2_0/libdisplay_commontype_proxy_2.0/buffer_handle_meta_key_type.o
[OHOS INFO] [NINJA] [3896/9507] CXX obj/out/rk3568/gen/drivers/interface/display/graphic/common/v2_0/libdisplay_commontype_proxy_2.0/cm_color_space.o
[OHOS INFO] [NINJA] [3897/9507] CXX obj/out/rk3568/gen/drivers/interface/display/graphic/common/v2_0/libdisplay_commontype_proxy_2.0/hdr_static_metadata.o
[OHOS INFO] [NINJA] [3898/9507] CXX obj/out/rk3568/gen/drivers/interface/display/buffer/v1_3/libdisplay_buffer_proxy_1.3/mapper_proxy.o
[OHOS INFO] [NINJA] [3899/9507] CXX obj/base/account/os_account/frameworks/domain_account/src/os_account_innerkits/domain_account_common.o
[OHOS INFO] [NINJA] [3900/9507] CXX obj/base/account/os_account/frameworks/osaccount/core/src/os_account_innerkits/os_account_constraint_subscriber_manager.o
[OHOS INFO] [NINJA] [3901/9507] CXX obj/base/account/os_account/frameworks/osaccount/core/src/os_account_innerkits/os_account_death_recipient.o
[OHOS INFO] [NINJA] [3902/9507] CXX obj/base/account/os_account/frameworks/osaccount/core/src/os_account_innerkits/os_account_state_parcel.o
[OHOS INFO] [NINJA] [3903/9507] CXX obj/base/account/os_account/frameworks/osaccount/core/src/os_account_innerkits/os_account_state_reply_callback.o
[OHOS INFO] [NINJA] [3904/9507] CXX obj/base/account/os_account/frameworks/osaccount/core/src/os_account_innerkits/os_account.o
[OHOS INFO] [NINJA] [3905/9507] CXX obj/base/account/os_account/frameworks/osaccount/native/src/os_account_innerkits/os_account_constraint_subscribe_info.o
[OHOS INFO] [NINJA] [3906/9507] CXX obj/base/account/os_account/frameworks/osaccount/core/src/os_account_innerkits/os_account_event_listener.o
[OHOS INFO] [NINJA] [3907/9507] CXX obj/base/account/os_account/frameworks/osaccount/native/src/os_account_innerkits/os_account_constraint_subscriber.o
[OHOS INFO] [NINJA] [3908/9507] CXX obj/base/account/os_account/frameworks/osaccount/native/src/os_account_innerkits/os_account_info_parcel.o
[OHOS INFO] [NINJA] [3909/9507] CXX obj/base/account/os_account/frameworks/osaccount/native/src/os_account_innerkits/os_account_info.o
[OHOS INFO] [NINJA] [3910/9507] CXX obj/base/account/os_account/frameworks/osaccount/native/src/os_account_innerkits/os_account_subscribe_info.o
[OHOS INFO] [NINJA] [3911/9507] CXX obj/base/account/os_account/frameworks/osaccount/native/src/os_account_innerkits/os_account_subprofile_client.o
[OHOS INFO] [NINJA] [3912/9507] CXX obj/base/account/os_account/frameworks/osaccount/native/src/os_account_innerkits/os_account_manager.o
[OHOS INFO] [NINJA] [3913/9507] CXX obj/base/account/os_account/frameworks/osaccount/native/src/os_account_innerkits/os_account_subscriber.o
[OHOS INFO] [NINJA] [3914/9507] CXX obj/base/account/os_account/frameworks/ohosaccount/native/src/os_account_innerkits/account_info.o
[OHOS INFO] [NINJA] [3915/9507] SOLINK hiviewdfx/hitrace/libhitrace_meter.so
[OHOS INFO] [NINJA] [3916/9507] CXX obj/out/rk3568/gen/base/account/os_account/frameworks/osaccount/native/os_account_innerkits/os_account_event_stub.o
[OHOS INFO] [NINJA] [3917/9507] CXX obj/base/notification/common_event_service/frameworks/core/src/cesfwk_core/ces_xcollie.o
[OHOS INFO] [NINJA] [3918/9507] CXX obj/out/rk3568/gen/base/account/os_account/frameworks/osaccount/native/os_account_innerkits/os_account_state_reply_callback_proxy.o
[OHOS INFO] [NINJA] [3919/9507] CXX obj/out/rk3568/gen/base/account/os_account/frameworks/osaccount/native/os_account_innerkits/os_account_constraint_event_stub.o
[OHOS INFO] [NINJA] [3920/9507] CXX obj/out/rk3568/gen/base/account/os_account/frameworks/osaccount/native/os_account_innerkits/os_account_proxy.o
[OHOS INFO] [NINJA] [3921/9507] CXX obj/base/notification/common_event_service/frameworks/core/src/cesfwk_core/common_event.o
[OHOS INFO] [NINJA] [3922/9507] CXX obj/base/notification/common_event_service/frameworks/native/src/cesfwk_core/common_event_data.o
[OHOS INFO] [NINJA] [3923/9507] CXX obj/base/notification/common_event_service/frameworks/native/src/cesfwk_core/async_common_event_result.o
[OHOS INFO] [NINJA] [3924/9507] CXX obj/base/notification/common_event_service/frameworks/core/src/cesfwk_core/common_event_death_recipient.o
[OHOS INFO] [NINJA] [3925/9507] STAMP obj/base/notification/common_event_service/frameworks/core/common_event_proxy.stamp
[OHOS INFO] [NINJA] [3926/9507] STAMP obj/base/notification/common_event_service/frameworks/core/common_event_stub.stamp
[OHOS INFO] [NINJA] [3927/9507] STAMP obj/base/notification/common_event_service/frameworks/core/event_receive_proxy.stamp
[OHOS INFO] [NINJA] [3928/9507] STAMP obj/base/notification/common_event_service/frameworks/core/event_receive_stub.stamp
[OHOS INFO] [NINJA] [3929/9507] STAMP obj/base/notification/common_event_service/frameworks/native/cesfwk_innerkits.inputdeps.stamp
[OHOS INFO] [NINJA] [3930/9507] SOLINK hdf/drivers_interface_display/libdisplay_buffer_proxy_1.3.z.so
[OHOS INFO] [NINJA] [3931/9507] STAMP obj/drivers/interface/display/buffer/v1_4/libdisplay_buffer_hdi_impl_v1_4.inputdeps.stamp
[OHOS INFO] [NINJA] [3932/9507] CXX obj/base/notification/common_event_service/frameworks/native/src/cesfwk_core/common_event_publish_info.o
[OHOS INFO] [NINJA] [3933/9507] CXX obj/base/notification/common_event_service/frameworks/core/src/cesfwk_core/common_event_listener.o
[OHOS INFO] [NINJA] [3934/9507] CXX obj/base/notification/common_event_service/frameworks/native/src/cesfwk_core/common_event_subscribe_info.o
[OHOS INFO] [NINJA] [3935/9507] CXX obj/out/rk3568/gen/drivers/interface/display/graphic/common/v1_0/libdisplay_commontype_proxy_1.0/buffer_handle_meta_key_type.o
[OHOS INFO] [NINJA] [3936/9507] CXX obj/base/notification/common_event_service/frameworks/native/src/cesfwk_core/common_event_subscriber.o
[OHOS INFO] [NINJA] [3937/9507] CXX obj/out/rk3568/gen/drivers/interface/display/graphic/common/v1_0/libdisplay_commontype_proxy_1.0/cm_color_space.o
[OHOS INFO] [NINJA] [3938/9507] SOLINK hdf/drivers_interface_display/libdisplay_commontype_proxy_2.0.z.so
[OHOS INFO] [NINJA] [3939/9507] STAMP obj/drivers/interface/display/graphic/common/v2_2/libdisplay_commontype_proxy_2.2.inputdeps.stamp
[OHOS INFO] [NINJA] [3940/9507] STAMP obj/foundation/ability/ability_base/extractortool.inputdeps.stamp
[OHOS INFO] [NINJA] [3941/9507] STAMP obj/foundation/communication/ipc/interfaces/innerkits/c_api/ipc_capi.inputdeps.stamp
[OHOS INFO] [NINJA] [3942/9507] CXX obj/base/notification/common_event_service/frameworks/native/src/cesfwk_core/matching_skills.o
[OHOS INFO] [NINJA] [3943/9507] CXX obj/out/rk3568/gen/drivers/interface/display/graphic/common/v1_0/libdisplay_commontype_proxy_1.0/hdr_static_metadata.o
[OHOS INFO] [NINJA] [3944/9507] CXX obj/out/rk3568/gen/drivers/interface/display/graphic/common/v2_1/libdisplay_commontype_proxy_2.1/buffer_handle_meta_key_type.o
[OHOS INFO] [NINJA] [3945/9507] STAMP obj/foundation/distributeddatamgr/udmf/interfaces/innerkits/utd_client.inputdeps.stamp
[OHOS INFO] [NINJA] [3946/9507] AR obj/foundation/graphic/graphic_surface/buffer_handle/libbuffer_handle_static.a
[OHOS INFO] [NINJA] [3947/9507] CXX obj/out/rk3568/gen/drivers/interface/display/graphic/common/v2_1/libdisplay_commontype_proxy_2.1/cm_color_space.o
[OHOS INFO] [NINJA] [3948/9507] CXX obj/out/rk3568/gen/drivers/interface/display/buffer/v1_4/libdisplay_buffer_proxy_1.4/allocator_proxy.o
[OHOS INFO] [NINJA] [3949/9507] CXX obj/foundation/distributeddatamgr/kv_store/frameworks/innerkitsimpl/distributeddatasvc/src/distributeddata_mgr/datamgr_service_proxy.o
[OHOS INFO] [NINJA] [3950/9507] CXX obj/foundation/distributeddatamgr/kv_store/frameworks/innerkitsimpl/distributeddatasvc/src/distributeddata_mgr/distributed_data_mgr.o
[OHOS INFO] [NINJA] [3951/9507] CXX obj/foundation/distributeddatamgr/kv_store/frameworks/innerkitsimpl/distributeddatasvc/src/distributeddata_mgr/kvstore_data_service_mgr.o
[OHOS INFO] [NINJA] [3952/9507] STAMP clang_x64/obj/arkcompiler/runtime_core/static_core/compiler/optimizer/code_generator/libarkencoder.inputdeps.stamp
[OHOS INFO] [NINJA] [3953/9507] CXX obj/foundation/graphic/graphic_surface/sync_fence/src/sync_fence_static/frame_sched.o
[OHOS INFO] [NINJA] [3954/9507] STAMP obj/base/global/resource_management/frameworks/resmgr/global_resmgr.inputdeps.stamp
[OHOS INFO] [NINJA] [3955/9507] CXX obj/foundation/graphic/graphic_surface/sync_fence/src/sync_fence_static/acquire_fence_manager.o
[OHOS INFO] [NINJA] [3956/9507] CXX obj/foundation/graphic/graphic_surface/sync_fence/src/sync_fence_static/native_fence.o
[OHOS INFO] [NINJA] [3957/9507] SOLINK account/os_account/libos_account_innerkits.z.so
[OHOS INFO] [NINJA] [3958/9507] CXX obj/foundation/graphic/graphic_surface/sync_fence/src/sync_fence_static/sync_fence.o
[OHOS INFO] [NINJA] [3959/9507] CXX obj/base/notification/common_event_service/frameworks/native/src/cesfwk_innerkits/common_event_data.o
[OHOS INFO] [NINJA] [3960/9507] CXX obj/base/notification/common_event_service/frameworks/native/src/cesfwk_innerkits/async_common_event_result.o
[OHOS INFO] [NINJA] [3961/9507] CXX obj/base/notification/common_event_service/frameworks/native/src/cesfwk_innerkits/common_event_manager.o
[OHOS INFO] [NINJA] [3962/9507] CXX obj/foundation/graphic/graphic_surface/sync_fence/src/sync_fence_static/sync_fence_tracker.o
[OHOS INFO] [NINJA] [3963/9507] SOLINK notification/common_event_service/libcesfwk_core.z.so
[OHOS INFO] [NINJA] [3964/9507] CXX obj/base/notification/common_event_service/frameworks/native/src/cesfwk_innerkits/common_event_publish_info.o
[OHOS INFO] [NINJA] [3965/9507] SOLINK security/selinux_adapter/librestorecon.z.so
[OHOS INFO] [NINJA] [3966/9507] CXX obj/base/notification/common_event_service/frameworks/native/src/cesfwk_innerkits/common_event_subscribe_info.o
[OHOS INFO] [NINJA] [3967/9507] CXX obj/base/notification/common_event_service/frameworks/native/src/cesfwk_innerkits/common_event_support.o
[OHOS INFO] [NINJA] [3968/9507] CXX obj/base/notification/common_event_service/frameworks/native/src/cesfwk_innerkits/common_event_subscriber.o
[OHOS INFO] [NINJA] [3969/9507] CXX obj/drivers/interface/display/buffer/v1_0/hdi_impl/libdisplay_buffer_hdi_impl_v1_4/display_buffer_hdi_impl.o
[OHOS INFO] [NINJA] [3970/9507] CXX obj/base/notification/common_event_service/frameworks/native/src/cesfwk_innerkits/matching_skills.o
[OHOS INFO] [NINJA] [3971/9507] SOLINK hdf/drivers_interface_display/libdisplay_buffer_proxy_1.4.z.so
[OHOS INFO] [NINJA] [3972/9507] CXX obj/drivers/interface/display/buffer/v1_1/hdi_impl/libdisplay_buffer_hdi_impl_v1_4/display_buffer_hdi_impl.o
[OHOS INFO] [NINJA] [3973/9507] SOLINK hdf/drivers_interface_display/libdisplay_commontype_proxy_1.0.z.so
[OHOS INFO] [NINJA] [3974/9507] SOLINK hdf/drivers_interface_display/libdisplay_commontype_proxy_2.1.z.so
[OHOS INFO] [NINJA] [3975/9507] CXX obj/drivers/interface/display/buffer/v1_2/hdi_impl/libdisplay_buffer_hdi_impl_v1_4/display_buffer_hdi_impl.o
[OHOS INFO] [NINJA] [3976/9507] CXX obj/drivers/interface/display/buffer/v1_3/hdi_impl/libdisplay_buffer_hdi_impl_v1_4/display_buffer_hdi_impl.o
[OHOS INFO] [NINJA] [3977/9507] CXX obj/out/rk3568/gen/drivers/interface/display/graphic/common/v1_1/libdisplay_commontype_proxy_1.1/buffer_handle_meta_key_type.o
[OHOS INFO] [NINJA] [3978/9507] CXX obj/drivers/interface/display/buffer/v1_4/hdi_impl/libdisplay_buffer_hdi_impl_v1_4/display_buffer_hdi_impl.o
[OHOS INFO] [NINJA] [3979/9507] CXX obj/out/rk3568/gen/drivers/interface/display/graphic/common/v2_2/libdisplay_commontype_proxy_2.2/buffer_handle_meta_key_type.o
[OHOS INFO] [NINJA] [3980/9507] CXX obj/out/rk3568/gen/drivers/interface/display/graphic/common/v2_2/libdisplay_commontype_proxy_2.2/cm_color_space.o
[OHOS INFO] [NINJA] [3981/9507] SOLINK ability/ability_base/libstring_utils.z.so
[OHOS INFO] [NINJA] [3982/9507] STAMP obj/foundation/bundlemanager/bundle_framework/interfaces/inner_api/appexecfwk_base/appexecfwk_base.inputdeps.stamp
[OHOS INFO] [NINJA] [3983/9507] CXX obj/foundation/ability/ability_base/interfaces/kits/native/extractortool/src/extractortool/file_mapper.o
[OHOS INFO] [NINJA] [3984/9507] CXX obj/foundation/ability/ability_base/interfaces/kits/native/extractortool/src/extractortool/zip_file_reader.o
[OHOS INFO] [NINJA] [3985/9507] CXX obj/foundation/ability/ability_base/interfaces/kits/native/extractortool/src/extractortool/zip_file_reader_io.o
[OHOS INFO] [NINJA] [3986/9507] CXX obj/foundation/ability/ability_base/interfaces/kits/native/extractortool/src/extractortool/extractor.o
[OHOS INFO] [NINJA] [3987/9507] CXX obj/foundation/communication/ipc/ipc/native/src/c_api/source/ipc_capi/ipc_cparcel.o
[OHOS INFO] [NINJA] [3988/9507] CXX obj/foundation/communication/ipc/ipc/native/src/c_api/source/ipc_capi/ipc_cremote_object.o
[OHOS INFO] [NINJA] [3989/9507] CXX obj/foundation/communication/ipc/ipc/native/src/c_api/source/ipc_capi/ipc_inner_object.o
[OHOS INFO] [NINJA] [3990/9507] CXX obj/foundation/ability/ability_base/interfaces/kits/native/extractortool/src/extractortool/zip_file.o
[OHOS INFO] [NINJA] [3991/9507] SOLINK distributeddatamgr/kv_store/libdistributeddata_mgr.z.so
[OHOS INFO] [NINJA] [3992/9507] CXX obj/foundation/communication/ipc/ipc/native/src/c_api/source/ipc_capi/ipc_cskeleton.o
[OHOS INFO] [NINJA] [3993/9507] CXX obj/foundation/communication/ipc/ipc/native/src/c_api/source/ipc_capi/ipc_internal_utils.o
[OHOS INFO] [NINJA] [3994/9507] CXX obj/foundation/communication/ipc/ipc/native/src/c_api/source/ipc_capi/ipc_remote_object_internal.o
[OHOS INFO] [NINJA] [3995/9507] CXX obj/foundation/distributeddatamgr/udmf/framework/common/utd_client/base32_utils.o
[OHOS INFO] [NINJA] [3996/9507] CXX obj/foundation/distributeddatamgr/udmf/framework/common/utd_client/graph.o
[OHOS INFO] [NINJA] [3997/9507] CXX obj/foundation/distributeddatamgr/udmf/framework/common/utd_client/utd_graph.o
[OHOS INFO] [NINJA] [3998/9507] CXX obj/foundation/distributeddatamgr/udmf/framework/common/utd_client/utd_tlv_util.o
[OHOS INFO] [NINJA] [3999/9507] CXX obj/foundation/distributeddatamgr/udmf/framework/common/utd_client/custom_utd_store.o
[OHOS INFO] [NINJA] [4000/9507] CXX obj/foundation/distributeddatamgr/udmf/framework/innerkitsimpl/data/utd_client/flexible_type.o
[OHOS INFO] [NINJA] [4001/9507] CXX obj/foundation/distributeddatamgr/udmf/framework/innerkitsimpl/data/utd_client/type_descriptor.o
[OHOS INFO] [NINJA] [4002/9507] CXX obj/foundation/distributeddatamgr/udmf/framework/common/utd_client/custom_utd_json_parser.o
[OHOS INFO] [NINJA] [4003/9507] CXX obj/foundation/distributeddatamgr/udmf/framework/innerkitsimpl/service/utd_client/utd_notifier.o
[OHOS INFO] [NINJA] [4004/9507] CXX obj/foundation/distributeddatamgr/udmf/framework/common/utd_client/utd_cfgs_checker.o
[OHOS INFO] [NINJA] [4005/9507] STAMP obj/foundation/graphic/graphic_surface/surface/surface_static.inputdeps.stamp
[OHOS INFO] [NINJA] [4006/9507] AR obj/foundation/graphic/graphic_surface/sync_fence/libsync_fence_static.a
[OHOS INFO] [NINJA] [4007/9507] SOLINK graphic/graphic_surface/libbuffer_handle.z.so
[OHOS INFO] [NINJA] [4008/9507] SOLINK thirdparty/icu/libhmicuuc.z.so
[OHOS INFO] [NINJA] [4009/9507] STAMP clang_x64/obj/arkcompiler/runtime_core/static_core/compiler/arktscompiler_header_deps.stamp
[OHOS INFO] [NINJA] [4010/9507] STAMP clang_x64/obj/arkcompiler/runtime_core/static_core/compiler/libarktscompiler.inputdeps.stamp
[OHOS INFO] [NINJA] [4011/9507] CXX obj/foundation/distributeddatamgr/udmf/framework/innerkitsimpl/data/utd_client/preset_type_descriptors.o
[OHOS INFO] [NINJA] [4012/9507] CXX obj/foundation/graphic/graphic_surface/utils/frame_report/src/frame_report/frame_report.o
[OHOS INFO] [NINJA] [4013/9507] CXX obj/foundation/distributeddatamgr/udmf/framework/innerkitsimpl/service/utd_client/utd_service_client.o
[OHOS INFO] [NINJA] [4014/9507] CXX obj/foundation/distributeddatamgr/udmf/framework/innerkitsimpl/service/utd_client/utd_service_proxy.o
[OHOS INFO] [NINJA] [4015/9507] CXX obj/foundation/distributeddatamgr/udmf/framework/innerkitsimpl/client/utd_client/utd_client.o
[OHOS INFO] [NINJA] [4016/9507] CXX obj/base/global/resource_management/frameworks/resmgr/src/global_resmgr/hap_parser_v1.o
[OHOS INFO] [NINJA] [4017/9507] CXX obj/base/global/resource_management/frameworks/resmgr/src/global_resmgr/hap_parser.o
[OHOS INFO] [NINJA] [4018/9507] CXX obj/base/global/resource_management/frameworks/resmgr/src/global_resmgr/hap_resource_manager.o
[OHOS INFO] [NINJA] [4019/9507] CXX obj/base/global/resource_management/frameworks/resmgr/src/global_resmgr/hap_parser_v2.o
[OHOS INFO] [NINJA] [4020/9507] CXX obj/base/global/resource_management/frameworks/resmgr/src/global_resmgr/hap_resource.o
[OHOS INFO] [NINJA] [4021/9507] CXX obj/base/global/resource_management/frameworks/resmgr/src/global_resmgr/locale_matcher.o
[OHOS INFO] [NINJA] [4022/9507] CXX obj/base/global/resource_management/frameworks/resmgr/src/global_resmgr/mmap_file.o
[OHOS INFO] [NINJA] [4023/9507] CXX obj/base/global/resource_management/frameworks/resmgr/src/global_resmgr/hap_resource_v1.o
[OHOS INFO] [NINJA] [4024/9507] CXX obj/base/global/resource_management/frameworks/resmgr/src/global_resmgr/hap_manager.o
[OHOS INFO] [NINJA] [4025/9507] CXX obj/base/global/resource_management/frameworks/resmgr/src/global_resmgr/res_config_impl.o
[OHOS INFO] [NINJA] [4026/9507] CXX obj/base/global/resource_management/frameworks/resmgr/src/global_resmgr/res_locale.o
[OHOS INFO] [NINJA] [4027/9507] CXX obj/base/global/resource_management/frameworks/resmgr/src/global_resmgr/hap_resource_v2.o
[OHOS INFO] [NINJA] [4028/9507] CXX obj/base/global/resource_management/frameworks/resmgr/src/global_resmgr/res_desc.o
[OHOS INFO] [NINJA] [4029/9507] CXX obj/base/global/resource_management/frameworks/resmgr/src/global_resmgr/resource_manager.o
[OHOS INFO] [NINJA] [4030/9507] CXX obj/base/global/resource_management/frameworks/resmgr/src/global_resmgr/resource_manager_ext_mgr.o
[OHOS INFO] [NINJA] [4031/9507] CXX obj/base/global/resource_management/frameworks/resmgr/src/global_resmgr/theme_pack_config.o
[OHOS INFO] [NINJA] [4032/9507] CXX obj/base/global/resource_management/frameworks/resmgr/src/global_resmgr/system_resource_manager.o
[OHOS INFO] [NINJA] [4033/9507] CXX obj/base/global/resource_management/frameworks/resmgr/src/utils/global_resmgr/psue_manager.o
[OHOS INFO] [NINJA] [4034/9507] CXX obj/base/global/resource_management/frameworks/resmgr/src/global_resmgr/theme_pack_manager.o
[OHOS INFO] [NINJA] [4035/9507] CXX obj/base/global/resource_management/frameworks/resmgr/src/global_resmgr/theme_pack_resource.o
[OHOS INFO] [NINJA] [4036/9507] SOLINK hiviewdfx/api_metrics/libhistogrammanager.z.so
[OHOS INFO] [NINJA] [4037/9507] CXX obj/base/global/resource_management/frameworks/resmgr/src/utils/global_resmgr/utils.o
[OHOS INFO] [NINJA] [4038/9507] CXX obj/base/global/resource_management/dfx/api_metrics/global_resmgr/api_metrics_reporter.o
[OHOS INFO] [NINJA] [4039/9507] CXX obj/base/global/resource_management/dfx/hisysevent_adapter/global_resmgr/hisysevent_adapter.o
[OHOS INFO] [NINJA] [4040/9507] SOLINK notification/common_event_service/libcesfwk_innerkits.z.so
[OHOS INFO] [NINJA] [4041/9507] SOLINK hdf/drivers_interface_display/libdisplay_buffer_hdi_impl_v1_4.z.so
[OHOS INFO] [NINJA] [4042/9507] SOLINK hdf/drivers_interface_display/libdisplay_commontype_proxy_1.1.z.so
[OHOS INFO] [NINJA] [4043/9507] CXX obj/foundation/bundlemanager/bundle_framework/interfaces/inner_api/appexecfwk_base/src/appexecfwk_base/alternate_icon_info.o
[OHOS INFO] [NINJA] [4044/9507] SOLINK hdf/drivers_interface_display/libdisplay_commontype_proxy_2.2.z.so
[OHOS INFO] [NINJA] [4045/9507] SOLINK ability/ability_base/libextractortool.z.so
[OHOS INFO] [NINJA] [4046/9507] CXX obj/base/global/resource_management/frameworks/resmgr/src/utils/global_resmgr/string_utils.o
[OHOS INFO] [NINJA] [4047/9507] SOLINK bundlemanager/bundle_framework/libappexecfwk_common.z.so
[OHOS INFO] [NINJA] [4048/9507] CXX obj/base/global/resource_management/frameworks/resmgr/src/global_resmgr/resource_manager_impl.o
[OHOS INFO] [NINJA] [4049/9507] CXX obj/foundation/bundlemanager/bundle_framework/interfaces/inner_api/appexecfwk_base/src/appexecfwk_base/app_jump_control_rule.o
[OHOS INFO] [NINJA] [4050/9507] CXX obj/foundation/bundlemanager/bundle_framework/interfaces/inner_api/appexecfwk_base/src/appexecfwk_base/app_running_control_rule.o
