subsystem	component	repository_path	repository	build_file	line	target_type	target_name	target_label	category	mapping_method
developtools	ace_ets2bundle	developtools/ace_ets2bundle	ace_ets2bundle	developtools/ace_ets2bundle/BUILD.gn	46	action	build_ets_loader_library	//developtools/ace_ets2bundle:build_ets_loader_library	aggregate-codegen	component-prefix
developtools	ace_ets2bundle	developtools/ace_ets2bundle	ace_ets2bundle	developtools/ace_ets2bundle/BUILD.gn	162	action	build_ets_sysResource	//developtools/ace_ets2bundle:build_ets_sysResource	aggregate-codegen	component-prefix
developtools	ace_ets2bundle	developtools/ace_ets2bundle	ace_ets2bundle	developtools/ace_ets2bundle/BUILD.gn	196	ohos_copy	ets_loader	//developtools/ace_ets2bundle:ets_loader	aggregate-codegen	component-prefix
developtools	ace_ets2bundle	developtools/ace_ets2bundle	ace_ets2bundle	developtools/ace_ets2bundle/BUILD.gn	210	ohos_copy	ets_loader_component_config	//developtools/ace_ets2bundle:ets_loader_component_config	aggregate-codegen	component-prefix
developtools	ace_ets2bundle	developtools/ace_ets2bundle	ace_ets2bundle	developtools/ace_ets2bundle/BUILD.gn	222	ohos_copy	ets_loader_form_config	//developtools/ace_ets2bundle:ets_loader_form_config	aggregate-codegen	component-prefix
developtools	ace_ets2bundle	developtools/ace_ets2bundle	ace_ets2bundle	developtools/ace_ets2bundle/BUILD.gn	231	ohos_copy	ets_loader_library	//developtools/ace_ets2bundle:ets_loader_library	aggregate-codegen	component-prefix
developtools	ace_ets2bundle	developtools/ace_ets2bundle	ace_ets2bundle	developtools/ace_ets2bundle/BUILD.gn	239	ohos_copy	ets_loader_kit_configs	//developtools/ace_ets2bundle:ets_loader_kit_configs	aggregate-codegen	component-prefix
developtools	ace_ets2bundle	developtools/ace_ets2bundle	ace_ets2bundle	developtools/ace_ets2bundle/BUILD.gn	247	ohos_copy	components	//developtools/ace_ets2bundle:components	aggregate-codegen	component-prefix
developtools	ace_ets2bundle	developtools/ace_ets2bundle	ace_ets2bundle	developtools/ace_ets2bundle/BUILD.gn	254	ohos_copy	form_components	//developtools/ace_ets2bundle:form_components	aggregate-codegen	component-prefix
developtools	ace_ets2bundle	developtools/ace_ets2bundle	ace_ets2bundle	developtools/ace_ets2bundle/BUILD.gn	261	ohos_copy	insight_intents	//developtools/ace_ets2bundle:insight_intents	aggregate-codegen	component-prefix
developtools	ace_ets2bundle	developtools/ace_ets2bundle	ace_ets2bundle	developtools/ace_ets2bundle/BUILD.gn	268	ohos_copy	server	//developtools/ace_ets2bundle:server	aggregate-codegen	component-prefix
developtools	ace_ets2bundle	developtools/ace_ets2bundle	ace_ets2bundle	developtools/ace_ets2bundle/BUILD.gn	275	ohos_copy	codegen	//developtools/ace_ets2bundle:codegen	aggregate-codegen	component-prefix
developtools	ace_ets2bundle	developtools/ace_ets2bundle	ace_ets2bundle	developtools/ace_ets2bundle/BUILD.gn	282	ohos_copy	ets_loader_declaration	//developtools/ace_ets2bundle:ets_loader_declaration	aggregate-codegen	component-prefix
developtools	ace_ets2bundle	developtools/ace_ets2bundle	ace_ets2bundle	developtools/ace_ets2bundle/BUILD.gn	290	ohos_copy	ets_loader_ark	//developtools/ace_ets2bundle:ets_loader_ark	aggregate-codegen	component-prefix
developtools	ace_ets2bundle	developtools/ace_ets2bundle	ace_ets2bundle	developtools/ace_ets2bundle/BUILD.gn	301	ohos_copy	ets_loader_ark_lib	//developtools/ace_ets2bundle:ets_loader_ark_lib	aggregate-codegen	component-prefix
developtools	ace_ets2bundle	developtools/ace_ets2bundle	ace_ets2bundle	developtools/ace_ets2bundle/BUILD.gn	310	ohos_copy	ets_loader_ark_declaration	//developtools/ace_ets2bundle:ets_loader_ark_declaration	aggregate-codegen	component-prefix
developtools	ace_ets2bundle	developtools/ace_ets2bundle	ace_ets2bundle	developtools/ace_ets2bundle/BUILD.gn	319	ohos_copy	ets_loader_ark_components	//developtools/ace_ets2bundle:ets_loader_ark_components	aggregate-codegen	component-prefix
developtools	ace_ets2bundle	developtools/ace_ets2bundle	ace_ets2bundle	developtools/ace_ets2bundle/BUILD.gn	328	ohos_copy	ets_loader_ark_form_components	//developtools/ace_ets2bundle:ets_loader_ark_form_components	aggregate-codegen	component-prefix
developtools	ace_ets2bundle	developtools/ace_ets2bundle	ace_ets2bundle	developtools/ace_ets2bundle/BUILD.gn	337	ohos_copy	ets_loader_ark_insight_intents	//developtools/ace_ets2bundle:ets_loader_ark_insight_intents	aggregate-codegen	component-prefix
developtools	ace_ets2bundle	developtools/ace_ets2bundle	ace_ets2bundle	developtools/ace_ets2bundle/BUILD.gn	346	ohos_copy	ets_loader_ark_server	//developtools/ace_ets2bundle:ets_loader_ark_server	aggregate-codegen	component-prefix
developtools	ace_ets2bundle	developtools/ace_ets2bundle	ace_ets2bundle	developtools/ace_ets2bundle/BUILD.gn	355	ohos_copy	ets_loader_ark_codegen	//developtools/ace_ets2bundle:ets_loader_ark_codegen	aggregate-codegen	component-prefix
developtools	ace_ets2bundle	developtools/ace_ets2bundle	ace_ets2bundle	developtools/ace_ets2bundle/BUILD.gn	364	ohos_prebuilt_etc	ets_loader_ark_hap	//developtools/ace_ets2bundle:ets_loader_ark_hap	production	component-prefix
developtools	ace_ets2bundle	developtools/ace_ets2bundle	ace_ets2bundle	developtools/ace_ets2bundle/BUILD.gn	372	ohos_copy	ohos_declaration_ets_ark	//developtools/ace_ets2bundle:ohos_declaration_ets_ark	aggregate-codegen	component-prefix
developtools	ace_ets2bundle	developtools/ace_ets2bundle	ace_ets2bundle	developtools/ace_ets2bundle/BUILD.gn	385	group	ets_loader_ark_hap_inner	//developtools/ace_ets2bundle:ets_loader_ark_hap_inner	aggregate-codegen	component-prefix
developtools	ace_ets2bundle	developtools/ace_ets2bundle	ace_ets2bundle	developtools/ace_ets2bundle/BUILD.gn	402	action	install_arkguard_tsc_declgen	//developtools/ace_ets2bundle:install_arkguard_tsc_declgen	aggregate-codegen	component-prefix
developtools	ace_ets2bundle	developtools/ace_ets2bundle	ace_ets2bundle	developtools/ace_ets2bundle/arkui-plugins/BUILD.gn	19	action	gen_ui_plugins	//developtools/ace_ets2bundle/arkui-plugins:gen_ui_plugins	aggregate-codegen	component-prefix
developtools	ace_ets2bundle	developtools/ace_ets2bundle	ace_ets2bundle	developtools/ace_ets2bundle/arkui-plugins/BUILD.gn	38	action	build_ets_sysResource	//developtools/ace_ets2bundle/arkui-plugins:build_ets_sysResource	aggregate-codegen	component-prefix
developtools	ace_ets2bundle	developtools/ace_ets2bundle	ace_ets2bundle	developtools/ace_ets2bundle/arkui-plugins/BUILD.gn	55	ohos_copy	ui_plugin	//developtools/ace_ets2bundle/arkui-plugins:ui_plugin	aggregate-codegen	component-prefix
developtools	ace_ets2bundle	developtools/ace_ets2bundle	ace_ets2bundle	developtools/ace_ets2bundle/arkui-plugins/BUILD.gn	68	ohos_copy	ohos_ets_ui_plugins	//developtools/ace_ets2bundle/arkui-plugins:ohos_ets_ui_plugins	aggregate-codegen	component-prefix
developtools	ace_ets2bundle	developtools/ace_ets2bundle	ace_ets2bundle	developtools/ace_ets2bundle/ets1.2/BUILD.gn	23	ohos_static_library	libarkts_package	//developtools/ace_ets2bundle/ets1.2:libarkts_package	production	component-prefix
developtools	ace_ets2bundle	developtools/ace_ets2bundle	ace_ets2bundle	developtools/ace_ets2bundle/ets1.2/BUILD.gn	29	ohos_copy	ets2panda_libarkts	//developtools/ace_ets2bundle/ets1.2:ets2panda_libarkts	aggregate-codegen	component-prefix
developtools	ace_ets2bundle	developtools/ace_ets2bundle	ace_ets2bundle	developtools/ace_ets2bundle/ets1.2/BUILD.gn	39	npm_cmd	ohos_ets_libarkts_pack	//developtools/ace_ets2bundle/ets1.2:ohos_ets_libarkts_pack	production	component-prefix
developtools	ace_ets2bundle	developtools/ace_ets2bundle	ace_ets2bundle	developtools/ace_ets2bundle/ets1.2/BUILD.gn	47	ohos_prebuilt_etc	ohos_ets_libarkts_pack_prebuilt	//developtools/ace_ets2bundle/ets1.2:ohos_ets_libarkts_pack_prebuilt	production	component-prefix
developtools	ace_ets2bundle	developtools/ace_ets2bundle	ace_ets2bundle	developtools/ace_ets2bundle/ets1.2/BUILD.gn	56	ohos_copy	ohos_ets_libarkts	//developtools/ace_ets2bundle/ets1.2:ohos_ets_libarkts	aggregate-codegen	component-prefix
developtools	ace_ets2bundle	developtools/ace_ets2bundle	ace_ets2bundle	developtools/ace_ets2bundle/ets1.2/gn/config/BUILD.gn	14	config	compiler_defaults	//developtools/ace_ets2bundle/ets1.2/gn/config:compiler_defaults	build-support	component-prefix
developtools	ace_ets2bundle	developtools/ace_ets2bundle	ace_ets2bundle	developtools/ace_ets2bundle/ets1.2/gn/config/BUILD.gn	24	config	executable_ldconfig	//developtools/ace_ets2bundle/ets1.2/gn/config:executable_ldconfig	build-support	component-prefix
developtools	ace_ets2bundle	developtools/ace_ets2bundle	ace_ets2bundle	developtools/ace_ets2bundle/ets1.2/gn/toolchain/BUILD.gn	14	toolchain	clang	//developtools/ace_ets2bundle/ets1.2/gn/toolchain:clang	production	component-prefix
developtools	ace_ets2bundle	developtools/ace_ets2bundle	ace_ets2bundle	developtools/ace_ets2bundle/ets1.2/gn/toolchain/BUILD.gn	15	tool	cc	//developtools/ace_ets2bundle/ets1.2/gn/toolchain:cc	production	component-prefix
developtools	ace_ets2bundle	developtools/ace_ets2bundle	ace_ets2bundle	developtools/ace_ets2bundle/ets1.2/gn/toolchain/BUILD.gn	23	tool	cxx	//developtools/ace_ets2bundle/ets1.2/gn/toolchain:cxx	production	component-prefix
developtools	ace_ets2bundle	developtools/ace_ets2bundle	ace_ets2bundle	developtools/ace_ets2bundle/ets1.2/gn/toolchain/BUILD.gn	31	tool	alink	//developtools/ace_ets2bundle/ets1.2/gn/toolchain:alink	production	component-prefix
developtools	ace_ets2bundle	developtools/ace_ets2bundle	ace_ets2bundle	developtools/ace_ets2bundle/ets1.2/gn/toolchain/BUILD.gn	39	tool	solink	//developtools/ace_ets2bundle/ets1.2/gn/toolchain:solink	production	component-prefix
developtools	ace_ets2bundle	developtools/ace_ets2bundle	ace_ets2bundle	developtools/ace_ets2bundle/ets1.2/gn/toolchain/BUILD.gn	67	tool	link	//developtools/ace_ets2bundle/ets1.2/gn/toolchain:link	production	component-prefix
developtools	ace_ets2bundle	developtools/ace_ets2bundle	ace_ets2bundle	developtools/ace_ets2bundle/ets1.2/gn/toolchain/BUILD.gn	80	tool	stamp	//developtools/ace_ets2bundle/ets1.2/gn/toolchain:stamp	production	component-prefix
developtools	ace_ets2bundle	developtools/ace_ets2bundle	ace_ets2bundle	developtools/ace_ets2bundle/ets1.2/gn/toolchain/BUILD.gn	84	tool	copy	//developtools/ace_ets2bundle/ets1.2/gn/toolchain:copy	production	component-prefix
developtools	ace_ets2bundle	developtools/ace_ets2bundle	ace_ets2bundle	developtools/ace_ets2bundle/ets1.2/interop/BUILD.gn	29	npm_cmd	interop_abc	//developtools/ace_ets2bundle/ets1.2/interop:interop_abc	production	component-prefix
developtools	ace_ets2bundle	developtools/ace_ets2bundle	ace_ets2bundle	developtools/ace_ets2bundle/ets1.2/interop/BUILD.gn	50	npm_cmd	interop_compile	//developtools/ace_ets2bundle/ets1.2/interop:interop_compile	production	component-prefix
developtools	ace_ets2bundle	developtools/ace_ets2bundle	ace_ets2bundle	developtools/ace_ets2bundle/ets1.2/interop/BUILD.gn	64	template	interop_native	//developtools/ace_ets2bundle/ets1.2/interop:interop_native	build-support	component-prefix
developtools	ace_ets2bundle	developtools/ace_ets2bundle	ace_ets2bundle	developtools/ace_ets2bundle/ets1.2/interop/BUILD.gn	91	cp	$target_name:cp	//developtools/ace_ets2bundle/ets1.2/interop:$target_name:cp	production	component-prefix
developtools	ace_ets2bundle	developtools/ace_ets2bundle	ace_ets2bundle	developtools/ace_ets2bundle/ets1.2/interop/BUILD.gn	99	shared_library	$target_name:build	//developtools/ace_ets2bundle/ets1.2/interop:$target_name:build	production	component-prefix
developtools	ace_ets2bundle	developtools/ace_ets2bundle	ace_ets2bundle	developtools/ace_ets2bundle/ets1.2/interop/BUILD.gn	223	interop_native	interop_native:panda	//developtools/ace_ets2bundle/ets1.2/interop:interop_native:panda	production	component-prefix
developtools	ace_ets2bundle	developtools/ace_ets2bundle	ace_ets2bundle	developtools/ace_ets2bundle/ets1.2/interop/BUILD.gn	226	interop_native	interop_native:node	//developtools/ace_ets2bundle/ets1.2/interop:interop_native:node	production	component-prefix
developtools	ace_ets2bundle	developtools/ace_ets2bundle	ace_ets2bundle	developtools/ace_ets2bundle/ets1.2/interop/BUILD.gn	229	group	interop_native:all	//developtools/ace_ets2bundle/ets1.2/interop:interop_native:all	aggregate-codegen	component-prefix
developtools	ace_ets2bundle	developtools/ace_ets2bundle	ace_ets2bundle	developtools/ace_ets2bundle/ets1.2/libarkts/BUILD.gn	28	action	panda_sdk_run	//developtools/ace_ets2bundle/ets1.2/libarkts:panda_sdk_run	aggregate-codegen	component-prefix
developtools	ace_ets2bundle	developtools/ace_ets2bundle	ace_ets2bundle	developtools/ace_ets2bundle/ets1.2/libarkts/BUILD.gn	55	ohos_prebuilt_etc	panda_sdk	//developtools/ace_ets2bundle/ets1.2/libarkts:panda_sdk	production	component-prefix
developtools	ace_ets2bundle	developtools/ace_ets2bundle	ace_ets2bundle	developtools/ace_ets2bundle/ets1.2/libarkts/BUILD.gn	64	npm_cmd	panda_sdk	//developtools/ace_ets2bundle/ets1.2/libarkts:panda_sdk	production	component-prefix
developtools	ace_ets2bundle	developtools/ace_ets2bundle	ace_ets2bundle	developtools/ace_ets2bundle/ets1.2/libarkts/BUILD.gn	72	ohos_copy	libarkts-sdk	//developtools/ace_ets2bundle/ets1.2/libarkts:libarkts-sdk	aggregate-codegen	component-prefix
developtools	ace_ets2bundle	developtools/ace_ets2bundle	ace_ets2bundle	developtools/ace_ets2bundle/ets1.2/libarkts/BUILD.gn	84	action	regenerate	//developtools/ace_ets2bundle/ets1.2/libarkts:regenerate	aggregate-codegen	component-prefix
developtools	ace_ets2bundle	developtools/ace_ets2bundle	ace_ets2bundle	developtools/ace_ets2bundle/ets1.2/libarkts/BUILD.gn	95	npm_cmd	regenerate:arktscgen	//developtools/ace_ets2bundle/ets1.2/libarkts:regenerate:arktscgen	production	component-prefix
developtools	ace_ets2bundle	developtools/ace_ets2bundle	ace_ets2bundle	developtools/ace_ets2bundle/ets1.2/libarkts/BUILD.gn	101	npm_cmd	compile	//developtools/ace_ets2bundle/ets1.2/libarkts:compile	production	component-prefix
developtools	ace_ets2bundle	developtools/ace_ets2bundle	ace_ets2bundle	developtools/ace_ets2bundle/ets1.2/libarkts/BUILD.gn	111	shared_library	es2panda_lib	//developtools/ace_ets2bundle/ets1.2/libarkts:es2panda_lib	production	component-prefix
developtools	ace_ets2bundle	developtools/ace_ets2bundle	ace_ets2bundle	developtools/ace_ets2bundle/ets1.2/libarkts/BUILD.gn	272	action	es2panda_lib_copy	//developtools/ace_ets2bundle/ets1.2/libarkts:es2panda_lib_copy	aggregate-codegen	component-prefix
developtools	ace_ets2bundle	developtools/ace_ets2bundle	ace_ets2bundle	developtools/ace_ets2bundle/ets1.2/libarkts/BUILD.gn	303	group	libarkts	//developtools/ace_ets2bundle/ets1.2/libarkts:libarkts	aggregate-codegen	component-prefix
developtools	ace_ets2bundle	developtools/ace_ets2bundle	ace_ets2bundle	developtools/ace_ets2bundle/ets1.2/libarkts/BUILD.gn	310	action	libarkts_sdk_copy	//developtools/ace_ets2bundle/ets1.2/libarkts:libarkts_sdk_copy	aggregate-codegen	component-prefix
developtools	ace_ets2bundle	developtools/ace_ets2bundle	ace_ets2bundle	developtools/ace_ets2bundle/koala-wrapper/BUILD.gn	19	action	gen_sdk_ts_wrapper	//developtools/ace_ets2bundle/koala-wrapper:gen_sdk_ts_wrapper	aggregate-codegen	component-prefix
developtools	ace_ets2bundle	developtools/ace_ets2bundle	ace_ets2bundle	developtools/ace_ets2bundle/koala-wrapper/BUILD.gn	38	ohos_copy	ets2panda_koala_wrapper	//developtools/ace_ets2bundle/koala-wrapper:ets2panda_koala_wrapper	aggregate-codegen	component-prefix
developtools	ace_ets2bundle	developtools/ace_ets2bundle	ace_ets2bundle	developtools/ace_ets2bundle/koala-wrapper/BUILD.gn	48	ohos_copy	ohos_ets_koala_wrapper	//developtools/ace_ets2bundle/koala-wrapper:ohos_ets_koala_wrapper	aggregate-codegen	component-prefix
developtools	ace_ets2bundle	developtools/ace_ets2bundle	ace_ets2bundle	developtools/ace_ets2bundle/koala-wrapper/native/BUILD.gn	16	shared_library	es2panda	//developtools/ace_ets2bundle/koala-wrapper/native:es2panda	production	component-prefix
developtools	ace_js2bundle	developtools/ace_js2bundle	ace_js2bundle	developtools/ace_js2bundle/BUILD.gn	21	action	build_ace_loader_library	//developtools/ace_js2bundle:build_ace_loader_library	aggregate-codegen	component-prefix
developtools	ace_js2bundle	developtools/ace_js2bundle	ace_js2bundle	developtools/ace_js2bundle/BUILD.gn	82	ohos_copy	ace_loader	//developtools/ace_js2bundle:ace_loader	aggregate-codegen	component-prefix
developtools	ace_js2bundle	developtools/ace_js2bundle	ace_js2bundle	developtools/ace_js2bundle/BUILD.gn	89	ohos_copy	ace_loader_library	//developtools/ace_js2bundle:ace_loader_library	aggregate-codegen	component-prefix
developtools	ace_js2bundle	developtools/ace_js2bundle	ace_js2bundle	developtools/ace_js2bundle/BUILD.gn	98	ohos_copy	previewer_copy	//developtools/ace_js2bundle:previewer_copy	aggregate-codegen	component-prefix
developtools	ace_js2bundle	developtools/ace_js2bundle	ace_js2bundle	developtools/ace_js2bundle/BUILD.gn	115	ohos_copy	ace_loader_ark	//developtools/ace_js2bundle:ace_loader_ark	aggregate-codegen	component-prefix
developtools	ace_js2bundle	developtools/ace_js2bundle	ace_js2bundle	developtools/ace_js2bundle/BUILD.gn	121	ohos_copy	ace_loader_ark_hap	//developtools/ace_js2bundle:ace_loader_ark_hap	aggregate-codegen	component-prefix
developtools	global_resource_tool	developtools/global_resource_tool	global_resource_tool	developtools/global_resource_tool/BUILD.gn	18	ohos_executable	restool	//developtools/global_resource_tool:restool	production	component-prefix
developtools	global_resource_tool	developtools/global_resource_tool	global_resource_tool	developtools/global_resource_tool/BUILD.gn	95	ohos_unittest_py	restool_test	//developtools/global_resource_tool:restool_test	test	component-prefix
developtools	global_resource_tool	developtools/global_resource_tool	global_resource_tool	developtools/global_resource_tool/BUILD.gn	99	ohos_copy	restool_id_defined	//developtools/global_resource_tool:restool_id_defined	aggregate-codegen	component-prefix
developtools	global_resource_tool	developtools/global_resource_tool	global_resource_tool	developtools/global_resource_tool/BUILD.gn	108	ohos_prebuilt_etc	restool_systemres	//developtools/global_resource_tool:restool_systemres	production	component-prefix
developtools	global_resource_tool	developtools/global_resource_tool	global_resource_tool	developtools/global_resource_tool/BUILD.gn	114	ohos_prebuilt_etc	restool_faq	//developtools/global_resource_tool:restool_faq	production	component-prefix
developtools	global_resource_tool	developtools/global_resource_tool	global_resource_tool	developtools/global_resource_tool/BUILD.gn	121	ohos_prebuilt_etc	restool_ids_schema	//developtools/global_resource_tool:restool_ids_schema	production	component-prefix
developtools	hapsigner	developtools/hapsigner	hapsigner	developtools/hapsigner/BUILD.gn	17	ohos_copy	lib	//developtools/hapsigner:lib	aggregate-codegen	single-component-repository
developtools	hapsigner	developtools/hapsigner	hapsigner	developtools/hapsigner/binary_sign_tool/BUILD.gn	24	ohos_copy	copy_signature_tools_resource	//developtools/hapsigner/binary_sign_tool:copy_signature_tools_resource	aggregate-codegen	single-component-repository
developtools	hapsigner	developtools/hapsigner	hapsigner	developtools/hapsigner/binary_sign_tool/BUILD.gn	53	ohos_executable	binary-sign-tool	//developtools/hapsigner/binary_sign_tool:binary-sign-tool	production	single-component-repository
developtools	hapsigner	developtools/hapsigner	hapsigner	developtools/hapsigner/hapsigntool_cpp/BUILD.gn	25	ohos_copy	copy_signature_tools_resource	//developtools/hapsigner/hapsigntool_cpp:copy_signature_tools_resource	aggregate-codegen	component-prefix
developtools	hapsigner	developtools/hapsigner	hapsigner	developtools/hapsigner/hapsigntool_cpp/BUILD.gn	58	ohos_executable	hap-sign-tool	//developtools/hapsigner/hapsigntool_cpp:hap-sign-tool	production	component-prefix
developtools	hapsigner	developtools/hapsigner	hapsigner	developtools/hapsigner/hapsigntool_cpp_test/BUILD.gn	25	config	service_include	//developtools/hapsigner/hapsigntool_cpp_test:service_include	build-support	single-component-repository
developtools	hapsigner	developtools/hapsigner	hapsigner	developtools/hapsigner/hapsigntool_cpp_test/BUILD.gn	63	ohos_source_set	service_target	//developtools/hapsigner/hapsigntool_cpp_test:service_target	production	single-component-repository
developtools	hapsigner	developtools/hapsigner	hapsigner	developtools/hapsigner/hapsigntool_cpp_test/fuzztest/BUILD.gn	15	group	hapsigntool_pc_fuzztest	//developtools/hapsigner/hapsigntool_cpp_test/fuzztest:hapsigntool_pc_fuzztest	test	single-component-repository
developtools	hapsigner	developtools/hapsigner	hapsigner	developtools/hapsigner/hapsigntool_cpp_test/fuzztest/codesigning/BUILD.gn	14	group	codesigning_fuzztest	//developtools/hapsigner/hapsigntool_cpp_test/fuzztest/codesigning:codesigning_fuzztest	test	single-component-repository
developtools	hapsigner	developtools/hapsigner	hapsigner	developtools/hapsigner/hapsigntool_cpp_test/fuzztest/codesigning/codesigning_fuzzer/BUILD.gn	19	ohos_fuzztest	CodeSigningFuzzTest	//developtools/hapsigner/hapsigntool_cpp_test/fuzztest/codesigning/codesigning_fuzzer:CodeSigningFuzzTest	test	single-component-repository
developtools	hapsigner	developtools/hapsigner	hapsigner	developtools/hapsigner/hapsigntool_cpp_test/fuzztest/common/BUILD.gn	14	group	common_fuzztest	//developtools/hapsigner/hapsigntool_cpp_test/fuzztest/common:common_fuzztest	test	single-component-repository
developtools	hapsigner	developtools/hapsigner	hapsigner	developtools/hapsigner/hapsigntool_cpp_test/fuzztest/common/bytebuffer/bytebufferinit_fuzzer/BUILD.gn	19	ohos_fuzztest	ByteBufferInitFuzzTest	//developtools/hapsigner/hapsigntool_cpp_test/fuzztest/common/bytebuffer/bytebufferinit_fuzzer:ByteBufferInitFuzzTest	test	single-component-repository
developtools	hapsigner	developtools/hapsigner	hapsigner	developtools/hapsigner/hapsigntool_cpp_test/fuzztest/common/digestparameter/digestparameterbuild_fuzzer/BUILD.gn	19	ohos_fuzztest	DigestParameterBuildFuzzTest	//developtools/hapsigner/hapsigntool_cpp_test/fuzztest/common/digestparameter/digestparameterbuild_fuzzer:DigestParameterBuildFuzzTest	test	single-component-repository
developtools	hapsigner	developtools/hapsigner	hapsigner	developtools/hapsigner/hapsigntool_cpp_test/fuzztest/generate_ca/BUILD.gn	14	group	generate_ca_fuzztest	//developtools/hapsigner/hapsigntool_cpp_test/fuzztest/generate_ca:generate_ca_fuzztest	test	single-component-repository
developtools	hapsigner	developtools/hapsigner	hapsigner	developtools/hapsigner/hapsigntool_cpp_test/fuzztest/generate_ca/generateca001_fuzzer/BUILD.gn	19	ohos_fuzztest	GenerateCa001FuzzTest	//developtools/hapsigner/hapsigntool_cpp_test/fuzztest/generate_ca/generateca001_fuzzer:GenerateCa001FuzzTest	test	single-component-repository
developtools	hapsigner	developtools/hapsigner	hapsigner	developtools/hapsigner/hapsigntool_cpp_test/fuzztest/generate_ca/generateca002_fuzzer/BUILD.gn	19	ohos_fuzztest	GenerateCa002FuzzTest	//developtools/hapsigner/hapsigntool_cpp_test/fuzztest/generate_ca/generateca002_fuzzer:GenerateCa002FuzzTest	test	single-component-repository
developtools	hapsigner	developtools/hapsigner	hapsigner	developtools/hapsigner/hapsigntool_cpp_test/fuzztest/generate_ca/generateca003_fuzzer/BUILD.gn	19	ohos_fuzztest	GenerateCa003FuzzTest	//developtools/hapsigner/hapsigntool_cpp_test/fuzztest/generate_ca/generateca003_fuzzer:GenerateCa003FuzzTest	test	single-component-repository
developtools	hapsigner	developtools/hapsigner	hapsigner	developtools/hapsigner/hapsigntool_cpp_test/fuzztest/generate_ca/generateca004_fuzzer/BUILD.gn	19	ohos_fuzztest	GenerateCa004FuzzTest	//developtools/hapsigner/hapsigntool_cpp_test/fuzztest/generate_ca/generateca004_fuzzer:GenerateCa004FuzzTest	test	single-component-repository
developtools	hapsigner	developtools/hapsigner	hapsigner	developtools/hapsigner/hapsigntool_cpp_test/fuzztest/generate_ca/generateca005_fuzzer/BUILD.gn	19	ohos_fuzztest	GenerateCa005FuzzTest	//developtools/hapsigner/hapsigntool_cpp_test/fuzztest/generate_ca/generateca005_fuzzer:GenerateCa005FuzzTest	test	single-component-repository
developtools	hapsigner	developtools/hapsigner	hapsigner	developtools/hapsigner/hapsigntool_cpp_test/fuzztest/generate_ca/generateca006_fuzzer/BUILD.gn	19	ohos_fuzztest	GenerateCa006FuzzTest	//developtools/hapsigner/hapsigntool_cpp_test/fuzztest/generate_ca/generateca006_fuzzer:GenerateCa006FuzzTest	test	single-component-repository
developtools	hapsigner	developtools/hapsigner	hapsigner	developtools/hapsigner/hapsigntool_cpp_test/fuzztest/generate_ca/generateca007_fuzzer/BUILD.gn	19	ohos_fuzztest	GenerateCa007FuzzTest	//developtools/hapsigner/hapsigntool_cpp_test/fuzztest/generate_ca/generateca007_fuzzer:GenerateCa007FuzzTest	test	single-component-repository
developtools	hapsigner	developtools/hapsigner	hapsigner	developtools/hapsigner/hapsigntool_cpp_test/fuzztest/generate_ca/generateca008_fuzzer/BUILD.gn	19	ohos_fuzztest	GenerateCa008FuzzTest	//developtools/hapsigner/hapsigntool_cpp_test/fuzztest/generate_ca/generateca008_fuzzer:GenerateCa008FuzzTest	test	single-component-repository
developtools	hapsigner	developtools/hapsigner	hapsigner	developtools/hapsigner/hapsigntool_cpp_test/fuzztest/generate_ca/generateca009_fuzzer/BUILD.gn	19	ohos_fuzztest	GenerateCa009FuzzTest	//developtools/hapsigner/hapsigntool_cpp_test/fuzztest/generate_ca/generateca009_fuzzer:GenerateCa009FuzzTest	test	single-component-repository
developtools	hapsigner	developtools/hapsigner	hapsigner	developtools/hapsigner/hapsigntool_cpp_test/fuzztest/generate_ca/generateca010_fuzzer/BUILD.gn	19	ohos_fuzztest	GenerateCa010FuzzTest	//developtools/hapsigner/hapsigntool_cpp_test/fuzztest/generate_ca/generateca010_fuzzer:GenerateCa010FuzzTest	test	single-component-repository
developtools	hapsigner	developtools/hapsigner	hapsigner	developtools/hapsigner/hapsigntool_cpp_test/fuzztest/generate_ca/generateca011_fuzzer/BUILD.gn	19	ohos_fuzztest	GenerateCa011FuzzTest	//developtools/hapsigner/hapsigntool_cpp_test/fuzztest/generate_ca/generateca011_fuzzer:GenerateCa011FuzzTest	test	single-component-repository
developtools	hapsigner	developtools/hapsigner	hapsigner	developtools/hapsigner/hapsigntool_cpp_test/fuzztest/generate_ca/generateca012_fuzzer/BUILD.gn	19	ohos_fuzztest	GenerateCa012FuzzTest	//developtools/hapsigner/hapsigntool_cpp_test/fuzztest/generate_ca/generateca012_fuzzer:GenerateCa012FuzzTest	test	single-component-repository
developtools	hapsigner	developtools/hapsigner	hapsigner	developtools/hapsigner/hapsigntool_cpp_test/fuzztest/generate_ca/generateca015_fuzzer/BUILD.gn	19	ohos_fuzztest	GenerateCa015FuzzTest	//developtools/hapsigner/hapsigntool_cpp_test/fuzztest/generate_ca/generateca015_fuzzer:GenerateCa015FuzzTest	test	single-component-repository
developtools	hapsigner	developtools/hapsigner	hapsigner	developtools/hapsigner/hapsigntool_cpp_test/fuzztest/generate_ca/generateca016_fuzzer/BUILD.gn	19	ohos_fuzztest	GenerateCa016FuzzTest	//developtools/hapsigner/hapsigntool_cpp_test/fuzztest/generate_ca/generateca016_fuzzer:GenerateCa016FuzzTest	test	single-component-repository
developtools	hapsigner	developtools/hapsigner	hapsigner	developtools/hapsigner/hapsigntool_cpp_test/fuzztest/generate_csr/BUILD.gn	14	group	generate_csr_fuzztest	//developtools/hapsigner/hapsigntool_cpp_test/fuzztest/generate_csr:generate_csr_fuzztest	test	single-component-repository
developtools	hapsigner	developtools/hapsigner	hapsigner	developtools/hapsigner/hapsigntool_cpp_test/fuzztest/generate_csr/generatecsr001_fuzzer/BUILD.gn	19	ohos_fuzztest	GenerateCsr001FuzzTest	//developtools/hapsigner/hapsigntool_cpp_test/fuzztest/generate_csr/generatecsr001_fuzzer:GenerateCsr001FuzzTest	test	single-component-repository
developtools	hapsigner	developtools/hapsigner	hapsigner	developtools/hapsigner/hapsigntool_cpp_test/fuzztest/hapresign/BUILD.gn	14	group	hapresign_fuzzer_fuzztest	//developtools/hapsigner/hapsigntool_cpp_test/fuzztest/hapresign:hapresign_fuzzer_fuzztest	test	single-component-repository
developtools	hapsigner	developtools/hapsigner	hapsigner	developtools/hapsigner/hapsigntool_cpp_test/fuzztest/hapresign/hapresign_fuzzer/BUILD.gn	19	ohos_fuzztest	HapReSignFuzzTest	//developtools/hapsigner/hapsigntool_cpp_test/fuzztest/hapresign/hapresign_fuzzer:HapReSignFuzzTest	test	single-component-repository
developtools	hapsigner	developtools/hapsigner	hapsigner	developtools/hapsigner/hapsigntool_cpp_test/fuzztest/hapsign/BUILD.gn	14	group	hapsign_fuzzer_fuzztest	//developtools/hapsigner/hapsigntool_cpp_test/fuzztest/hapsign:hapsign_fuzzer_fuzztest	test	single-component-repository
developtools	hapsigner	developtools/hapsigner	hapsigner	developtools/hapsigner/hapsigntool_cpp_test/fuzztest/hapsign/hapsign001_fuzzer/BUILD.gn	19	ohos_fuzztest	HapSign001FuzzTest	//developtools/hapsigner/hapsigntool_cpp_test/fuzztest/hapsign/hapsign001_fuzzer:HapSign001FuzzTest	test	single-component-repository
developtools	hapsigner	developtools/hapsigner	hapsigner	developtools/hapsigner/hapsigntool_cpp_test/fuzztest/permSign/BUILD.gn	14	group	permSign_fuzztest	//developtools/hapsigner/hapsigntool_cpp_test/fuzztest/permSign:permSign_fuzztest	test	single-component-repository
developtools	hapsigner	developtools/hapsigner	hapsigner	developtools/hapsigner/hapsigntool_cpp_test/fuzztest/permSign/permsign_fuzzer/BUILD.gn	19	ohos_fuzztest	PermSignFuzzTest	//developtools/hapsigner/hapsigntool_cpp_test/fuzztest/permSign/permsign_fuzzer:PermSignFuzzTest	test	single-component-repository
developtools	hapsigner	developtools/hapsigner	hapsigner	developtools/hapsigner/hapsigntool_cpp_test/fuzztest/process_cmd/BUILD.gn	14	group	process_cmd_fuzztest	//developtools/hapsigner/hapsigntool_cpp_test/fuzztest/process_cmd:process_cmd_fuzztest	test	single-component-repository
developtools	hapsigner	developtools/hapsigner	hapsigner	developtools/hapsigner/hapsigntool_cpp_test/fuzztest/process_cmd/processcmd001_fuzzer/BUILD.gn	19	ohos_fuzztest	ProcessCmd001FuzzTest	//developtools/hapsigner/hapsigntool_cpp_test/fuzztest/process_cmd/processcmd001_fuzzer:ProcessCmd001FuzzTest	test	single-component-repository
developtools	hapsigner	developtools/hapsigner	hapsigner	developtools/hapsigner/hapsigntool_cpp_test/fuzztest/process_cmd/processcmd002_fuzzer/BUILD.gn	19	ohos_fuzztest	ProcessCmd002FuzzTest	//developtools/hapsigner/hapsigntool_cpp_test/fuzztest/process_cmd/processcmd002_fuzzer:ProcessCmd002FuzzTest	test	single-component-repository
developtools	hapsigner	developtools/hapsigner	hapsigner	developtools/hapsigner/hapsigntool_cpp_test/fuzztest/process_cmd/processcmd003_fuzzer/BUILD.gn	19	ohos_fuzztest	ProcessCmd003FuzzTest	//developtools/hapsigner/hapsigntool_cpp_test/fuzztest/process_cmd/processcmd003_fuzzer:ProcessCmd003FuzzTest	test	single-component-repository
developtools	hapsigner	developtools/hapsigner	hapsigner	developtools/hapsigner/hapsigntool_cpp_test/fuzztest/process_cmd/processcmd004_fuzzer/BUILD.gn	19	ohos_fuzztest	ProcessCmd004FuzzTest	//developtools/hapsigner/hapsigntool_cpp_test/fuzztest/process_cmd/processcmd004_fuzzer:ProcessCmd004FuzzTest	test	single-component-repository
developtools	hapsigner	developtools/hapsigner	hapsigner	developtools/hapsigner/hapsigntool_cpp_test/fuzztest/process_cmd/processcmd005_fuzzer/BUILD.gn	19	ohos_fuzztest	ProcessCmd005FuzzTest	//developtools/hapsigner/hapsigntool_cpp_test/fuzztest/process_cmd/processcmd005_fuzzer:ProcessCmd005FuzzTest	test	single-component-repository
developtools	hapsigner	developtools/hapsigner	hapsigner	developtools/hapsigner/hapsigntool_cpp_test/fuzztest/process_cmd/processcmd006_fuzzer/BUILD.gn	19	ohos_fuzztest	ProcessCmd006FuzzTest	//developtools/hapsigner/hapsigntool_cpp_test/fuzztest/process_cmd/processcmd006_fuzzer:ProcessCmd006FuzzTest	test	single-component-repository
developtools	hapsigner	developtools/hapsigner	hapsigner	developtools/hapsigner/hapsigntool_cpp_test/fuzztest/process_cmd/processcmd007_fuzzer/BUILD.gn	19	ohos_fuzztest	ProcessCmd007FuzzTest	//developtools/hapsigner/hapsigntool_cpp_test/fuzztest/process_cmd/processcmd007_fuzzer:ProcessCmd007FuzzTest	test	single-component-repository
developtools	hapsigner	developtools/hapsigner	hapsigner	developtools/hapsigner/hapsigntool_cpp_test/fuzztest/process_cmd/processcmd008_fuzzer/BUILD.gn	19	ohos_fuzztest	ProcessCmd008FuzzTest	//developtools/hapsigner/hapsigntool_cpp_test/fuzztest/process_cmd/processcmd008_fuzzer:ProcessCmd008FuzzTest	test	single-component-repository
developtools	hapsigner	developtools/hapsigner	hapsigner	developtools/hapsigner/hapsigntool_cpp_test/fuzztest/process_cmd/processcmd009_fuzzer/BUILD.gn	19	ohos_fuzztest	ProcessCmd009FuzzTest	//developtools/hapsigner/hapsigntool_cpp_test/fuzztest/process_cmd/processcmd009_fuzzer:ProcessCmd009FuzzTest	test	single-component-repository
developtools	hapsigner	developtools/hapsigner	hapsigner	developtools/hapsigner/hapsigntool_cpp_test/fuzztest/process_cmd/processcmd010_fuzzer/BUILD.gn	19	ohos_fuzztest	ProcessCmd010FuzzTest	//developtools/hapsigner/hapsigntool_cpp_test/fuzztest/process_cmd/processcmd010_fuzzer:ProcessCmd010FuzzTest	test	single-component-repository
developtools	hapsigner	developtools/hapsigner	hapsigner	developtools/hapsigner/hapsigntool_cpp_test/fuzztest/process_cmd/processcmd011_fuzzer/BUILD.gn	19	ohos_fuzztest	ProcessCmd011FuzzTest	//developtools/hapsigner/hapsigntool_cpp_test/fuzztest/process_cmd/processcmd011_fuzzer:ProcessCmd011FuzzTest	test	single-component-repository
developtools	hapsigner	developtools/hapsigner	hapsigner	developtools/hapsigner/hapsigntool_cpp_test/fuzztest/process_cmd/processcmd012_fuzzer/BUILD.gn	19	ohos_fuzztest	ProcessCmd012FuzzTest	//developtools/hapsigner/hapsigntool_cpp_test/fuzztest/process_cmd/processcmd012_fuzzer:ProcessCmd012FuzzTest	test	single-component-repository
developtools	hapsigner	developtools/hapsigner	hapsigner	developtools/hapsigner/hapsigntool_cpp_test/fuzztest/process_cmd/processcmd013_fuzzer/BUILD.gn	19	ohos_fuzztest	ProcessCmd013FuzzTest	//developtools/hapsigner/hapsigntool_cpp_test/fuzztest/process_cmd/processcmd013_fuzzer:ProcessCmd013FuzzTest	test	single-component-repository
developtools	hapsigner	developtools/hapsigner	hapsigner	developtools/hapsigner/hapsigntool_cpp_test/fuzztest/process_cmd/processcmd014_fuzzer/BUILD.gn	19	ohos_fuzztest	ProcessCmd014FuzzTest	//developtools/hapsigner/hapsigntool_cpp_test/fuzztest/process_cmd/processcmd014_fuzzer:ProcessCmd014FuzzTest	test	single-component-repository
developtools	hapsigner	developtools/hapsigner	hapsigner	developtools/hapsigner/hapsigntool_cpp_test/fuzztest/process_cmd/processcmd015_fuzzer/BUILD.gn	19	ohos_fuzztest	ProcessCmd015FuzzTest	//developtools/hapsigner/hapsigntool_cpp_test/fuzztest/process_cmd/processcmd015_fuzzer:ProcessCmd015FuzzTest	test	single-component-repository
developtools	hapsigner	developtools/hapsigner	hapsigner	developtools/hapsigner/hapsigntool_cpp_test/fuzztest/process_cmd/processcmd016_fuzzer/BUILD.gn	19	ohos_fuzztest	ProcessCmd016FuzzTest	//developtools/hapsigner/hapsigntool_cpp_test/fuzztest/process_cmd/processcmd016_fuzzer:ProcessCmd016FuzzTest	test	single-component-repository
developtools	hapsigner	developtools/hapsigner	hapsigner	developtools/hapsigner/hapsigntool_cpp_test/fuzztest/process_cmd/processcmd017_fuzzer/BUILD.gn	19	ohos_fuzztest	ProcessCmd017FuzzTest	//developtools/hapsigner/hapsigntool_cpp_test/fuzztest/process_cmd/processcmd017_fuzzer:ProcessCmd017FuzzTest	test	single-component-repository
developtools	hapsigner	developtools/hapsigner	hapsigner	developtools/hapsigner/hapsigntool_cpp_test/fuzztest/process_cmd/processcmd018_fuzzer/BUILD.gn	19	ohos_fuzztest	ProcessCmd018FuzzTest	//developtools/hapsigner/hapsigntool_cpp_test/fuzztest/process_cmd/processcmd018_fuzzer:ProcessCmd018FuzzTest	test	single-component-repository
developtools	hapsigner	developtools/hapsigner	hapsigner	developtools/hapsigner/hapsigntool_cpp_test/fuzztest/process_cmd/processcmd019_fuzzer/BUILD.gn	19	ohos_fuzztest	ProcessCmd019FuzzTest	//developtools/hapsigner/hapsigntool_cpp_test/fuzztest/process_cmd/processcmd019_fuzzer:ProcessCmd019FuzzTest	test	single-component-repository
developtools	hapsigner	developtools/hapsigner	hapsigner	developtools/hapsigner/hapsigntool_cpp_test/fuzztest/process_cmd/processcmd020_fuzzer/BUILD.gn	19	ohos_fuzztest	ProcessCmd020FuzzTest	//developtools/hapsigner/hapsigntool_cpp_test/fuzztest/process_cmd/processcmd020_fuzzer:ProcessCmd020FuzzTest	test	single-component-repository
developtools	hapsigner	developtools/hapsigner	hapsigner	developtools/hapsigner/hapsigntool_cpp_test/fuzztest/process_cmd/processcmd021_fuzzer/BUILD.gn	19	ohos_fuzztest	ProcessCmd021FuzzTest	//developtools/hapsigner/hapsigntool_cpp_test/fuzztest/process_cmd/processcmd021_fuzzer:ProcessCmd021FuzzTest	test	single-component-repository
developtools	hapsigner	developtools/hapsigner	hapsigner	developtools/hapsigner/hapsigntool_cpp_test/fuzztest/process_cmd/processcmd022_fuzzer/BUILD.gn	19	ohos_fuzztest	ProcessCmd022FuzzTest	//developtools/hapsigner/hapsigntool_cpp_test/fuzztest/process_cmd/processcmd022_fuzzer:ProcessCmd022FuzzTest	test	single-component-repository
developtools	hapsigner	developtools/hapsigner	hapsigner	developtools/hapsigner/hapsigntool_cpp_test/fuzztest/process_cmd/processcmd023_fuzzer/BUILD.gn	19	ohos_fuzztest	ProcessCmd023FuzzTest	//developtools/hapsigner/hapsigntool_cpp_test/fuzztest/process_cmd/processcmd023_fuzzer:ProcessCmd023FuzzTest	test	single-component-repository
developtools	hapsigner	developtools/hapsigner	hapsigner	developtools/hapsigner/hapsigntool_cpp_test/fuzztest/process_cmd/processcmd024_fuzzer/BUILD.gn	19	ohos_fuzztest	ProcessCmd024FuzzTest	//developtools/hapsigner/hapsigntool_cpp_test/fuzztest/process_cmd/processcmd024_fuzzer:ProcessCmd024FuzzTest	test	single-component-repository
developtools	hapsigner	developtools/hapsigner	hapsigner	developtools/hapsigner/hapsigntool_cpp_test/fuzztest/profile/BUILD.gn	14	group	profile_fuzztest	//developtools/hapsigner/hapsigntool_cpp_test/fuzztest/profile:profile_fuzztest	test	single-component-repository
developtools	hapsigner	developtools/hapsigner	hapsigner	developtools/hapsigner/hapsigntool_cpp_test/fuzztest/profile/profile001_fuzzer/BUILD.gn	19	ohos_fuzztest	Profile001FuzzTest	//developtools/hapsigner/hapsigntool_cpp_test/fuzztest/profile/profile001_fuzzer:Profile001FuzzTest	test	single-component-repository
developtools	hapsigner	developtools/hapsigner	hapsigner	developtools/hapsigner/hapsigntool_cpp_test/fuzztest/utils/BUILD.gn	14	group	utils_fuzztest	//developtools/hapsigner/hapsigntool_cpp_test/fuzztest/utils:utils_fuzztest	test	single-component-repository
developtools	hapsigner	developtools/hapsigner	hapsigner	developtools/hapsigner/hapsigntool_cpp_test/fuzztest/utils/hapsignerblockutils_fuzzer/BUILD.gn	19	ohos_fuzztest	HapSignerBlockUtilsFuzzTest	//developtools/hapsigner/hapsigntool_cpp_test/fuzztest/utils/hapsignerblockutils_fuzzer:HapSignerBlockUtilsFuzzTest	test	single-component-repository
developtools	hapsigner	developtools/hapsigner	hapsigner	developtools/hapsigner/hapsigntool_cpp_test/fuzztest/zip/BUILD.gn	14	group	zip_fuzztest	//developtools/hapsigner/hapsigntool_cpp_test/fuzztest/zip:zip_fuzztest	test	single-component-repository
developtools	hapsigner	developtools/hapsigner	hapsigner	developtools/hapsigner/hapsigntool_cpp_test/fuzztest/zip/randomaccessfileinputoutput_fuzzer/BUILD.gn	19	ohos_fuzztest	RandomAccessFileInputOutputFuzzTest	//developtools/hapsigner/hapsigntool_cpp_test/fuzztest/zip/randomaccessfileinputoutput_fuzzer:RandomAccessFileInputOutputFuzzTest	test	single-component-repository
developtools	hapsigner	developtools/hapsigner	hapsigner	developtools/hapsigner/hapsigntool_cpp_test/fuzztest/zip/zipsigner_fuzzer/BUILD.gn	19	ohos_fuzztest	ZipSignerFuzzTest	//developtools/hapsigner/hapsigntool_cpp_test/fuzztest/zip/zipsigner_fuzzer:ZipSignerFuzzTest	test	single-component-repository
developtools	hapsigner	developtools/hapsigner	hapsigner	developtools/hapsigner/hapsigntool_cpp_test/unittest/BUILD.gn	20	ohos_unittest	hapsigntool_pc_unittest	//developtools/hapsigner/hapsigntool_cpp_test/unittest:hapsigntool_pc_unittest	test	single-component-repository
developtools	hdc	developtools/hdc	hdc	developtools/hdc/BUILD.gn	65	config	hdc_config	//developtools/hdc:hdc_config	build-support	component-prefix
developtools	hdc	developtools/hdc	hdc	developtools/hdc/BUILD.gn	80	template	hdcd_source_set	//developtools/hdc:hdcd_source_set	build-support	component-prefix
developtools	hdc	developtools/hdc	hdc	developtools/hdc/BUILD.gn	210	ohos_static_library	serialize_structs	//developtools/hdc:serialize_structs	production	component-prefix
developtools	hdc	developtools/hdc	hdc	developtools/hdc/BUILD.gn	252	ohos_rust_static_library	lib	//developtools/hdc:lib	production	component-prefix
developtools	hdc	developtools/hdc	hdc	developtools/hdc/BUILD.gn	277	template	build_hdc	//developtools/hdc:build_hdc	build-support	component-prefix
developtools	hdc	developtools/hdc	hdc	developtools/hdc/BUILD.gn	280	hdcd_source_set	hdcd_${image_name}_source	//developtools/hdc:hdcd_${image_name}_source	production	component-prefix
developtools	hdc	developtools/hdc	hdc	developtools/hdc/BUILD.gn	291	ohos_executable	hdcd_${image_name}_exe	//developtools/hdc:hdcd_${image_name}_exe	production	component-prefix
developtools	hdc	developtools/hdc	hdc	developtools/hdc/BUILD.gn	307	ohos_rust_executable	hdcd_${image_name}_exe	//developtools/hdc:hdcd_${image_name}_exe	production	component-prefix
developtools	hdc	developtools/hdc	hdc	developtools/hdc/BUILD.gn	354	ohos_executable	hdcd_${image_name}_exe	//developtools/hdc:hdcd_${image_name}_exe	production	component-prefix
developtools	hdc	developtools/hdc	hdc	developtools/hdc/BUILD.gn	371	ohos_prebuilt_executable	hdcd_${image_name}	//developtools/hdc:hdcd_${image_name}	production	component-prefix
developtools	hdc	developtools/hdc	hdc	developtools/hdc/BUILD.gn	388	build_hdc	system	//developtools/hdc:system	production	component-prefix
developtools	hdc	developtools/hdc	hdc	developtools/hdc/BUILD.gn	391	build_hdc	updater	//developtools/hdc:updater	production	component-prefix
developtools	hdc	developtools/hdc	hdc	developtools/hdc/BUILD.gn	394	ohos_executable	hdc	//developtools/hdc:hdc	production	component-prefix
developtools	hdc	developtools/hdc	hdc	developtools/hdc/BUILD.gn	515	group	hdc_target	//developtools/hdc:hdc_target	aggregate-codegen	component-prefix
developtools	hdc	developtools/hdc	hdc	developtools/hdc/BUILD.gn	524	group	hdc_target_all	//developtools/hdc:hdc_target_all	aggregate-codegen	component-prefix
developtools	hdc	developtools/hdc	hdc	developtools/hdc/BUILD.gn	528	group	hdc_all	//developtools/hdc:hdc_all	aggregate-codegen	component-prefix
developtools	hdc	developtools/hdc	hdc	developtools/hdc/BUILD.gn	533	group	hdc_test_target	//developtools/hdc:hdc_test_target	test	component-prefix
developtools	hdc	developtools/hdc	hdc	developtools/hdc/BUILD.gn	538	action	hdc_hash_gen	//developtools/hdc:hdc_hash_gen	aggregate-codegen	component-prefix
developtools	hdc	developtools/hdc	hdc	developtools/hdc/BUILD.gn	553	config	hdc_register_config	//developtools/hdc:hdc_register_config	build-support	component-prefix
developtools	hdc	developtools/hdc	hdc	developtools/hdc/BUILD.gn	564	ohos_shared_library	hdc_register	//developtools/hdc:hdc_register	production	component-prefix
developtools	hdc	developtools/hdc	hdc	developtools/hdc/BUILD.gn	600	config	hdc_updater_config	//developtools/hdc:hdc_updater_config	build-support	component-prefix
developtools	hdc	developtools/hdc	hdc	developtools/hdc/BUILD.gn	607	ohos_static_library	hdc_updater	//developtools/hdc:hdc_updater	production	component-prefix
developtools	hdc	developtools/hdc	hdc	developtools/hdc/credential/BUILD.gn	17	config	hdc_config	//developtools/hdc/credential:hdc_config	build-support	component-prefix
developtools	hdc	developtools/hdc	hdc	developtools/hdc/credential/BUILD.gn	28	ohos_executable	hdc_credential_exec	//developtools/hdc/credential:hdc_credential_exec	production	component-prefix
developtools	hdc	developtools/hdc	hdc	developtools/hdc/hdc_rust/BUILD.gn	16	ohos_static_library	serialize_structs	//developtools/hdc/hdc_rust:serialize_structs	production	component-prefix
developtools	hdc	developtools/hdc	hdc	developtools/hdc/hdc_rust/BUILD.gn	58	ohos_rust_executable	hdcd	//developtools/hdc/hdc_rust:hdcd	production	component-prefix
developtools	hdc	developtools/hdc	hdc	developtools/hdc/hdc_rust/BUILD.gn	91	ohos_static_library	cffi_host	//developtools/hdc/hdc_rust:cffi_host	production	component-prefix
developtools	hdc	developtools/hdc	hdc	developtools/hdc/hdc_rust/BUILD.gn	139	ohos_static_library	hdc_win_dep	//developtools/hdc/hdc_rust:hdc_win_dep	production	component-prefix
developtools	hdc	developtools/hdc	hdc	developtools/hdc/hdc_rust/BUILD.gn	147	ohos_rust_static_library	hdc_library_host	//developtools/hdc/hdc_rust:hdc_library_host	production	component-prefix
developtools	hdc	developtools/hdc	hdc	developtools/hdc/hdc_rust/BUILD.gn	171	ohos_rust_executable	hdc_rust	//developtools/hdc/hdc_rust:hdc_rust	production	component-prefix
developtools	hdc	developtools/hdc	hdc	developtools/hdc/hdcd_user_permit/BUILD.gn	17	ohos_executable	exec_hdcd_user_permit	//developtools/hdc/hdcd_user_permit:exec_hdcd_user_permit	production	component-prefix
developtools	hdc	developtools/hdc	hdc	developtools/hdc/hdcd_user_permit/BUILD.gn	40	group	hdcd_user_permit	//developtools/hdc/hdcd_user_permit:hdcd_user_permit	aggregate-codegen	component-prefix
developtools	hdc	developtools/hdc	hdc	developtools/hdc/src/daemon/etc/BUILD.gn	17	group	daemon_etc	//developtools/hdc/src/daemon/etc:daemon_etc	aggregate-codegen	component-prefix
developtools	hdc	developtools/hdc	hdc	developtools/hdc/src/daemon/etc/BUILD.gn	28	ohos_prebuilt_etc	hdc_credential.cfg	//developtools/hdc/src/daemon/etc:hdc_credential.cfg	production	component-prefix
developtools	hdc	developtools/hdc	hdc	developtools/hdc/src/daemon/etc/BUILD.gn	37	ohos_prebuilt_etc	hdcd.cfg	//developtools/hdc/src/daemon/etc:hdcd.cfg	production	component-prefix
developtools	hdc	developtools/hdc	hdc	developtools/hdc/src/daemon/etc/BUILD.gn	52	ohos_prebuilt_etc	hdc.para	//developtools/hdc/src/daemon/etc:hdc.para	production	component-prefix
developtools	hdc	developtools/hdc	hdc	developtools/hdc/src/daemon/etc/BUILD.gn	67	ohos_prebuilt_etc	hdc.para.dac	//developtools/hdc/src/daemon/etc:hdc.para.dac	production	component-prefix
developtools	hdc	developtools/hdc	hdc	developtools/hdc/src/test/jdwp/BUILD.gn	16	ohos_executable	jdwp_test	//developtools/hdc/src/test/jdwp:jdwp_test	test	component-prefix
developtools	hdc	developtools/hdc	hdc	developtools/hdc/sudo/BUILD.gn	17	ohos_executable	exec_sudo	//developtools/hdc/sudo:exec_sudo	production	component-prefix
developtools	hdc	developtools/hdc	hdc	developtools/hdc/sudo/BUILD.gn	66	group	sudo	//developtools/hdc/sudo:sudo	aggregate-codegen	component-prefix
developtools	hdc	developtools/hdc	hdc	developtools/hdc/test/BUILD.gn	93	config	hdc_ut_code_flag	//developtools/hdc/test:hdc_ut_code_flag	build-support	component-prefix
developtools	hdc	developtools/hdc	hdc	developtools/hdc/test/BUILD.gn	97	config	hdc_ut_config	//developtools/hdc/test:hdc_ut_config	build-support	component-prefix
developtools	hdc	developtools/hdc	hdc	developtools/hdc/test/BUILD.gn	120	config	hdc_common_config	//developtools/hdc/test:hdc_common_config	build-support	component-prefix
developtools	hdc	developtools/hdc	hdc	developtools/hdc/test/BUILD.gn	134	config	hdc_host_common_config	//developtools/hdc/test:hdc_host_common_config	build-support	component-prefix
developtools	hdc	developtools/hdc	hdc	developtools/hdc/test/BUILD.gn	152	ohos_source_set	hdc_common	//developtools/hdc/test:hdc_common	test	component-prefix
developtools	hdc	developtools/hdc	hdc	developtools/hdc/test/BUILD.gn	177	ohos_source_set	hdc_daemon	//developtools/hdc/test:hdc_daemon	test	component-prefix
developtools	hdc	developtools/hdc	hdc	developtools/hdc/test/BUILD.gn	208	ohos_source_set	hdc_host	//developtools/hdc/test:hdc_host	test	component-prefix
developtools	hdc	developtools/hdc	hdc	developtools/hdc/test/BUILD.gn	237	ohos_source_set	hdc_daemon_platform	//developtools/hdc/test:hdc_daemon_platform	test	component-prefix
developtools	hdc	developtools/hdc	hdc	developtools/hdc/test/BUILD.gn	269	ohos_unittest	hdc_jdwp_unittest	//developtools/hdc/test:hdc_jdwp_unittest	test	component-prefix
developtools	hdc	developtools/hdc	hdc	developtools/hdc/test/BUILD.gn	319	ohos_unittest	hdc_uart_unittest	//developtools/hdc/test:hdc_uart_unittest	test	component-prefix
developtools	hdc	developtools/hdc	hdc	developtools/hdc/test/BUILD.gn	342	ohos_unittest	hdc_host_base_unittest	//developtools/hdc/test:hdc_host_base_unittest	test	component-prefix
developtools	hdc	developtools/hdc	hdc	developtools/hdc/test/BUILD.gn	409	config	hdc_daemon_common_config	//developtools/hdc/test:hdc_daemon_common_config	build-support	component-prefix
developtools	hdc	developtools/hdc	hdc	developtools/hdc/test/BUILD.gn	422	ohos_unittest	hdc_daemon_base_unittest	//developtools/hdc/test:hdc_daemon_base_unittest	test	component-prefix
developtools	hdc	developtools/hdc	hdc	developtools/hdc/test/BUILD.gn	471	ohos_unittest	hdc_shell_unittest	//developtools/hdc/test:hdc_shell_unittest	test	component-prefix
developtools	hdc	developtools/hdc	hdc	developtools/hdc/test/BUILD.gn	515	ohos_unittest	hdc_host_uart_unittest	//developtools/hdc/test:hdc_host_uart_unittest	test	component-prefix
developtools	hdc	developtools/hdc	hdc	developtools/hdc/test/BUILD.gn	540	ohos_unittest	hdc_ssl_unittest	//developtools/hdc/test:hdc_ssl_unittest	test	component-prefix
developtools	hdc	developtools/hdc	hdc	developtools/hdc/test/BUILD.gn	570	ohos_unittest	hdc_base_unittest	//developtools/hdc/test:hdc_base_unittest	test	component-prefix
developtools	hdc	developtools/hdc	hdc	developtools/hdc/test/BUILD.gn	623	group	HdcJdwpTest	//developtools/hdc/test:HdcJdwpTest	test	component-prefix
developtools	hdc	developtools/hdc	hdc	developtools/hdc/test/BUILD.gn	628	ohos_unittest	hdc_subserver_unittest	//developtools/hdc/test:hdc_subserver_unittest	test	component-prefix
developtools	hdc	developtools/hdc	hdc	developtools/hdc/test/BUILD.gn	677	group	hdc_unittest	//developtools/hdc/test:hdc_unittest	test	component-prefix
developtools	hdc	developtools/hdc	hdc	developtools/hdc/test/BUILD.gn	694	config	hdc_test_config	//developtools/hdc/test:hdc_test_config	build-support	component-prefix
developtools	hdc	developtools/hdc	hdc	developtools/hdc/test/BUILD.gn	719	config	hdc_register_config	//developtools/hdc/test:hdc_register_config	build-support	component-prefix
developtools	hdc	developtools/hdc	hdc	developtools/hdc/test/BUILD.gn	743	ohos_fuzztest	JdwpReadStreamFuzzTest	//developtools/hdc/test:JdwpReadStreamFuzzTest	test	component-prefix
developtools	hdc	developtools/hdc	hdc	developtools/hdc/test/BUILD.gn	761	ohos_fuzztest	ForwardReadStreamFuzzTest	//developtools/hdc/test:ForwardReadStreamFuzzTest	test	component-prefix
developtools	hdc	developtools/hdc	hdc	developtools/hdc/test/BUILD.gn	774	group	hdc_fuzztest	//developtools/hdc/test:hdc_fuzztest	test	component-prefix
developtools	hdc	developtools/hdc	hdc	developtools/hdc/test/BUILD.gn	782	ohos_unittest	hdc_register_unittest	//developtools/hdc/test:hdc_register_unittest	test	component-prefix
developtools	hdc	developtools/hdc	hdc	developtools/hdc/test/BUILD.gn	805	ohos_unittest	hdc_credential_unittest	//developtools/hdc/test:hdc_credential_unittest	test	component-prefix
developtools	hdc	developtools/hdc	hdc	developtools/hdc/test/BUILD.gn	834	ohos_unittest	hdc_ext_unittest	//developtools/hdc/test:hdc_ext_unittest	test	component-prefix
developtools	hiperf	developtools/hiperf	hiperf	developtools/hiperf/BUILD.gn	19	config	hiperf_inner_config	//developtools/hiperf:hiperf_inner_config	build-support	component-prefix
developtools	hiperf	developtools/hiperf	hiperf	developtools/hiperf/BUILD.gn	185	config	hiperf_syspara_config	//developtools/hiperf:hiperf_syspara_config	build-support	component-prefix
developtools	hiperf	developtools/hiperf	hiperf	developtools/hiperf/BUILD.gn	189	config	libunwinder_config	//developtools/hiperf:libunwinder_config	build-support	component-prefix
developtools	hiperf	developtools/hiperf	hiperf	developtools/hiperf/BUILD.gn	201	ohos_source_set	adapt_mingw_sourceset	//developtools/hiperf:adapt_mingw_sourceset	production	component-prefix
developtools	hiperf	developtools/hiperf	hiperf	developtools/hiperf/BUILD.gn	219	ohos_source_set	hiperf_platform_common	//developtools/hiperf:hiperf_platform_common	production	component-prefix
developtools	hiperf	developtools/hiperf	hiperf	developtools/hiperf/BUILD.gn	274	config	platform_linux_config	//developtools/hiperf:platform_linux_config	build-support	component-prefix
developtools	hiperf	developtools/hiperf	hiperf	developtools/hiperf/BUILD.gn	278	ohos_source_set	hiperf_platform_linux	//developtools/hiperf:hiperf_platform_linux	production	component-prefix
developtools	hiperf	developtools/hiperf	hiperf	developtools/hiperf/BUILD.gn	313	config	elf_config	//developtools/hiperf:elf_config	build-support	component-prefix
developtools	hiperf	developtools/hiperf	hiperf	developtools/hiperf/BUILD.gn	315	ohos_source_set	support_elf	//developtools/hiperf:support_elf	production	component-prefix
developtools	hiperf	developtools/hiperf	hiperf	developtools/hiperf/BUILD.gn	322	config	protobuf_config	//developtools/hiperf:protobuf_config	build-support	component-prefix
developtools	hiperf	developtools/hiperf	hiperf	developtools/hiperf/BUILD.gn	326	ohos_source_set	support_protobuf	//developtools/hiperf:support_protobuf	production	component-prefix
developtools	hiperf	developtools/hiperf	hiperf	developtools/hiperf/BUILD.gn	388	action	hiperf_host_build_proto	//developtools/hiperf:hiperf_host_build_proto	aggregate-codegen	component-prefix
developtools	hiperf	developtools/hiperf	hiperf	developtools/hiperf/BUILD.gn	413	config	proto_file_cpp_config	//developtools/hiperf:proto_file_cpp_config	build-support	component-prefix
developtools	hiperf	developtools/hiperf	hiperf	developtools/hiperf/BUILD.gn	425	ohos_source_set	proto_file_cpp	//developtools/hiperf:proto_file_cpp	production	component-prefix
developtools	hiperf	developtools/hiperf	hiperf	developtools/hiperf/BUILD.gn	441	ohos_executable	hiperf	//developtools/hiperf:hiperf	production	component-prefix
developtools	hiperf	developtools/hiperf	hiperf	developtools/hiperf/BUILD.gn	484	ohos_executable	hiperf_host	//developtools/hiperf:hiperf_host	production	component-prefix
developtools	hiperf	developtools/hiperf	hiperf	developtools/hiperf/BUILD.gn	512	ohos_prebuilt_etc	hiperf.para	//developtools/hiperf:hiperf.para	production	component-prefix
developtools	hiperf	developtools/hiperf	hiperf	developtools/hiperf/BUILD.gn	523	ohos_prebuilt_etc	hiperf.para.dac	//developtools/hiperf:hiperf.para.dac	production	component-prefix
developtools	hiperf	developtools/hiperf	hiperf	developtools/hiperf/BUILD.gn	534	ohos_prebuilt_etc	hiperf.cfg	//developtools/hiperf:hiperf.cfg	production	component-prefix
developtools	hiperf	developtools/hiperf	hiperf	developtools/hiperf/BUILD.gn	541	group	hiperf_etc	//developtools/hiperf:hiperf_etc	aggregate-codegen	component-prefix
developtools	hiperf	developtools/hiperf	hiperf	developtools/hiperf/BUILD.gn	549	ohos_source_set	hiperf_platform_host	//developtools/hiperf:hiperf_platform_host	production	component-prefix
developtools	hiperf	developtools/hiperf	hiperf	developtools/hiperf/BUILD.gn	571	ohos_shared_library	hiperf_host_lib	//developtools/hiperf:hiperf_host_lib	production	component-prefix
developtools	hiperf	developtools/hiperf	hiperf	developtools/hiperf/BUILD.gn	583	ohos_executable	hiperf_host_lib_demo	//developtools/hiperf:hiperf_host_lib_demo	production	component-prefix
developtools	hiperf	developtools/hiperf	hiperf	developtools/hiperf/BUILD.gn	597	ohos_copy	hiperf_host_python	//developtools/hiperf:hiperf_host_python	aggregate-codegen	component-prefix
developtools	hiperf	developtools/hiperf	hiperf	developtools/hiperf/BUILD.gn	607	ohos_source_set	hiperf_code_analyze	//developtools/hiperf:hiperf_code_analyze	production	component-prefix
developtools	hiperf	developtools/hiperf	hiperf	developtools/hiperf/BUILD.gn	617	group	hiperf_target	//developtools/hiperf:hiperf_target	aggregate-codegen	component-prefix
developtools	hiperf	developtools/hiperf	hiperf	developtools/hiperf/BUILD.gn	625	group	hiperf_test_target	//developtools/hiperf:hiperf_test_target	test	component-prefix
developtools	hiperf	developtools/hiperf	hiperf	developtools/hiperf/BUILD.gn	630	group	hiperf_target_all	//developtools/hiperf:hiperf_target_all	aggregate-codegen	component-prefix
developtools	hiperf	developtools/hiperf	hiperf	developtools/hiperf/BUILD.gn	661	group	hiperf_demo	//developtools/hiperf:hiperf_demo	aggregate-codegen	component-prefix
developtools	hiperf	developtools/hiperf	hiperf	developtools/hiperf/BUILD.gn	669	group	hiperf_example_cmd	//developtools/hiperf:hiperf_example_cmd	aggregate-codegen	component-prefix
developtools	hiperf	developtools/hiperf	hiperf	developtools/hiperf/BUILD.gn	677	group	hiperf_all	//developtools/hiperf:hiperf_all	aggregate-codegen	component-prefix
developtools	hiperf	developtools/hiperf	hiperf	developtools/hiperf/demo/cpp/BUILD.gn	17	ohos_executable	hiperf_demo	//developtools/hiperf/demo/cpp:hiperf_demo	test	component-prefix
developtools	hiperf	developtools/hiperf	hiperf	developtools/hiperf/demo/cpp/BUILD.gn	26	ohos_executable	hiperf_example_cmd	//developtools/hiperf/demo/cpp:hiperf_example_cmd	test	component-prefix
developtools	hiperf	developtools/hiperf	hiperf	developtools/hiperf/interfaces/innerkits/native/hiperf_client/BUILD.gn	17	config	hiperf_client_config	//developtools/hiperf/interfaces/innerkits/native/hiperf_client:hiperf_client_config	build-support	component-prefix
developtools	hiperf	developtools/hiperf	hiperf	developtools/hiperf/interfaces/innerkits/native/hiperf_client/BUILD.gn	26	ohos_shared_library	hiperf_client	//developtools/hiperf/interfaces/innerkits/native/hiperf_client:hiperf_client	production	component-prefix
developtools	hiperf	developtools/hiperf	hiperf	developtools/hiperf/interfaces/innerkits/native/hiperf_client/BUILD.gn	45	ohos_static_library	hiperf_client_static	//developtools/hiperf/interfaces/innerkits/native/hiperf_client:hiperf_client_static	production	component-prefix
developtools	hiperf	developtools/hiperf	hiperf	developtools/hiperf/interfaces/innerkits/native/hiperf_local/BUILD.gn	17	config	hiperf_local_config	//developtools/hiperf/interfaces/innerkits/native/hiperf_local:hiperf_local_config	build-support	component-prefix
developtools	hiperf	developtools/hiperf	hiperf	developtools/hiperf/interfaces/innerkits/native/hiperf_local/BUILD.gn	25	ohos_shared_library	hiperf_local	//developtools/hiperf/interfaces/innerkits/native/hiperf_local:hiperf_local	production	component-prefix
developtools	hiperf	developtools/hiperf	hiperf	developtools/hiperf/test/BUILD.gn	85	config	hiperf_test_config	//developtools/hiperf/test:hiperf_test_config	build-support	component-prefix
developtools	hiperf	developtools/hiperf	hiperf	developtools/hiperf/test/BUILD.gn	104	ohos_executable	hiperf_test_demo	//developtools/hiperf/test:hiperf_test_demo	test	component-prefix
developtools	hiperf	developtools/hiperf	hiperf	developtools/hiperf/test/BUILD.gn	111	ohos_unittest	hiperf_unittest	//developtools/hiperf/test:hiperf_unittest	test	component-prefix
developtools	hiperf	developtools/hiperf	hiperf	developtools/hiperf/test/BUILD.gn	245	ohos_fuzztest	CommandLineFuzzTest	//developtools/hiperf/test:CommandLineFuzzTest	test	component-prefix
developtools	hiperf	developtools/hiperf	hiperf	developtools/hiperf/test/BUILD.gn	274	ohos_fuzztest	LibReportFuzzTest	//developtools/hiperf/test:LibReportFuzzTest	test	component-prefix
developtools	hiperf	developtools/hiperf	hiperf	developtools/hiperf/test/BUILD.gn	292	ohos_fuzztest	ClientApiFuzzTest	//developtools/hiperf/test:ClientApiFuzzTest	test	component-prefix
developtools	hiperf	developtools/hiperf	hiperf	developtools/hiperf/test/BUILD.gn	314	ohos_fuzztest	SpeDecoderFuzzTest	//developtools/hiperf/test:SpeDecoderFuzzTest	test	component-prefix
developtools	hiperf	developtools/hiperf	hiperf	developtools/hiperf/test/BUILD.gn	336	ohos_fuzztest	PerfFileFuzzTest	//developtools/hiperf/test:PerfFileFuzzTest	test	component-prefix
developtools	hiperf	developtools/hiperf	hiperf	developtools/hiperf/test/BUILD.gn	360	ohos_fuzztest	PerfFileFormatFuzzTest	//developtools/hiperf/test:PerfFileFormatFuzzTest	test	component-prefix
developtools	hiperf	developtools/hiperf	hiperf	developtools/hiperf/test/BUILD.gn	383	group	hiperf_fuzztest	//developtools/hiperf/test:hiperf_fuzztest	test	component-prefix
developtools	hiperf	developtools/hiperf	hiperf	developtools/hiperf/test/BUILD.gn	397	group	hiperf_test	//developtools/hiperf/test:hiperf_test	test	component-prefix
developtools	hiprofiler	developtools/profiler	profiler	developtools/profiler/device/BUILD.gn	16	group	hiprofiler_targets	//developtools/profiler/device:hiprofiler_targets	aggregate-codegen	component-prefix
developtools	hiprofiler	developtools/profiler	profiler	developtools/profiler/device/BUILD.gn	59	group	hiprofiler_debug_targets	//developtools/profiler/device:hiprofiler_debug_targets	aggregate-codegen	component-prefix
developtools	hiprofiler	developtools/profiler	profiler	developtools/profiler/device/BUILD.gn	80	group	unittest	//developtools/profiler/device:unittest	test	component-prefix
developtools	hiprofiler	developtools/profiler	profiler	developtools/profiler/device/BUILD.gn	116	group	fuzztest	//developtools/profiler/device:fuzztest	test	component-prefix
developtools	hiprofiler	developtools/profiler	profiler	developtools/profiler/device/base/BUILD.gn	18	config	hiprofiler_test_config	//developtools/profiler/device/base:hiprofiler_test_config	build-support	component-prefix
developtools	hiprofiler	developtools/profiler	profiler	developtools/profiler/device/base/BUILD.gn	48	config	hiprofiler_base_config	//developtools/profiler/device/base:hiprofiler_base_config	build-support	component-prefix
developtools	hiprofiler	developtools/profiler	profiler	developtools/profiler/device/base/BUILD.gn	56	config	hiprofiler_base_build_config	//developtools/profiler/device/base:hiprofiler_base_build_config	build-support	component-prefix
developtools	hiprofiler	developtools/profiler	profiler	developtools/profiler/device/base/BUILD.gn	61	config	hiprofiler_size_opt_cflags_config	//developtools/profiler/device/base:hiprofiler_size_opt_cflags_config	build-support	component-prefix
developtools	hiprofiler	developtools/profiler	profiler	developtools/profiler/device/base/BUILD.gn	70	config	hiprofiler_size_opt_config	//developtools/profiler/device/base:hiprofiler_size_opt_config	build-support	component-prefix
developtools	hiprofiler	developtools/profiler	profiler	developtools/profiler/device/base/BUILD.gn	76	config	stack_common_public	//developtools/profiler/device/base:stack_common_public	build-support	component-prefix
developtools	hiprofiler	developtools/profiler	profiler	developtools/profiler/device/base/BUILD.gn	81	config	stack_common_export_config	//developtools/profiler/device/base:stack_common_export_config	build-support	component-prefix
developtools	hiprofiler	developtools/profiler	profiler	developtools/profiler/device/base/BUILD.gn	89	ohos_static_library	stack_common_static	//developtools/profiler/device/base:stack_common_static	production	component-prefix
developtools	hiprofiler	developtools/profiler	profiler	developtools/profiler/device/base/BUILD.gn	112	ohos_shared_library	libstack_common	//developtools/profiler/device/base:libstack_common	production	component-prefix
developtools	hiprofiler	developtools/profiler	profiler	developtools/profiler/device/base/BUILD.gn	130	ohos_static_library	hiprofiler_base_static	//developtools/profiler/device/base:hiprofiler_base_static	production	component-prefix
developtools	hiprofiler	developtools/profiler	profiler	developtools/profiler/device/base/BUILD.gn	164	ohos_shared_library	libhiprofiler_base	//developtools/profiler/device/base:libhiprofiler_base	production	component-prefix
developtools	hiprofiler	developtools/profiler	profiler	developtools/profiler/device/base/BUILD.gn	188	ohos_source_set	hiprofiler_base	//developtools/profiler/device/base:hiprofiler_base	production	component-prefix
developtools	hiprofiler	developtools/profiler	profiler	developtools/profiler/device/base/BUILD.gn	223	ohos_source_set	hiprofiler_base_cfi	//developtools/profiler/device/base:hiprofiler_base_cfi	production	component-prefix
developtools	hiprofiler	developtools/profiler	profiler	developtools/profiler/device/base/BUILD.gn	265	ohos_source_set	mock_test_source	//developtools/profiler/device/base:mock_test_source	test	component-prefix
developtools	hiprofiler	developtools/profiler	profiler	developtools/profiler/device/base/test/BUILD.gn	18	config	module_private_config	//developtools/profiler/device/base/test:module_private_config	build-support	component-prefix
developtools	hiprofiler	developtools/profiler	profiler	developtools/profiler/device/base/test/BUILD.gn	25	ohos_unittest	hiprofiler_base_ut	//developtools/profiler/device/base/test:hiprofiler_base_ut	test	component-prefix
developtools	hiprofiler	developtools/profiler	profiler	developtools/profiler/device/base/test/BUILD.gn	56	group	unittest	//developtools/profiler/device/base/test:unittest	test	component-prefix
developtools	hiprofiler	developtools/profiler	profiler	developtools/profiler/device/cmds/BUILD.gn	18	ohos_source_set	command_line	//developtools/profiler/device/cmds:command_line	production	component-prefix
developtools	hiprofiler	developtools/profiler	profiler	developtools/profiler/device/cmds/BUILD.gn	30	ohos_executable	hiprofiler_cmd	//developtools/profiler/device/cmds:hiprofiler_cmd	production	component-prefix
developtools	hiprofiler	developtools/profiler	profiler	developtools/profiler/device/cmds/test/BUILD.gn	19	config	module_private_config	//developtools/profiler/device/cmds/test:module_private_config	build-support	component-prefix
developtools	hiprofiler	developtools/profiler	profiler	developtools/profiler/device/cmds/test/BUILD.gn	26	ohos_unittest	hiprofiler_cmd_ut	//developtools/profiler/device/cmds/test:hiprofiler_cmd_ut	test	component-prefix
developtools	hiprofiler	developtools/profiler	profiler	developtools/profiler/device/cmds/test/BUILD.gn	97	group	unittest	//developtools/profiler/device/cmds/test:unittest	test	component-prefix
developtools	hiprofiler	developtools/profiler	profiler	developtools/profiler/device/cmds/test/fuzztest/hiprofilercmd_fuzzer/BUILD.gn	19	ohos_fuzztest	HiprofilerCmdFuzzTest	//developtools/profiler/device/cmds/test/fuzztest/hiprofilercmd_fuzzer:HiprofilerCmdFuzzTest	test	component-prefix
developtools	hiprofiler	developtools/profiler	profiler	developtools/profiler/device/cmds/test/fuzztest/hiprofilercmd_fuzzer/BUILD.gn	37	group	fuzztest	//developtools/profiler/device/cmds/test/fuzztest/hiprofilercmd_fuzzer:fuzztest	test	component-prefix
developtools	hiprofiler	developtools/profiler	profiler	developtools/profiler/device/plugins/api/BUILD.gn	17	config	hiprofiler_plugins_config	//developtools/profiler/device/plugins/api:hiprofiler_plugins_config	build-support	component-prefix
developtools	hiprofiler	developtools/profiler	profiler	developtools/profiler/device/plugins/api/BUILD.gn	32	ohos_source_set	plugins_sources	//developtools/profiler/device/plugins/api:plugins_sources	production	component-prefix
developtools	hiprofiler	developtools/profiler	profiler	developtools/profiler/device/plugins/api/BUILD.gn	71	ohos_prebuilt_etc	hiprofiler_plugins.cfg	//developtools/profiler/device/plugins/api:hiprofiler_plugins.cfg	production	component-prefix
developtools	hiprofiler	developtools/profiler	profiler	developtools/profiler/device/plugins/api/BUILD.gn	78	ohos_executable	hiprofiler_plugins	//developtools/profiler/device/plugins/api:hiprofiler_plugins	production	component-prefix
developtools	hiprofiler	developtools/profiler	profiler	developtools/profiler/device/plugins/api/BUILD.gn	100	config	hidebug_native_config	//developtools/profiler/device/plugins/api:hidebug_native_config	build-support	component-prefix
developtools	hiprofiler	developtools/profiler	profiler	developtools/profiler/device/plugins/api/BUILD.gn	105	ohos_source_set	libhidebug_source	//developtools/profiler/device/plugins/api:libhidebug_source	production	component-prefix
developtools	hiprofiler	developtools/profiler	profiler	developtools/profiler/device/plugins/api/BUILD.gn	122	ohos_shared_library	libhidebug	//developtools/profiler/device/plugins/api:libhidebug	production	component-prefix
developtools	hiprofiler	developtools/profiler	profiler	developtools/profiler/device/plugins/api/BUILD.gn	150	ohos_static_library	libhidebug_init	//developtools/profiler/device/plugins/api:libhidebug_init	production	component-prefix
developtools	hiprofiler	developtools/profiler	profiler	developtools/profiler/device/plugins/api/test/BUILD.gn	18	config	module_private_config	//developtools/profiler/device/plugins/api/test:module_private_config	build-support	component-prefix
developtools	hiprofiler	developtools/profiler	profiler	developtools/profiler/device/plugins/api/test/BUILD.gn	22	config	cflags_config	//developtools/profiler/device/plugins/api/test:cflags_config	build-support	component-prefix
developtools	hiprofiler	developtools/profiler	profiler	developtools/profiler/device/plugins/api/test/BUILD.gn	31	ohos_unittest	hiprofiler_plugins_ut	//developtools/profiler/device/plugins/api/test:hiprofiler_plugins_ut	test	component-prefix
developtools	hiprofiler	developtools/profiler	profiler	developtools/profiler/device/plugins/api/test/BUILD.gn	73	group	unittest	//developtools/profiler/device/plugins/api/test:unittest	test	component-prefix
developtools	hiprofiler	developtools/profiler	profiler	developtools/profiler/device/plugins/api/test/fuzztest/plugincreatesessioncmd_fuzzer/BUILD.gn	19	ohos_fuzztest	PluginCreateSessionCmdFuzzTest	//developtools/profiler/device/plugins/api/test/fuzztest/plugincreatesessioncmd_fuzzer:PluginCreateSessionCmdFuzzTest	test	component-prefix
developtools	hiprofiler	developtools/profiler	profiler	developtools/profiler/device/plugins/api/test/fuzztest/plugincreatesessioncmd_fuzzer/BUILD.gn	46	group	fuzztest	//developtools/profiler/device/plugins/api/test/fuzztest/plugincreatesessioncmd_fuzzer:fuzztest	test	component-prefix
developtools	hiprofiler	developtools/profiler	profiler	developtools/profiler/device/plugins/api/test/fuzztest/plugindestroysessioncmd_fuzzer/BUILD.gn	19	ohos_fuzztest	PluginDestroySessionCmdFuzzTest	//developtools/profiler/device/plugins/api/test/fuzztest/plugindestroysessioncmd_fuzzer:PluginDestroySessionCmdFuzzTest	test	component-prefix
developtools	hiprofiler	developtools/profiler	profiler	developtools/profiler/device/plugins/api/test/fuzztest/plugindestroysessioncmd_fuzzer/BUILD.gn	46	group	fuzztest	//developtools/profiler/device/plugins/api/test/fuzztest/plugindestroysessioncmd_fuzzer:fuzztest	test	component-prefix
developtools	hiprofiler	developtools/profiler	profiler	developtools/profiler/device/plugins/api/test/fuzztest/pluginstartsessioncmd_fuzzer/BUILD.gn	19	ohos_fuzztest	PluginStartSessionCmdFuzzTest	//developtools/profiler/device/plugins/api/test/fuzztest/pluginstartsessioncmd_fuzzer:PluginStartSessionCmdFuzzTest	test	component-prefix
developtools	hiprofiler	developtools/profiler	profiler	developtools/profiler/device/plugins/api/test/fuzztest/pluginstartsessioncmd_fuzzer/BUILD.gn	46	group	fuzztest	//developtools/profiler/device/plugins/api/test/fuzztest/pluginstartsessioncmd_fuzzer:fuzztest	test	component-prefix
developtools	hiprofiler	developtools/profiler	profiler	developtools/profiler/device/plugins/api/test/fuzztest/pluginstopsessioncmd_fuzzer/BUILD.gn	19	ohos_fuzztest	PluginStopSessionCmdFuzzTest	//developtools/profiler/device/plugins/api/test/fuzztest/pluginstopsessioncmd_fuzzer:PluginStopSessionCmdFuzzTest	test	component-prefix
developtools	hiprofiler	developtools/profiler	profiler	developtools/profiler/device/plugins/api/test/fuzztest/pluginstopsessioncmd_fuzzer/BUILD.gn	46	group	fuzztest	//developtools/profiler/device/plugins/api/test/fuzztest/pluginstopsessioncmd_fuzzer:fuzztest	test	component-prefix
developtools	hiprofiler	developtools/profiler	profiler	developtools/profiler/device/plugins/bytrace_plugin/BUILD.gn	16	config	bytraceplugin_config	//developtools/profiler/device/plugins/bytrace_plugin:bytraceplugin_config	build-support	component-prefix
developtools	hiprofiler	developtools/profiler	profiler	developtools/profiler/device/plugins/bytrace_plugin/BUILD.gn	26	ohos_shared_library	bytraceplugin	//developtools/profiler/device/plugins/bytrace_plugin:bytraceplugin	production	component-prefix
developtools	hiprofiler	developtools/profiler	profiler	developtools/profiler/device/plugins/bytrace_plugin/BUILD.gn	46	ohos_executable	test_bytrace_plugin	//developtools/profiler/device/plugins/bytrace_plugin:test_bytrace_plugin	test	component-prefix
developtools	hiprofiler	developtools/profiler	profiler	developtools/profiler/device/plugins/cpu_plugin/BUILD.gn	17	ohos_source_set	cpudataplugin_source	//developtools/profiler/device/plugins/cpu_plugin:cpudataplugin_source	production	component-prefix
developtools	hiprofiler	developtools/profiler	profiler	developtools/profiler/device/plugins/cpu_plugin/BUILD.gn	48	ohos_shared_library	cpudataplugin	//developtools/profiler/device/plugins/cpu_plugin:cpudataplugin	production	component-prefix
developtools	hiprofiler	developtools/profiler	profiler	developtools/profiler/device/plugins/cpu_plugin/BUILD.gn	67	ohos_executable	cpudataplugintest	//developtools/profiler/device/plugins/cpu_plugin:cpudataplugintest	test	component-prefix
developtools	hiprofiler	developtools/profiler	profiler	developtools/profiler/device/plugins/cpu_plugin/test/BUILD.gn	18	config	module_private_config	//developtools/profiler/device/plugins/cpu_plugin/test:module_private_config	build-support	component-prefix
developtools	hiprofiler	developtools/profiler	profiler	developtools/profiler/device/plugins/cpu_plugin/test/BUILD.gn	28	ohos_unittest	cpudataplugin_ut	//developtools/profiler/device/plugins/cpu_plugin/test:cpudataplugin_ut	test	component-prefix
developtools	hiprofiler	developtools/profiler	profiler	developtools/profiler/device/plugins/cpu_plugin/test/BUILD.gn	58	group	unittest	//developtools/profiler/device/plugins/cpu_plugin/test:unittest	test	component-prefix
developtools	hiprofiler	developtools/profiler	profiler	developtools/profiler/device/plugins/cpu_plugin/test/fuzztest/cpustartplugin_fuzzer/BUILD.gn	19	ohos_fuzztest	CpuStartPluginFuzzTest	//developtools/profiler/device/plugins/cpu_plugin/test/fuzztest/cpustartplugin_fuzzer:CpuStartPluginFuzzTest	test	component-prefix
developtools	hiprofiler	developtools/profiler	profiler	developtools/profiler/device/plugins/cpu_plugin/test/fuzztest/cpustartplugin_fuzzer/BUILD.gn	47	group	fuzztest	//developtools/profiler/device/plugins/cpu_plugin/test/fuzztest/cpustartplugin_fuzzer:fuzztest	test	component-prefix
developtools	hiprofiler	developtools/profiler	profiler	developtools/profiler/device/plugins/diskio_plugin/BUILD.gn	17	ohos_source_set	diskiodataplugin_source	//developtools/profiler/device/plugins/diskio_plugin:diskiodataplugin_source	production	component-prefix
developtools	hiprofiler	developtools/profiler	profiler	developtools/profiler/device/plugins/diskio_plugin/BUILD.gn	49	ohos_shared_library	diskiodataplugin	//developtools/profiler/device/plugins/diskio_plugin:diskiodataplugin	production	component-prefix
developtools	hiprofiler	developtools/profiler	profiler	developtools/profiler/device/plugins/diskio_plugin/BUILD.gn	68	ohos_executable	diskiodataplugintest	//developtools/profiler/device/plugins/diskio_plugin:diskiodataplugintest	test	component-prefix
developtools	hiprofiler	developtools/profiler	profiler	developtools/profiler/device/plugins/diskio_plugin/test/BUILD.gn	18	config	module_private_config	//developtools/profiler/device/plugins/diskio_plugin/test:module_private_config	build-support	component-prefix
developtools	hiprofiler	developtools/profiler	profiler	developtools/profiler/device/plugins/diskio_plugin/test/BUILD.gn	25	ohos_unittest	diskiodataplugin_ut	//developtools/profiler/device/plugins/diskio_plugin/test:diskiodataplugin_ut	test	component-prefix
developtools	hiprofiler	developtools/profiler	profiler	developtools/profiler/device/plugins/diskio_plugin/test/BUILD.gn	55	group	unittest	//developtools/profiler/device/plugins/diskio_plugin/test:unittest	test	component-prefix
developtools	hiprofiler	developtools/profiler	profiler	developtools/profiler/device/plugins/diskio_plugin/test/fuzztest/diskiostartplugin_fuzzer/BUILD.gn	19	ohos_fuzztest	DiskioStartPluginFuzzTest	//developtools/profiler/device/plugins/diskio_plugin/test/fuzztest/diskiostartplugin_fuzzer:DiskioStartPluginFuzzTest	test	component-prefix
developtools	hiprofiler	developtools/profiler	profiler	developtools/profiler/device/plugins/diskio_plugin/test/fuzztest/diskiostartplugin_fuzzer/BUILD.gn	47	group	fuzztest	//developtools/profiler/device/plugins/diskio_plugin/test/fuzztest/diskiostartplugin_fuzzer:fuzztest	test	component-prefix
developtools	hiprofiler	developtools/profiler	profiler	developtools/profiler/device/plugins/ffrt_profiler/client/BUILD.gn	17	config	ffrt_config	//developtools/profiler/device/plugins/ffrt_profiler/client:ffrt_config	build-support	component-prefix
developtools	hiprofiler	developtools/profiler	profiler	developtools/profiler/device/plugins/ffrt_profiler/client/BUILD.gn	34	ohos_shared_library	libffrt_profiler	//developtools/profiler/device/plugins/ffrt_profiler/client:libffrt_profiler	production	component-prefix
developtools	hiprofiler	developtools/profiler	profiler	developtools/profiler/device/plugins/ffrt_profiler/service/BUILD.gn	17	config	ffrt_profiler_service_config	//developtools/profiler/device/plugins/ffrt_profiler/service:ffrt_profiler_service_config	build-support	component-prefix
developtools	hiprofiler	developtools/profiler	profiler	developtools/profiler/device/plugins/ffrt_profiler/service/BUILD.gn	30	ohos_source_set	ffrt_profiler_service	//developtools/profiler/device/plugins/ffrt_profiler/service:ffrt_profiler_service	production	component-prefix
developtools	hiprofiler	developtools/profiler	profiler	developtools/profiler/device/plugins/ffrt_profiler/test/BUILD.gn	19	config	module_private_config	//developtools/profiler/device/plugins/ffrt_profiler/test:module_private_config	build-support	component-prefix
developtools	hiprofiler	developtools/profiler	profiler	developtools/profiler/device/plugins/ffrt_profiler/test/BUILD.gn	29	ohos_executable	ffrt_profiler_test_exe	//developtools/profiler/device/plugins/ffrt_profiler/test:ffrt_profiler_test_exe	test	component-prefix
developtools	hiprofiler	developtools/profiler	profiler	developtools/profiler/device/plugins/ffrt_profiler/test/BUILD.gn	52	ohos_unittest	ffrt_profiler_ut	//developtools/profiler/device/plugins/ffrt_profiler/test:ffrt_profiler_ut	test	component-prefix
developtools	hiprofiler	developtools/profiler	profiler	developtools/profiler/device/plugins/ffrt_profiler/test/BUILD.gn	108	group	unittest	//developtools/profiler/device/plugins/ffrt_profiler/test:unittest	test	component-prefix
developtools	hiprofiler	developtools/profiler	profiler	developtools/profiler/device/plugins/ffrt_profiler/test/fuzztest/ffrtprofilerprotocolproc_fuzzer/BUILD.gn	19	ohos_fuzztest	FfrtProfilerProtocolProcFuzzTest	//developtools/profiler/device/plugins/ffrt_profiler/test/fuzztest/ffrtprofilerprotocolproc_fuzzer:FfrtProfilerProtocolProcFuzzTest	test	component-prefix
developtools	hiprofiler	developtools/profiler	profiler	developtools/profiler/device/plugins/ffrt_profiler/test/fuzztest/ffrtprofilerprotocolproc_fuzzer/BUILD.gn	47	group	fuzztest	//developtools/profiler/device/plugins/ffrt_profiler/test/fuzztest/ffrtprofilerprotocolproc_fuzzer:fuzztest	test	component-prefix
developtools	hiprofiler	developtools/profiler	profiler	developtools/profiler/device/plugins/ffrt_profiler/test/fuzztest/ffrtprofilersetconfig_fuzzer/BUILD.gn	19	ohos_fuzztest	FfrtProfilerSetConfigFuzzTest	//developtools/profiler/device/plugins/ffrt_profiler/test/fuzztest/ffrtprofilersetconfig_fuzzer:FfrtProfilerSetConfigFuzzTest	test	component-prefix
developtools	hiprofiler	developtools/profiler	profiler	developtools/profiler/device/plugins/ffrt_profiler/test/fuzztest/ffrtprofilersetconfig_fuzzer/BUILD.gn	47	group	fuzztest	//developtools/profiler/device/plugins/ffrt_profiler/test/fuzztest/ffrtprofilersetconfig_fuzzer:fuzztest	test	component-prefix
developtools	hiprofiler	developtools/profiler	profiler	developtools/profiler/device/plugins/ftrace_plugin/BUILD.gn	18	ohos_source_set	ftrace_plugin_source	//developtools/profiler/device/plugins/ftrace_plugin:ftrace_plugin_source	production	component-prefix
developtools	hiprofiler	developtools/profiler	profiler	developtools/profiler/device/plugins/ftrace_plugin/BUILD.gn	66	ohos_shared_library	ftrace_plugin	//developtools/profiler/device/plugins/ftrace_plugin:ftrace_plugin	production	component-prefix
developtools	hiprofiler	developtools/profiler	profiler	developtools/profiler/device/plugins/ftrace_plugin/BUILD.gn	83	group	ftrace_targets	//developtools/profiler/device/plugins/ftrace_plugin:ftrace_targets	aggregate-codegen	component-prefix
developtools	hiprofiler	developtools/profiler	profiler	developtools/profiler/device/plugins/ftrace_plugin/BUILD.gn	87	group	ftrace_debug_targets	//developtools/profiler/device/plugins/ftrace_plugin:ftrace_debug_targets	aggregate-codegen	component-prefix
developtools	hiprofiler	developtools/profiler	profiler	developtools/profiler/device/plugins/ftrace_plugin/test/BUILD.gn	19	config	module_private_config	//developtools/profiler/device/plugins/ftrace_plugin/test:module_private_config	build-support	component-prefix
developtools	hiprofiler	developtools/profiler	profiler	developtools/profiler/device/plugins/ftrace_plugin/test/BUILD.gn	26	ohos_unittest	ftrace_plugin_ut	//developtools/profiler/device/plugins/ftrace_plugin/test:ftrace_plugin_ut	test	component-prefix
developtools	hiprofiler	developtools/profiler	profiler	developtools/profiler/device/plugins/ftrace_plugin/test/BUILD.gn	71	ohos_executable	busy_test	//developtools/profiler/device/plugins/ftrace_plugin/test:busy_test	test	component-prefix
developtools	hiprofiler	developtools/profiler	profiler	developtools/profiler/device/plugins/ftrace_plugin/test/BUILD.gn	79	ohos_executable	regex_test	//developtools/profiler/device/plugins/ftrace_plugin/test:regex_test	test	component-prefix
developtools	hiprofiler	developtools/profiler	profiler	developtools/profiler/device/plugins/ftrace_plugin/test/BUILD.gn	87	ohos_executable	get_tzinfo	//developtools/profiler/device/plugins/ftrace_plugin/test:get_tzinfo	test	component-prefix
developtools	hiprofiler	developtools/profiler	profiler	developtools/profiler/device/plugins/ftrace_plugin/test/BUILD.gn	95	group	unittest	//developtools/profiler/device/plugins/ftrace_plugin/test:unittest	test	component-prefix
developtools	hiprofiler	developtools/profiler	profiler	developtools/profiler/device/plugins/ftrace_plugin/tools/device_kernel_version/6.6.30/event_formatters/BUILD.gn	20	ohos_source_set	ftrace_event_formatters	//developtools/profiler/device/plugins/ftrace_plugin/tools/device_kernel_version/6.6.30/event_formatters:ftrace_event_formatters	production	component-prefix
developtools	hiprofiler	developtools/profiler	profiler	developtools/profiler/device/plugins/ftrace_plugin/tools/device_kernel_version/6.6.30/event_parsers/BUILD.gn	20	ohos_source_set	ftrace_event_parsers	//developtools/profiler/device/plugins/ftrace_plugin/tools/device_kernel_version/6.6.30/event_parsers:ftrace_event_parsers	production	component-prefix
developtools	hiprofiler	developtools/profiler	profiler	developtools/profiler/device/plugins/ftrace_plugin/tools/device_kernel_version/default/event_formatters/BUILD.gn	20	ohos_source_set	ftrace_event_formatters	//developtools/profiler/device/plugins/ftrace_plugin/tools/device_kernel_version/default/event_formatters:ftrace_event_formatters	production	component-prefix
developtools	hiprofiler	developtools/profiler	profiler	developtools/profiler/device/plugins/ftrace_plugin/tools/device_kernel_version/default/event_parsers/BUILD.gn	19	ohos_source_set	ftrace_event_parsers	//developtools/profiler/device/plugins/ftrace_plugin/tools/device_kernel_version/default/event_parsers:ftrace_event_parsers	production	component-prefix
developtools	hiprofiler	developtools/profiler	profiler	developtools/profiler/device/plugins/gpu_plugin/BUILD.gn	17	ohos_source_set	gpudataplugin_source	//developtools/profiler/device/plugins/gpu_plugin:gpudataplugin_source	production	component-prefix
developtools	hiprofiler	developtools/profiler	profiler	developtools/profiler/device/plugins/gpu_plugin/BUILD.gn	49	ohos_shared_library	gpudataplugin	//developtools/profiler/device/plugins/gpu_plugin:gpudataplugin	production	component-prefix
developtools	hiprofiler	developtools/profiler	profiler	developtools/profiler/device/plugins/gpu_plugin/BUILD.gn	65	ohos_executable	gpudataplugintest	//developtools/profiler/device/plugins/gpu_plugin:gpudataplugintest	test	component-prefix
developtools	hiprofiler	developtools/profiler	profiler	developtools/profiler/device/plugins/gpu_plugin/test/BUILD.gn	18	config	module_private_config	//developtools/profiler/device/plugins/gpu_plugin/test:module_private_config	build-support	component-prefix
developtools	hiprofiler	developtools/profiler	profiler	developtools/profiler/device/plugins/gpu_plugin/test/BUILD.gn	25	ohos_unittest	gpudataplugin_ut	//developtools/profiler/device/plugins/gpu_plugin/test:gpudataplugin_ut	test	component-prefix
developtools	hiprofiler	developtools/profiler	profiler	developtools/profiler/device/plugins/gpu_plugin/test/BUILD.gn	56	group	unittest	//developtools/profiler/device/plugins/gpu_plugin/test:unittest	test	component-prefix
developtools	hiprofiler	developtools/profiler	profiler	developtools/profiler/device/plugins/hidump_plugin/BUILD.gn	17	ohos_source_set	hidumpplugin_source	//developtools/profiler/device/plugins/hidump_plugin:hidumpplugin_source	production	component-prefix
developtools	hiprofiler	developtools/profiler	profiler	developtools/profiler/device/plugins/hidump_plugin/BUILD.gn	48	ohos_shared_library	hidumpplugin	//developtools/profiler/device/plugins/hidump_plugin:hidumpplugin	production	component-prefix
developtools	hiprofiler	developtools/profiler	profiler	developtools/profiler/device/plugins/hidump_plugin/test/BUILD.gn	18	config	module_private_config	//developtools/profiler/device/plugins/hidump_plugin/test:module_private_config	build-support	component-prefix
developtools	hiprofiler	developtools/profiler	profiler	developtools/profiler/device/plugins/hidump_plugin/test/BUILD.gn	25	ohos_unittest	hidumpplugin_ut	//developtools/profiler/device/plugins/hidump_plugin/test:hidumpplugin_ut	test	component-prefix
developtools	hiprofiler	developtools/profiler	profiler	developtools/profiler/device/plugins/hidump_plugin/test/BUILD.gn	52	group	unittest	//developtools/profiler/device/plugins/hidump_plugin/test:unittest	test	component-prefix
developtools	hiprofiler	developtools/profiler	profiler	developtools/profiler/device/plugins/hidump_plugin/test/fuzztest/hidumpstartplugin_fuzzer/BUILD.gn	19	ohos_fuzztest	HidumpStartPluginFuzzTest	//developtools/profiler/device/plugins/hidump_plugin/test/fuzztest/hidumpstartplugin_fuzzer:HidumpStartPluginFuzzTest	test	component-prefix
developtools	hiprofiler	developtools/profiler	profiler	developtools/profiler/device/plugins/hidump_plugin/test/fuzztest/hidumpstartplugin_fuzzer/BUILD.gn	47	group	fuzztest	//developtools/profiler/device/plugins/hidump_plugin/test/fuzztest/hidumpstartplugin_fuzzer:fuzztest	test	component-prefix
developtools	hiprofiler	developtools/profiler	profiler	developtools/profiler/device/plugins/hiebpf_plugin/BUILD.gn	17	ohos_source_set	hiebpfplugin_source	//developtools/profiler/device/plugins/hiebpf_plugin:hiebpfplugin_source	production	component-prefix
developtools	hiprofiler	developtools/profiler	profiler	developtools/profiler/device/plugins/hiebpf_plugin/BUILD.gn	55	ohos_shared_library	hiebpfplugin	//developtools/profiler/device/plugins/hiebpf_plugin:hiebpfplugin	production	component-prefix
developtools	hiprofiler	developtools/profiler	profiler	developtools/profiler/device/plugins/hiebpf_plugin/BUILD.gn	71	group	ebpf_targets	//developtools/profiler/device/plugins/hiebpf_plugin:ebpf_targets	aggregate-codegen	component-prefix
developtools	hiprofiler	developtools/profiler	profiler	developtools/profiler/device/plugins/hiebpf_plugin/BUILD.gn	75	group	ebpf_debug_targets	//developtools/profiler/device/plugins/hiebpf_plugin:ebpf_debug_targets	aggregate-codegen	component-prefix
developtools	hiprofiler	developtools/profiler	profiler	developtools/profiler/device/plugins/hiebpf_plugin/tools/BUILD.gn	17	config	ebpf_converter_inner_config	//developtools/profiler/device/plugins/hiebpf_plugin/tools:ebpf_converter_inner_config	build-support	component-prefix
developtools	hiprofiler	developtools/profiler	profiler	developtools/profiler/device/plugins/hiebpf_plugin/tools/BUILD.gn	43	ohos_executable	ebpf_converter	//developtools/profiler/device/plugins/hiebpf_plugin/tools:ebpf_converter	production	component-prefix
developtools	hiprofiler	developtools/profiler	profiler	developtools/profiler/device/plugins/hilog_plugin/BUILD.gn	17	ohos_source_set	hilogplugin_source	//developtools/profiler/device/plugins/hilog_plugin:hilogplugin_source	production	component-prefix
developtools	hiprofiler	developtools/profiler	profiler	developtools/profiler/device/plugins/hilog_plugin/BUILD.gn	48	ohos_shared_library	hilogplugin	//developtools/profiler/device/plugins/hilog_plugin:hilogplugin	production	component-prefix
developtools	hiprofiler	developtools/profiler	profiler	developtools/profiler/device/plugins/hilog_plugin/test/BUILD.gn	18	config	module_private_config	//developtools/profiler/device/plugins/hilog_plugin/test:module_private_config	build-support	component-prefix
developtools	hiprofiler	developtools/profiler	profiler	developtools/profiler/device/plugins/hilog_plugin/test/BUILD.gn	25	ohos_unittest	hilogplugin_ut	//developtools/profiler/device/plugins/hilog_plugin/test:hilogplugin_ut	test	component-prefix
developtools	hiprofiler	developtools/profiler	profiler	developtools/profiler/device/plugins/hilog_plugin/test/BUILD.gn	53	group	unittest	//developtools/profiler/device/plugins/hilog_plugin/test:unittest	test	component-prefix
developtools	hiprofiler	developtools/profiler	profiler	developtools/profiler/device/plugins/hilog_plugin/test/fuzztest/hilogstartplugin_fuzzer/BUILD.gn	19	ohos_fuzztest	HilogStartPluginFuzzTest	//developtools/profiler/device/plugins/hilog_plugin/test/fuzztest/hilogstartplugin_fuzzer:HilogStartPluginFuzzTest	test	component-prefix
developtools	hiprofiler	developtools/profiler	profiler	developtools/profiler/device/plugins/hilog_plugin/test/fuzztest/hilogstartplugin_fuzzer/BUILD.gn	47	group	fuzztest	//developtools/profiler/device/plugins/hilog_plugin/test/fuzztest/hilogstartplugin_fuzzer:fuzztest	test	component-prefix
developtools	hiprofiler	developtools/profiler	profiler	developtools/profiler/device/plugins/hiperf_plugin/BUILD.gn	16	config	hiperfplugin_config	//developtools/profiler/device/plugins/hiperf_plugin:hiperfplugin_config	build-support	component-prefix
developtools	hiprofiler	developtools/profiler	profiler	developtools/profiler/device/plugins/hiperf_plugin/BUILD.gn	26	ohos_source_set	hiperfplugin_source	//developtools/profiler/device/plugins/hiperf_plugin:hiperfplugin_source	production	component-prefix
developtools	hiprofiler	developtools/profiler	profiler	developtools/profiler/device/plugins/hiperf_plugin/BUILD.gn	60	ohos_shared_library	hiperfplugin	//developtools/profiler/device/plugins/hiperf_plugin:hiperfplugin	production	component-prefix
developtools	hiprofiler	developtools/profiler	profiler	developtools/profiler/device/plugins/hiperf_plugin/test/BUILD.gn	18	config	module_private_config	//developtools/profiler/device/plugins/hiperf_plugin/test:module_private_config	build-support	component-prefix
developtools	hiprofiler	developtools/profiler	profiler	developtools/profiler/device/plugins/hiperf_plugin/test/BUILD.gn	25	ohos_unittest	hiperfplugin_ut	//developtools/profiler/device/plugins/hiperf_plugin/test:hiperfplugin_ut	test	component-prefix
developtools	hiprofiler	developtools/profiler	profiler	developtools/profiler/device/plugins/hiperf_plugin/test/BUILD.gn	52	group	unittest	//developtools/profiler/device/plugins/hiperf_plugin/test:unittest	test	component-prefix
developtools	hiprofiler	developtools/profiler	profiler	developtools/profiler/device/plugins/hiperf_plugin/test/fuzztest/hiperfstartplugin_fuzzer/BUILD.gn	19	ohos_fuzztest	HiperfStartPluginFuzzTest	//developtools/profiler/device/plugins/hiperf_plugin/test/fuzztest/hiperfstartplugin_fuzzer:HiperfStartPluginFuzzTest	test	component-prefix
developtools	hiprofiler	developtools/profiler	profiler	developtools/profiler/device/plugins/hiperf_plugin/test/fuzztest/hiperfstartplugin_fuzzer/BUILD.gn	58	group	fuzztest	//developtools/profiler/device/plugins/hiperf_plugin/test/fuzztest/hiperfstartplugin_fuzzer:fuzztest	test	component-prefix
developtools	hiprofiler	developtools/profiler	profiler	developtools/profiler/device/plugins/hisysevent_plugin/BUILD.gn	17	ohos_source_set	hisyseventplugin_source	//developtools/profiler/device/plugins/hisysevent_plugin:hisyseventplugin_source	production	component-prefix
developtools	hiprofiler	developtools/profiler	profiler	developtools/profiler/device/plugins/hisysevent_plugin/BUILD.gn	48	ohos_shared_library	hisyseventplugin	//developtools/profiler/device/plugins/hisysevent_plugin:hisyseventplugin	production	component-prefix
developtools	hiprofiler	developtools/profiler	profiler	developtools/profiler/device/plugins/hisysevent_plugin/test/BUILD.gn	18	config	module_private_config	//developtools/profiler/device/plugins/hisysevent_plugin/test:module_private_config	build-support	component-prefix
developtools	hiprofiler	developtools/profiler	profiler	developtools/profiler/device/plugins/hisysevent_plugin/test/BUILD.gn	25	ohos_unittest	hisyseventplugin_ut	//developtools/profiler/device/plugins/hisysevent_plugin/test:hisyseventplugin_ut	test	component-prefix
developtools	hiprofiler	developtools/profiler	profiler	developtools/profiler/device/plugins/hisysevent_plugin/test/BUILD.gn	53	group	unittest	//developtools/profiler/device/plugins/hisysevent_plugin/test:unittest	test	component-prefix
developtools	hiprofiler	developtools/profiler	profiler	developtools/profiler/device/plugins/memory_plugin/BUILD.gn	17	ohos_source_set	memdataplugin_source	//developtools/profiler/device/plugins/memory_plugin:memdataplugin_source	production	component-prefix
developtools	hiprofiler	developtools/profiler	profiler	developtools/profiler/device/plugins/memory_plugin/BUILD.gn	54	ohos_shared_library	memdataplugin	//developtools/profiler/device/plugins/memory_plugin:memdataplugin	production	component-prefix
developtools	hiprofiler	developtools/profiler	profiler	developtools/profiler/device/plugins/memory_plugin/BUILD.gn	71	ohos_executable	memorytest	//developtools/profiler/device/plugins/memory_plugin:memorytest	test	component-prefix
developtools	hiprofiler	developtools/profiler	profiler	developtools/profiler/device/plugins/memory_plugin/test/BUILD.gn	18	config	module_private_config	//developtools/profiler/device/plugins/memory_plugin/test:module_private_config	build-support	component-prefix
developtools	hiprofiler	developtools/profiler	profiler	developtools/profiler/device/plugins/memory_plugin/test/BUILD.gn	25	ohos_unittest	memdataplugin_ut	//developtools/profiler/device/plugins/memory_plugin/test:memdataplugin_ut	test	component-prefix
developtools	hiprofiler	developtools/profiler	profiler	developtools/profiler/device/plugins/memory_plugin/test/BUILD.gn	61	ohos_unittest	smaps_stats_ut	//developtools/profiler/device/plugins/memory_plugin/test:smaps_stats_ut	test	component-prefix
developtools	hiprofiler	developtools/profiler	profiler	developtools/profiler/device/plugins/memory_plugin/test/BUILD.gn	91	group	unittest	//developtools/profiler/device/plugins/memory_plugin/test:unittest	test	component-prefix
developtools	hiprofiler	developtools/profiler	profiler	developtools/profiler/device/plugins/memory_plugin/test/fuzztest/memorystartplugin_fuzzer/BUILD.gn	19	ohos_fuzztest	MemoryStartPluginFuzzTest	//developtools/profiler/device/plugins/memory_plugin/test/fuzztest/memorystartplugin_fuzzer:MemoryStartPluginFuzzTest	test	component-prefix
developtools	hiprofiler	developtools/profiler	profiler	developtools/profiler/device/plugins/memory_plugin/test/fuzztest/memorystartplugin_fuzzer/BUILD.gn	52	group	fuzztest	//developtools/profiler/device/plugins/memory_plugin/test/fuzztest/memorystartplugin_fuzzer:fuzztest	test	component-prefix
developtools	hiprofiler	developtools/profiler	profiler	developtools/profiler/device/plugins/native_daemon/BUILD.gn	17	config	hook_config	//developtools/profiler/device/plugins/native_daemon:hook_config	build-support	component-prefix
developtools	hiprofiler	developtools/profiler	profiler	developtools/profiler/device/plugins/native_daemon/BUILD.gn	33	config	profiler_sa_config	//developtools/profiler/device/plugins/native_daemon:profiler_sa_config	build-support	component-prefix
developtools	hiprofiler	developtools/profiler	profiler	developtools/profiler/device/plugins/native_daemon/BUILD.gn	42	config	memory_profiler_client_config	//developtools/profiler/device/plugins/native_daemon:memory_profiler_client_config	build-support	component-prefix
developtools	hiprofiler	developtools/profiler	profiler	developtools/profiler/device/plugins/native_daemon/BUILD.gn	51	ohos_prebuilt_etc	hiprofiler_daemon.cfg	//developtools/profiler/device/plugins/native_daemon:hiprofiler_daemon.cfg	production	component-prefix
developtools	hiprofiler	developtools/profiler	profiler	developtools/profiler/device/plugins/native_daemon/BUILD.gn	58	ohos_shared_library	libmemory_profiler	//developtools/profiler/device/plugins/native_daemon:libmemory_profiler	production	component-prefix
developtools	hiprofiler	developtools/profiler	profiler	developtools/profiler/device/plugins/native_daemon/BUILD.gn	179	ohos_executable	native_daemon	//developtools/profiler/device/plugins/native_daemon:native_daemon	production	component-prefix
developtools	hiprofiler	developtools/profiler	profiler	developtools/profiler/device/plugins/native_daemon/BUILD.gn	253	ohos_executable	native_daemon_client	//developtools/profiler/device/plugins/native_daemon:native_daemon_client	production	component-prefix
developtools	hiprofiler	developtools/profiler	profiler	developtools/profiler/device/plugins/native_daemon/BUILD.gn	297	ohos_shared_library	libnative_daemon_client	//developtools/profiler/device/plugins/native_daemon:libnative_daemon_client	production	component-prefix
developtools	hiprofiler	developtools/profiler	profiler	developtools/profiler/device/plugins/native_daemon/BUILD.gn	342	ohos_shared_library	memory_profiler_client	//developtools/profiler/device/plugins/native_daemon:memory_profiler_client	production	component-prefix
developtools	hiprofiler	developtools/profiler	profiler	developtools/profiler/device/plugins/native_daemon/memory_profiler_client/test/BUILD.gn	20	ohos_unittest	memory_profiler_client_ut	//developtools/profiler/device/plugins/native_daemon/memory_profiler_client/test:memory_profiler_client_ut	test	component-prefix
developtools	hiprofiler	developtools/profiler	profiler	developtools/profiler/device/plugins/native_daemon/memory_profiler_client/test/BUILD.gn	42	group	unittest	//developtools/profiler/device/plugins/native_daemon/memory_profiler_client/test:unittest	test	component-prefix
developtools	hiprofiler	developtools/profiler	profiler	developtools/profiler/device/plugins/native_daemon/native_memory_profiler_sa/test/BUILD.gn	20	config	native_memory_profiler_sa_config	//developtools/profiler/device/plugins/native_daemon/native_memory_profiler_sa/test:native_memory_profiler_sa_config	build-support	component-prefix
developtools	hiprofiler	developtools/profiler	profiler	developtools/profiler/device/plugins/native_daemon/native_memory_profiler_sa/test/BUILD.gn	64	ohos_unittest	native_memory_profiler_sa_ut	//developtools/profiler/device/plugins/native_daemon/native_memory_profiler_sa/test:native_memory_profiler_sa_ut	test	component-prefix
developtools	hiprofiler	developtools/profiler	profiler	developtools/profiler/device/plugins/native_daemon/native_memory_profiler_sa/test/BUILD.gn	175	group	unittest	//developtools/profiler/device/plugins/native_daemon/native_memory_profiler_sa/test:unittest	test	component-prefix
developtools	hiprofiler	developtools/profiler	profiler	developtools/profiler/device/plugins/native_daemon/native_memory_profiler_sa/test/fuzztest/nativedaemonsa_fuzzer/BUILD.gn	19	ohos_fuzztest	NativeDaemonSaFuzzTest	//developtools/profiler/device/plugins/native_daemon/native_memory_profiler_sa/test/fuzztest/nativedaemonsa_fuzzer:NativeDaemonSaFuzzTest	test	component-prefix
developtools	hiprofiler	developtools/profiler	profiler	developtools/profiler/device/plugins/native_daemon/native_memory_profiler_sa/test/fuzztest/nativedaemonsa_fuzzer/BUILD.gn	74	group	fuzztest	//developtools/profiler/device/plugins/native_daemon/native_memory_profiler_sa/test/fuzztest/nativedaemonsa_fuzzer:fuzztest	test	component-prefix
developtools	hiprofiler	developtools/profiler	profiler	developtools/profiler/device/plugins/native_daemon/test/BUILD.gn	94	config	native_daemon_test_config	//developtools/profiler/device/plugins/native_daemon/test:native_daemon_test_config	build-support	component-prefix
developtools	hiprofiler	developtools/profiler	profiler	developtools/profiler/device/plugins/native_daemon/test/BUILD.gn	141	ohos_unittest	native_daemon_ut	//developtools/profiler/device/plugins/native_daemon/test:native_daemon_ut	test	component-prefix
developtools	hiprofiler	developtools/profiler	profiler	developtools/profiler/device/plugins/native_daemon/test/BUILD.gn	179	group	unittest	//developtools/profiler/device/plugins/native_daemon/test:unittest	test	component-prefix
developtools	hiprofiler	developtools/profiler	profiler	developtools/profiler/device/plugins/native_hook/BUILD.gn	17	config	hook_config	//developtools/profiler/device/plugins/native_hook:hook_config	build-support	component-prefix
developtools	hiprofiler	developtools/profiler	profiler	developtools/profiler/device/plugins/native_hook/BUILD.gn	37	ohos_source_set	native_hook_source	//developtools/profiler/device/plugins/native_hook:native_hook_source	production	component-prefix
developtools	hiprofiler	developtools/profiler	profiler	developtools/profiler/device/plugins/native_hook/BUILD.gn	106	ohos_executable	hookDecoder	//developtools/profiler/device/plugins/native_hook:hookDecoder	production	component-prefix
developtools	hiprofiler	developtools/profiler	profiler	developtools/profiler/device/plugins/native_hook/BUILD.gn	143	ohos_shared_library	native_hook	//developtools/profiler/device/plugins/native_hook:native_hook	production	component-prefix
developtools	hiprofiler	developtools/profiler	profiler	developtools/profiler/device/plugins/native_hook/BUILD.gn	157	ohos_executable	nativetest_c	//developtools/profiler/device/plugins/native_hook:nativetest_c	test	component-prefix
developtools	hiprofiler	developtools/profiler	profiler	developtools/profiler/device/plugins/native_hook/BUILD.gn	178	ohos_executable	nativetest_cpp	//developtools/profiler/device/plugins/native_hook:nativetest_cpp	test	component-prefix
developtools	hiprofiler	developtools/profiler	profiler	developtools/profiler/device/plugins/native_hook/BUILD.gn	197	ohos_shared_library	nativetest_so	//developtools/profiler/device/plugins/native_hook:nativetest_so	test	component-prefix
developtools	hiprofiler	developtools/profiler	profiler	developtools/profiler/device/plugins/native_hook/BUILD.gn	215	ohos_executable	malloctest_cpp	//developtools/profiler/device/plugins/native_hook:malloctest_cpp	test	component-prefix
developtools	hiprofiler	developtools/profiler	profiler	developtools/profiler/device/plugins/native_hook/BUILD.gn	237	ohos_executable	perf_test_data	//developtools/profiler/device/plugins/native_hook:perf_test_data	test	component-prefix
developtools	hiprofiler	developtools/profiler	profiler	developtools/profiler/device/plugins/native_hook/BUILD.gn	252	ohos_executable	statisticstest_cpp	//developtools/profiler/device/plugins/native_hook:statisticstest_cpp	test	component-prefix
developtools	hiprofiler	developtools/profiler	profiler	developtools/profiler/device/plugins/native_hook/BUILD.gn	271	ohos_executable	hook_restrace_test	//developtools/profiler/device/plugins/native_hook:hook_restrace_test	test	component-prefix
developtools	hiprofiler	developtools/profiler	profiler	developtools/profiler/device/plugins/native_hook/BUILD.gn	295	ohos_executable	arkui_test	//developtools/profiler/device/plugins/native_hook:arkui_test	test	component-prefix
developtools	hiprofiler	developtools/profiler	profiler	developtools/profiler/device/plugins/native_hook/test/BUILD.gn	18	config	module_private_config	//developtools/profiler/device/plugins/native_hook/test:module_private_config	build-support	component-prefix
developtools	hiprofiler	developtools/profiler	profiler	developtools/profiler/device/plugins/native_hook/test/BUILD.gn	34	ohos_unittest	nativehook_ut	//developtools/profiler/device/plugins/native_hook/test:nativehook_ut	test	component-prefix
developtools	hiprofiler	developtools/profiler	profiler	developtools/profiler/device/plugins/native_hook/test/BUILD.gn	99	group	unittest	//developtools/profiler/device/plugins/native_hook/test:unittest	test	component-prefix
developtools	hiprofiler	developtools/profiler	profiler	developtools/profiler/device/plugins/native_hook/test/fuzztest/BUILD.gn	62	ohos_fuzztest	HookInitFuzzTest	//developtools/profiler/device/plugins/native_hook/test/fuzztest:HookInitFuzzTest	test	component-prefix
developtools	hiprofiler	developtools/profiler	profiler	developtools/profiler/device/plugins/native_hook/test/fuzztest/BUILD.gn	73	ohos_fuzztest	HookMallocFuzzTest	//developtools/profiler/device/plugins/native_hook/test/fuzztest:HookMallocFuzzTest	test	component-prefix
developtools	hiprofiler	developtools/profiler	profiler	developtools/profiler/device/plugins/native_hook/test/fuzztest/BUILD.gn	84	ohos_fuzztest	HookMiscDataFuzzTest	//developtools/profiler/device/plugins/native_hook/test/fuzztest:HookMiscDataFuzzTest	test	component-prefix
developtools	hiprofiler	developtools/profiler	profiler	developtools/profiler/device/plugins/native_hook/test/fuzztest/BUILD.gn	95	ohos_fuzztest	HookPrctlFuzzTest	//developtools/profiler/device/plugins/native_hook/test/fuzztest:HookPrctlFuzzTest	test	component-prefix
developtools	hiprofiler	developtools/profiler	profiler	developtools/profiler/device/plugins/native_hook/test/fuzztest/BUILD.gn	106	ohos_fuzztest	HookSetFuzzTest	//developtools/profiler/device/plugins/native_hook/test/fuzztest:HookSetFuzzTest	test	component-prefix
developtools	hiprofiler	developtools/profiler	profiler	developtools/profiler/device/plugins/native_hook/test/fuzztest/BUILD.gn	118	group	fuzztest	//developtools/profiler/device/plugins/native_hook/test/fuzztest:fuzztest	test	component-prefix
developtools	hiprofiler	developtools/profiler	profiler	developtools/profiler/device/plugins/network_plugin/BUILD.gn	17	ohos_source_set	networkplugin_source	//developtools/profiler/device/plugins/network_plugin:networkplugin_source	production	component-prefix
developtools	hiprofiler	developtools/profiler	profiler	developtools/profiler/device/plugins/network_plugin/BUILD.gn	56	ohos_shared_library	networkplugin	//developtools/profiler/device/plugins/network_plugin:networkplugin	production	component-prefix
developtools	hiprofiler	developtools/profiler	profiler	developtools/profiler/device/plugins/network_plugin/test/BUILD.gn	18	config	module_private_config	//developtools/profiler/device/plugins/network_plugin/test:module_private_config	build-support	component-prefix
developtools	hiprofiler	developtools/profiler	profiler	developtools/profiler/device/plugins/network_plugin/test/BUILD.gn	28	ohos_unittest	networkplugin_ut	//developtools/profiler/device/plugins/network_plugin/test:networkplugin_ut	test	component-prefix
developtools	hiprofiler	developtools/profiler	profiler	developtools/profiler/device/plugins/network_plugin/test/BUILD.gn	61	group	unittest	//developtools/profiler/device/plugins/network_plugin/test:unittest	test	component-prefix
developtools	hiprofiler	developtools/profiler	profiler	developtools/profiler/device/plugins/network_plugin/test/fuzztest/networkstartplugin_fuzzer/BUILD.gn	19	ohos_fuzztest	NetworkStartPluginFuzzTest	//developtools/profiler/device/plugins/network_plugin/test/fuzztest/networkstartplugin_fuzzer:NetworkStartPluginFuzzTest	test	component-prefix
developtools	hiprofiler	developtools/profiler	profiler	developtools/profiler/device/plugins/network_plugin/test/fuzztest/networkstartplugin_fuzzer/BUILD.gn	51	group	fuzztest	//developtools/profiler/device/plugins/network_plugin/test/fuzztest/networkstartplugin_fuzzer:fuzztest	test	component-prefix
developtools	hiprofiler	developtools/profiler	profiler	developtools/profiler/device/plugins/network_profiler/client/BUILD.gn	17	config	network_config	//developtools/profiler/device/plugins/network_profiler/client:network_config	build-support	component-prefix
developtools	hiprofiler	developtools/profiler	profiler	developtools/profiler/device/plugins/network_profiler/client/BUILD.gn	34	ohos_shared_library	libnetwork_profiler	//developtools/profiler/device/plugins/network_profiler/client:libnetwork_profiler	production	component-prefix
developtools	hiprofiler	developtools/profiler	profiler	developtools/profiler/device/plugins/network_profiler/service/BUILD.gn	17	config	network_profiler_service_config	//developtools/profiler/device/plugins/network_profiler/service:network_profiler_service_config	build-support	component-prefix
developtools	hiprofiler	developtools/profiler	profiler	developtools/profiler/device/plugins/network_profiler/service/BUILD.gn	30	ohos_source_set	network_profiler_service	//developtools/profiler/device/plugins/network_profiler/service:network_profiler_service	production	component-prefix
developtools	hiprofiler	developtools/profiler	profiler	developtools/profiler/device/plugins/network_profiler/service/BUILD.gn	68	ohos_source_set	network_profiler_service_cfi	//developtools/profiler/device/plugins/network_profiler/service:network_profiler_service_cfi	production	component-prefix
developtools	hiprofiler	developtools/profiler	profiler	developtools/profiler/device/plugins/network_profiler/test/BUILD.gn	20	ohos_unittest	networkprofiler_ut	//developtools/profiler/device/plugins/network_profiler/test:networkprofiler_ut	test	component-prefix
developtools	hiprofiler	developtools/profiler	profiler	developtools/profiler/device/plugins/network_profiler/test/BUILD.gn	86	group	unittest	//developtools/profiler/device/plugins/network_profiler/test:unittest	test	component-prefix
developtools	hiprofiler	developtools/profiler	profiler	developtools/profiler/device/plugins/network_profiler/test/fuzztest/networkprotocolproc_fuzzer/BUILD.gn	19	ohos_fuzztest	NetworkProtocolProcFuzzTest	//developtools/profiler/device/plugins/network_profiler/test/fuzztest/networkprotocolproc_fuzzer:NetworkProtocolProcFuzzTest	test	component-prefix
developtools	hiprofiler	developtools/profiler	profiler	developtools/profiler/device/plugins/network_profiler/test/fuzztest/networkprotocolproc_fuzzer/BUILD.gn	47	group	fuzztest	//developtools/profiler/device/plugins/network_profiler/test/fuzztest/networkprotocolproc_fuzzer:fuzztest	test	component-prefix
developtools	hiprofiler	developtools/profiler	profiler	developtools/profiler/device/plugins/network_profiler/test/fuzztest/networksetconfig_fuzzer/BUILD.gn	19	ohos_fuzztest	NetworkSetConfigFuzzTest	//developtools/profiler/device/plugins/network_profiler/test/fuzztest/networksetconfig_fuzzer:NetworkSetConfigFuzzTest	test	component-prefix
developtools	hiprofiler	developtools/profiler	profiler	developtools/profiler/device/plugins/network_profiler/test/fuzztest/networksetconfig_fuzzer/BUILD.gn	47	group	fuzztest	//developtools/profiler/device/plugins/network_profiler/test/fuzztest/networksetconfig_fuzzer:fuzztest	test	component-prefix
developtools	hiprofiler	developtools/profiler	profiler	developtools/profiler/device/plugins/preload_client/BUILD.gn	17	config	preload_client_config	//developtools/profiler/device/plugins/preload_client:preload_client_config	build-support	component-prefix
developtools	hiprofiler	developtools/profiler	profiler	developtools/profiler/device/plugins/preload_client/BUILD.gn	33	ohos_source_set	preload_client_source	//developtools/profiler/device/plugins/preload_client:preload_client_source	production	component-prefix
developtools	hiprofiler	developtools/profiler	profiler	developtools/profiler/device/plugins/preload_client/BUILD.gn	85	ohos_shared_library	hiprofiler_preload_client	//developtools/profiler/device/plugins/preload_client:hiprofiler_preload_client	production	component-prefix
developtools	hiprofiler	developtools/profiler	profiler	developtools/profiler/device/plugins/preload_client/test/BUILD.gn	18	config	module_private_config	//developtools/profiler/device/plugins/preload_client/test:module_private_config	build-support	component-prefix
developtools	hiprofiler	developtools/profiler	profiler	developtools/profiler/device/plugins/preload_client/test/BUILD.gn	34	ohos_unittest	preload_ut	//developtools/profiler/device/plugins/preload_client/test:preload_ut	test	component-prefix
developtools	hiprofiler	developtools/profiler	profiler	developtools/profiler/device/plugins/preload_client/test/BUILD.gn	85	group	unittest	//developtools/profiler/device/plugins/preload_client/test:unittest	test	component-prefix
developtools	hiprofiler	developtools/profiler	profiler	developtools/profiler/device/plugins/process_plugin/BUILD.gn	17	ohos_source_set	processplugin_source	//developtools/profiler/device/plugins/process_plugin:processplugin_source	production	component-prefix
developtools	hiprofiler	developtools/profiler	profiler	developtools/profiler/device/plugins/process_plugin/BUILD.gn	49	ohos_shared_library	processplugin	//developtools/profiler/device/plugins/process_plugin:processplugin	production	component-prefix
developtools	hiprofiler	developtools/profiler	profiler	developtools/profiler/device/plugins/process_plugin/test/BUILD.gn	18	config	module_private_config	//developtools/profiler/device/plugins/process_plugin/test:module_private_config	build-support	component-prefix
developtools	hiprofiler	developtools/profiler	profiler	developtools/profiler/device/plugins/process_plugin/test/BUILD.gn	25	ohos_unittest	processplugin_ut	//developtools/profiler/device/plugins/process_plugin/test:processplugin_ut	test	component-prefix
developtools	hiprofiler	developtools/profiler	profiler	developtools/profiler/device/plugins/process_plugin/test/BUILD.gn	54	group	unittest	//developtools/profiler/device/plugins/process_plugin/test:unittest	test	component-prefix
developtools	hiprofiler	developtools/profiler	profiler	developtools/profiler/device/plugins/sample_plugin/BUILD.gn	17	ohos_shared_library	sampleplugin	//developtools/profiler/device/plugins/sample_plugin:sampleplugin	production	component-prefix
developtools	hiprofiler	developtools/profiler	profiler	developtools/profiler/device/plugins/stream_plugin/BUILD.gn	17	ohos_source_set	streamplugin_source	//developtools/profiler/device/plugins/stream_plugin:streamplugin_source	production	component-prefix
developtools	hiprofiler	developtools/profiler	profiler	developtools/profiler/device/plugins/stream_plugin/BUILD.gn	45	ohos_shared_library	streamplugin	//developtools/profiler/device/plugins/stream_plugin:streamplugin	production	component-prefix
developtools	hiprofiler	developtools/profiler	profiler	developtools/profiler/device/plugins/xpower_plugin/BUILD.gn	17	ohos_shared_library	xpowerplugin	//developtools/profiler/device/plugins/xpower_plugin:xpowerplugin	production	component-prefix
developtools	hiprofiler	developtools/profiler	profiler	developtools/profiler/device/plugins/xpower_plugin/BUILD.gn	49	ohos_executable	xpowerdecoder	//developtools/profiler/device/plugins/xpower_plugin:xpowerdecoder	production	component-prefix
developtools	hiprofiler	developtools/profiler	profiler	developtools/profiler/device/plugins/xpower_plugin/test/BUILD.gn	18	config	module_private_config	//developtools/profiler/device/plugins/xpower_plugin/test:module_private_config	build-support	component-prefix
developtools	hiprofiler	developtools/profiler	profiler	developtools/profiler/device/plugins/xpower_plugin/test/BUILD.gn	31	ohos_unittest	xpowerplugin_ut	//developtools/profiler/device/plugins/xpower_plugin/test:xpowerplugin_ut	test	component-prefix
developtools	hiprofiler	developtools/profiler	profiler	developtools/profiler/device/plugins/xpower_plugin/test/BUILD.gn	67	group	unittest	//developtools/profiler/device/plugins/xpower_plugin/test:unittest	test	component-prefix
developtools	hiprofiler	developtools/profiler	profiler	developtools/profiler/device/sa_profile/BUILD.gn	17	ohos_sa_profile	native_daemon_sa_profile	//developtools/profiler/device/sa_profile:native_daemon_sa_profile	production	component-prefix
developtools	hiprofiler	developtools/profiler	profiler	developtools/profiler/device/services/ipc/BUILD.gn	17	ohos_source_set	ipc	//developtools/profiler/device/services/ipc:ipc	production	component-prefix
developtools	hiprofiler	developtools/profiler	profiler	developtools/profiler/device/services/ipc/BUILD.gn	45	ohos_source_set	ipc_cfi	//developtools/profiler/device/services/ipc:ipc_cfi	production	component-prefix
developtools	hiprofiler	developtools/profiler	profiler	developtools/profiler/device/services/ipc/BUILD.gn	80	ohos_executable	protoc_gen_ipc	//developtools/profiler/device/services/ipc:protoc_gen_ipc	production	component-prefix
developtools	hiprofiler	developtools/profiler	profiler	developtools/profiler/device/services/ipc/BUILD.gn	98	ohos_executable	protoencoder_plugin	//developtools/profiler/device/services/ipc:protoencoder_plugin	production	component-prefix
developtools	hiprofiler	developtools/profiler	profiler	developtools/profiler/device/services/ipc/test/BUILD.gn	18	config	module_private_config	//developtools/profiler/device/services/ipc/test:module_private_config	build-support	component-prefix
developtools	hiprofiler	developtools/profiler	profiler	developtools/profiler/device/services/ipc/test/BUILD.gn	22	ohos_unittest	ipc_ut	//developtools/profiler/device/services/ipc/test:ipc_ut	test	component-prefix
developtools	hiprofiler	developtools/profiler	profiler	developtools/profiler/device/services/ipc/test/BUILD.gn	53	group	unittest	//developtools/profiler/device/services/ipc/test:unittest	test	component-prefix
developtools	hiprofiler	developtools/profiler	profiler	developtools/profiler/device/services/plugin_service/BUILD.gn	17	ohos_source_set	hiprofiler_plugin_service	//developtools/profiler/device/services/plugin_service:hiprofiler_plugin_service	production	component-prefix
developtools	hiprofiler	developtools/profiler	profiler	developtools/profiler/device/services/plugin_service/test/BUILD.gn	18	config	module_private_config	//developtools/profiler/device/services/plugin_service/test:module_private_config	build-support	component-prefix
developtools	hiprofiler	developtools/profiler	profiler	developtools/profiler/device/services/plugin_service/test/BUILD.gn	22	ohos_unittest	plugin_service_ut	//developtools/profiler/device/services/plugin_service/test:plugin_service_ut	test	component-prefix
developtools	hiprofiler	developtools/profiler	profiler	developtools/profiler/device/services/plugin_service/test/BUILD.gn	52	ohos_unittest	plugin_service_module_test	//developtools/profiler/device/services/plugin_service/test:plugin_service_module_test	test	component-prefix
developtools	hiprofiler	developtools/profiler	profiler	developtools/profiler/device/services/plugin_service/test/BUILD.gn	78	group	unittest	//developtools/profiler/device/services/plugin_service/test:unittest	test	component-prefix
developtools	hiprofiler	developtools/profiler	profiler	developtools/profiler/device/services/profiler_service/BUILD.gn	17	config	profiler_service_config	//developtools/profiler/device/services/profiler_service:profiler_service_config	build-support	component-prefix
developtools	hiprofiler	developtools/profiler	profiler	developtools/profiler/device/services/profiler_service/BUILD.gn	32	ohos_source_set	profiler_service	//developtools/profiler/device/services/profiler_service:profiler_service	production	component-prefix
developtools	hiprofiler	developtools/profiler	profiler	developtools/profiler/device/services/profiler_service/BUILD.gn	68	ohos_prebuilt_etc	hiprofilerd.cfg	//developtools/profiler/device/services/profiler_service:hiprofilerd.cfg	production	component-prefix
developtools	hiprofiler	developtools/profiler	profiler	developtools/profiler/device/services/profiler_service/BUILD.gn	75	ohos_prebuilt_etc	hiprofiler.para	//developtools/profiler/device/services/profiler_service:hiprofiler.para	production	component-prefix
developtools	hiprofiler	developtools/profiler	profiler	developtools/profiler/device/services/profiler_service/BUILD.gn	82	ohos_prebuilt_etc	hiprofiler.para.dac	//developtools/profiler/device/services/profiler_service:hiprofiler.para.dac	production	component-prefix
developtools	hiprofiler	developtools/profiler	profiler	developtools/profiler/device/services/profiler_service/BUILD.gn	89	ohos_executable	hiprofilerd	//developtools/profiler/device/services/profiler_service:hiprofilerd	production	component-prefix
developtools	hiprofiler	developtools/profiler	profiler	developtools/profiler/device/services/profiler_service/test/BUILD.gn	18	config	module_private_config	//developtools/profiler/device/services/profiler_service/test:module_private_config	build-support	component-prefix
developtools	hiprofiler	developtools/profiler	profiler	developtools/profiler/device/services/profiler_service/test/BUILD.gn	22	config	cflags_config	//developtools/profiler/device/services/profiler_service/test:cflags_config	build-support	component-prefix
developtools	hiprofiler	developtools/profiler	profiler	developtools/profiler/device/services/profiler_service/test/BUILD.gn	30	ohos_unittest	profiler_service_ut	//developtools/profiler/device/services/profiler_service/test:profiler_service_ut	test	component-prefix
developtools	hiprofiler	developtools/profiler	profiler	developtools/profiler/device/services/profiler_service/test/BUILD.gn	76	group	unittest	//developtools/profiler/device/services/profiler_service/test:unittest	test	component-prefix
developtools	hiprofiler	developtools/profiler	profiler	developtools/profiler/device/services/profiler_service/test/fuzztest/profilercreatesession_fuzzer/BUILD.gn	19	ohos_fuzztest	ProfilerCreateSessionFuzzTest	//developtools/profiler/device/services/profiler_service/test/fuzztest/profilercreatesession_fuzzer:ProfilerCreateSessionFuzzTest	test	component-prefix
developtools	hiprofiler	developtools/profiler	profiler	developtools/profiler/device/services/profiler_service/test/fuzztest/profilercreatesession_fuzzer/BUILD.gn	54	group	fuzztest	//developtools/profiler/device/services/profiler_service/test/fuzztest/profilercreatesession_fuzzer:fuzztest	test	component-prefix
developtools	hiprofiler	developtools/profiler	profiler	developtools/profiler/device/services/profiler_service/test/fuzztest/profilerdestroysession_fuzzer/BUILD.gn	19	ohos_fuzztest	ProfilerDestroySessionFuzzTest	//developtools/profiler/device/services/profiler_service/test/fuzztest/profilerdestroysession_fuzzer:ProfilerDestroySessionFuzzTest	test	component-prefix
developtools	hiprofiler	developtools/profiler	profiler	developtools/profiler/device/services/profiler_service/test/fuzztest/profilerdestroysession_fuzzer/BUILD.gn	54	group	fuzztest	//developtools/profiler/device/services/profiler_service/test/fuzztest/profilerdestroysession_fuzzer:fuzztest	test	component-prefix
developtools	hiprofiler	developtools/profiler	profiler	developtools/profiler/device/services/profiler_service/test/fuzztest/profilerfetchdata_fuzzer/BUILD.gn	19	ohos_fuzztest	ProfilerFetchDataFuzzTest	//developtools/profiler/device/services/profiler_service/test/fuzztest/profilerfetchdata_fuzzer:ProfilerFetchDataFuzzTest	test	component-prefix
developtools	hiprofiler	developtools/profiler	profiler	developtools/profiler/device/services/profiler_service/test/fuzztest/profilerfetchdata_fuzzer/BUILD.gn	55	group	fuzztest	//developtools/profiler/device/services/profiler_service/test/fuzztest/profilerfetchdata_fuzzer:fuzztest	test	component-prefix
developtools	hiprofiler	developtools/profiler	profiler	developtools/profiler/device/services/profiler_service/test/fuzztest/profilergetcapabilities_fuzzer/BUILD.gn	19	ohos_fuzztest	ProfilerGetCapabilitiesFuzzTest	//developtools/profiler/device/services/profiler_service/test/fuzztest/profilergetcapabilities_fuzzer:ProfilerGetCapabilitiesFuzzTest	test	component-prefix
developtools	hiprofiler	developtools/profiler	profiler	developtools/profiler/device/services/profiler_service/test/fuzztest/profilergetcapabilities_fuzzer/BUILD.gn	54	group	fuzztest	//developtools/profiler/device/services/profiler_service/test/fuzztest/profilergetcapabilities_fuzzer:fuzztest	test	component-prefix
developtools	hiprofiler	developtools/profiler	profiler	developtools/profiler/device/services/profiler_service/test/fuzztest/profilerkeepsession_fuzzer/BUILD.gn	19	ohos_fuzztest	ProfilerKeepSessionFuzzTest	//developtools/profiler/device/services/profiler_service/test/fuzztest/profilerkeepsession_fuzzer:ProfilerKeepSessionFuzzTest	test	component-prefix
developtools	hiprofiler	developtools/profiler	profiler	developtools/profiler/device/services/profiler_service/test/fuzztest/profilerkeepsession_fuzzer/BUILD.gn	54	group	fuzztest	//developtools/profiler/device/services/profiler_service/test/fuzztest/profilerkeepsession_fuzzer:fuzztest	test	component-prefix
developtools	hiprofiler	developtools/profiler	profiler	developtools/profiler/device/services/profiler_service/test/fuzztest/profilerstartsession_fuzzer/BUILD.gn	19	ohos_fuzztest	ProfilerStartSessionFuzzTest	//developtools/profiler/device/services/profiler_service/test/fuzztest/profilerstartsession_fuzzer:ProfilerStartSessionFuzzTest	test	component-prefix
developtools	hiprofiler	developtools/profiler	profiler	developtools/profiler/device/services/profiler_service/test/fuzztest/profilerstartsession_fuzzer/BUILD.gn	54	group	fuzztest	//developtools/profiler/device/services/profiler_service/test/fuzztest/profilerstartsession_fuzzer:fuzztest	test	component-prefix
developtools	hiprofiler	developtools/profiler	profiler	developtools/profiler/device/services/profiler_service/test/fuzztest/profilerstopsession_fuzzer/BUILD.gn	19	ohos_fuzztest	ProfilerStopSessionFuzzTest	//developtools/profiler/device/services/profiler_service/test/fuzztest/profilerstopsession_fuzzer:ProfilerStopSessionFuzzTest	test	component-prefix
developtools	hiprofiler	developtools/profiler	profiler	developtools/profiler/device/services/profiler_service/test/fuzztest/profilerstopsession_fuzzer/BUILD.gn	54	group	fuzztest	//developtools/profiler/device/services/profiler_service/test/fuzztest/profilerstopsession_fuzzer:fuzztest	test	component-prefix
developtools	hiprofiler	developtools/profiler	profiler	developtools/profiler/device/services/shared_memory/BUILD.gn	17	config	shared_memory_config	//developtools/profiler/device/services/shared_memory:shared_memory_config	build-support	component-prefix
developtools	hiprofiler	developtools/profiler	profiler	developtools/profiler/device/services/shared_memory/BUILD.gn	25	ohos_source_set	shared_memory_source	//developtools/profiler/device/services/shared_memory:shared_memory_source	production	component-prefix
developtools	hiprofiler	developtools/profiler	profiler	developtools/profiler/device/services/shared_memory/BUILD.gn	48	ohos_source_set	shared_memory_source_cfi	//developtools/profiler/device/services/shared_memory:shared_memory_source_cfi	production	component-prefix
developtools	hiprofiler	developtools/profiler	profiler	developtools/profiler/device/services/shared_memory/BUILD.gn	78	ohos_shared_library	shared_memory	//developtools/profiler/device/services/shared_memory:shared_memory	production	component-prefix
developtools	hiprofiler	developtools/profiler	profiler	developtools/profiler/device/services/shared_memory/BUILD.gn	93	ohos_static_library	shared_memory_lite	//developtools/profiler/device/services/shared_memory:shared_memory_lite	production	component-prefix
developtools	hiprofiler	developtools/profiler	profiler	developtools/profiler/device/services/shared_memory/test/BUILD.gn	18	config	module_private_config	//developtools/profiler/device/services/shared_memory/test:module_private_config	build-support	component-prefix
developtools	hiprofiler	developtools/profiler	profiler	developtools/profiler/device/services/shared_memory/test/BUILD.gn	25	ohos_unittest	shared_memory_ut	//developtools/profiler/device/services/shared_memory/test:shared_memory_ut	test	component-prefix
developtools	hiprofiler	developtools/profiler	profiler	developtools/profiler/device/services/shared_memory/test/BUILD.gn	56	group	unittest	//developtools/profiler/device/services/shared_memory/test:unittest	test	component-prefix
developtools	hiprofiler	developtools/profiler	profiler	developtools/profiler/hidebug/frameworks/hidebug_ndk/BUILD.gn	16	ohos_shared_library	ohhidebug	//developtools/profiler/hidebug/frameworks/hidebug_ndk:ohhidebug	production	component-prefix
developtools	hiprofiler	developtools/profiler	profiler	developtools/profiler/hidebug/frameworks/native/BUILD.gn	17	ohos_source_set	libhidebug_init_source	//developtools/profiler/hidebug/frameworks/native:libhidebug_init_source	production	component-prefix
developtools	hiprofiler	developtools/profiler	profiler	developtools/profiler/hidebug/frameworks/native/BUILD.gn	34	ohos_shared_library	hidebug_native	//developtools/profiler/hidebug/frameworks/native:hidebug_native	production	component-prefix
developtools	hiprofiler	developtools/profiler	profiler	developtools/profiler/hidebug/interfaces/cj/BUILD.gn	17	ohos_shared_library	cj_hidebug_ffi	//developtools/profiler/hidebug/interfaces/cj:cj_hidebug_ffi	production	component-prefix
developtools	hiprofiler	developtools/profiler	profiler	developtools/profiler/hidebug/interfaces/ets/ani/BUILD.gn	16	group	ani_profiler_hidebug_package	//developtools/profiler/hidebug/interfaces/ets/ani:ani_profiler_hidebug_package	aggregate-codegen	component-prefix
developtools	hiprofiler	developtools/profiler	profiler	developtools/profiler/hidebug/interfaces/ets/ani/hidebug/BUILD.gn	19	ohos_shared_library	hidebug_ani	//developtools/profiler/hidebug/interfaces/ets/ani/hidebug:hidebug_ani	production	component-prefix
developtools	hiprofiler	developtools/profiler	profiler	developtools/profiler/hidebug/interfaces/ets/ani/hidebug/BUILD.gn	57	generate_static_abc	hidebug	//developtools/profiler/hidebug/interfaces/ets/ani/hidebug:hidebug	aggregate-codegen	component-prefix
developtools	hiprofiler	developtools/profiler	profiler	developtools/profiler/hidebug/interfaces/ets/ani/hidebug/BUILD.gn	64	ohos_prebuilt_etc	hidebug_etc	//developtools/profiler/hidebug/interfaces/ets/ani/hidebug:hidebug_etc	production	component-prefix
developtools	hiprofiler	developtools/profiler	profiler	developtools/profiler/hidebug/interfaces/innerkits/native/hidebug_dump/BUILD.gn	16	config	public_configs	//developtools/profiler/hidebug/interfaces/innerkits/native/hidebug_dump:public_configs	build-support	component-prefix
developtools	hiprofiler	developtools/profiler	profiler	developtools/profiler/hidebug/interfaces/innerkits/native/hidebug_dump/BUILD.gn	24	ohos_shared_library	hidebug_dump	//developtools/profiler/hidebug/interfaces/innerkits/native/hidebug_dump:hidebug_dump	production	component-prefix
developtools	hiprofiler	developtools/profiler	profiler	developtools/profiler/hidebug/interfaces/js/kits/BUILD.gn	14	group	profiler_jsapi_module	//developtools/profiler/hidebug/interfaces/js/kits:profiler_jsapi_module	aggregate-codegen	component-prefix
developtools	hiprofiler	developtools/profiler	profiler	developtools/profiler/hidebug/interfaces/js/kits/napi/BUILD.gn	18	ohos_shared_library	hidebug	//developtools/profiler/hidebug/interfaces/js/kits/napi:hidebug	production	component-prefix
developtools	hiprofiler	developtools/profiler	profiler	developtools/profiler/hidebug/interfaces/native/kits/BUILD.gn	16	ohos_ndk_library	libohhidebug	//developtools/profiler/hidebug/interfaces/native/kits:libohhidebug	production	component-prefix
developtools	hiprofiler	developtools/profiler	profiler	developtools/profiler/hidebug/interfaces/native/kits/BUILD.gn	28	ohos_ndk_headers	oh_hidebug_header	//developtools/profiler/hidebug/interfaces/native/kits:oh_hidebug_header	production	component-prefix
developtools	hiprofiler	developtools/profiler	profiler	developtools/profiler/hidebug/test/fuzztest/BUILD.gn	18	ohos_fuzztest	HidebugFuzzTest	//developtools/profiler/hidebug/test/fuzztest:HidebugFuzzTest	test	component-prefix
developtools	hiprofiler	developtools/profiler	profiler	developtools/profiler/hidebug/test/fuzztest/BUILD.gn	33	group	fuzztest	//developtools/profiler/hidebug/test/fuzztest:fuzztest	test	component-prefix
developtools	hiprofiler	developtools/profiler	profiler	developtools/profiler/hidebug/test/unittest/BUILD.gn	14	group	unittest	//developtools/profiler/hidebug/test/unittest:unittest	test	component-prefix
developtools	hiprofiler	developtools/profiler	profiler	developtools/profiler/hidebug/test/unittest/js/BUILD.gn	17	ohos_js_unittest	HidebugJsTest	//developtools/profiler/hidebug/test/unittest/js:HidebugJsTest	test	component-prefix
developtools	hiprofiler	developtools/profiler	profiler	developtools/profiler/hidebug/test/unittest/native/BUILD.gn	19	ohos_unittest	hidebug_test	//developtools/profiler/hidebug/test/unittest/native:hidebug_test	test	component-prefix
developtools	hiprofiler	developtools/profiler	profiler	developtools/profiler/hidebug/test/unittest/native/BUILD.gn	53	ohos_executable	malloc_dispatch_exe	//developtools/profiler/hidebug/test/unittest/native:malloc_dispatch_exe	test	component-prefix
developtools	hiprofiler	developtools/profiler	profiler	developtools/profiler/hidebug/test/unittest/native/BUILD.gn	65	ohos_executable	profiler_native_exe	//developtools/profiler/hidebug/test/unittest/native:profiler_native_exe	test	component-prefix
developtools	hiprofiler	developtools/profiler	profiler	developtools/profiler/hiebpf/BUILD.gn	20	config	common_config	//developtools/profiler/hiebpf:common_config	build-support	component-prefix
developtools	hiprofiler	developtools/profiler	profiler	developtools/profiler/hiebpf/BUILD.gn	46	config	user_common_config	//developtools/profiler/hiebpf:user_common_config	build-support	component-prefix
developtools	hiprofiler	developtools/profiler	profiler	developtools/profiler/hiebpf/BUILD.gn	59	config	kern_common_config	//developtools/profiler/hiebpf:kern_common_config	build-support	component-prefix
developtools	hiprofiler	developtools/profiler	profiler	developtools/profiler/hiebpf/BUILD.gn	71	ohos_source_set	hiebpf.bpf	//developtools/profiler/hiebpf:hiebpf.bpf	production	component-prefix
developtools	hiprofiler	developtools/profiler	profiler	developtools/profiler/hiebpf/BUILD.gn	88	action	gen_bpf_skeleton	//developtools/profiler/hiebpf:gen_bpf_skeleton	aggregate-codegen	component-prefix
developtools	hiprofiler	developtools/profiler	profiler	developtools/profiler/hiebpf/BUILD.gn	103	ohos_source_set	hiebpf_source_common	//developtools/profiler/hiebpf:hiebpf_source_common	production	component-prefix
developtools	hiprofiler	developtools/profiler	profiler	developtools/profiler/hiebpf/BUILD.gn	137	ohos_executable	hiebpf	//developtools/profiler/hiebpf:hiebpf	production	component-prefix
developtools	hiprofiler	developtools/profiler	profiler	developtools/profiler/hiebpf/BUILD.gn	150	group	hiebpf_tool	//developtools/profiler/hiebpf:hiebpf_tool	aggregate-codegen	component-prefix
developtools	hiprofiler	developtools/profiler	profiler	developtools/profiler/hiebpf/BUILD.gn	163	group	hiebpf_all	//developtools/profiler/hiebpf:hiebpf_all	aggregate-codegen	component-prefix
developtools	hiprofiler	developtools/profiler	profiler	developtools/profiler/hiebpf/test/BUILD.gn	18	config	module_private_config	//developtools/profiler/hiebpf/test:module_private_config	build-support	component-prefix
developtools	hiprofiler	developtools/profiler	profiler	developtools/profiler/hiebpf/test/BUILD.gn	29	ohos_unittest	hiebpf_ut	//developtools/profiler/hiebpf/test:hiebpf_ut	test	component-prefix
developtools	hiprofiler	developtools/profiler	profiler	developtools/profiler/hiebpf/test/BUILD.gn	64	group	unittest	//developtools/profiler/hiebpf/test:unittest	test	component-prefix
developtools	hiprofiler	developtools/profiler	profiler	developtools/profiler/hiebpf/test/BUILD.gn	73	ohos_executable	hiebpf_test_demo	//developtools/profiler/hiebpf/test:hiebpf_test_demo	test	component-prefix
developtools	hiprofiler	developtools/profiler	profiler	developtools/profiler/host/smartperf/client/BUILD.gn	17	group	SmartPerf	//developtools/profiler/host/smartperf/client:SmartPerf	aggregate-codegen	component-prefix
developtools	hiprofiler	developtools/profiler	profiler	developtools/profiler/host/smartperf/client/client_command/BUILD.gn	18	config	config	//developtools/profiler/host/smartperf/client/client_command:config	build-support	component-prefix
developtools	hiprofiler	developtools/profiler	profiler	developtools/profiler/host/smartperf/client/client_command/BUILD.gn	31	ohos_shared_headers	smartperf_daemon	//developtools/profiler/host/smartperf/client/client_command:smartperf_daemon	production	component-prefix
developtools	hiprofiler	developtools/profiler	profiler	developtools/profiler/host/smartperf/client/client_command/BUILD.gn	40	ohos_executable	SP_daemon	//developtools/profiler/host/smartperf/client/client_command:SP_daemon	production	component-prefix
developtools	hiprofiler	developtools/profiler	profiler	developtools/profiler/host/smartperf/client/client_command/etc/BUILD.gn	16	group	spdaemon_etc	//developtools/profiler/host/smartperf/client/client_command/etc:spdaemon_etc	aggregate-codegen	component-prefix
developtools	hiprofiler	developtools/profiler	profiler	developtools/profiler/host/smartperf/client/client_command/etc/BUILD.gn	23	ohos_prebuilt_para	spdaemon.para	//developtools/profiler/host/smartperf/client/client_command/etc:spdaemon.para	production	component-prefix
developtools	hiprofiler	developtools/profiler	profiler	developtools/profiler/host/smartperf/client/client_command/etc/BUILD.gn	30	ohos_prebuilt_para	spdaemon.para.dac	//developtools/profiler/host/smartperf/client/client_command/etc:spdaemon.para.dac	production	component-prefix
developtools	hiprofiler	developtools/profiler	profiler	developtools/profiler/host/smartperf/client/client_command/test/BUILD.gn	18	config	module_private_config	//developtools/profiler/host/smartperf/client/client_command/test:module_private_config	build-support	component-prefix
developtools	hiprofiler	developtools/profiler	profiler	developtools/profiler/host/smartperf/client/client_command/test/BUILD.gn	22	ohos_unittest	sp_daemon_ut	//developtools/profiler/host/smartperf/client/client_command/test:sp_daemon_ut	test	component-prefix
developtools	hiprofiler	developtools/profiler	profiler	developtools/profiler/host/smartperf/client/client_command/test/BUILD.gn	134	group	unittest	//developtools/profiler/host/smartperf/client/client_command/test:unittest	test	component-prefix
developtools	hiprofiler	developtools/profiler	profiler	developtools/profiler/host/smartperf/client/client_command/test/BUILD.gn	139	group	fuzztest	//developtools/profiler/host/smartperf/client/client_command/test:fuzztest	test	component-prefix
developtools	hiprofiler	developtools/profiler	profiler	developtools/profiler/host/smartperf/client/client_command/test/fuzztest/spdaemon_fuzzer/BUILD.gn	21	ohos_fuzztest	SpDaemonFuzzTest	//developtools/profiler/host/smartperf/client/client_command/test/fuzztest/spdaemon_fuzzer:SpDaemonFuzzTest	test	component-prefix
developtools	hiprofiler	developtools/profiler	profiler	developtools/profiler/host/smartperf/client/client_command/test/fuzztest/spdaemon_fuzzer/BUILD.gn	50	group	fuzztest	//developtools/profiler/host/smartperf/client/client_command/test/fuzztest/spdaemon_fuzzer:fuzztest	test	component-prefix
developtools	hiprofiler	developtools/profiler	profiler	developtools/profiler/host/smartperf/client/client_ui/BUILD.gn	16	ohos_hap	SmartPerf	//developtools/profiler/host/smartperf/client/client_ui:SmartPerf	production	component-prefix
developtools	hiprofiler	developtools/profiler	profiler	developtools/profiler/host/smartperf/client/client_ui/BUILD.gn	29	ohos_js_assets	smartperf_js_assets	//developtools/profiler/host/smartperf/client/client_ui:smartperf_js_assets	aggregate-codegen	component-prefix
developtools	hiprofiler	developtools/profiler	profiler	developtools/profiler/host/smartperf/client/client_ui/BUILD.gn	34	ohos_app_scope	smartperf_app_profile	//developtools/profiler/host/smartperf/client/client_ui:smartperf_app_profile	production	component-prefix
developtools	hiprofiler	developtools/profiler	profiler	developtools/profiler/host/smartperf/client/client_ui/BUILD.gn	39	ohos_resources	smartperf_resources	//developtools/profiler/host/smartperf/client/client_ui:smartperf_resources	aggregate-codegen	component-prefix
developtools	hiprofiler	developtools/profiler	profiler	developtools/profiler/interfaces/kits/test/BUILD.gn	18	config	module_private_config	//developtools/profiler/interfaces/kits/test:module_private_config	build-support	component-prefix
developtools	hiprofiler	developtools/profiler	profiler	developtools/profiler/interfaces/kits/test/BUILD.gn	25	ohos_unittest	plugin_module_api_ut	//developtools/profiler/interfaces/kits/test:plugin_module_api_ut	test	component-prefix
developtools	hiprofiler	developtools/profiler	profiler	developtools/profiler/interfaces/kits/test/BUILD.gn	72	group	unittest	//developtools/profiler/interfaces/kits/test:unittest	test	component-prefix
developtools	hiprofiler	developtools/profiler	profiler	developtools/profiler/proto_encoder/BUILD.gn	17	config	proto_encoder_config	//developtools/profiler/proto_encoder:proto_encoder_config	build-support	component-prefix
developtools	hiprofiler	developtools/profiler	profiler	developtools/profiler/proto_encoder/BUILD.gn	24	ohos_source_set	proto_encoder_source	//developtools/profiler/proto_encoder:proto_encoder_source	production	component-prefix
developtools	hiprofiler	developtools/profiler	profiler	developtools/profiler/proto_encoder/BUILD.gn	39	ohos_source_set	proto_encoder_source_cfi	//developtools/profiler/proto_encoder:proto_encoder_source_cfi	production	component-prefix
developtools	hiprofiler	developtools/profiler	profiler	developtools/profiler/proto_encoder/test/BUILD.gn	19	config	module_private_config	//developtools/profiler/proto_encoder/test:module_private_config	build-support	component-prefix
developtools	hiprofiler	developtools/profiler	profiler	developtools/profiler/proto_encoder/test/BUILD.gn	40	action	proto_gen_source	//developtools/profiler/proto_encoder/test:proto_gen_source	test	component-prefix
developtools	hiprofiler	developtools/profiler	profiler	developtools/profiler/proto_encoder/test/BUILD.gn	59	ohos_source_set	proto_example_source	//developtools/profiler/proto_encoder/test:proto_example_source	test	component-prefix
developtools	hiprofiler	developtools/profiler	profiler	developtools/profiler/proto_encoder/test/BUILD.gn	70	ohos_unittest	proto_encoder_ut	//developtools/profiler/proto_encoder/test:proto_encoder_ut	test	component-prefix
developtools	hiprofiler	developtools/profiler	profiler	developtools/profiler/proto_encoder/test/BUILD.gn	95	group	unittest	//developtools/profiler/proto_encoder/test:unittest	test	component-prefix
developtools	hiprofiler	developtools/profiler	profiler	developtools/profiler/protos/services/BUILD.gn	30	config	public_configs	//developtools/profiler/protos/services:public_configs	build-support	component-prefix
developtools	hiprofiler	developtools/profiler	profiler	developtools/profiler/protos/services/BUILD.gn	61	action	all_type_gen	//developtools/profiler/protos/services:all_type_gen	aggregate-codegen	component-prefix
developtools	hiprofiler	developtools/profiler	profiler	developtools/profiler/protos/services/BUILD.gn	99	ohos_source_set	profiler_service_type_source	//developtools/profiler/protos/services:profiler_service_type_source	production	component-prefix
developtools	hiprofiler	developtools/profiler	profiler	developtools/profiler/protos/services/BUILD.gn	111	ohos_source_set	profiler_service_all_type_source	//developtools/profiler/protos/services:profiler_service_all_type_source	production	component-prefix
developtools	hiprofiler	developtools/profiler	profiler	developtools/profiler/protos/services/BUILD.gn	123	ohos_source_set	profiler_service_all_type_source_cfi	//developtools/profiler/protos/services:profiler_service_all_type_source_cfi	production	component-prefix
developtools	hiprofiler	developtools/profiler	profiler	developtools/profiler/protos/services/BUILD.gn	155	action	profiler_service_interface_gen	//developtools/profiler/protos/services:profiler_service_interface_gen	aggregate-codegen	component-prefix
developtools	hiprofiler	developtools/profiler	profiler	developtools/profiler/protos/services/BUILD.gn	180	ohos_source_set	profiler_service_proto	//developtools/profiler/protos/services:profiler_service_proto	production	component-prefix
developtools	hiprofiler	developtools/profiler	profiler	developtools/profiler/protos/services/BUILD.gn	228	action	plugin_service_interface_proto_gen	//developtools/profiler/protos/services:plugin_service_interface_proto_gen	aggregate-codegen	component-prefix
developtools	hiprofiler	developtools/profiler	profiler	developtools/profiler/protos/services/BUILD.gn	253	ohos_source_set	plugin_service_proto	//developtools/profiler/protos/services:plugin_service_proto	production	component-prefix
developtools	hiprofiler	developtools/profiler	profiler	developtools/profiler/protos/services/BUILD.gn	272	ohos_source_set	plugin_service_proto_cfi	//developtools/profiler/protos/services:plugin_service_proto_cfi	production	component-prefix
developtools	hiprofiler	developtools/profiler	profiler	developtools/profiler/protos/services/BUILD.gn	298	ohos_source_set	proto_services_cpp	//developtools/profiler/protos/services:proto_services_cpp	production	component-prefix
developtools	hiprofiler	developtools/profiler	profiler	developtools/profiler/protos/services/BUILD.gn	308	ohos_source_set	common_types_lite_proto	//developtools/profiler/protos/services:common_types_lite_proto	production	component-prefix
developtools	hiprofiler	developtools/profiler	profiler	developtools/profiler/protos/types/plugins/agent_data/BUILD.gn	47	config	agent_include_config	//developtools/profiler/protos/types/plugins/agent_data:agent_include_config	build-support	component-prefix
developtools	hiprofiler	developtools/profiler	profiler	developtools/profiler/protos/types/plugins/agent_data/BUILD.gn	52	action	agent_data_cpp_gen	//developtools/profiler/protos/types/plugins/agent_data:agent_data_cpp_gen	aggregate-codegen	component-prefix
developtools	hiprofiler	developtools/profiler	profiler	developtools/profiler/protos/types/plugins/agent_data/BUILD.gn	70	ohos_source_set	agent_data_cpp	//developtools/profiler/protos/types/plugins/agent_data:agent_data_cpp	production	component-prefix
developtools	hiprofiler	developtools/profiler	profiler	developtools/profiler/protos/types/plugins/bytrace_plugin/BUILD.gn	41	action	bytrace_plugin_protos_protoc	//developtools/profiler/protos/types/plugins/bytrace_plugin:bytrace_plugin_protos_protoc	aggregate-codegen	component-prefix
developtools	hiprofiler	developtools/profiler	profiler	developtools/profiler/protos/types/plugins/bytrace_plugin/BUILD.gn	59	config	bytrace_plugin_protos_config	//developtools/profiler/protos/types/plugins/bytrace_plugin:bytrace_plugin_protos_config	build-support	component-prefix
developtools	hiprofiler	developtools/profiler	profiler	developtools/profiler/protos/types/plugins/bytrace_plugin/BUILD.gn	63	ohos_source_set	bytrace_plugin_protos_cpp	//developtools/profiler/protos/types/plugins/bytrace_plugin:bytrace_plugin_protos_cpp	production	component-prefix
developtools	hiprofiler	developtools/profiler	profiler	developtools/profiler/protos/types/plugins/bytrace_plugin/BUILD.gn	75	ohos_source_set	bytrace_plugin_protos_cpp_standard	//developtools/profiler/protos/types/plugins/bytrace_plugin:bytrace_plugin_protos_cpp_standard	production	component-prefix
developtools	hiprofiler	developtools/profiler	profiler	developtools/profiler/protos/types/plugins/cpu_data/BUILD.gn	59	config	cpu_include_config	//developtools/profiler/protos/types/plugins/cpu_data:cpu_include_config	build-support	component-prefix
developtools	hiprofiler	developtools/profiler	profiler	developtools/profiler/protos/types/plugins/cpu_data/BUILD.gn	64	action	cpu_data_cpp_gen	//developtools/profiler/protos/types/plugins/cpu_data:cpu_data_cpp_gen	aggregate-codegen	component-prefix
developtools	hiprofiler	developtools/profiler	profiler	developtools/profiler/protos/types/plugins/cpu_data/BUILD.gn	83	ohos_source_set	cpu_data_cpp	//developtools/profiler/protos/types/plugins/cpu_data:cpu_data_cpp	production	component-prefix
developtools	hiprofiler	developtools/profiler	profiler	developtools/profiler/protos/types/plugins/cpu_data/BUILD.gn	95	ohos_source_set	cpu_data_cpp_standard	//developtools/profiler/protos/types/plugins/cpu_data:cpu_data_cpp_standard	production	component-prefix
developtools	hiprofiler	developtools/profiler	profiler	developtools/profiler/protos/types/plugins/cpu_data/BUILD.gn	107	ohos_source_set	cpu_plugin_config_cpp_standard	//developtools/profiler/protos/types/plugins/cpu_data:cpu_plugin_config_cpp_standard	production	component-prefix
developtools	hiprofiler	developtools/profiler	profiler	developtools/profiler/protos/types/plugins/cpu_data/BUILD.gn	119	ohos_source_set	cpu_data_encoder	//developtools/profiler/protos/types/plugins/cpu_data:cpu_data_encoder	production	component-prefix
developtools	hiprofiler	developtools/profiler	profiler	developtools/profiler/protos/types/plugins/diskio_data/BUILD.gn	59	config	diskio_include_config	//developtools/profiler/protos/types/plugins/diskio_data:diskio_include_config	build-support	component-prefix
developtools	hiprofiler	developtools/profiler	profiler	developtools/profiler/protos/types/plugins/diskio_data/BUILD.gn	64	action	diskio_data_cpp_gen	//developtools/profiler/protos/types/plugins/diskio_data:diskio_data_cpp_gen	aggregate-codegen	component-prefix
developtools	hiprofiler	developtools/profiler	profiler	developtools/profiler/protos/types/plugins/diskio_data/BUILD.gn	83	ohos_source_set	diskio_data_cpp	//developtools/profiler/protos/types/plugins/diskio_data:diskio_data_cpp	production	component-prefix
developtools	hiprofiler	developtools/profiler	profiler	developtools/profiler/protos/types/plugins/diskio_data/BUILD.gn	96	ohos_source_set	diskio_data_cpp_standard	//developtools/profiler/protos/types/plugins/diskio_data:diskio_data_cpp_standard	production	component-prefix
developtools	hiprofiler	developtools/profiler	profiler	developtools/profiler/protos/types/plugins/diskio_data/BUILD.gn	108	ohos_source_set	diskio_plugin_config_cpp_standard	//developtools/profiler/protos/types/plugins/diskio_data:diskio_plugin_config_cpp_standard	production	component-prefix
developtools	hiprofiler	developtools/profiler	profiler	developtools/profiler/protos/types/plugins/diskio_data/BUILD.gn	120	ohos_source_set	diskio_data_encoder	//developtools/profiler/protos/types/plugins/diskio_data:diskio_data_encoder	production	component-prefix
developtools	hiprofiler	developtools/profiler	profiler	developtools/profiler/protos/types/plugins/ffrt_profiler/BUILD.gn	49	config	ffrt_profiler_include_config	//developtools/profiler/protos/types/plugins/ffrt_profiler:ffrt_profiler_include_config	build-support	component-prefix
developtools	hiprofiler	developtools/profiler	profiler	developtools/profiler/protos/types/plugins/ffrt_profiler/BUILD.gn	54	action	ffrt_profiler_data_cpp_gen	//developtools/profiler/protos/types/plugins/ffrt_profiler:ffrt_profiler_data_cpp_gen	aggregate-codegen	component-prefix
developtools	hiprofiler	developtools/profiler	profiler	developtools/profiler/protos/types/plugins/ffrt_profiler/BUILD.gn	73	ohos_source_set	ffrt_profiler_cpp	//developtools/profiler/protos/types/plugins/ffrt_profiler:ffrt_profiler_cpp	production	component-prefix
developtools	hiprofiler	developtools/profiler	profiler	developtools/profiler/protos/types/plugins/ffrt_profiler/BUILD.gn	85	ohos_source_set	ffrt_profiler_encoder	//developtools/profiler/protos/types/plugins/ffrt_profiler:ffrt_profiler_encoder	production	component-prefix
developtools	hiprofiler	developtools/profiler	profiler	developtools/profiler/protos/types/plugins/ffrt_profiler/BUILD.gn	94	ohos_source_set	ffrt_profiler_cpp_standard	//developtools/profiler/protos/types/plugins/ffrt_profiler:ffrt_profiler_cpp_standard	production	component-prefix
developtools	hiprofiler	developtools/profiler	profiler	developtools/profiler/protos/types/plugins/ftrace_data/6.6.30/BUILD.gn	62	action	all_proto_gen	//developtools/profiler/protos/types/plugins/ftrace_data/6.6.30:all_proto_gen	aggregate-codegen	component-prefix
developtools	hiprofiler	developtools/profiler	profiler	developtools/profiler/protos/types/plugins/ftrace_data/6.6.30/BUILD.gn	81	config	public_configs	//developtools/profiler/protos/types/plugins/ftrace_data/6.6.30:public_configs	build-support	component-prefix
developtools	hiprofiler	developtools/profiler	profiler	developtools/profiler/protos/types/plugins/ftrace_data/6.6.30/BUILD.gn	85	ohos_source_set	ftrace_data_cpp	//developtools/profiler/protos/types/plugins/ftrace_data/6.6.30:ftrace_data_cpp	production	component-prefix
developtools	hiprofiler	developtools/profiler	profiler	developtools/profiler/protos/types/plugins/ftrace_data/6.6.30/BUILD.gn	98	ohos_source_set	ftrace_data_cpp_standard	//developtools/profiler/protos/types/plugins/ftrace_data/6.6.30:ftrace_data_cpp_standard	production	component-prefix
developtools	hiprofiler	developtools/profiler	profiler	developtools/profiler/protos/types/plugins/ftrace_data/6.6.30/BUILD.gn	112	ohos_source_set	ftrace_plugin_config_cpp_standard	//developtools/profiler/protos/types/plugins/ftrace_data/6.6.30:ftrace_plugin_config_cpp_standard	production	component-prefix
developtools	hiprofiler	developtools/profiler	profiler	developtools/profiler/protos/types/plugins/ftrace_data/6.6.30/BUILD.gn	126	ohos_source_set	ftrace_data_encoder	//developtools/profiler/protos/types/plugins/ftrace_data/6.6.30:ftrace_data_encoder	production	component-prefix
developtools	hiprofiler	developtools/profiler	profiler	developtools/profiler/protos/types/plugins/ftrace_data/default/BUILD.gn	62	action	all_proto_gen	//developtools/profiler/protos/types/plugins/ftrace_data/default:all_proto_gen	aggregate-codegen	component-prefix
developtools	hiprofiler	developtools/profiler	profiler	developtools/profiler/protos/types/plugins/ftrace_data/default/BUILD.gn	81	config	public_configs	//developtools/profiler/protos/types/plugins/ftrace_data/default:public_configs	build-support	component-prefix
developtools	hiprofiler	developtools/profiler	profiler	developtools/profiler/protos/types/plugins/ftrace_data/default/BUILD.gn	85	ohos_source_set	ftrace_data_cpp	//developtools/profiler/protos/types/plugins/ftrace_data/default:ftrace_data_cpp	production	component-prefix
developtools	hiprofiler	developtools/profiler	profiler	developtools/profiler/protos/types/plugins/ftrace_data/default/BUILD.gn	98	ohos_source_set	ftrace_data_cpp_standard	//developtools/profiler/protos/types/plugins/ftrace_data/default:ftrace_data_cpp_standard	production	component-prefix
developtools	hiprofiler	developtools/profiler	profiler	developtools/profiler/protos/types/plugins/ftrace_data/default/BUILD.gn	112	ohos_source_set	ftrace_plugin_config_cpp_standard	//developtools/profiler/protos/types/plugins/ftrace_data/default:ftrace_plugin_config_cpp_standard	production	component-prefix
developtools	hiprofiler	developtools/profiler	profiler	developtools/profiler/protos/types/plugins/ftrace_data/default/BUILD.gn	126	ohos_source_set	ftrace_data_encoder	//developtools/profiler/protos/types/plugins/ftrace_data/default:ftrace_data_encoder	production	component-prefix
developtools	hiprofiler	developtools/profiler	profiler	developtools/profiler/protos/types/plugins/gpu_data/BUILD.gn	59	config	gpu_include_config	//developtools/profiler/protos/types/plugins/gpu_data:gpu_include_config	build-support	component-prefix
developtools	hiprofiler	developtools/profiler	profiler	developtools/profiler/protos/types/plugins/gpu_data/BUILD.gn	64	action	gpu_data_cpp_gen	//developtools/profiler/protos/types/plugins/gpu_data:gpu_data_cpp_gen	aggregate-codegen	component-prefix
developtools	hiprofiler	developtools/profiler	profiler	developtools/profiler/protos/types/plugins/gpu_data/BUILD.gn	83	ohos_source_set	gpu_data_cpp	//developtools/profiler/protos/types/plugins/gpu_data:gpu_data_cpp	production	component-prefix
developtools	hiprofiler	developtools/profiler	profiler	developtools/profiler/protos/types/plugins/gpu_data/BUILD.gn	96	ohos_source_set	gpu_data_cpp_standard	//developtools/profiler/protos/types/plugins/gpu_data:gpu_data_cpp_standard	production	component-prefix
developtools	hiprofiler	developtools/profiler	profiler	developtools/profiler/protos/types/plugins/gpu_data/BUILD.gn	108	ohos_source_set	gpu_plugin_config_cpp_standard	//developtools/profiler/protos/types/plugins/gpu_data:gpu_plugin_config_cpp_standard	production	component-prefix
developtools	hiprofiler	developtools/profiler	profiler	developtools/profiler/protos/types/plugins/gpu_data/BUILD.gn	120	ohos_source_set	gpu_data_encoder	//developtools/profiler/protos/types/plugins/gpu_data:gpu_data_encoder	production	component-prefix
developtools	hiprofiler	developtools/profiler	profiler	developtools/profiler/protos/types/plugins/hidump_data/BUILD.gn	59	config	hidump_include_config	//developtools/profiler/protos/types/plugins/hidump_data:hidump_include_config	build-support	component-prefix
developtools	hiprofiler	developtools/profiler	profiler	developtools/profiler/protos/types/plugins/hidump_data/BUILD.gn	64	action	hidump_data_cpp_gen	//developtools/profiler/protos/types/plugins/hidump_data:hidump_data_cpp_gen	aggregate-codegen	component-prefix
developtools	hiprofiler	developtools/profiler	profiler	developtools/profiler/protos/types/plugins/hidump_data/BUILD.gn	83	ohos_source_set	hidump_data_cpp	//developtools/profiler/protos/types/plugins/hidump_data:hidump_data_cpp	production	component-prefix
developtools	hiprofiler	developtools/profiler	profiler	developtools/profiler/protos/types/plugins/hidump_data/BUILD.gn	96	ohos_source_set	hidump_data_cpp_standard	//developtools/profiler/protos/types/plugins/hidump_data:hidump_data_cpp_standard	production	component-prefix
developtools	hiprofiler	developtools/profiler	profiler	developtools/profiler/protos/types/plugins/hidump_data/BUILD.gn	108	ohos_source_set	hidump_plugin_config_cpp_standard	//developtools/profiler/protos/types/plugins/hidump_data:hidump_plugin_config_cpp_standard	production	component-prefix
developtools	hiprofiler	developtools/profiler	profiler	developtools/profiler/protos/types/plugins/hidump_data/BUILD.gn	120	ohos_source_set	hidump_data_encoder	//developtools/profiler/protos/types/plugins/hidump_data:hidump_data_encoder	production	component-prefix
developtools	hiprofiler	developtools/profiler	profiler	developtools/profiler/protos/types/plugins/hiebpf_data/BUILD.gn	42	config	hiebpf_include_config	//developtools/profiler/protos/types/plugins/hiebpf_data:hiebpf_include_config	build-support	component-prefix
developtools	hiprofiler	developtools/profiler	profiler	developtools/profiler/protos/types/plugins/hiebpf_data/BUILD.gn	47	action	hiebpf_data_cpp_gen	//developtools/profiler/protos/types/plugins/hiebpf_data:hiebpf_data_cpp_gen	aggregate-codegen	component-prefix
developtools	hiprofiler	developtools/profiler	profiler	developtools/profiler/protos/types/plugins/hiebpf_data/BUILD.gn	65	ohos_source_set	hiebpf_data_cpp	//developtools/profiler/protos/types/plugins/hiebpf_data:hiebpf_data_cpp	production	component-prefix
developtools	hiprofiler	developtools/profiler	profiler	developtools/profiler/protos/types/plugins/hiebpf_data/BUILD.gn	79	ohos_source_set	hiebpf_data_cpp_standard	//developtools/profiler/protos/types/plugins/hiebpf_data:hiebpf_data_cpp_standard	production	component-prefix
developtools	hiprofiler	developtools/profiler	profiler	developtools/profiler/protos/types/plugins/hilog_data/BUILD.gn	59	config	hilog_include_config	//developtools/profiler/protos/types/plugins/hilog_data:hilog_include_config	build-support	component-prefix
developtools	hiprofiler	developtools/profiler	profiler	developtools/profiler/protos/types/plugins/hilog_data/BUILD.gn	64	action	hilog_data_cpp_gen	//developtools/profiler/protos/types/plugins/hilog_data:hilog_data_cpp_gen	aggregate-codegen	component-prefix
developtools	hiprofiler	developtools/profiler	profiler	developtools/profiler/protos/types/plugins/hilog_data/BUILD.gn	83	ohos_source_set	hilog_data_cpp	//developtools/profiler/protos/types/plugins/hilog_data:hilog_data_cpp	production	component-prefix
developtools	hiprofiler	developtools/profiler	profiler	developtools/profiler/protos/types/plugins/hilog_data/BUILD.gn	95	ohos_source_set	hilog_data_cpp_standard	//developtools/profiler/protos/types/plugins/hilog_data:hilog_data_cpp_standard	production	component-prefix
developtools	hiprofiler	developtools/profiler	profiler	developtools/profiler/protos/types/plugins/hilog_data/BUILD.gn	107	ohos_source_set	hilog_plugin_config_cpp_standard	//developtools/profiler/protos/types/plugins/hilog_data:hilog_plugin_config_cpp_standard	production	component-prefix
developtools	hiprofiler	developtools/profiler	profiler	developtools/profiler/protos/types/plugins/hilog_data/BUILD.gn	120	ohos_source_set	hilog_data_encoder	//developtools/profiler/protos/types/plugins/hilog_data:hilog_data_encoder	production	component-prefix
developtools	hiprofiler	developtools/profiler	profiler	developtools/profiler/protos/types/plugins/hiperf_data/BUILD.gn	41	action	hiperf_data_protos_protoc	//developtools/profiler/protos/types/plugins/hiperf_data:hiperf_data_protos_protoc	aggregate-codegen	component-prefix
developtools	hiprofiler	developtools/profiler	profiler	developtools/profiler/protos/types/plugins/hiperf_data/BUILD.gn	59	config	hiperf_data_protos_config	//developtools/profiler/protos/types/plugins/hiperf_data:hiperf_data_protos_config	build-support	component-prefix
developtools	hiprofiler	developtools/profiler	profiler	developtools/profiler/protos/types/plugins/hiperf_data/BUILD.gn	63	ohos_source_set	hiperf_data_cpp	//developtools/profiler/protos/types/plugins/hiperf_data:hiperf_data_cpp	production	component-prefix
developtools	hiprofiler	developtools/profiler	profiler	developtools/profiler/protos/types/plugins/hiperf_data/BUILD.gn	75	ohos_source_set	hiperf_data_cpp_standard	//developtools/profiler/protos/types/plugins/hiperf_data:hiperf_data_cpp_standard	production	component-prefix
developtools	hiprofiler	developtools/profiler	profiler	developtools/profiler/protos/types/plugins/hisysevent_data/BUILD.gn	61	config	hisysevent_include_config	//developtools/profiler/protos/types/plugins/hisysevent_data:hisysevent_include_config	build-support	component-prefix
developtools	hiprofiler	developtools/profiler	profiler	developtools/profiler/protos/types/plugins/hisysevent_data/BUILD.gn	66	action	hisysevent_data_cpp_gen	//developtools/profiler/protos/types/plugins/hisysevent_data:hisysevent_data_cpp_gen	aggregate-codegen	component-prefix
developtools	hiprofiler	developtools/profiler	profiler	developtools/profiler/protos/types/plugins/hisysevent_data/BUILD.gn	85	ohos_source_set	hisysevent_data_cpp	//developtools/profiler/protos/types/plugins/hisysevent_data:hisysevent_data_cpp	production	component-prefix
developtools	hiprofiler	developtools/profiler	profiler	developtools/profiler/protos/types/plugins/hisysevent_data/BUILD.gn	98	ohos_source_set	hisysevent_data_cpp_standard	//developtools/profiler/protos/types/plugins/hisysevent_data:hisysevent_data_cpp_standard	production	component-prefix
developtools	hiprofiler	developtools/profiler	profiler	developtools/profiler/protos/types/plugins/hisysevent_data/BUILD.gn	110	ohos_source_set	hisysevent_plugin_config_cpp_standard	//developtools/profiler/protos/types/plugins/hisysevent_data:hisysevent_plugin_config_cpp_standard	production	component-prefix
developtools	hiprofiler	developtools/profiler	profiler	developtools/profiler/protos/types/plugins/hisysevent_data/BUILD.gn	122	ohos_source_set	hisysevent_data_encoder	//developtools/profiler/protos/types/plugins/hisysevent_data:hisysevent_data_encoder	production	component-prefix
developtools	hiprofiler	developtools/profiler	profiler	developtools/profiler/protos/types/plugins/memory_data/BUILD.gn	64	config	memory_include_config	//developtools/profiler/protos/types/plugins/memory_data:memory_include_config	build-support	component-prefix
developtools	hiprofiler	developtools/profiler	profiler	developtools/profiler/protos/types/plugins/memory_data/BUILD.gn	69	action	memory_data_cpp_gen	//developtools/profiler/protos/types/plugins/memory_data:memory_data_cpp_gen	aggregate-codegen	component-prefix
developtools	hiprofiler	developtools/profiler	profiler	developtools/profiler/protos/types/plugins/memory_data/BUILD.gn	88	ohos_source_set	memory_data_cpp	//developtools/profiler/protos/types/plugins/memory_data:memory_data_cpp	production	component-prefix
developtools	hiprofiler	developtools/profiler	profiler	developtools/profiler/protos/types/plugins/memory_data/BUILD.gn	100	ohos_source_set	memory_data_cpp_standard	//developtools/profiler/protos/types/plugins/memory_data:memory_data_cpp_standard	production	component-prefix
developtools	hiprofiler	developtools/profiler	profiler	developtools/profiler/protos/types/plugins/memory_data/BUILD.gn	112	ohos_source_set	memory_plugin_config_cpp_standard	//developtools/profiler/protos/types/plugins/memory_data:memory_plugin_config_cpp_standard	production	component-prefix
developtools	hiprofiler	developtools/profiler	profiler	developtools/profiler/protos/types/plugins/memory_data/BUILD.gn	124	ohos_source_set	memory_data_encoder	//developtools/profiler/protos/types/plugins/memory_data:memory_data_encoder	production	component-prefix
developtools	hiprofiler	developtools/profiler	profiler	developtools/profiler/protos/types/plugins/native_hook/BUILD.gn	59	config	native_hook_include_config	//developtools/profiler/protos/types/plugins/native_hook:native_hook_include_config	build-support	component-prefix
developtools	hiprofiler	developtools/profiler	profiler	developtools/profiler/protos/types/plugins/native_hook/BUILD.gn	64	action	native_hook_cpp_gen	//developtools/profiler/protos/types/plugins/native_hook:native_hook_cpp_gen	aggregate-codegen	component-prefix
developtools	hiprofiler	developtools/profiler	profiler	developtools/profiler/protos/types/plugins/native_hook/BUILD.gn	83	ohos_source_set	native_hook_cpp	//developtools/profiler/protos/types/plugins/native_hook:native_hook_cpp	production	component-prefix
developtools	hiprofiler	developtools/profiler	profiler	developtools/profiler/protos/types/plugins/native_hook/BUILD.gn	95	ohos_source_set	native_hook_cpp_cfi	//developtools/profiler/protos/types/plugins/native_hook:native_hook_cpp_cfi	production	component-prefix
developtools	hiprofiler	developtools/profiler	profiler	developtools/profiler/protos/types/plugins/native_hook/BUILD.gn	113	ohos_source_set	native_hook_cpp_standard	//developtools/profiler/protos/types/plugins/native_hook:native_hook_cpp_standard	production	component-prefix
developtools	hiprofiler	developtools/profiler	profiler	developtools/profiler/protos/types/plugins/native_hook/BUILD.gn	125	ohos_source_set	native_hook_cpp_standard_cfi	//developtools/profiler/protos/types/plugins/native_hook:native_hook_cpp_standard_cfi	production	component-prefix
developtools	hiprofiler	developtools/profiler	profiler	developtools/profiler/protos/types/plugins/native_hook/BUILD.gn	143	ohos_source_set	native_hook_plugin_config_cpp_standard	//developtools/profiler/protos/types/plugins/native_hook:native_hook_plugin_config_cpp_standard	production	component-prefix
developtools	hiprofiler	developtools/profiler	profiler	developtools/profiler/protos/types/plugins/native_hook/BUILD.gn	155	ohos_source_set	native_hook_encoder	//developtools/profiler/protos/types/plugins/native_hook:native_hook_encoder	production	component-prefix
developtools	hiprofiler	developtools/profiler	profiler	developtools/profiler/protos/types/plugins/native_hook/BUILD.gn	164	ohos_source_set	native_hook_encoder_cfi	//developtools/profiler/protos/types/plugins/native_hook:native_hook_encoder_cfi	production	component-prefix
developtools	hiprofiler	developtools/profiler	profiler	developtools/profiler/protos/types/plugins/network_data/BUILD.gn	59	config	network_include_config	//developtools/profiler/protos/types/plugins/network_data:network_include_config	build-support	component-prefix
developtools	hiprofiler	developtools/profiler	profiler	developtools/profiler/protos/types/plugins/network_data/BUILD.gn	64	action	network_data_cpp_gen	//developtools/profiler/protos/types/plugins/network_data:network_data_cpp_gen	aggregate-codegen	component-prefix
developtools	hiprofiler	developtools/profiler	profiler	developtools/profiler/protos/types/plugins/network_data/BUILD.gn	83	ohos_source_set	network_data_cpp	//developtools/profiler/protos/types/plugins/network_data:network_data_cpp	production	component-prefix
developtools	hiprofiler	developtools/profiler	profiler	developtools/profiler/protos/types/plugins/network_data/BUILD.gn	96	ohos_source_set	network_data_cpp_standard	//developtools/profiler/protos/types/plugins/network_data:network_data_cpp_standard	production	component-prefix
developtools	hiprofiler	developtools/profiler	profiler	developtools/profiler/protos/types/plugins/network_data/BUILD.gn	108	ohos_source_set	network_plugin_config_cpp_standard	//developtools/profiler/protos/types/plugins/network_data:network_plugin_config_cpp_standard	production	component-prefix
developtools	hiprofiler	developtools/profiler	profiler	developtools/profiler/protos/types/plugins/network_data/BUILD.gn	120	ohos_source_set	network_data_encoder	//developtools/profiler/protos/types/plugins/network_data:network_data_encoder	production	component-prefix
developtools	hiprofiler	developtools/profiler	profiler	developtools/profiler/protos/types/plugins/network_profiler/BUILD.gn	49	config	network_profiler_include_config	//developtools/profiler/protos/types/plugins/network_profiler:network_profiler_include_config	build-support	component-prefix
developtools	hiprofiler	developtools/profiler	profiler	developtools/profiler/protos/types/plugins/network_profiler/BUILD.gn	54	action	network_profiler_data_cpp_gen	//developtools/profiler/protos/types/plugins/network_profiler:network_profiler_data_cpp_gen	aggregate-codegen	component-prefix
developtools	hiprofiler	developtools/profiler	profiler	developtools/profiler/protos/types/plugins/network_profiler/BUILD.gn	74	ohos_source_set	network_profiler_cpp	//developtools/profiler/protos/types/plugins/network_profiler:network_profiler_cpp	production	component-prefix
developtools	hiprofiler	developtools/profiler	profiler	developtools/profiler/protos/types/plugins/network_profiler/BUILD.gn	86	ohos_source_set	network_profiler_cpp_cfi	//developtools/profiler/protos/types/plugins/network_profiler:network_profiler_cpp_cfi	production	component-prefix
developtools	hiprofiler	developtools/profiler	profiler	developtools/profiler/protos/types/plugins/network_profiler/BUILD.gn	104	ohos_source_set	network_profiler_encoder	//developtools/profiler/protos/types/plugins/network_profiler:network_profiler_encoder	production	component-prefix
developtools	hiprofiler	developtools/profiler	profiler	developtools/profiler/protos/types/plugins/network_profiler/BUILD.gn	113	ohos_source_set	network_profiler_encoder_cfi	//developtools/profiler/protos/types/plugins/network_profiler:network_profiler_encoder_cfi	production	component-prefix
developtools	hiprofiler	developtools/profiler	profiler	developtools/profiler/protos/types/plugins/network_profiler/BUILD.gn	128	ohos_source_set	network_profiler_cpp_standard	//developtools/profiler/protos/types/plugins/network_profiler:network_profiler_cpp_standard	production	component-prefix
developtools	hiprofiler	developtools/profiler	profiler	developtools/profiler/protos/types/plugins/process_data/BUILD.gn	59	config	process_include_config	//developtools/profiler/protos/types/plugins/process_data:process_include_config	build-support	component-prefix
developtools	hiprofiler	developtools/profiler	profiler	developtools/profiler/protos/types/plugins/process_data/BUILD.gn	64	action	process_data_cpp_gen	//developtools/profiler/protos/types/plugins/process_data:process_data_cpp_gen	aggregate-codegen	component-prefix
developtools	hiprofiler	developtools/profiler	profiler	developtools/profiler/protos/types/plugins/process_data/BUILD.gn	83	ohos_source_set	process_data_cpp	//developtools/profiler/protos/types/plugins/process_data:process_data_cpp	production	component-prefix
developtools	hiprofiler	developtools/profiler	profiler	developtools/profiler/protos/types/plugins/process_data/BUILD.gn	95	ohos_source_set	process_data_cpp_standard	//developtools/profiler/protos/types/plugins/process_data:process_data_cpp_standard	production	component-prefix
developtools	hiprofiler	developtools/profiler	profiler	developtools/profiler/protos/types/plugins/process_data/BUILD.gn	107	ohos_source_set	process_plugin_config_cpp_standard	//developtools/profiler/protos/types/plugins/process_data:process_plugin_config_cpp_standard	production	component-prefix
developtools	hiprofiler	developtools/profiler	profiler	developtools/profiler/protos/types/plugins/process_data/BUILD.gn	119	ohos_source_set	process_data_encoder	//developtools/profiler/protos/types/plugins/process_data:process_data_encoder	production	component-prefix
developtools	hiprofiler	developtools/profiler	profiler	developtools/profiler/protos/types/plugins/sample_data/BUILD.gn	49	config	sample_include_config	//developtools/profiler/protos/types/plugins/sample_data:sample_include_config	build-support	component-prefix
developtools	hiprofiler	developtools/profiler	profiler	developtools/profiler/protos/types/plugins/sample_data/BUILD.gn	54	action	sample_data_cpp_gen	//developtools/profiler/protos/types/plugins/sample_data:sample_data_cpp_gen	aggregate-codegen	component-prefix
developtools	hiprofiler	developtools/profiler	profiler	developtools/profiler/protos/types/plugins/sample_data/BUILD.gn	73	ohos_source_set	sample_data_cpp	//developtools/profiler/protos/types/plugins/sample_data:sample_data_cpp	production	component-prefix
developtools	hiprofiler	developtools/profiler	profiler	developtools/profiler/protos/types/plugins/sample_data/BUILD.gn	86	ohos_source_set	sample_data_encoder	//developtools/profiler/protos/types/plugins/sample_data:sample_data_encoder	production	component-prefix
developtools	hiprofiler	developtools/profiler	profiler	developtools/profiler/protos/types/plugins/stream_data/BUILD.gn	49	config	stream_include_config	//developtools/profiler/protos/types/plugins/stream_data:stream_include_config	build-support	component-prefix
developtools	hiprofiler	developtools/profiler	profiler	developtools/profiler/protos/types/plugins/stream_data/BUILD.gn	54	action	stream_data_cpp_gen	//developtools/profiler/protos/types/plugins/stream_data:stream_data_cpp_gen	aggregate-codegen	component-prefix
developtools	hiprofiler	developtools/profiler	profiler	developtools/profiler/protos/types/plugins/stream_data/BUILD.gn	73	ohos_source_set	stream_data_cpp	//developtools/profiler/protos/types/plugins/stream_data:stream_data_cpp	production	component-prefix
developtools	hiprofiler	developtools/profiler	profiler	developtools/profiler/protos/types/plugins/stream_data/BUILD.gn	86	ohos_source_set	stream_data_encoder	//developtools/profiler/protos/types/plugins/stream_data:stream_data_encoder	production	component-prefix
developtools	hiprofiler	developtools/profiler	profiler	developtools/profiler/protos/types/plugins/xpower_data/BUILD.gn	53	config	xpower_include_config	//developtools/profiler/protos/types/plugins/xpower_data:xpower_include_config	build-support	component-prefix
developtools	hiprofiler	developtools/profiler	profiler	developtools/profiler/protos/types/plugins/xpower_data/BUILD.gn	58	action	xpower_data_cpp_gen	//developtools/profiler/protos/types/plugins/xpower_data:xpower_data_cpp_gen	aggregate-codegen	component-prefix
developtools	hiprofiler	developtools/profiler	profiler	developtools/profiler/protos/types/plugins/xpower_data/BUILD.gn	76	ohos_source_set	xpower_data_cpp	//developtools/profiler/protos/types/plugins/xpower_data:xpower_data_cpp	production	component-prefix
developtools	hiprofiler	developtools/profiler	profiler	developtools/profiler/protos/types/plugins/xpower_data/BUILD.gn	88	ohos_source_set	xpower_data_cpp_standard	//developtools/profiler/protos/types/plugins/xpower_data:xpower_data_cpp_standard	production	component-prefix
developtools	hiprofiler	developtools/profiler	profiler	developtools/profiler/protos/types/plugins/xpower_data/BUILD.gn	100	ohos_source_set	xpower_plugin_config_cpp_standard	//developtools/profiler/protos/types/plugins/xpower_data:xpower_plugin_config_cpp_standard	production	component-prefix
developtools	hiprofiler	developtools/profiler	profiler	developtools/profiler/timestamps/BUILD.gn	17	ohos_executable	timestamps	//developtools/profiler/timestamps:timestamps	production	component-prefix
developtools	hiprofiler	developtools/profiler	profiler	developtools/profiler/timestamps/BUILD.gn	38	group	timestamps_tool	//developtools/profiler/timestamps:timestamps_tool	aggregate-codegen	component-prefix
developtools	hiprofiler	developtools/profiler	profiler	developtools/profiler/tools/pagemap_parse/BUILD.gn	17	ohos_executable	pagemap_parse	//developtools/profiler/tools/pagemap_parse:pagemap_parse	production	component-prefix
developtools	hiprofiler	developtools/profiler	profiler	developtools/profiler/tools/pagemap_parse/BUILD.gn	32	group	pagemap_tool	//developtools/profiler/tools/pagemap_parse:pagemap_tool	aggregate-codegen	component-prefix
developtools	packing_tool	developtools/packing_tool	packing_tool	developtools/packing_tool/BUILD.gn	17	packing_tool	packing_tool	//developtools/packing_tool:packing_tool	production	component-prefix
developtools	packing_tool	developtools/packing_tool	packing_tool	developtools/packing_tool/BUILD.gn	34	ohos_prebuilt_etc	haptobin_tool	//developtools/packing_tool:haptobin_tool	production	component-prefix
developtools	packing_tool	developtools/packing_tool	packing_tool	developtools/packing_tool/BUILD.gn	41	ohos_prebuilt_etc	app_unpacking_tool	//developtools/packing_tool:app_unpacking_tool	production	component-prefix
developtools	packing_tool	developtools/packing_tool	packing_tool	developtools/packing_tool/BUILD.gn	48	ohos_prebuilt_etc	app_packing_tool	//developtools/packing_tool:app_packing_tool	production	component-prefix
developtools	packing_tool	developtools/packing_tool	packing_tool	developtools/packing_tool/BUILD.gn	55	ohos_prebuilt_etc	app_check_tool	//developtools/packing_tool:app_check_tool	production	component-prefix
developtools	packing_tool	developtools/packing_tool	packing_tool	developtools/packing_tool/BUILD.gn	62	ohos_prebuilt_etc	fastjson-2.0.57	//developtools/packing_tool:fastjson-2.0.57	production	component-prefix
developtools	packing_tool	developtools/packing_tool	packing_tool	developtools/packing_tool/BUILD.gn	67	ohos_prebuilt_etc	fastjson2-2.0.57	//developtools/packing_tool:fastjson2-2.0.57	production	component-prefix
developtools	packing_tool	developtools/packing_tool	packing_tool	developtools/packing_tool/BUILD.gn	72	ohos_prebuilt_etc	fastjson2-extension-2.0.57	//developtools/packing_tool:fastjson2-extension-2.0.57	production	component-prefix
developtools	packing_tool	developtools/packing_tool	packing_tool	developtools/packing_tool/BUILD.gn	78	ohos_group	ohos_packing_tool	//developtools/packing_tool:ohos_packing_tool	production	component-prefix
developtools	packing_tool	developtools/packing_tool	packing_tool	developtools/packing_tool/BUILD.gn	82	ohos_shared_library	packing_tool_external	//developtools/packing_tool:packing_tool_external	production	component-prefix
developtools	packing_tool	developtools/packing_tool	packing_tool	developtools/packing_tool/configcheck/BUILD.gn	16	ohos_prebuilt_etc	configSchema_lite_json	//developtools/packing_tool/configcheck:configSchema_lite_json	production	component-prefix
developtools	packing_tool	developtools/packing_tool	packing_tool	developtools/packing_tool/configcheck/BUILD.gn	21	ohos_prebuilt_etc	configSchema_rich_json	//developtools/packing_tool/configcheck:configSchema_rich_json	production	component-prefix
developtools	packing_tool	developtools/packing_tool	packing_tool	developtools/packing_tool/modulecheck/BUILD.gn	16	ohos_prebuilt_etc	appSchema_json	//developtools/packing_tool/modulecheck:appSchema_json	production	component-prefix
developtools	packing_tool	developtools/packing_tool	packing_tool	developtools/packing_tool/modulecheck/BUILD.gn	21	ohos_prebuilt_etc	commonEventSchema_json	//developtools/packing_tool/modulecheck:commonEventSchema_json	production	component-prefix
developtools	packing_tool	developtools/packing_tool	packing_tool	developtools/packing_tool/modulecheck/BUILD.gn	26	ohos_prebuilt_etc	customUtdSchema_json	//developtools/packing_tool/modulecheck:customUtdSchema_json	production	component-prefix
developtools	packing_tool	developtools/packing_tool	packing_tool	developtools/packing_tool/modulecheck/BUILD.gn	31	ohos_prebuilt_etc	distroFilterSchema_json	//developtools/packing_tool/modulecheck:distroFilterSchema_json	production	component-prefix
developtools	packing_tool	developtools/packing_tool	packing_tool	developtools/packing_tool/modulecheck/BUILD.gn	36	ohos_prebuilt_etc	formsSchema_json	//developtools/packing_tool/modulecheck:formsSchema_json	production	component-prefix
developtools	packing_tool	developtools/packing_tool	packing_tool	developtools/packing_tool/modulecheck/BUILD.gn	41	ohos_prebuilt_etc	insightIntentSchema_json	//developtools/packing_tool/modulecheck:insightIntentSchema_json	production	component-prefix
developtools	packing_tool	developtools/packing_tool	packing_tool	developtools/packing_tool/modulecheck/BUILD.gn	46	ohos_prebuilt_etc	themeConfigSchema_json	//developtools/packing_tool/modulecheck:themeConfigSchema_json	production	component-prefix
developtools	packing_tool	developtools/packing_tool	packing_tool	developtools/packing_tool/modulecheck/BUILD.gn	51	ohos_prebuilt_etc	moduleSchema_json	//developtools/packing_tool/modulecheck:moduleSchema_json	production	component-prefix
developtools	packing_tool	developtools/packing_tool	packing_tool	developtools/packing_tool/modulecheck/BUILD.gn	56	ohos_prebuilt_etc	pageSchema_json	//developtools/packing_tool/modulecheck:pageSchema_json	production	component-prefix
developtools	packing_tool	developtools/packing_tool	packing_tool	developtools/packing_tool/modulecheck/BUILD.gn	61	ohos_prebuilt_etc	shortcutsSchema_json	//developtools/packing_tool/modulecheck:shortcutsSchema_json	production	component-prefix
developtools	packing_tool	developtools/packing_tool	packing_tool	developtools/packing_tool/modulecheck/BUILD.gn	66	ohos_prebuilt_etc	routerMapSchema_json	//developtools/packing_tool/modulecheck:routerMapSchema_json	production	component-prefix
developtools	packing_tool	developtools/packing_tool	packing_tool	developtools/packing_tool/modulecheck/BUILD.gn	71	ohos_prebuilt_etc	appStartupSchema_json	//developtools/packing_tool/modulecheck:appStartupSchema_json	production	component-prefix
developtools	packing_tool	developtools/packing_tool	packing_tool	developtools/packing_tool/modulecheck/BUILD.gn	76	ohos_prebuilt_etc	menuSchema_json	//developtools/packing_tool/modulecheck:menuSchema_json	production	component-prefix
developtools	packing_tool	developtools/packing_tool	packing_tool	developtools/packing_tool/modulecheck/BUILD.gn	81	ohos_prebuilt_etc	configurationSchema_json	//developtools/packing_tool/modulecheck:configurationSchema_json	production	component-prefix
developtools	packing_tool	developtools/packing_tool	packing_tool	developtools/packing_tool/modulecheck/BUILD.gn	86	ohos_prebuilt_etc	appStartupInnerSchema_json	//developtools/packing_tool/modulecheck:appStartupInnerSchema_json	production	component-prefix
developtools	packing_tool	developtools/packing_tool	packing_tool	developtools/packing_tool/modulecheck/BUILD.gn	91	ohos_prebuilt_etc	startWindowSchema_json	//developtools/packing_tool/modulecheck:startWindowSchema_json	production	component-prefix
developtools	packing_tool	developtools/packing_tool	packing_tool	developtools/packing_tool/modulecheck/BUILD.gn	96	ohos_prebuilt_etc	insightIntentInnerSchema_json	//developtools/packing_tool/modulecheck:insightIntentInnerSchema_json	production	component-prefix
developtools	packing_tool	developtools/packing_tool	packing_tool	developtools/packing_tool/modulecheck/BUILD.gn	101	ohos_prebuilt_etc	crossAppSharedConfigSchema_json	//developtools/packing_tool/modulecheck:crossAppSharedConfigSchema_json	production	component-prefix
developtools	packing_tool	developtools/packing_tool	packing_tool	developtools/packing_tool/modulecheck/BUILD.gn	106	ohos_prebuilt_etc	arkDataSchema_json	//developtools/packing_tool/modulecheck:arkDataSchema_json	production	component-prefix
developtools	packing_tool	developtools/packing_tool	packing_tool	developtools/packing_tool/modulecheck/BUILD.gn	111	ohos_prebuilt_etc	agentCardSchema_json	//developtools/packing_tool/modulecheck:agentCardSchema_json	production	component-prefix
developtools	packing_tool	developtools/packing_tool	packing_tool	developtools/packing_tool/modulecheck/BUILD.gn	116	ohos_prebuilt_etc	shareFilesSchema_json	//developtools/packing_tool/modulecheck:shareFilesSchema_json	production	component-prefix
developtools	packing_tool	developtools/packing_tool	packing_tool	developtools/packing_tool/ohos_packing_tool/frameworks/BUILD.gn	16	ohos_executable	ohos_packing_tool	//developtools/packing_tool/ohos_packing_tool/frameworks:ohos_packing_tool	production	component-prefix
developtools	packing_tool	developtools/packing_tool	packing_tool	developtools/packing_tool/packing_tool/frameworks/BUILD.gn	17	config	ohos_packing_tool_config	//developtools/packing_tool/packing_tool/frameworks:ohos_packing_tool_config	build-support	component-prefix
developtools	packing_tool	developtools/packing_tool	packing_tool	developtools/packing_tool/packing_tool/frameworks/BUILD.gn	32	ohos_executable	ohos_packing_tool	//developtools/packing_tool/packing_tool/frameworks:ohos_packing_tool	production	component-prefix
developtools	packing_tool	developtools/packing_tool	packing_tool	developtools/packing_tool/packing_tool/frameworks/test/unittest/BUILD.gn	17	group	unittest	//developtools/packing_tool/packing_tool/frameworks/test/unittest:unittest	test	component-prefix
developtools	packing_tool	developtools/packing_tool	packing_tool	developtools/packing_tool/packing_tool/frameworks/test/unittest/app_packager_test/BUILD.gn	17	config	app_packager_test_config	//developtools/packing_tool/packing_tool/frameworks/test/unittest/app_packager_test:app_packager_test_config	build-support	component-prefix
developtools	packing_tool	developtools/packing_tool	packing_tool	developtools/packing_tool/packing_tool/frameworks/test/unittest/app_packager_test/BUILD.gn	30	ohos_unittest	app_packager_test	//developtools/packing_tool/packing_tool/frameworks/test/unittest/app_packager_test:app_packager_test	test	component-prefix
developtools	packing_tool	developtools/packing_tool	packing_tool	developtools/packing_tool/packing_tool/frameworks/test/unittest/app_packager_test/BUILD.gn	77	group	unittest	//developtools/packing_tool/packing_tool/frameworks/test/unittest/app_packager_test:unittest	test	component-prefix
developtools	packing_tool	developtools/packing_tool	packing_tool	developtools/packing_tool/packing_tool/frameworks/test/unittest/app_packager_test/BUILD.gn	82	ohos_copy	copy_test_file	//developtools/packing_tool/packing_tool/frameworks/test/unittest/app_packager_test:copy_test_file	test	component-prefix
developtools	packing_tool	developtools/packing_tool	packing_tool	developtools/packing_tool/packing_tool/frameworks/test/unittest/app_packager_test/appPackagerHapTest/BUILD.gn	16	ohos_hap	appPackagerHapTest	//developtools/packing_tool/packing_tool/frameworks/test/unittest/app_packager_test/appPackagerHapTest:appPackagerHapTest	test	component-prefix
developtools	packing_tool	developtools/packing_tool	packing_tool	developtools/packing_tool/packing_tool/frameworks/test/unittest/app_packager_test/appPackagerHapTest/BUILD.gn	30	ohos_app_scope	bmsstagedemoone_app_profile	//developtools/packing_tool/packing_tool/frameworks/test/unittest/app_packager_test/appPackagerHapTest:bmsstagedemoone_app_profile	test	component-prefix
developtools	packing_tool	developtools/packing_tool	packing_tool	developtools/packing_tool/packing_tool/frameworks/test/unittest/app_packager_test/appPackagerHapTest/BUILD.gn	35	ohos_js_assets	hjs_demo_js_assets	//developtools/packing_tool/packing_tool/frameworks/test/unittest/app_packager_test/appPackagerHapTest:hjs_demo_js_assets	test	component-prefix
developtools	packing_tool	developtools/packing_tool	packing_tool	developtools/packing_tool/packing_tool/frameworks/test/unittest/app_packager_test/appPackagerHapTest/BUILD.gn	39	ohos_resources	hjs_demo_resources	//developtools/packing_tool/packing_tool/frameworks/test/unittest/app_packager_test/appPackagerHapTest:hjs_demo_resources	test	component-prefix
developtools	packing_tool	developtools/packing_tool	packing_tool	developtools/packing_tool/packing_tool/frameworks/test/unittest/app_packager_test/appPackagerHspTest/BUILD.gn	16	ohos_hap	appPackagerHspTest	//developtools/packing_tool/packing_tool/frameworks/test/unittest/app_packager_test/appPackagerHspTest:appPackagerHspTest	test	component-prefix
developtools	packing_tool	developtools/packing_tool	packing_tool	developtools/packing_tool/packing_tool/frameworks/test/unittest/app_packager_test/appPackagerHspTest/BUILD.gn	30	ohos_app_scope	bmsstagedemoone_app_profile	//developtools/packing_tool/packing_tool/frameworks/test/unittest/app_packager_test/appPackagerHspTest:bmsstagedemoone_app_profile	test	component-prefix
developtools	packing_tool	developtools/packing_tool	packing_tool	developtools/packing_tool/packing_tool/frameworks/test/unittest/app_packager_test/appPackagerHspTest/BUILD.gn	35	ohos_js_assets	hjs_demo_js_assets	//developtools/packing_tool/packing_tool/frameworks/test/unittest/app_packager_test/appPackagerHspTest:hjs_demo_js_assets	test	component-prefix
developtools	packing_tool	developtools/packing_tool	packing_tool	developtools/packing_tool/packing_tool/frameworks/test/unittest/app_packager_test/appPackagerHspTest/BUILD.gn	39	ohos_resources	hjs_demo_resources	//developtools/packing_tool/packing_tool/frameworks/test/unittest/app_packager_test/appPackagerHspTest:hjs_demo_resources	test	component-prefix
developtools	packing_tool	developtools/packing_tool	packing_tool	developtools/packing_tool/packing_tool/frameworks/test/unittest/appqf_packager_test/BUILD.gn	17	config	appqf_packager_test_config	//developtools/packing_tool/packing_tool/frameworks/test/unittest/appqf_packager_test:appqf_packager_test_config	build-support	component-prefix
developtools	packing_tool	developtools/packing_tool	packing_tool	developtools/packing_tool/packing_tool/frameworks/test/unittest/appqf_packager_test/BUILD.gn	30	ohos_unittest	appqf_packager_test	//developtools/packing_tool/packing_tool/frameworks/test/unittest/appqf_packager_test:appqf_packager_test	test	component-prefix
developtools	packing_tool	developtools/packing_tool	packing_tool	developtools/packing_tool/packing_tool/frameworks/test/unittest/appqf_packager_test/BUILD.gn	67	group	unittest	//developtools/packing_tool/packing_tool/frameworks/test/unittest/appqf_packager_test:unittest	test	component-prefix
developtools	packing_tool	developtools/packing_tool	packing_tool	developtools/packing_tool/packing_tool/frameworks/test/unittest/appqf_packager_test/BUILD.gn	72	ohos_copy	copy_test_file	//developtools/packing_tool/packing_tool/frameworks/test/unittest/appqf_packager_test:copy_test_file	test	component-prefix
developtools	packing_tool	developtools/packing_tool	packing_tool	developtools/packing_tool/packing_tool/frameworks/test/unittest/dedup/BUILD.gn	18	group	dedup_tests	//developtools/packing_tool/packing_tool/frameworks/test/unittest/dedup:dedup_tests	test	component-prefix
developtools	packing_tool	developtools/packing_tool	packing_tool	developtools/packing_tool/packing_tool/frameworks/test/unittest/dedup/BUILD.gn	31	group	unittest	//developtools/packing_tool/packing_tool/frameworks/test/unittest/dedup:unittest	test	component-prefix
developtools	packing_tool	developtools/packing_tool	packing_tool	developtools/packing_tool/packing_tool/frameworks/test/unittest/dedup/device_calculator_test/BUILD.gn	17	config	device_calculator_test_config	//developtools/packing_tool/packing_tool/frameworks/test/unittest/dedup/device_calculator_test:device_calculator_test_config	build-support	component-prefix
developtools	packing_tool	developtools/packing_tool	packing_tool	developtools/packing_tool/packing_tool/frameworks/test/unittest/dedup/device_calculator_test/BUILD.gn	31	ohos_unittest	device_calculator_test	//developtools/packing_tool/packing_tool/frameworks/test/unittest/dedup/device_calculator_test:device_calculator_test	test	component-prefix
developtools	packing_tool	developtools/packing_tool	packing_tool	developtools/packing_tool/packing_tool/frameworks/test/unittest/dedup/device_calculator_test/BUILD.gn	58	group	unittest	//developtools/packing_tool/packing_tool/frameworks/test/unittest/dedup/device_calculator_test:unittest	test	component-prefix
developtools	packing_tool	developtools/packing_tool	packing_tool	developtools/packing_tool/packing_tool/frameworks/test/unittest/dedup/exact_solver_test/BUILD.gn	17	config	exact_solver_test_config	//developtools/packing_tool/packing_tool/frameworks/test/unittest/dedup/exact_solver_test:exact_solver_test_config	build-support	component-prefix
developtools	packing_tool	developtools/packing_tool	packing_tool	developtools/packing_tool/packing_tool/frameworks/test/unittest/dedup/exact_solver_test/BUILD.gn	31	ohos_unittest	exact_solver_test	//developtools/packing_tool/packing_tool/frameworks/test/unittest/dedup/exact_solver_test:exact_solver_test	test	component-prefix
developtools	packing_tool	developtools/packing_tool	packing_tool	developtools/packing_tool/packing_tool/frameworks/test/unittest/dedup/exact_solver_test/BUILD.gn	60	group	unittest	//developtools/packing_tool/packing_tool/frameworks/test/unittest/dedup/exact_solver_test:unittest	test	component-prefix
developtools	packing_tool	developtools/packing_tool	packing_tool	developtools/packing_tool/packing_tool/frameworks/test/unittest/dedup/greedy_solver_test/BUILD.gn	17	config	greedy_solver_test_config	//developtools/packing_tool/packing_tool/frameworks/test/unittest/dedup/greedy_solver_test:greedy_solver_test_config	build-support	component-prefix
developtools	packing_tool	developtools/packing_tool	packing_tool	developtools/packing_tool/packing_tool/frameworks/test/unittest/dedup/greedy_solver_test/BUILD.gn	31	ohos_unittest	greedy_solver_test	//developtools/packing_tool/packing_tool/frameworks/test/unittest/dedup/greedy_solver_test:greedy_solver_test	test	component-prefix
developtools	packing_tool	developtools/packing_tool	packing_tool	developtools/packing_tool/packing_tool/frameworks/test/unittest/dedup/greedy_solver_test/BUILD.gn	60	group	unittest	//developtools/packing_tool/packing_tool/frameworks/test/unittest/dedup/greedy_solver_test:unittest	test	component-prefix
developtools	packing_tool	developtools/packing_tool	packing_tool	developtools/packing_tool/packing_tool/frameworks/test/unittest/dedup/module_calculator_test/BUILD.gn	17	config	module_calculator_test_config	//developtools/packing_tool/packing_tool/frameworks/test/unittest/dedup/module_calculator_test:module_calculator_test_config	build-support	component-prefix
developtools	packing_tool	developtools/packing_tool	packing_tool	developtools/packing_tool/packing_tool/frameworks/test/unittest/dedup/module_calculator_test/BUILD.gn	31	ohos_unittest	module_calculator_test	//developtools/packing_tool/packing_tool/frameworks/test/unittest/dedup/module_calculator_test:module_calculator_test	test	component-prefix
developtools	packing_tool	developtools/packing_tool	packing_tool	developtools/packing_tool/packing_tool/frameworks/test/unittest/dedup/module_calculator_test/BUILD.gn	59	group	unittest	//developtools/packing_tool/packing_tool/frameworks/test/unittest/dedup/module_calculator_test:unittest	test	component-prefix
developtools	packing_tool	developtools/packing_tool	packing_tool	developtools/packing_tool/packing_tool/frameworks/test/unittest/dedup/pack_info_parser_test/BUILD.gn	17	config	pack_info_parser_test_config	//developtools/packing_tool/packing_tool/frameworks/test/unittest/dedup/pack_info_parser_test:pack_info_parser_test_config	build-support	component-prefix
developtools	packing_tool	developtools/packing_tool	packing_tool	developtools/packing_tool/packing_tool/frameworks/test/unittest/dedup/pack_info_parser_test/BUILD.gn	31	ohos_unittest	pack_info_parser_test	//developtools/packing_tool/packing_tool/frameworks/test/unittest/dedup/pack_info_parser_test:pack_info_parser_test	test	component-prefix
developtools	packing_tool	developtools/packing_tool	packing_tool	developtools/packing_tool/packing_tool/frameworks/test/unittest/dedup/pack_info_parser_test/BUILD.gn	53	group	unittest	//developtools/packing_tool/packing_tool/frameworks/test/unittest/dedup/pack_info_parser_test:unittest	test	component-prefix
developtools	packing_tool	developtools/packing_tool	packing_tool	developtools/packing_tool/packing_tool/frameworks/test/unittest/dedup/report_generator_test/BUILD.gn	17	config	report_generator_test_config	//developtools/packing_tool/packing_tool/frameworks/test/unittest/dedup/report_generator_test:report_generator_test_config	build-support	component-prefix
developtools	packing_tool	developtools/packing_tool	packing_tool	developtools/packing_tool/packing_tool/frameworks/test/unittest/dedup/report_generator_test/BUILD.gn	31	ohos_unittest	report_generator_test	//developtools/packing_tool/packing_tool/frameworks/test/unittest/dedup/report_generator_test:report_generator_test	test	component-prefix
developtools	packing_tool	developtools/packing_tool	packing_tool	developtools/packing_tool/packing_tool/frameworks/test/unittest/dedup/report_generator_test/BUILD.gn	59	group	unittest	//developtools/packing_tool/packing_tool/frameworks/test/unittest/dedup/report_generator_test:unittest	test	component-prefix
developtools	packing_tool	developtools/packing_tool	packing_tool	developtools/packing_tool/packing_tool/frameworks/test/unittest/fast_app_packager_test/BUILD.gn	17	config	fast_app_packager_test_config	//developtools/packing_tool/packing_tool/frameworks/test/unittest/fast_app_packager_test:fast_app_packager_test_config	build-support	component-prefix
developtools	packing_tool	developtools/packing_tool	packing_tool	developtools/packing_tool/packing_tool/frameworks/test/unittest/fast_app_packager_test/BUILD.gn	29	ohos_unittest	fast_app_packager_test	//developtools/packing_tool/packing_tool/frameworks/test/unittest/fast_app_packager_test:fast_app_packager_test	test	component-prefix
developtools	packing_tool	developtools/packing_tool	packing_tool	developtools/packing_tool/packing_tool/frameworks/test/unittest/fast_app_packager_test/BUILD.gn	78	group	unittest	//developtools/packing_tool/packing_tool/frameworks/test/unittest/fast_app_packager_test:unittest	test	component-prefix
developtools	packing_tool	developtools/packing_tool	packing_tool	developtools/packing_tool/packing_tool/frameworks/test/unittest/fast_app_packager_test/BUILD.gn	83	ohos_copy	copy_test_file	//developtools/packing_tool/packing_tool/frameworks/test/unittest/fast_app_packager_test:copy_test_file	test	component-prefix
developtools	packing_tool	developtools/packing_tool	packing_tool	developtools/packing_tool/packing_tool/frameworks/test/unittest/fast_app_packager_test/hspTestFile/BUILD.gn	16	ohos_hap	fastAppPackagerHspTest	//developtools/packing_tool/packing_tool/frameworks/test/unittest/fast_app_packager_test/hspTestFile:fastAppPackagerHspTest	test	component-prefix
developtools	packing_tool	developtools/packing_tool	packing_tool	developtools/packing_tool/packing_tool/frameworks/test/unittest/fast_app_packager_test/hspTestFile/BUILD.gn	30	ohos_app_scope	bmsstagedemoone_app_profile	//developtools/packing_tool/packing_tool/frameworks/test/unittest/fast_app_packager_test/hspTestFile:bmsstagedemoone_app_profile	test	component-prefix
developtools	packing_tool	developtools/packing_tool	packing_tool	developtools/packing_tool/packing_tool/frameworks/test/unittest/fast_app_packager_test/hspTestFile/BUILD.gn	35	ohos_js_assets	hjs_demo_js_assets	//developtools/packing_tool/packing_tool/frameworks/test/unittest/fast_app_packager_test/hspTestFile:hjs_demo_js_assets	test	component-prefix
developtools	packing_tool	developtools/packing_tool	packing_tool	developtools/packing_tool/packing_tool/frameworks/test/unittest/fast_app_packager_test/hspTestFile/BUILD.gn	39	ohos_resources	hjs_demo_resources	//developtools/packing_tool/packing_tool/frameworks/test/unittest/fast_app_packager_test/hspTestFile:hjs_demo_resources	test	component-prefix
developtools	packing_tool	developtools/packing_tool	packing_tool	developtools/packing_tool/packing_tool/frameworks/test/unittest/general_normalize_test/BUILD.gn	17	config	general_normalize_test_config	//developtools/packing_tool/packing_tool/frameworks/test/unittest/general_normalize_test:general_normalize_test_config	build-support	component-prefix
developtools	packing_tool	developtools/packing_tool	packing_tool	developtools/packing_tool/packing_tool/frameworks/test/unittest/general_normalize_test/BUILD.gn	30	ohos_unittest	general_normalize_test	//developtools/packing_tool/packing_tool/frameworks/test/unittest/general_normalize_test:general_normalize_test	test	component-prefix
developtools	packing_tool	developtools/packing_tool	packing_tool	developtools/packing_tool/packing_tool/frameworks/test/unittest/general_normalize_test/BUILD.gn	73	group	unittest	//developtools/packing_tool/packing_tool/frameworks/test/unittest/general_normalize_test:unittest	test	component-prefix
developtools	packing_tool	developtools/packing_tool	packing_tool	developtools/packing_tool/packing_tool/frameworks/test/unittest/general_normalize_test/BUILD.gn	78	ohos_copy	copy_test_file	//developtools/packing_tool/packing_tool/frameworks/test/unittest/general_normalize_test:copy_test_file	test	component-prefix
developtools	packing_tool	developtools/packing_tool	packing_tool	developtools/packing_tool/packing_tool/frameworks/test/unittest/hap_packager_test/BUILD.gn	17	config	hap_packager_test_config	//developtools/packing_tool/packing_tool/frameworks/test/unittest/hap_packager_test:hap_packager_test_config	build-support	component-prefix
developtools	packing_tool	developtools/packing_tool	packing_tool	developtools/packing_tool/packing_tool/frameworks/test/unittest/hap_packager_test/BUILD.gn	30	ohos_unittest	hap_packager_test	//developtools/packing_tool/packing_tool/frameworks/test/unittest/hap_packager_test:hap_packager_test	test	component-prefix
developtools	packing_tool	developtools/packing_tool	packing_tool	developtools/packing_tool/packing_tool/frameworks/test/unittest/hap_packager_test/BUILD.gn	65	group	unittest	//developtools/packing_tool/packing_tool/frameworks/test/unittest/hap_packager_test:unittest	test	component-prefix
developtools	packing_tool	developtools/packing_tool	packing_tool	developtools/packing_tool/packing_tool/frameworks/test/unittest/hap_packager_test/BUILD.gn	70	ohos_copy	copy_test_file	//developtools/packing_tool/packing_tool/frameworks/test/unittest/hap_packager_test:copy_test_file	test	component-prefix
developtools	packing_tool	developtools/packing_tool	packing_tool	developtools/packing_tool/packing_tool/frameworks/test/unittest/hqf_packager_test/BUILD.gn	17	config	hqf_packager_test_config	//developtools/packing_tool/packing_tool/frameworks/test/unittest/hqf_packager_test:hqf_packager_test_config	build-support	component-prefix
developtools	packing_tool	developtools/packing_tool	packing_tool	developtools/packing_tool/packing_tool/frameworks/test/unittest/hqf_packager_test/BUILD.gn	30	ohos_unittest	hqf_packager_test	//developtools/packing_tool/packing_tool/frameworks/test/unittest/hqf_packager_test:hqf_packager_test	test	component-prefix
developtools	packing_tool	developtools/packing_tool	packing_tool	developtools/packing_tool/packing_tool/frameworks/test/unittest/hqf_packager_test/BUILD.gn	64	group	unittest	//developtools/packing_tool/packing_tool/frameworks/test/unittest/hqf_packager_test:unittest	test	component-prefix
developtools	packing_tool	developtools/packing_tool	packing_tool	developtools/packing_tool/packing_tool/frameworks/test/unittest/hqf_packager_test/BUILD.gn	69	ohos_copy	copy_test_file	//developtools/packing_tool/packing_tool/frameworks/test/unittest/hqf_packager_test:copy_test_file	test	component-prefix
developtools	packing_tool	developtools/packing_tool	packing_tool	developtools/packing_tool/packing_tool/frameworks/test/unittest/hqf_verify_test/BUILD.gn	17	config	hqf_verify_config	//developtools/packing_tool/packing_tool/frameworks/test/unittest/hqf_verify_test:hqf_verify_config	build-support	component-prefix
developtools	packing_tool	developtools/packing_tool	packing_tool	developtools/packing_tool/packing_tool/frameworks/test/unittest/hqf_verify_test/BUILD.gn	30	ohos_unittest	hqf_verify_test	//developtools/packing_tool/packing_tool/frameworks/test/unittest/hqf_verify_test:hqf_verify_test	test	component-prefix
developtools	packing_tool	developtools/packing_tool	packing_tool	developtools/packing_tool/packing_tool/frameworks/test/unittest/hqf_verify_test/BUILD.gn	51	group	unittest	//developtools/packing_tool/packing_tool/frameworks/test/unittest/hqf_verify_test:unittest	test	component-prefix
developtools	packing_tool	developtools/packing_tool	packing_tool	developtools/packing_tool/packing_tool/frameworks/test/unittest/hsp_packager_test/BUILD.gn	17	config	hsp_packager_test_config	//developtools/packing_tool/packing_tool/frameworks/test/unittest/hsp_packager_test:hsp_packager_test_config	build-support	component-prefix
developtools	packing_tool	developtools/packing_tool	packing_tool	developtools/packing_tool/packing_tool/frameworks/test/unittest/hsp_packager_test/BUILD.gn	29	ohos_unittest	hsp_packager_test	//developtools/packing_tool/packing_tool/frameworks/test/unittest/hsp_packager_test:hsp_packager_test	test	component-prefix
developtools	packing_tool	developtools/packing_tool	packing_tool	developtools/packing_tool/packing_tool/frameworks/test/unittest/hsp_packager_test/BUILD.gn	64	group	unittest	//developtools/packing_tool/packing_tool/frameworks/test/unittest/hsp_packager_test:unittest	test	component-prefix
developtools	packing_tool	developtools/packing_tool	packing_tool	developtools/packing_tool/packing_tool/frameworks/test/unittest/hsp_packager_test/BUILD.gn	69	ohos_copy	copy_test_file	//developtools/packing_tool/packing_tool/frameworks/test/unittest/hsp_packager_test:copy_test_file	test	component-prefix
developtools	packing_tool	developtools/packing_tool	packing_tool	developtools/packing_tool/packing_tool/frameworks/test/unittest/json/distro_filter_test/BUILD.gn	17	config	distro_filter_test_config	//developtools/packing_tool/packing_tool/frameworks/test/unittest/json/distro_filter_test:distro_filter_test_config	build-support	component-prefix
developtools	packing_tool	developtools/packing_tool	packing_tool	developtools/packing_tool/packing_tool/frameworks/test/unittest/json/distro_filter_test/BUILD.gn	30	ohos_unittest	distro_filter_test	//developtools/packing_tool/packing_tool/frameworks/test/unittest/json/distro_filter_test:distro_filter_test	test	component-prefix
developtools	packing_tool	developtools/packing_tool	packing_tool	developtools/packing_tool/packing_tool/frameworks/test/unittest/json/distro_filter_test/BUILD.gn	52	group	unittest	//developtools/packing_tool/packing_tool/frameworks/test/unittest/json/distro_filter_test:unittest	test	component-prefix
developtools	packing_tool	developtools/packing_tool	packing_tool	developtools/packing_tool/packing_tool/frameworks/test/unittest/json/hap_verify_info_test/BUILD.gn	17	config	hap_verify_info_test_config	//developtools/packing_tool/packing_tool/frameworks/test/unittest/json/hap_verify_info_test:hap_verify_info_test_config	build-support	component-prefix
developtools	packing_tool	developtools/packing_tool	packing_tool	developtools/packing_tool/packing_tool/frameworks/test/unittest/json/hap_verify_info_test/BUILD.gn	30	ohos_unittest	hap_verify_info_test	//developtools/packing_tool/packing_tool/frameworks/test/unittest/json/hap_verify_info_test:hap_verify_info_test	test	component-prefix
developtools	packing_tool	developtools/packing_tool	packing_tool	developtools/packing_tool/packing_tool/frameworks/test/unittest/json/hap_verify_info_test/BUILD.gn	49	group	unittest	//developtools/packing_tool/packing_tool/frameworks/test/unittest/json/hap_verify_info_test:unittest	test	component-prefix
developtools	packing_tool	developtools/packing_tool	packing_tool	developtools/packing_tool/packing_tool/frameworks/test/unittest/json/hap_verify_utils_test/BUILD.gn	17	config	hap_verify_utils_test_config	//developtools/packing_tool/packing_tool/frameworks/test/unittest/json/hap_verify_utils_test:hap_verify_utils_test_config	build-support	component-prefix
developtools	packing_tool	developtools/packing_tool	packing_tool	developtools/packing_tool/packing_tool/frameworks/test/unittest/json/hap_verify_utils_test/BUILD.gn	31	ohos_unittest	hap_verify_utils_test	//developtools/packing_tool/packing_tool/frameworks/test/unittest/json/hap_verify_utils_test:hap_verify_utils_test	test	component-prefix
developtools	packing_tool	developtools/packing_tool	packing_tool	developtools/packing_tool/packing_tool/frameworks/test/unittest/json/hap_verify_utils_test/BUILD.gn	56	ohos_unittest	hap_verify_utils_test_part2	//developtools/packing_tool/packing_tool/frameworks/test/unittest/json/hap_verify_utils_test:hap_verify_utils_test_part2	test	component-prefix
developtools	packing_tool	developtools/packing_tool	packing_tool	developtools/packing_tool/packing_tool/frameworks/test/unittest/json/hap_verify_utils_test/BUILD.gn	80	group	unittest	//developtools/packing_tool/packing_tool/frameworks/test/unittest/json/hap_verify_utils_test:unittest	test	component-prefix
developtools	packing_tool	developtools/packing_tool	packing_tool	developtools/packing_tool/packing_tool/frameworks/test/unittest/json/json_utils_test/BUILD.gn	17	config	json_utils_test_config	//developtools/packing_tool/packing_tool/frameworks/test/unittest/json/json_utils_test:json_utils_test_config	build-support	component-prefix
developtools	packing_tool	developtools/packing_tool	packing_tool	developtools/packing_tool/packing_tool/frameworks/test/unittest/json/json_utils_test/BUILD.gn	30	ohos_unittest	json_utils_test	//developtools/packing_tool/packing_tool/frameworks/test/unittest/json/json_utils_test:json_utils_test	test	component-prefix
developtools	packing_tool	developtools/packing_tool	packing_tool	developtools/packing_tool/packing_tool/frameworks/test/unittest/json/json_utils_test/BUILD.gn	52	group	unittest	//developtools/packing_tool/packing_tool/frameworks/test/unittest/json/json_utils_test:unittest	test	component-prefix
developtools	packing_tool	developtools/packing_tool	packing_tool	developtools/packing_tool/packing_tool/frameworks/test/unittest/json/module_json_fa_test/BUILD.gn	17	config	module_json_test_config	//developtools/packing_tool/packing_tool/frameworks/test/unittest/json/module_json_fa_test:module_json_test_config	build-support	component-prefix
developtools	packing_tool	developtools/packing_tool	packing_tool	developtools/packing_tool/packing_tool/frameworks/test/unittest/json/module_json_fa_test/BUILD.gn	30	ohos_unittest	module_json_fa_test	//developtools/packing_tool/packing_tool/frameworks/test/unittest/json/module_json_fa_test:module_json_fa_test	test	component-prefix
developtools	packing_tool	developtools/packing_tool	packing_tool	developtools/packing_tool/packing_tool/frameworks/test/unittest/json/module_json_fa_test/BUILD.gn	56	group	unittest	//developtools/packing_tool/packing_tool/frameworks/test/unittest/json/module_json_fa_test:unittest	test	component-prefix
developtools	packing_tool	developtools/packing_tool	packing_tool	developtools/packing_tool/packing_tool/frameworks/test/unittest/json/module_json_stage_test/BUILD.gn	17	config	module_json_test_config	//developtools/packing_tool/packing_tool/frameworks/test/unittest/json/module_json_stage_test:module_json_test_config	build-support	component-prefix
developtools	packing_tool	developtools/packing_tool	packing_tool	developtools/packing_tool/packing_tool/frameworks/test/unittest/json/module_json_stage_test/BUILD.gn	30	ohos_unittest	module_json_stage_test	//developtools/packing_tool/packing_tool/frameworks/test/unittest/json/module_json_stage_test:module_json_stage_test	test	component-prefix
developtools	packing_tool	developtools/packing_tool	packing_tool	developtools/packing_tool/packing_tool/frameworks/test/unittest/json/module_json_stage_test/BUILD.gn	56	group	unittest	//developtools/packing_tool/packing_tool/frameworks/test/unittest/json/module_json_stage_test:unittest	test	component-prefix
developtools	packing_tool	developtools/packing_tool	packing_tool	developtools/packing_tool/packing_tool/frameworks/test/unittest/json/module_json_test/BUILD.gn	17	config	module_json_test_config	//developtools/packing_tool/packing_tool/frameworks/test/unittest/json/module_json_test:module_json_test_config	build-support	component-prefix
developtools	packing_tool	developtools/packing_tool	packing_tool	developtools/packing_tool/packing_tool/frameworks/test/unittest/json/module_json_test/BUILD.gn	30	ohos_unittest	module_json_test	//developtools/packing_tool/packing_tool/frameworks/test/unittest/json/module_json_test:module_json_test	test	component-prefix
developtools	packing_tool	developtools/packing_tool	packing_tool	developtools/packing_tool/packing_tool/frameworks/test/unittest/json/module_json_test/BUILD.gn	56	group	unittest	//developtools/packing_tool/packing_tool/frameworks/test/unittest/json/module_json_test:unittest	test	component-prefix
developtools	packing_tool	developtools/packing_tool	packing_tool	developtools/packing_tool/packing_tool/frameworks/test/unittest/json/module_json_utils_test/BUILD.gn	17	config	module_json_utils_test_config	//developtools/packing_tool/packing_tool/frameworks/test/unittest/json/module_json_utils_test:module_json_utils_test_config	build-support	component-prefix
developtools	packing_tool	developtools/packing_tool	packing_tool	developtools/packing_tool/packing_tool/frameworks/test/unittest/json/module_json_utils_test/BUILD.gn	30	ohos_unittest	module_json_utils_test	//developtools/packing_tool/packing_tool/frameworks/test/unittest/json/module_json_utils_test:module_json_utils_test	test	component-prefix
developtools	packing_tool	developtools/packing_tool	packing_tool	developtools/packing_tool/packing_tool/frameworks/test/unittest/json/module_json_utils_test/BUILD.gn	61	group	unittest	//developtools/packing_tool/packing_tool/frameworks/test/unittest/json/module_json_utils_test:unittest	test	component-prefix
developtools	packing_tool	developtools/packing_tool	packing_tool	developtools/packing_tool/packing_tool/frameworks/test/unittest/json/normalize_version_utils_test/BUILD.gn	17	config	normalize_version_utils_test_config	//developtools/packing_tool/packing_tool/frameworks/test/unittest/json/normalize_version_utils_test:normalize_version_utils_test_config	build-support	component-prefix
developtools	packing_tool	developtools/packing_tool	packing_tool	developtools/packing_tool/packing_tool/frameworks/test/unittest/json/normalize_version_utils_test/BUILD.gn	30	ohos_unittest	normalize_version_utils_test	//developtools/packing_tool/packing_tool/frameworks/test/unittest/json/normalize_version_utils_test:normalize_version_utils_test	test	component-prefix
developtools	packing_tool	developtools/packing_tool	packing_tool	developtools/packing_tool/packing_tool/frameworks/test/unittest/json/normalize_version_utils_test/BUILD.gn	52	group	unittest	//developtools/packing_tool/packing_tool/frameworks/test/unittest/json/normalize_version_utils_test:unittest	test	component-prefix
developtools	packing_tool	developtools/packing_tool	packing_tool	developtools/packing_tool/packing_tool/frameworks/test/unittest/json/pack_info_test/BUILD.gn	17	config	pack_info_test_config	//developtools/packing_tool/packing_tool/frameworks/test/unittest/json/pack_info_test:pack_info_test_config	build-support	component-prefix
developtools	packing_tool	developtools/packing_tool	packing_tool	developtools/packing_tool/packing_tool/frameworks/test/unittest/json/pack_info_test/BUILD.gn	30	ohos_unittest	pack_info_test	//developtools/packing_tool/packing_tool/frameworks/test/unittest/json/pack_info_test:pack_info_test	test	component-prefix
developtools	packing_tool	developtools/packing_tool	packing_tool	developtools/packing_tool/packing_tool/frameworks/test/unittest/json/pack_info_test/BUILD.gn	52	group	unittest	//developtools/packing_tool/packing_tool/frameworks/test/unittest/json/pack_info_test:unittest	test	component-prefix
developtools	packing_tool	developtools/packing_tool	packing_tool	developtools/packing_tool/packing_tool/frameworks/test/unittest/json/pack_info_utils_test/BUILD.gn	17	config	pack_info_utils_test_config	//developtools/packing_tool/packing_tool/frameworks/test/unittest/json/pack_info_utils_test:pack_info_utils_test_config	build-support	component-prefix
developtools	packing_tool	developtools/packing_tool	packing_tool	developtools/packing_tool/packing_tool/frameworks/test/unittest/json/pack_info_utils_test/BUILD.gn	30	ohos_unittest	pack_info_utils_test	//developtools/packing_tool/packing_tool/frameworks/test/unittest/json/pack_info_utils_test:pack_info_utils_test	test	component-prefix
developtools	packing_tool	developtools/packing_tool	packing_tool	developtools/packing_tool/packing_tool/frameworks/test/unittest/json/pack_info_utils_test/BUILD.gn	53	group	unittest	//developtools/packing_tool/packing_tool/frameworks/test/unittest/json/pack_info_utils_test:unittest	test	component-prefix
developtools	packing_tool	developtools/packing_tool	packing_tool	developtools/packing_tool/packing_tool/frameworks/test/unittest/json/patch_json_test/BUILD.gn	17	config	patch_json_test_config	//developtools/packing_tool/packing_tool/frameworks/test/unittest/json/patch_json_test:patch_json_test_config	build-support	component-prefix
developtools	packing_tool	developtools/packing_tool	packing_tool	developtools/packing_tool/packing_tool/frameworks/test/unittest/json/patch_json_test/BUILD.gn	30	ohos_unittest	patch_json_test	//developtools/packing_tool/packing_tool/frameworks/test/unittest/json/patch_json_test:patch_json_test	test	component-prefix
developtools	packing_tool	developtools/packing_tool	packing_tool	developtools/packing_tool/packing_tool/frameworks/test/unittest/json/patch_json_test/BUILD.gn	52	group	unittest	//developtools/packing_tool/packing_tool/frameworks/test/unittest/json/patch_json_test:unittest	test	component-prefix
developtools	packing_tool	developtools/packing_tool	packing_tool	developtools/packing_tool/packing_tool/frameworks/test/unittest/json/patch_json_utils_test/BUILD.gn	17	config	patch_json_utils_test_config	//developtools/packing_tool/packing_tool/frameworks/test/unittest/json/patch_json_utils_test:patch_json_utils_test_config	build-support	component-prefix
developtools	packing_tool	developtools/packing_tool	packing_tool	developtools/packing_tool/packing_tool/frameworks/test/unittest/json/patch_json_utils_test/BUILD.gn	30	ohos_unittest	patch_json_utils_test	//developtools/packing_tool/packing_tool/frameworks/test/unittest/json/patch_json_utils_test:patch_json_utils_test	test	component-prefix
developtools	packing_tool	developtools/packing_tool	packing_tool	developtools/packing_tool/packing_tool/frameworks/test/unittest/json/patch_json_utils_test/BUILD.gn	53	group	unittest	//developtools/packing_tool/packing_tool/frameworks/test/unittest/json/patch_json_utils_test:unittest	test	component-prefix
developtools	packing_tool	developtools/packing_tool	packing_tool	developtools/packing_tool/packing_tool/frameworks/test/unittest/json/pt_json_test/BUILD.gn	17	config	pt_json_test_config	//developtools/packing_tool/packing_tool/frameworks/test/unittest/json/pt_json_test:pt_json_test_config	build-support	component-prefix
developtools	packing_tool	developtools/packing_tool	packing_tool	developtools/packing_tool/packing_tool/frameworks/test/unittest/json/pt_json_test/BUILD.gn	30	ohos_unittest	pt_json_test	//developtools/packing_tool/packing_tool/frameworks/test/unittest/json/pt_json_test:pt_json_test	test	component-prefix
developtools	packing_tool	developtools/packing_tool	packing_tool	developtools/packing_tool/packing_tool/frameworks/test/unittest/json/pt_json_test/BUILD.gn	50	group	unittest	//developtools/packing_tool/packing_tool/frameworks/test/unittest/json/pt_json_test:unittest	test	component-prefix
developtools	packing_tool	developtools/packing_tool	packing_tool	developtools/packing_tool/packing_tool/frameworks/test/unittest/multiapp_packager_test/BUILD.gn	17	config	multiapp_packager_test_config	//developtools/packing_tool/packing_tool/frameworks/test/unittest/multiapp_packager_test:multiapp_packager_test_config	build-support	component-prefix
developtools	packing_tool	developtools/packing_tool	packing_tool	developtools/packing_tool/packing_tool/frameworks/test/unittest/multiapp_packager_test/BUILD.gn	30	ohos_unittest	multiapp_packager_test	//developtools/packing_tool/packing_tool/frameworks/test/unittest/multiapp_packager_test:multiapp_packager_test	test	component-prefix
developtools	packing_tool	developtools/packing_tool	packing_tool	developtools/packing_tool/packing_tool/frameworks/test/unittest/multiapp_packager_test/BUILD.gn	75	group	unittest	//developtools/packing_tool/packing_tool/frameworks/test/unittest/multiapp_packager_test:unittest	test	component-prefix
developtools	packing_tool	developtools/packing_tool	packing_tool	developtools/packing_tool/packing_tool/frameworks/test/unittest/multiapp_packager_test/multiappPackagerHapTest/BUILD.gn	16	ohos_hap	multiappPackagerHapTest	//developtools/packing_tool/packing_tool/frameworks/test/unittest/multiapp_packager_test/multiappPackagerHapTest:multiappPackagerHapTest	test	component-prefix
developtools	packing_tool	developtools/packing_tool	packing_tool	developtools/packing_tool/packing_tool/frameworks/test/unittest/multiapp_packager_test/multiappPackagerHapTest/BUILD.gn	30	ohos_app_scope	bmsstagedemoone_app_profile	//developtools/packing_tool/packing_tool/frameworks/test/unittest/multiapp_packager_test/multiappPackagerHapTest:bmsstagedemoone_app_profile	test	component-prefix
developtools	packing_tool	developtools/packing_tool	packing_tool	developtools/packing_tool/packing_tool/frameworks/test/unittest/multiapp_packager_test/multiappPackagerHapTest/BUILD.gn	35	ohos_js_assets	hjs_demo_js_assets	//developtools/packing_tool/packing_tool/frameworks/test/unittest/multiapp_packager_test/multiappPackagerHapTest:hjs_demo_js_assets	test	component-prefix
developtools	packing_tool	developtools/packing_tool	packing_tool	developtools/packing_tool/packing_tool/frameworks/test/unittest/multiapp_packager_test/multiappPackagerHapTest/BUILD.gn	39	ohos_resources	hjs_demo_resources	//developtools/packing_tool/packing_tool/frameworks/test/unittest/multiapp_packager_test/multiappPackagerHapTest:hjs_demo_resources	test	component-prefix
developtools	packing_tool	developtools/packing_tool	packing_tool	developtools/packing_tool/packing_tool/frameworks/test/unittest/multiapp_packager_test/multiappPackagerHspTest/BUILD.gn	16	ohos_hap	multiappPackagerHspTest	//developtools/packing_tool/packing_tool/frameworks/test/unittest/multiapp_packager_test/multiappPackagerHspTest:multiappPackagerHspTest	test	component-prefix
developtools	packing_tool	developtools/packing_tool	packing_tool	developtools/packing_tool/packing_tool/frameworks/test/unittest/multiapp_packager_test/multiappPackagerHspTest/BUILD.gn	30	ohos_app_scope	bmsstagedemoone_app_profile	//developtools/packing_tool/packing_tool/frameworks/test/unittest/multiapp_packager_test/multiappPackagerHspTest:bmsstagedemoone_app_profile	test	component-prefix
developtools	packing_tool	developtools/packing_tool	packing_tool	developtools/packing_tool/packing_tool/frameworks/test/unittest/multiapp_packager_test/multiappPackagerHspTest/BUILD.gn	35	ohos_js_assets	hjs_demo_js_assets	//developtools/packing_tool/packing_tool/frameworks/test/unittest/multiapp_packager_test/multiappPackagerHspTest:hjs_demo_js_assets	test	component-prefix
developtools	packing_tool	developtools/packing_tool	packing_tool	developtools/packing_tool/packing_tool/frameworks/test/unittest/multiapp_packager_test/multiappPackagerHspTest/BUILD.gn	39	ohos_resources	hjs_demo_resources	//developtools/packing_tool/packing_tool/frameworks/test/unittest/multiapp_packager_test/multiappPackagerHspTest:hjs_demo_resources	test	component-prefix
developtools	packing_tool	developtools/packing_tool	packing_tool	developtools/packing_tool/packing_tool/frameworks/test/unittest/ohos_test/BUILD.gn	16	ohos_copy	copy_ohos_test	//developtools/packing_tool/packing_tool/frameworks/test/unittest/ohos_test:copy_ohos_test	test	component-prefix
developtools	packing_tool	developtools/packing_tool	packing_tool	developtools/packing_tool/packing_tool/frameworks/test/unittest/package_normalize_test/BUILD.gn	17	config	packager_normalize_test_config	//developtools/packing_tool/packing_tool/frameworks/test/unittest/package_normalize_test:packager_normalize_test_config	build-support	component-prefix
developtools	packing_tool	developtools/packing_tool	packing_tool	developtools/packing_tool/packing_tool/frameworks/test/unittest/package_normalize_test/BUILD.gn	30	ohos_unittest	package_normalize_test	//developtools/packing_tool/packing_tool/frameworks/test/unittest/package_normalize_test:package_normalize_test	test	component-prefix
developtools	packing_tool	developtools/packing_tool	packing_tool	developtools/packing_tool/packing_tool/frameworks/test/unittest/package_normalize_test/BUILD.gn	70	group	unittest	//developtools/packing_tool/packing_tool/frameworks/test/unittest/package_normalize_test:unittest	test	component-prefix
developtools	packing_tool	developtools/packing_tool	packing_tool	developtools/packing_tool/packing_tool/frameworks/test/unittest/package_normalize_test/BUILD.gn	75	ohos_copy	copy_test_file	//developtools/packing_tool/packing_tool/frameworks/test/unittest/package_normalize_test:copy_test_file	test	component-prefix
developtools	packing_tool	developtools/packing_tool	packing_tool	developtools/packing_tool/packing_tool/frameworks/test/unittest/packager_test/BUILD.gn	17	config	packager_test_config	//developtools/packing_tool/packing_tool/frameworks/test/unittest/packager_test:packager_test_config	build-support	component-prefix
developtools	packing_tool	developtools/packing_tool	packing_tool	developtools/packing_tool/packing_tool/frameworks/test/unittest/packager_test/BUILD.gn	29	ohos_unittest	packager_test	//developtools/packing_tool/packing_tool/frameworks/test/unittest/packager_test:packager_test	test	component-prefix
developtools	packing_tool	developtools/packing_tool	packing_tool	developtools/packing_tool/packing_tool/frameworks/test/unittest/packager_test/BUILD.gn	63	group	unittest	//developtools/packing_tool/packing_tool/frameworks/test/unittest/packager_test:unittest	test	component-prefix
developtools	packing_tool	developtools/packing_tool	packing_tool	developtools/packing_tool/packing_tool/frameworks/test/unittest/res_packager_test/BUILD.gn	17	config	res_packager_test_config	//developtools/packing_tool/packing_tool/frameworks/test/unittest/res_packager_test:res_packager_test_config	build-support	component-prefix
developtools	packing_tool	developtools/packing_tool	packing_tool	developtools/packing_tool/packing_tool/frameworks/test/unittest/res_packager_test/BUILD.gn	30	ohos_unittest	res_packager_test	//developtools/packing_tool/packing_tool/frameworks/test/unittest/res_packager_test:res_packager_test	test	component-prefix
developtools	packing_tool	developtools/packing_tool	packing_tool	developtools/packing_tool/packing_tool/frameworks/test/unittest/res_packager_test/BUILD.gn	58	group	unittest	//developtools/packing_tool/packing_tool/frameworks/test/unittest/res_packager_test:unittest	test	component-prefix
developtools	packing_tool	developtools/packing_tool	packing_tool	developtools/packing_tool/packing_tool/frameworks/test/unittest/res_packager_test/BUILD.gn	63	ohos_copy	copy_test_file	//developtools/packing_tool/packing_tool/frameworks/test/unittest/res_packager_test:copy_test_file	test	component-prefix
developtools	packing_tool	developtools/packing_tool	packing_tool	developtools/packing_tool/packing_tool/frameworks/test/unittest/shell_command_test/BUILD.gn	17	config	shell_command_test_config	//developtools/packing_tool/packing_tool/frameworks/test/unittest/shell_command_test:shell_command_test_config	build-support	component-prefix
developtools	packing_tool	developtools/packing_tool	packing_tool	developtools/packing_tool/packing_tool/frameworks/test/unittest/shell_command_test/BUILD.gn	30	ohos_unittest	shell_command_test	//developtools/packing_tool/packing_tool/frameworks/test/unittest/shell_command_test:shell_command_test	test	component-prefix
developtools	packing_tool	developtools/packing_tool	packing_tool	developtools/packing_tool/packing_tool/frameworks/test/unittest/shell_command_test/BUILD.gn	92	group	unittest	//developtools/packing_tool/packing_tool/frameworks/test/unittest/shell_command_test:unittest	test	component-prefix
developtools	packing_tool	developtools/packing_tool	packing_tool	developtools/packing_tool/packing_tool/frameworks/test/unittest/skill_test/BUILD.gn	17	config	skill_test_config	//developtools/packing_tool/packing_tool/frameworks/test/unittest/skill_test:skill_test_config	build-support	component-prefix
developtools	packing_tool	developtools/packing_tool	packing_tool	developtools/packing_tool/packing_tool/frameworks/test/unittest/skill_test/BUILD.gn	29	ohos_unittest	skill_test	//developtools/packing_tool/packing_tool/frameworks/test/unittest/skill_test:skill_test	test	component-prefix
developtools	packing_tool	developtools/packing_tool	packing_tool	developtools/packing_tool/packing_tool/frameworks/test/unittest/skill_test/BUILD.gn	54	group	unittest	//developtools/packing_tool/packing_tool/frameworks/test/unittest/skill_test:unittest	test	component-prefix
developtools	packing_tool	developtools/packing_tool	packing_tool	developtools/packing_tool/packing_tool/frameworks/test/unittest/unzip_wrapper_test/BUILD.gn	17	config	unzip_wrapper_test_config	//developtools/packing_tool/packing_tool/frameworks/test/unittest/unzip_wrapper_test:unzip_wrapper_test_config	build-support	component-prefix
developtools	packing_tool	developtools/packing_tool	packing_tool	developtools/packing_tool/packing_tool/frameworks/test/unittest/unzip_wrapper_test/BUILD.gn	30	ohos_unittest	unzip_wrapper_test	//developtools/packing_tool/packing_tool/frameworks/test/unittest/unzip_wrapper_test:unzip_wrapper_test	test	component-prefix
developtools	packing_tool	developtools/packing_tool	packing_tool	developtools/packing_tool/packing_tool/frameworks/test/unittest/unzip_wrapper_test/BUILD.gn	52	group	unittest	//developtools/packing_tool/packing_tool/frameworks/test/unittest/unzip_wrapper_test:unittest	test	component-prefix
developtools	packing_tool	developtools/packing_tool	packing_tool	developtools/packing_tool/packing_tool/frameworks/test/unittest/utils_Test/BUILD.gn	17	config	utils_Test_config	//developtools/packing_tool/packing_tool/frameworks/test/unittest/utils_Test:utils_Test_config	build-support	component-prefix
developtools	packing_tool	developtools/packing_tool	packing_tool	developtools/packing_tool/packing_tool/frameworks/test/unittest/utils_Test/BUILD.gn	30	ohos_unittest	utils_Test	//developtools/packing_tool/packing_tool/frameworks/test/unittest/utils_Test:utils_Test	test	component-prefix
developtools	packing_tool	developtools/packing_tool	packing_tool	developtools/packing_tool/packing_tool/frameworks/test/unittest/utils_Test/BUILD.gn	51	group	unittest	//developtools/packing_tool/packing_tool/frameworks/test/unittest/utils_Test:unittest	test	component-prefix
developtools	packing_tool	developtools/packing_tool	packing_tool	developtools/packing_tool/packing_tool/frameworks/test/unittest/version_normalize_test/BUILD.gn	17	config	version_normalize_test_config	//developtools/packing_tool/packing_tool/frameworks/test/unittest/version_normalize_test:version_normalize_test_config	build-support	component-prefix
developtools	packing_tool	developtools/packing_tool	packing_tool	developtools/packing_tool/packing_tool/frameworks/test/unittest/version_normalize_test/BUILD.gn	30	ohos_unittest	version_normalize_test	//developtools/packing_tool/packing_tool/frameworks/test/unittest/version_normalize_test:version_normalize_test	test	component-prefix
developtools	packing_tool	developtools/packing_tool	packing_tool	developtools/packing_tool/packing_tool/frameworks/test/unittest/version_normalize_test/BUILD.gn	71	group	unittest	//developtools/packing_tool/packing_tool/frameworks/test/unittest/version_normalize_test:unittest	test	component-prefix
developtools	packing_tool	developtools/packing_tool	packing_tool	developtools/packing_tool/packing_tool/frameworks/test/unittest/version_normalize_test/BUILD.gn	76	ohos_copy	copy_test_file	//developtools/packing_tool/packing_tool/frameworks/test/unittest/version_normalize_test:copy_test_file	test	component-prefix
developtools	packing_tool	developtools/packing_tool	packing_tool	developtools/packing_tool/packing_tool/frameworks/test/unittest/zip_utils_test/BUILD.gn	17	config	zip_utils_test_config	//developtools/packing_tool/packing_tool/frameworks/test/unittest/zip_utils_test:zip_utils_test_config	build-support	component-prefix
developtools	packing_tool	developtools/packing_tool	packing_tool	developtools/packing_tool/packing_tool/frameworks/test/unittest/zip_utils_test/BUILD.gn	30	ohos_unittest	zip_utils_test	//developtools/packing_tool/packing_tool/frameworks/test/unittest/zip_utils_test:zip_utils_test	test	component-prefix
developtools	packing_tool	developtools/packing_tool	packing_tool	developtools/packing_tool/packing_tool/frameworks/test/unittest/zip_utils_test/BUILD.gn	53	group	unittest	//developtools/packing_tool/packing_tool/frameworks/test/unittest/zip_utils_test:unittest	test	component-prefix
developtools	packing_tool	developtools/packing_tool	packing_tool	developtools/packing_tool/packing_tool/frameworks/test/unittest/zip_wrapper_test/BUILD.gn	17	config	zip_wrapper_test_config	//developtools/packing_tool/packing_tool/frameworks/test/unittest/zip_wrapper_test:zip_wrapper_test_config	build-support	component-prefix
developtools	packing_tool	developtools/packing_tool	packing_tool	developtools/packing_tool/packing_tool/frameworks/test/unittest/zip_wrapper_test/BUILD.gn	30	ohos_unittest	zip_wrapper_test	//developtools/packing_tool/packing_tool/frameworks/test/unittest/zip_wrapper_test:zip_wrapper_test	test	component-prefix
developtools	packing_tool	developtools/packing_tool	packing_tool	developtools/packing_tool/packing_tool/frameworks/test/unittest/zip_wrapper_test/BUILD.gn	51	group	unittest	//developtools/packing_tool/packing_tool/frameworks/test/unittest/zip_wrapper_test:unittest	test	component-prefix
developtools	smartperf_host	developtools/smartperf_host	smartperf_host	developtools/smartperf_host/smartperf_device/BUILD.gn	17	group	SmartPerf	//developtools/smartperf_host/smartperf_device:SmartPerf	aggregate-codegen	component-prefix
developtools	smartperf_host	developtools/smartperf_host	smartperf_host	developtools/smartperf_host/smartperf_device/device_command/BUILD.gn	18	config	config	//developtools/smartperf_host/smartperf_device/device_command:config	build-support	component-prefix
developtools	smartperf_host	developtools/smartperf_host	smartperf_host	developtools/smartperf_host/smartperf_device/device_command/BUILD.gn	31	config	public_config	//developtools/smartperf_host/smartperf_device/device_command:public_config	build-support	component-prefix
developtools	smartperf_host	developtools/smartperf_host	smartperf_host	developtools/smartperf_host/smartperf_device/device_command/BUILD.gn	51	ohos_shared_headers	smartperf_daemon	//developtools/smartperf_host/smartperf_device/device_command:smartperf_daemon	production	component-prefix
developtools	smartperf_host	developtools/smartperf_host	smartperf_host	developtools/smartperf_host/smartperf_device/device_command/BUILD.gn	60	ohos_executable	SP_daemon	//developtools/smartperf_host/smartperf_device/device_command:SP_daemon	production	component-prefix
developtools	smartperf_host	developtools/smartperf_host	smartperf_host	developtools/smartperf_host/smartperf_device/device_command/test/BUILD.gn	18	config	module_private_config	//developtools/smartperf_host/smartperf_device/device_command/test:module_private_config	build-support	component-prefix
developtools	smartperf_host	developtools/smartperf_host	smartperf_host	developtools/smartperf_host/smartperf_device/device_command/test/BUILD.gn	22	ohos_unittest	sp_daemon_ut	//developtools/smartperf_host/smartperf_device/device_command/test:sp_daemon_ut	test	component-prefix
developtools	smartperf_host	developtools/smartperf_host	smartperf_host	developtools/smartperf_host/smartperf_device/device_command/test/BUILD.gn	123	group	unittest	//developtools/smartperf_host/smartperf_device/device_command/test:unittest	test	component-prefix
developtools	smartperf_host	developtools/smartperf_host	smartperf_host	developtools/smartperf_host/smartperf_device/device_command/test/BUILD.gn	128	group	fuzztest	//developtools/smartperf_host/smartperf_device/device_command/test:fuzztest	test	component-prefix
developtools	smartperf_host	developtools/smartperf_host	smartperf_host	developtools/smartperf_host/smartperf_device/device_command/test/fuzztest/spdaemon_fuzzer/BUILD.gn	21	ohos_fuzztest	SpDaemonFuzzTest	//developtools/smartperf_host/smartperf_device/device_command/test/fuzztest/spdaemon_fuzzer:SpDaemonFuzzTest	test	component-prefix
developtools	smartperf_host	developtools/smartperf_host	smartperf_host	developtools/smartperf_host/smartperf_device/device_command/test/fuzztest/spdaemon_fuzzer/BUILD.gn	51	group	fuzztest	//developtools/smartperf_host/smartperf_device/device_command/test/fuzztest/spdaemon_fuzzer:fuzztest	test	component-prefix
developtools	smartperf_host	developtools/smartperf_host	smartperf_host	developtools/smartperf_host/smartperf_device/device_ui/BUILD.gn	16	ohos_hap	SmartPerf	//developtools/smartperf_host/smartperf_device/device_ui:SmartPerf	production	component-prefix
developtools	smartperf_host	developtools/smartperf_host	smartperf_host	developtools/smartperf_host/smartperf_device/device_ui/BUILD.gn	29	ohos_js_assets	smartperf_js_assets	//developtools/smartperf_host/smartperf_device/device_ui:smartperf_js_assets	aggregate-codegen	component-prefix
developtools	smartperf_host	developtools/smartperf_host	smartperf_host	developtools/smartperf_host/smartperf_device/device_ui/BUILD.gn	34	ohos_app_scope	smartperf_app_profile	//developtools/smartperf_host/smartperf_device/device_ui:smartperf_app_profile	production	component-prefix
developtools	smartperf_host	developtools/smartperf_host	smartperf_host	developtools/smartperf_host/smartperf_device/device_ui/BUILD.gn	39	ohos_resources	smartperf_resources	//developtools/smartperf_host/smartperf_device/device_ui:smartperf_resources	aggregate-codegen	component-prefix
developtools	smartperf_host	developtools/smartperf_host	smartperf_host	developtools/smartperf_host/smartperf_host/BUILD.gn	13	group	trace_streamer	//developtools/smartperf_host/smartperf_host:trace_streamer	aggregate-codegen	component-prefix
developtools	smartperf_host	developtools/smartperf_host	smartperf_host	developtools/smartperf_host/smartperf_host/trace_streamer/BUILD.gn	14	group	trace_streamer	//developtools/smartperf_host/smartperf_host/trace_streamer:trace_streamer	aggregate-codegen	component-prefix
developtools	smartperf_host	developtools/smartperf_host	smartperf_host	developtools/smartperf_host/smartperf_host/trace_streamer/BUILD.gn	39	group	trace_streamer_all	//developtools/smartperf_host/smartperf_host/trace_streamer:trace_streamer_all	aggregate-codegen	component-prefix
developtools	smartperf_host	developtools/smartperf_host	smartperf_host	developtools/smartperf_host/smartperf_host/trace_streamer/gn/BUILD.gn	15	group	default_deps	//developtools/smartperf_host/smartperf_host/trace_streamer/gn:default_deps	aggregate-codegen	component-prefix
developtools	smartperf_host	developtools/smartperf_host	smartperf_host	developtools/smartperf_host/smartperf_host/trace_streamer/gn/BUILD.gn	19	config	default_config	//developtools/smartperf_host/smartperf_host/trace_streamer/gn:default_config	build-support	component-prefix
developtools	smartperf_host	developtools/smartperf_host	smartperf_host	developtools/smartperf_host/smartperf_host/trace_streamer/gn/BUILD.gn	25	config	trace_cfg	//developtools/smartperf_host/smartperf_host/trace_streamer/gn:trace_cfg	build-support	component-prefix
developtools	smartperf_host	developtools/smartperf_host	smartperf_host	developtools/smartperf_host/smartperf_host/trace_streamer/gn/BUILD.gn	39	config	hiperf_trace_cfg	//developtools/smartperf_host/smartperf_host/trace_streamer/gn:hiperf_trace_cfg	build-support	component-prefix
developtools	smartperf_host	developtools/smartperf_host	smartperf_host	developtools/smartperf_host/smartperf_host/trace_streamer/gn/BUILD.gn	47	config	visibility_hidden	//developtools/smartperf_host/smartperf_host/trace_streamer/gn:visibility_hidden	build-support	component-prefix
developtools	smartperf_host	developtools/smartperf_host	smartperf_host	developtools/smartperf_host/smartperf_host/trace_streamer/gn/BUILD.gn	51	config	default	//developtools/smartperf_host/smartperf_host/trace_streamer/gn:default	build-support	component-prefix
developtools	smartperf_host	developtools/smartperf_host	smartperf_host	developtools/smartperf_host/smartperf_host/trace_streamer/gn/BUILD.gn	214	config	symbols	//developtools/smartperf_host/smartperf_host/trace_streamer/gn:symbols	build-support	component-prefix
developtools	smartperf_host	developtools/smartperf_host	smartperf_host	developtools/smartperf_host/smartperf_host/trace_streamer/gn/BUILD.gn	225	config	release	//developtools/smartperf_host/smartperf_host/trace_streamer/gn:release	build-support	component-prefix
developtools	smartperf_host	developtools/smartperf_host	smartperf_host	developtools/smartperf_host/smartperf_host/trace_streamer/gn/BUILD.gn	256	config	shared_library	//developtools/smartperf_host/smartperf_host/trace_streamer/gn:shared_library	build-support	component-prefix
developtools	smartperf_host	developtools/smartperf_host	smartperf_host	developtools/smartperf_host/smartperf_host/trace_streamer/gn/BUILD.gn	262	config	executable	//developtools/smartperf_host/smartperf_host/trace_streamer/gn:executable	build-support	component-prefix
developtools	smartperf_host	developtools/smartperf_host	smartperf_host	developtools/smartperf_host/smartperf_host/trace_streamer/gn/BUILD.gn	311	config	ts_config	//developtools/smartperf_host/smartperf_host/trace_streamer/gn:ts_config	build-support	component-prefix
developtools	smartperf_host	developtools/smartperf_host	smartperf_host	developtools/smartperf_host/smartperf_host/trace_streamer/gn/toolchain/BUILD.gn	47	toolchain	wasm	//developtools/smartperf_host/smartperf_host/trace_streamer/gn/toolchain:wasm	production	component-prefix
developtools	smartperf_host	developtools/smartperf_host	smartperf_host	developtools/smartperf_host/smartperf_host/trace_streamer/gn/toolchain/BUILD.gn	88	tool	cc	//developtools/smartperf_host/smartperf_host/trace_streamer/gn/toolchain:cc	production	component-prefix
developtools	smartperf_host	developtools/smartperf_host	smartperf_host	developtools/smartperf_host/smartperf_host/trace_streamer/gn/toolchain/BUILD.gn	97	tool	cxx	//developtools/smartperf_host/smartperf_host/trace_streamer/gn/toolchain:cxx	production	component-prefix
developtools	smartperf_host	developtools/smartperf_host	smartperf_host	developtools/smartperf_host/smartperf_host/trace_streamer/gn/toolchain/BUILD.gn	106	tool	alink	//developtools/smartperf_host/smartperf_host/trace_streamer/gn/toolchain:alink	production	component-prefix
developtools	smartperf_host	developtools/smartperf_host	smartperf_host	developtools/smartperf_host/smartperf_host/trace_streamer/gn/toolchain/BUILD.gn	120	tool	solink	//developtools/smartperf_host/smartperf_host/trace_streamer/gn/toolchain:solink	production	component-prefix
developtools	smartperf_host	developtools/smartperf_host	smartperf_host	developtools/smartperf_host/smartperf_host/trace_streamer/gn/toolchain/BUILD.gn	132	tool	link	//developtools/smartperf_host/smartperf_host/trace_streamer/gn/toolchain:link	production	component-prefix
developtools	smartperf_host	developtools/smartperf_host	smartperf_host	developtools/smartperf_host/smartperf_host/trace_streamer/gn/toolchain/BUILD.gn	139	tool	stamp	//developtools/smartperf_host/smartperf_host/trace_streamer/gn/toolchain:stamp	production	component-prefix
developtools	smartperf_host	developtools/smartperf_host	smartperf_host	developtools/smartperf_host/smartperf_host/trace_streamer/gn/toolchain/BUILD.gn	144	tool	copy	//developtools/smartperf_host/smartperf_host/trace_streamer/gn/toolchain:copy	production	component-prefix
developtools	smartperf_host	developtools/smartperf_host	smartperf_host	developtools/smartperf_host/smartperf_host/trace_streamer/gn/toolchain/BUILD.gn	149	toolchain	gcc_like	//developtools/smartperf_host/smartperf_host/trace_streamer/gn/toolchain:gcc_like	production	component-prefix
developtools	smartperf_host	developtools/smartperf_host	smartperf_host	developtools/smartperf_host/smartperf_host/trace_streamer/gn/toolchain/BUILD.gn	153	tool	cxx	//developtools/smartperf_host/smartperf_host/trace_streamer/gn/toolchain:cxx	production	component-prefix
developtools	smartperf_host	developtools/smartperf_host	smartperf_host	developtools/smartperf_host/smartperf_host/trace_streamer/gn/toolchain/BUILD.gn	162	tool	cc	//developtools/smartperf_host/smartperf_host/trace_streamer/gn/toolchain:cc	production	component-prefix
developtools	smartperf_host	developtools/smartperf_host	smartperf_host	developtools/smartperf_host/smartperf_host/trace_streamer/gn/toolchain/BUILD.gn	170	tool	asm	//developtools/smartperf_host/smartperf_host/trace_streamer/gn/toolchain:asm	production	component-prefix
developtools	smartperf_host	developtools/smartperf_host	smartperf_host	developtools/smartperf_host/smartperf_host/trace_streamer/gn/toolchain/BUILD.gn	178	tool	alink	//developtools/smartperf_host/smartperf_host/trace_streamer/gn/toolchain:alink	production	component-prefix
developtools	smartperf_host	developtools/smartperf_host	smartperf_host	developtools/smartperf_host/smartperf_host/trace_streamer/gn/toolchain/BUILD.gn	200	tool	link	//developtools/smartperf_host/smartperf_host/trace_streamer/gn/toolchain:link	production	component-prefix
developtools	smartperf_host	developtools/smartperf_host	smartperf_host	developtools/smartperf_host/smartperf_host/trace_streamer/gn/toolchain/BUILD.gn	212	tool	solink	//developtools/smartperf_host/smartperf_host/trace_streamer/gn/toolchain:solink	production	component-prefix
developtools	smartperf_host	developtools/smartperf_host	smartperf_host	developtools/smartperf_host/smartperf_host/trace_streamer/gn/toolchain/BUILD.gn	221	tool	stamp	//developtools/smartperf_host/smartperf_host/trace_streamer/gn/toolchain:stamp	production	component-prefix
developtools	smartperf_host	developtools/smartperf_host	smartperf_host	developtools/smartperf_host/smartperf_host/trace_streamer/gn/toolchain/BUILD.gn	227	tool	copy	//developtools/smartperf_host/smartperf_host/trace_streamer/gn/toolchain:copy	production	component-prefix
developtools	smartperf_host	developtools/smartperf_host	smartperf_host	developtools/smartperf_host/smartperf_host/trace_streamer/sdk/demo_sdk/BUILD.gn	20	ohos_source_set	trace_streamer_sdk_builtin	//developtools/smartperf_host/smartperf_host/trace_streamer/sdk/demo_sdk:trace_streamer_sdk_builtin	production	component-prefix
developtools	smartperf_host	developtools/smartperf_host	smartperf_host	developtools/smartperf_host/smartperf_host/trace_streamer/sdk/demo_sdk/BUILD.gn	28	ohos_source_set	lib	//developtools/smartperf_host/smartperf_host/trace_streamer/sdk/demo_sdk:lib	production	component-prefix
developtools	smartperf_host	developtools/smartperf_host	smartperf_host	developtools/smartperf_host/smartperf_host/trace_streamer/sdk/demo_sdk/BUILD.gn	56	ohos_source_set	trace_streamer_sdk	//developtools/smartperf_host/smartperf_host/trace_streamer/sdk/demo_sdk:trace_streamer_sdk	production	component-prefix
developtools	smartperf_host	developtools/smartperf_host	smartperf_host	developtools/smartperf_host/smartperf_host/trace_streamer/sdk/demo_sdk/BUILD.gn	139	wasm_lib	trace_streamer_sdk_builtin_wasm	//developtools/smartperf_host/smartperf_host/trace_streamer/sdk/demo_sdk:trace_streamer_sdk_builtin_wasm	production	component-prefix
developtools	smartperf_host	developtools/smartperf_host	smartperf_host	developtools/smartperf_host/smartperf_host/trace_streamer/sdk/demo_sdk/BUILD.gn	145	executable	trace_streamer111	//developtools/smartperf_host/smartperf_host/trace_streamer/sdk/demo_sdk:trace_streamer111	production	component-prefix
developtools	smartperf_host	developtools/smartperf_host	smartperf_host	developtools/smartperf_host/smartperf_host/trace_streamer/sdk/demo_sdk/plugin/BUILD.gn	17	ohos_source_set	sdk_plugin	//developtools/smartperf_host/smartperf_host/trace_streamer/sdk/demo_sdk/plugin:sdk_plugin	production	component-prefix
developtools	smartperf_host	developtools/smartperf_host	smartperf_host	developtools/smartperf_host/smartperf_host/trace_streamer/sdk/demo_sdk/protos/BUILD.gn	19	config	ts_proto_include_config	//developtools/smartperf_host/smartperf_host/trace_streamer/sdk/demo_sdk/protos:ts_proto_include_config	build-support	component-prefix
developtools	smartperf_host	developtools/smartperf_host	smartperf_host	developtools/smartperf_host/smartperf_host/trace_streamer/sdk/demo_sdk/protos/BUILD.gn	22	source_set	ts_proto_data_cpp	//developtools/smartperf_host/smartperf_host/trace_streamer/sdk/demo_sdk/protos:ts_proto_data_cpp	production	component-prefix
developtools	smartperf_host	developtools/smartperf_host	smartperf_host	developtools/smartperf_host/smartperf_host/trace_streamer/sdk/demo_sdk/protos/types/plugins/mock_data/BUILD.gn	42	config	cpu_include_config	//developtools/smartperf_host/smartperf_host/trace_streamer/sdk/demo_sdk/protos/types/plugins/mock_data:cpu_include_config	build-support	component-prefix
developtools	smartperf_host	developtools/smartperf_host	smartperf_host	developtools/smartperf_host/smartperf_host/trace_streamer/sdk/demo_sdk/protos/types/plugins/mock_data/BUILD.gn	47	action	mock_data_cpp_gen	//developtools/smartperf_host/smartperf_host/trace_streamer/sdk/demo_sdk/protos/types/plugins/mock_data:mock_data_cpp_gen	aggregate-codegen	component-prefix
developtools	smartperf_host	developtools/smartperf_host	smartperf_host	developtools/smartperf_host/smartperf_host/trace_streamer/sdk/demo_sdk/protos/types/plugins/mock_data/BUILD.gn	69	ohos_source_set	mock_data_cpp	//developtools/smartperf_host/smartperf_host/trace_streamer/sdk/demo_sdk/protos/types/plugins/mock_data:mock_data_cpp	production	component-prefix
developtools	smartperf_host	developtools/smartperf_host	smartperf_host	developtools/smartperf_host/smartperf_host/trace_streamer/sdk/demo_sdk/protos/types/plugins/mock_data/BUILD.gn	80	ohos_source_set	mock_data_cpp_standard	//developtools/smartperf_host/smartperf_host/trace_streamer/sdk/demo_sdk/protos/types/plugins/mock_data:mock_data_cpp_standard	production	component-prefix
developtools	smartperf_host	developtools/smartperf_host	smartperf_host	developtools/smartperf_host/smartperf_host/trace_streamer/sdk/demo_sdk/protos/types/plugins/mock_data/BUILD.gn	91	ohos_source_set	mock_data_encoder	//developtools/smartperf_host/smartperf_host/trace_streamer/sdk/demo_sdk/protos/types/plugins/mock_data:mock_data_encoder	production	component-prefix
developtools	smartperf_host	developtools/smartperf_host	smartperf_host	developtools/smartperf_host/smartperf_host/trace_streamer/sdk/demo_sdk/test/BUILD.gn	19	ohos_unittest	trace_streamer_sdk_ut	//developtools/smartperf_host/smartperf_host/trace_streamer/sdk/demo_sdk/test:trace_streamer_sdk_ut	test	component-prefix
developtools	smartperf_host	developtools/smartperf_host	smartperf_host	developtools/smartperf_host/smartperf_host/trace_streamer/sdk/demo_sdk/test/BUILD.gn	84	group	sdkunittest	//developtools/smartperf_host/smartperf_host/trace_streamer/sdk/demo_sdk/test:sdkunittest	test	component-prefix
developtools	smartperf_host	developtools/smartperf_host	smartperf_host	developtools/smartperf_host/smartperf_host/trace_streamer/src/BUILD.gn	21	ohos_source_set	ts_sqlite	//developtools/smartperf_host/smartperf_host/trace_streamer/src:ts_sqlite	production	component-prefix
developtools	smartperf_host	developtools/smartperf_host	smartperf_host	developtools/smartperf_host/smartperf_host/trace_streamer/src/BUILD.gn	60	config	trace_streamer_cfg	//developtools/smartperf_host/smartperf_host/trace_streamer/src:trace_streamer_cfg	build-support	component-prefix
developtools	smartperf_host	developtools/smartperf_host	smartperf_host	developtools/smartperf_host/smartperf_host/trace_streamer/src/BUILD.gn	87	ohos_source_set	trace_streamer_source	//developtools/smartperf_host/smartperf_host/trace_streamer/src:trace_streamer_source	production	component-prefix
developtools	smartperf_host	developtools/smartperf_host	smartperf_host	developtools/smartperf_host/smartperf_host/trace_streamer/src/BUILD.gn	127	ohos_source_set	trace_streamer_builtin	//developtools/smartperf_host/smartperf_host/trace_streamer/src:trace_streamer_builtin	production	component-prefix
developtools	smartperf_host	developtools/smartperf_host	smartperf_host	developtools/smartperf_host/smartperf_host/trace_streamer/src/BUILD.gn	135	wasm_lib	trace_streamer_builtin_wasm	//developtools/smartperf_host/smartperf_host/trace_streamer/src:trace_streamer_builtin_wasm	production	component-prefix
developtools	smartperf_host	developtools/smartperf_host	smartperf_host	developtools/smartperf_host/smartperf_host/trace_streamer/src/BUILD.gn	141	ohos_executable	trace_streamer	//developtools/smartperf_host/smartperf_host/trace_streamer/src:trace_streamer	production	component-prefix
developtools	smartperf_host	developtools/smartperf_host	smartperf_host	developtools/smartperf_host/smartperf_host/trace_streamer/src/base/BUILD.gn	16	ohos_source_set	base	//developtools/smartperf_host/smartperf_host/trace_streamer/src/base:base	production	component-prefix
developtools	smartperf_host	developtools/smartperf_host	smartperf_host	developtools/smartperf_host/smartperf_host/trace_streamer/src/base/BUILD.gn	60	ohos_source_set	string_help	//developtools/smartperf_host/smartperf_host/trace_streamer/src/base:string_help	production	component-prefix
developtools	smartperf_host	developtools/smartperf_host	smartperf_host	developtools/smartperf_host/smartperf_host/trace_streamer/src/base/sqlite_ext/BUILD.gn	16	config	sqlite_ext_cfg	//developtools/smartperf_host/smartperf_host/trace_streamer/src/base/sqlite_ext:sqlite_ext_cfg	build-support	component-prefix
developtools	smartperf_host	developtools/smartperf_host	smartperf_host	developtools/smartperf_host/smartperf_host/trace_streamer/src/base/sqlite_ext/BUILD.gn	24	ohos_source_set	sqliteext	//developtools/smartperf_host/smartperf_host/trace_streamer/src/base/sqlite_ext:sqliteext	production	component-prefix
developtools	smartperf_host	developtools/smartperf_host	smartperf_host	developtools/smartperf_host/smartperf_host/trace_streamer/src/filter/BUILD.gn	17	config	filter_cfg	//developtools/smartperf_host/smartperf_host/trace_streamer/src/filter:filter_cfg	build-support	component-prefix
developtools	smartperf_host	developtools/smartperf_host	smartperf_host	developtools/smartperf_host/smartperf_host/trace_streamer/src/filter/BUILD.gn	78	ohos_source_set	filter	//developtools/smartperf_host/smartperf_host/trace_streamer/src/filter:filter	production	component-prefix
developtools	smartperf_host	developtools/smartperf_host	smartperf_host	developtools/smartperf_host/smartperf_host/trace_streamer/src/filter/hi_sysevent_filter/BUILD.gn	17	config	hi_sysevent_filter_cfg	//developtools/smartperf_host/smartperf_host/trace_streamer/src/filter/hi_sysevent_filter:hi_sysevent_filter_cfg	build-support	component-prefix
developtools	smartperf_host	developtools/smartperf_host	smartperf_host	developtools/smartperf_host/smartperf_host/trace_streamer/src/filter/hi_sysevent_filter/BUILD.gn	21	ohos_static_library	hi_sysevent_filter	//developtools/smartperf_host/smartperf_host/trace_streamer/src/filter/hi_sysevent_filter:hi_sysevent_filter	production	component-prefix
developtools	smartperf_host	developtools/smartperf_host	smartperf_host	developtools/smartperf_host/smartperf_host/trace_streamer/src/filter/hook_filter/BUILD.gn	17	config	native_hook_filter_cfg	//developtools/smartperf_host/smartperf_host/trace_streamer/src/filter/hook_filter:native_hook_filter_cfg	build-support	component-prefix
developtools	smartperf_host	developtools/smartperf_host	smartperf_host	developtools/smartperf_host/smartperf_host/trace_streamer/src/filter/hook_filter/BUILD.gn	24	ohos_static_library	native_hook_filter	//developtools/smartperf_host/smartperf_host/trace_streamer/src/filter/hook_filter:native_hook_filter	production	component-prefix
developtools	smartperf_host	developtools/smartperf_host	smartperf_host	developtools/smartperf_host/smartperf_host/trace_streamer/src/filter/js_heap_snapshot_filter/BUILD.gn	17	config	js_heap_snapshot_filter_cfg	//developtools/smartperf_host/smartperf_host/trace_streamer/src/filter/js_heap_snapshot_filter:js_heap_snapshot_filter_cfg	build-support	component-prefix
developtools	smartperf_host	developtools/smartperf_host	smartperf_host	developtools/smartperf_host/smartperf_host/trace_streamer/src/filter/js_heap_snapshot_filter/BUILD.gn	21	ohos_static_library	js_heap_snapshot_filter	//developtools/smartperf_host/smartperf_host/trace_streamer/src/filter/js_heap_snapshot_filter:js_heap_snapshot_filter	production	component-prefix
developtools	smartperf_host	developtools/smartperf_host	smartperf_host	developtools/smartperf_host/smartperf_host/trace_streamer/src/filter/perf_filter/BUILD.gn	17	config	hiperf_filter_cfg	//developtools/smartperf_host/smartperf_host/trace_streamer/src/filter/perf_filter:hiperf_filter_cfg	build-support	component-prefix
developtools	smartperf_host	developtools/smartperf_host	smartperf_host	developtools/smartperf_host/smartperf_host/trace_streamer/src/filter/perf_filter/BUILD.gn	21	ohos_static_library	hiperf_filter	//developtools/smartperf_host/smartperf_host/trace_streamer/src/filter/perf_filter:hiperf_filter	production	component-prefix
developtools	smartperf_host	developtools/smartperf_host	smartperf_host	developtools/smartperf_host/smartperf_host/trace_streamer/src/metrics/BUILD.gn	17	config	metrics_cfg	//developtools/smartperf_host/smartperf_host/trace_streamer/src/metrics:metrics_cfg	build-support	component-prefix
developtools	smartperf_host	developtools/smartperf_host	smartperf_host	developtools/smartperf_host/smartperf_host/trace_streamer/src/metrics/BUILD.gn	26	ohos_source_set	metrics_parser	//developtools/smartperf_host/smartperf_host/trace_streamer/src/metrics:metrics_parser	production	component-prefix
developtools	smartperf_host	developtools/smartperf_host	smartperf_host	developtools/smartperf_host/smartperf_host/trace_streamer/src/parser/BUILD.gn	17	config	parser_base_cfg	//developtools/smartperf_host/smartperf_host/trace_streamer/src/parser:parser_base_cfg	build-support	component-prefix
developtools	smartperf_host	developtools/smartperf_host	smartperf_host	developtools/smartperf_host/smartperf_host/trace_streamer/src/parser/BUILD.gn	74	config	hilog_parser_cfg	//developtools/smartperf_host/smartperf_host/trace_streamer/src/parser:hilog_parser_cfg	build-support	component-prefix
developtools	smartperf_host	developtools/smartperf_host	smartperf_host	developtools/smartperf_host/smartperf_host/trace_streamer/src/parser/BUILD.gn	82	config	hisysevent_parser_cfg	//developtools/smartperf_host/smartperf_host/trace_streamer/src/parser:hisysevent_parser_cfg	build-support	component-prefix
developtools	smartperf_host	developtools/smartperf_host	smartperf_host	developtools/smartperf_host/smartperf_host/trace_streamer/src/parser/BUILD.gn	91	ohos_source_set	parser	//developtools/smartperf_host/smartperf_host/trace_streamer/src/parser:parser	production	component-prefix
developtools	smartperf_host	developtools/smartperf_host	smartperf_host	developtools/smartperf_host/smartperf_host/trace_streamer/src/parser/ebpf_parser/BUILD.gn	16	config	ebpf_parser_cfg	//developtools/smartperf_host/smartperf_host/trace_streamer/src/parser/ebpf_parser:ebpf_parser_cfg	build-support	component-prefix
developtools	smartperf_host	developtools/smartperf_host	smartperf_host	developtools/smartperf_host/smartperf_host/trace_streamer/src/parser/ebpf_parser/BUILD.gn	65	ohos_static_library	ebpf_parser	//developtools/smartperf_host/smartperf_host/trace_streamer/src/parser/ebpf_parser:ebpf_parser	production	component-prefix
developtools	smartperf_host	developtools/smartperf_host	smartperf_host	developtools/smartperf_host/smartperf_host/trace_streamer/src/parser/hiperf_parser/BUILD.gn	18	config	bzip2_config	//developtools/smartperf_host/smartperf_host/trace_streamer/src/parser/hiperf_parser:bzip2_config	build-support	component-prefix
developtools	smartperf_host	developtools/smartperf_host	smartperf_host	developtools/smartperf_host/smartperf_host/trace_streamer/src/parser/hiperf_parser/BUILD.gn	22	ohos_source_set	bzip2_src	//developtools/smartperf_host/smartperf_host/trace_streamer/src/parser/hiperf_parser:bzip2_src	production	component-prefix
developtools	smartperf_host	developtools/smartperf_host	smartperf_host	developtools/smartperf_host/smartperf_host/trace_streamer/src/parser/hiperf_parser/BUILD.gn	38	ohos_source_set	libbz2	//developtools/smartperf_host/smartperf_host/trace_streamer/src/parser/hiperf_parser:libbz2	production	component-prefix
developtools	smartperf_host	developtools/smartperf_host	smartperf_host	developtools/smartperf_host/smartperf_host/trace_streamer/src/parser/hiperf_parser/BUILD.gn	47	config	zlib_config	//developtools/smartperf_host/smartperf_host/trace_streamer/src/parser/hiperf_parser:zlib_config	build-support	component-prefix
developtools	smartperf_host	developtools/smartperf_host	smartperf_host	developtools/smartperf_host/smartperf_host/trace_streamer/src/parser/hiperf_parser/BUILD.gn	57	config	zlib_public_config	//developtools/smartperf_host/smartperf_host/trace_streamer/src/parser/hiperf_parser:zlib_public_config	build-support	component-prefix
developtools	smartperf_host	developtools/smartperf_host	smartperf_host	developtools/smartperf_host/smartperf_host/trace_streamer/src/parser/hiperf_parser/BUILD.gn	81	ohos_source_set	libz	//developtools/smartperf_host/smartperf_host/trace_streamer/src/parser/hiperf_parser:libz	production	component-prefix
developtools	smartperf_host	developtools/smartperf_host	smartperf_host	developtools/smartperf_host/smartperf_host/trace_streamer/src/parser/hiperf_parser/BUILD.gn	133	ohos_source_set	libsec_static	//developtools/smartperf_host/smartperf_host/trace_streamer/src/parser/hiperf_parser:libsec_static	production	component-prefix
developtools	smartperf_host	developtools/smartperf_host	smartperf_host	developtools/smartperf_host/smartperf_host/trace_streamer/src/parser/hiperf_parser/BUILD.gn	148	config	faultloggerd_config	//developtools/smartperf_host/smartperf_host/trace_streamer/src/parser/hiperf_parser:faultloggerd_config	build-support	component-prefix
developtools	smartperf_host	developtools/smartperf_host	smartperf_host	developtools/smartperf_host/smartperf_host/trace_streamer/src/parser/hiperf_parser/BUILD.gn	155	config	faultloggerd_public_config	//developtools/smartperf_host/smartperf_host/trace_streamer/src/parser/hiperf_parser:faultloggerd_public_config	build-support	component-prefix
developtools	smartperf_host	developtools/smartperf_host	smartperf_host	developtools/smartperf_host/smartperf_host/trace_streamer/src/parser/hiperf_parser/BUILD.gn	182	ohos_source_set	libfaultloggerd	//developtools/smartperf_host/smartperf_host/trace_streamer/src/parser/hiperf_parser:libfaultloggerd	production	component-prefix
developtools	smartperf_host	developtools/smartperf_host	smartperf_host	developtools/smartperf_host/smartperf_host/trace_streamer/src/parser/hiperf_parser/BUILD.gn	213	config	ts_hiperf_config	//developtools/smartperf_host/smartperf_host/trace_streamer/src/parser/hiperf_parser:ts_hiperf_config	build-support	component-prefix
developtools	smartperf_host	developtools/smartperf_host	smartperf_host	developtools/smartperf_host/smartperf_host/trace_streamer/src/parser/hiperf_parser/BUILD.gn	224	config	ts_hiperf_public_config	//developtools/smartperf_host/smartperf_host/trace_streamer/src/parser/hiperf_parser:ts_hiperf_public_config	build-support	component-prefix
developtools	smartperf_host	developtools/smartperf_host	smartperf_host	developtools/smartperf_host/smartperf_host/trace_streamer/src/parser/hiperf_parser/BUILD.gn	239	ohos_source_set	ts_hiperf_src	//developtools/smartperf_host/smartperf_host/trace_streamer/src/parser/hiperf_parser:ts_hiperf_src	production	component-prefix
developtools	smartperf_host	developtools/smartperf_host	smartperf_host	developtools/smartperf_host/smartperf_host/trace_streamer/src/parser/hiperf_parser/BUILD.gn	253	config	hiperf_parser_cfg	//developtools/smartperf_host/smartperf_host/trace_streamer/src/parser/hiperf_parser:hiperf_parser_cfg	build-support	component-prefix
developtools	smartperf_host	developtools/smartperf_host	smartperf_host	developtools/smartperf_host/smartperf_host/trace_streamer/src/parser/hiperf_parser/BUILD.gn	319	ohos_static_library	hiperf_parser	//developtools/smartperf_host/smartperf_host/trace_streamer/src/parser/hiperf_parser:hiperf_parser	production	component-prefix
developtools	smartperf_host	developtools/smartperf_host	smartperf_host	developtools/smartperf_host/smartperf_host/trace_streamer/src/parser/pbreader_parser/BUILD.gn	15	ohos_source_set	pbreader_parser_src	//developtools/smartperf_host/smartperf_host/trace_streamer/src/parser/pbreader_parser:pbreader_parser_src	production	component-prefix
developtools	smartperf_host	developtools/smartperf_host	smartperf_host	developtools/smartperf_host/smartperf_host/trace_streamer/src/parser/pbreader_parser/arkts/BUILD.gn	16	config	arkts_parser_cfg	//developtools/smartperf_host/smartperf_host/trace_streamer/src/parser/pbreader_parser/arkts:arkts_parser_cfg	build-support	component-prefix
developtools	smartperf_host	developtools/smartperf_host	smartperf_host	developtools/smartperf_host/smartperf_host/trace_streamer/src/parser/pbreader_parser/arkts/BUILD.gn	20	ohos_static_library	pbreader_arkts_parser	//developtools/smartperf_host/smartperf_host/trace_streamer/src/parser/pbreader_parser/arkts:pbreader_arkts_parser	production	component-prefix
developtools	smartperf_host	developtools/smartperf_host	smartperf_host	developtools/smartperf_host/smartperf_host/trace_streamer/src/parser/pbreader_parser/cpu_data_parser/BUILD.gn	16	config	cpu_data_parser_cfg	//developtools/smartperf_host/smartperf_host/trace_streamer/src/parser/pbreader_parser/cpu_data_parser:cpu_data_parser_cfg	build-support	component-prefix
developtools	smartperf_host	developtools/smartperf_host	smartperf_host	developtools/smartperf_host/smartperf_host/trace_streamer/src/parser/pbreader_parser/cpu_data_parser/BUILD.gn	20	ohos_static_library	cpu_data_parser	//developtools/smartperf_host/smartperf_host/trace_streamer/src/parser/pbreader_parser/cpu_data_parser:cpu_data_parser	production	component-prefix
developtools	smartperf_host	developtools/smartperf_host	smartperf_host	developtools/smartperf_host/smartperf_host/trace_streamer/src/parser/pbreader_parser/disk_io_parser/BUILD.gn	16	config	disk_io_parser_cfg	//developtools/smartperf_host/smartperf_host/trace_streamer/src/parser/pbreader_parser/disk_io_parser:disk_io_parser_cfg	build-support	component-prefix
developtools	smartperf_host	developtools/smartperf_host	smartperf_host	developtools/smartperf_host/smartperf_host/trace_streamer/src/parser/pbreader_parser/disk_io_parser/BUILD.gn	20	ohos_static_library	disk_io_parser	//developtools/smartperf_host/smartperf_host/trace_streamer/src/parser/pbreader_parser/disk_io_parser:disk_io_parser	production	component-prefix
developtools	smartperf_host	developtools/smartperf_host	smartperf_host	developtools/smartperf_host/smartperf_host/trace_streamer/src/parser/pbreader_parser/ffrt_parser/BUILD.gn	16	config	ffrt_parser_cfg	//developtools/smartperf_host/smartperf_host/trace_streamer/src/parser/pbreader_parser/ffrt_parser:ffrt_parser_cfg	build-support	component-prefix
developtools	smartperf_host	developtools/smartperf_host	smartperf_host	developtools/smartperf_host/smartperf_host/trace_streamer/src/parser/pbreader_parser/ffrt_parser/BUILD.gn	20	ohos_static_library	pbreader_ffrt_parser	//developtools/smartperf_host/smartperf_host/trace_streamer/src/parser/pbreader_parser/ffrt_parser:pbreader_ffrt_parser	production	component-prefix
developtools	smartperf_host	developtools/smartperf_host	smartperf_host	developtools/smartperf_host/smartperf_host/trace_streamer/src/parser/pbreader_parser/hidump_parser/BUILD.gn	16	config	hidump_parser_cfg	//developtools/smartperf_host/smartperf_host/trace_streamer/src/parser/pbreader_parser/hidump_parser:hidump_parser_cfg	build-support	component-prefix
developtools	smartperf_host	developtools/smartperf_host	smartperf_host	developtools/smartperf_host/smartperf_host/trace_streamer/src/parser/pbreader_parser/hidump_parser/BUILD.gn	20	ohos_static_library	pbreader_hidump_parser	//developtools/smartperf_host/smartperf_host/trace_streamer/src/parser/pbreader_parser/hidump_parser:pbreader_hidump_parser	production	component-prefix
developtools	smartperf_host	developtools/smartperf_host	smartperf_host	developtools/smartperf_host/smartperf_host/trace_streamer/src/parser/pbreader_parser/hilog_parser/BUILD.gn	16	ohos_static_library	pbreader_hilog_parser	//developtools/smartperf_host/smartperf_host/trace_streamer/src/parser/pbreader_parser/hilog_parser:pbreader_hilog_parser	production	component-prefix
developtools	smartperf_host	developtools/smartperf_host	smartperf_host	developtools/smartperf_host/smartperf_host/trace_streamer/src/parser/pbreader_parser/hisysevent_parser/BUILD.gn	16	ohos_static_library	pbreader_hisysevent_parser	//developtools/smartperf_host/smartperf_host/trace_streamer/src/parser/pbreader_parser/hisysevent_parser:pbreader_hisysevent_parser	production	component-prefix
developtools	smartperf_host	developtools/smartperf_host	smartperf_host	developtools/smartperf_host/smartperf_host/trace_streamer/src/parser/pbreader_parser/htrace_parser/BUILD.gn	16	config	htrace_cfg	//developtools/smartperf_host/smartperf_host/trace_streamer/src/parser/pbreader_parser/htrace_parser:htrace_cfg	build-support	component-prefix
developtools	smartperf_host	developtools/smartperf_host	smartperf_host	developtools/smartperf_host/smartperf_host/trace_streamer/src/parser/pbreader_parser/htrace_parser/BUILD.gn	20	ohos_static_library	pbreader_htrace_parser	//developtools/smartperf_host/smartperf_host/trace_streamer/src/parser/pbreader_parser/htrace_parser:pbreader_htrace_parser	production	component-prefix
developtools	smartperf_host	developtools/smartperf_host	smartperf_host	developtools/smartperf_host/smartperf_host/trace_streamer/src/parser/pbreader_parser/mem_parser/BUILD.gn	16	config	mem_parser_cfg	//developtools/smartperf_host/smartperf_host/trace_streamer/src/parser/pbreader_parser/mem_parser:mem_parser_cfg	build-support	component-prefix
developtools	smartperf_host	developtools/smartperf_host	smartperf_host	developtools/smartperf_host/smartperf_host/trace_streamer/src/parser/pbreader_parser/mem_parser/BUILD.gn	20	ohos_static_library	pbreader_mem_parser	//developtools/smartperf_host/smartperf_host/trace_streamer/src/parser/pbreader_parser/mem_parser:pbreader_mem_parser	production	component-prefix
developtools	smartperf_host	developtools/smartperf_host	smartperf_host	developtools/smartperf_host/smartperf_host/trace_streamer/src/parser/pbreader_parser/native_hook_parser/BUILD.gn	16	config	native_hook_parser_cfg	//developtools/smartperf_host/smartperf_host/trace_streamer/src/parser/pbreader_parser/native_hook_parser:native_hook_parser_cfg	build-support	component-prefix
developtools	smartperf_host	developtools/smartperf_host	smartperf_host	developtools/smartperf_host/smartperf_host/trace_streamer/src/parser/pbreader_parser/native_hook_parser/BUILD.gn	24	ohos_static_library	native_hook_parser	//developtools/smartperf_host/smartperf_host/trace_streamer/src/parser/pbreader_parser/native_hook_parser:native_hook_parser	production	component-prefix
developtools	smartperf_host	developtools/smartperf_host	smartperf_host	developtools/smartperf_host/smartperf_host/trace_streamer/src/parser/pbreader_parser/network_parser/BUILD.gn	16	config	network_parser_cfg	//developtools/smartperf_host/smartperf_host/trace_streamer/src/parser/pbreader_parser/network_parser:network_parser_cfg	build-support	component-prefix
developtools	smartperf_host	developtools/smartperf_host	smartperf_host	developtools/smartperf_host/smartperf_host/trace_streamer/src/parser/pbreader_parser/network_parser/BUILD.gn	20	ohos_static_library	network_parser	//developtools/smartperf_host/smartperf_host/trace_streamer/src/parser/pbreader_parser/network_parser:network_parser	production	component-prefix
developtools	smartperf_host	developtools/smartperf_host	smartperf_host	developtools/smartperf_host/smartperf_host/trace_streamer/src/parser/pbreader_parser/network_profiler_parser/BUILD.gn	16	config	network_profiler_parser_cfg	//developtools/smartperf_host/smartperf_host/trace_streamer/src/parser/pbreader_parser/network_profiler_parser:network_profiler_parser_cfg	build-support	component-prefix
developtools	smartperf_host	developtools/smartperf_host	smartperf_host	developtools/smartperf_host/smartperf_host/trace_streamer/src/parser/pbreader_parser/network_profiler_parser/BUILD.gn	20	ohos_static_library	network_profiler_parser	//developtools/smartperf_host/smartperf_host/trace_streamer/src/parser/pbreader_parser/network_profiler_parser:network_profiler_parser	production	component-prefix
developtools	smartperf_host	developtools/smartperf_host	smartperf_host	developtools/smartperf_host/smartperf_host/trace_streamer/src/parser/pbreader_parser/process_parser/BUILD.gn	16	config	process_parser_cfg	//developtools/smartperf_host/smartperf_host/trace_streamer/src/parser/pbreader_parser/process_parser:process_parser_cfg	build-support	component-prefix
developtools	smartperf_host	developtools/smartperf_host	smartperf_host	developtools/smartperf_host/smartperf_host/trace_streamer/src/parser/pbreader_parser/process_parser/BUILD.gn	20	ohos_static_library	process_parser	//developtools/smartperf_host/smartperf_host/trace_streamer/src/parser/pbreader_parser/process_parser:process_parser	production	component-prefix
developtools	smartperf_host	developtools/smartperf_host	smartperf_host	developtools/smartperf_host/smartperf_host/trace_streamer/src/parser/pbreader_parser/xpower_parser/BUILD.gn	16	config	xpower_parser_cfg	//developtools/smartperf_host/smartperf_host/trace_streamer/src/parser/pbreader_parser/xpower_parser:xpower_parser_cfg	build-support	component-prefix
developtools	smartperf_host	developtools/smartperf_host	smartperf_host	developtools/smartperf_host/smartperf_host/trace_streamer/src/parser/pbreader_parser/xpower_parser/BUILD.gn	20	ohos_static_library	pbreader_xpower_parser	//developtools/smartperf_host/smartperf_host/trace_streamer/src/parser/pbreader_parser/xpower_parser:pbreader_xpower_parser	production	component-prefix
developtools	smartperf_host	developtools/smartperf_host	smartperf_host	developtools/smartperf_host/smartperf_host/trace_streamer/src/parser/ptreader_parser/BUILD.gn	16	ohos_source_set	ptreader_parser_src	//developtools/smartperf_host/smartperf_host/trace_streamer/src/parser/ptreader_parser:ptreader_parser_src	production	component-prefix
developtools	smartperf_host	developtools/smartperf_host	smartperf_host	developtools/smartperf_host/smartperf_host/trace_streamer/src/parser/ptreader_parser/bytrace_parser/BUILD.gn	16	config	bytrace_parser_cfg	//developtools/smartperf_host/smartperf_host/trace_streamer/src/parser/ptreader_parser/bytrace_parser:bytrace_parser_cfg	build-support	component-prefix
developtools	smartperf_host	developtools/smartperf_host	smartperf_host	developtools/smartperf_host/smartperf_host/trace_streamer/src/parser/ptreader_parser/bytrace_parser/BUILD.gn	20	ohos_static_library	ptreader_bytrace_parser	//developtools/smartperf_host/smartperf_host/trace_streamer/src/parser/ptreader_parser/bytrace_parser:ptreader_bytrace_parser	production	component-prefix
developtools	smartperf_host	developtools/smartperf_host	smartperf_host	developtools/smartperf_host/smartperf_host/trace_streamer/src/parser/ptreader_parser/hilog_parser/BUILD.gn	16	ohos_static_library	ptreader_hilog_parser	//developtools/smartperf_host/smartperf_host/trace_streamer/src/parser/ptreader_parser/hilog_parser:ptreader_hilog_parser	production	component-prefix
developtools	smartperf_host	developtools/smartperf_host	smartperf_host	developtools/smartperf_host/smartperf_host/trace_streamer/src/parser/ptreader_parser/hisysevent_parser/BUILD.gn	16	ohos_static_library	ptreader_hisysevent_parser	//developtools/smartperf_host/smartperf_host/trace_streamer/src/parser/ptreader_parser/hisysevent_parser:ptreader_hisysevent_parser	production	component-prefix
developtools	smartperf_host	developtools/smartperf_host	smartperf_host	developtools/smartperf_host/smartperf_host/trace_streamer/src/parser/ptreader_parser/js_parser/BUILD.gn	16	ohos_static_library	ptreader_js_memory_parser	//developtools/smartperf_host/smartperf_host/trace_streamer/src/parser/ptreader_parser/js_parser:ptreader_js_memory_parser	production	component-prefix
developtools	smartperf_host	developtools/smartperf_host	smartperf_host	developtools/smartperf_host/smartperf_host/trace_streamer/src/parser/rawtrace_parser/BUILD.gn	16	config	rawtrace_parser_comm	//developtools/smartperf_host/smartperf_host/trace_streamer/src/parser/rawtrace_parser:rawtrace_parser_comm	build-support	component-prefix
developtools	smartperf_host	developtools/smartperf_host	smartperf_host	developtools/smartperf_host/smartperf_host/trace_streamer/src/parser/rawtrace_parser/BUILD.gn	61	ohos_static_library	rawtrace_parser	//developtools/smartperf_host/smartperf_host/trace_streamer/src/parser/rawtrace_parser:rawtrace_parser	production	component-prefix
developtools	smartperf_host	developtools/smartperf_host	smartperf_host	developtools/smartperf_host/smartperf_host/trace_streamer/src/proto_reader/BUILD.gn	16	ohos_source_set	proto_reader	//developtools/smartperf_host/smartperf_host/trace_streamer/src/proto_reader:proto_reader	production	component-prefix
developtools	smartperf_host	developtools/smartperf_host	smartperf_host	developtools/smartperf_host/smartperf_host/trace_streamer/src/proto_reader/protoc_plugin/BUILD.gn	15	ohos_executable	protoreader_plugin	//developtools/smartperf_host/smartperf_host/trace_streamer/src/proto_reader/protoc_plugin:protoreader_plugin	production	component-prefix
developtools	smartperf_host	developtools/smartperf_host	smartperf_host	developtools/smartperf_host/smartperf_host/trace_streamer/src/protos/BUILD.gn	18	config	protobuf_config	//developtools/smartperf_host/smartperf_host/trace_streamer/src/protos:protobuf_config	build-support	component-prefix
developtools	smartperf_host	developtools/smartperf_host	smartperf_host	developtools/smartperf_host/smartperf_host/trace_streamer/src/protos/BUILD.gn	107	source_set	protobuf_lite_static	//developtools/smartperf_host/smartperf_host/trace_streamer/src/protos:protobuf_lite_static	production	component-prefix
developtools	smartperf_host	developtools/smartperf_host	smartperf_host	developtools/smartperf_host/smartperf_host/trace_streamer/src/protos/BUILD.gn	130	source_set	protobuf_lite_static	//developtools/smartperf_host/smartperf_host/trace_streamer/src/protos:protobuf_lite_static	production	component-prefix
developtools	smartperf_host	developtools/smartperf_host	smartperf_host	developtools/smartperf_host/smartperf_host/trace_streamer/src/protos/BUILD.gn	148	source_set	protobuf_static	//developtools/smartperf_host/smartperf_host/trace_streamer/src/protos:protobuf_static	production	component-prefix
developtools	smartperf_host	developtools/smartperf_host	smartperf_host	developtools/smartperf_host/smartperf_host/trace_streamer/src/protos/BUILD.gn	172	source_set	protobuf_static	//developtools/smartperf_host/smartperf_host/trace_streamer/src/protos:protobuf_static	production	component-prefix
developtools	smartperf_host	developtools/smartperf_host	smartperf_host	developtools/smartperf_host/smartperf_host/trace_streamer/src/protos/BUILD.gn	212	source_set	protoc_lib	//developtools/smartperf_host/smartperf_host/trace_streamer/src/protos:protoc_lib	production	component-prefix
developtools	smartperf_host	developtools/smartperf_host	smartperf_host	developtools/smartperf_host/smartperf_host/trace_streamer/src/protos/BUILD.gn	323	executable	protoc	//developtools/smartperf_host/smartperf_host/trace_streamer/src/protos:protoc	production	component-prefix
developtools	smartperf_host	developtools/smartperf_host	smartperf_host	developtools/smartperf_host/smartperf_host/trace_streamer/src/protos/services/BUILD.gn	20	config	public_configs	//developtools/smartperf_host/smartperf_host/trace_streamer/src/protos/services:public_configs	build-support	component-prefix
developtools	smartperf_host	developtools/smartperf_host	smartperf_host	developtools/smartperf_host/smartperf_host/trace_streamer/src/protos/services/BUILD.gn	47	action	ts_all_type_gen	//developtools/smartperf_host/smartperf_host/trace_streamer/src/protos/services:ts_all_type_gen	aggregate-codegen	component-prefix
developtools	smartperf_host	developtools/smartperf_host	smartperf_host	developtools/smartperf_host/smartperf_host/trace_streamer/src/protos/services/BUILD.gn	69	ohos_source_set	ts_all_type_cpp	//developtools/smartperf_host/smartperf_host/trace_streamer/src/protos/services:ts_all_type_cpp	production	component-prefix
developtools	smartperf_host	developtools/smartperf_host	smartperf_host	developtools/smartperf_host/smartperf_host/trace_streamer/src/protos/services/BUILD.gn	81	ohos_source_set	ts_all_type_cpp_standard	//developtools/smartperf_host/smartperf_host/trace_streamer/src/protos/services:ts_all_type_cpp_standard	production	component-prefix
developtools	smartperf_host	developtools/smartperf_host	smartperf_host	developtools/smartperf_host/smartperf_host/trace_streamer/src/protos/smartperf_host/BUILD.gn	20	config	public_configs	//developtools/smartperf_host/smartperf_host/trace_streamer/src/protos/smartperf_host:public_configs	build-support	component-prefix
developtools	smartperf_host	developtools/smartperf_host	smartperf_host	developtools/smartperf_host/smartperf_host/trace_streamer/src/protos/smartperf_host/BUILD.gn	43	action	ts_all_sph_gen	//developtools/smartperf_host/smartperf_host/trace_streamer/src/protos/smartperf_host:ts_all_sph_gen	aggregate-codegen	component-prefix
developtools	smartperf_host	developtools/smartperf_host	smartperf_host	developtools/smartperf_host/smartperf_host/trace_streamer/src/protos/smartperf_host/BUILD.gn	65	ohos_source_set	ts_all_sph_cpp	//developtools/smartperf_host/smartperf_host/trace_streamer/src/protos/smartperf_host:ts_all_sph_cpp	production	component-prefix
developtools	smartperf_host	developtools/smartperf_host	smartperf_host	developtools/smartperf_host/smartperf_host/trace_streamer/src/protos/smartperf_host/BUILD.gn	77	ohos_source_set	ts_all_sph_cpp_standard	//developtools/smartperf_host/smartperf_host/trace_streamer/src/protos/smartperf_host:ts_all_sph_cpp_standard	production	component-prefix
developtools	smartperf_host	developtools/smartperf_host	smartperf_host	developtools/smartperf_host/smartperf_host/trace_streamer/src/protos/types/plugins/agent_data/BUILD.gn	47	config	agent_include_config	//developtools/smartperf_host/smartperf_host/trace_streamer/src/protos/types/plugins/agent_data:agent_include_config	build-support	component-prefix
developtools	smartperf_host	developtools/smartperf_host	smartperf_host	developtools/smartperf_host/smartperf_host/trace_streamer/src/protos/types/plugins/agent_data/BUILD.gn	52	action	ts_agent_data_cpp_gen	//developtools/smartperf_host/smartperf_host/trace_streamer/src/protos/types/plugins/agent_data:ts_agent_data_cpp_gen	aggregate-codegen	component-prefix
developtools	smartperf_host	developtools/smartperf_host	smartperf_host	developtools/smartperf_host/smartperf_host/trace_streamer/src/protos/types/plugins/agent_data/BUILD.gn	74	ohos_source_set	ts_agent_data_cpp	//developtools/smartperf_host/smartperf_host/trace_streamer/src/protos/types/plugins/agent_data:ts_agent_data_cpp	production	component-prefix
developtools	smartperf_host	developtools/smartperf_host	smartperf_host	developtools/smartperf_host/smartperf_host/trace_streamer/src/protos/types/plugins/bytrace_plugin/BUILD.gn	41	action	ts_bytrace_plugin_protos_protoc	//developtools/smartperf_host/smartperf_host/trace_streamer/src/protos/types/plugins/bytrace_plugin:ts_bytrace_plugin_protos_protoc	aggregate-codegen	component-prefix
developtools	smartperf_host	developtools/smartperf_host	smartperf_host	developtools/smartperf_host/smartperf_host/trace_streamer/src/protos/types/plugins/bytrace_plugin/BUILD.gn	57	config	bytrace_plugin_protos_config	//developtools/smartperf_host/smartperf_host/trace_streamer/src/protos/types/plugins/bytrace_plugin:bytrace_plugin_protos_config	build-support	component-prefix
developtools	smartperf_host	developtools/smartperf_host	smartperf_host	developtools/smartperf_host/smartperf_host/trace_streamer/src/protos/types/plugins/bytrace_plugin/BUILD.gn	61	ohos_source_set	ts_bytrace_plugin_protos_cpp	//developtools/smartperf_host/smartperf_host/trace_streamer/src/protos/types/plugins/bytrace_plugin:ts_bytrace_plugin_protos_cpp	production	component-prefix
developtools	smartperf_host	developtools/smartperf_host	smartperf_host	developtools/smartperf_host/smartperf_host/trace_streamer/src/protos/types/plugins/bytrace_plugin/BUILD.gn	74	ohos_source_set	ts_bytrace_plugin_protos_cpp_standard	//developtools/smartperf_host/smartperf_host/trace_streamer/src/protos/types/plugins/bytrace_plugin:ts_bytrace_plugin_protos_cpp_standard	production	component-prefix
developtools	smartperf_host	developtools/smartperf_host	smartperf_host	developtools/smartperf_host/smartperf_host/trace_streamer/src/protos/types/plugins/cpu_data/BUILD.gn	40	config	cpu_include_config	//developtools/smartperf_host/smartperf_host/trace_streamer/src/protos/types/plugins/cpu_data:cpu_include_config	build-support	component-prefix
developtools	smartperf_host	developtools/smartperf_host	smartperf_host	developtools/smartperf_host/smartperf_host/trace_streamer/src/protos/types/plugins/cpu_data/BUILD.gn	45	action	ts_cpu_data_cpp_gen	//developtools/smartperf_host/smartperf_host/trace_streamer/src/protos/types/plugins/cpu_data:ts_cpu_data_cpp_gen	aggregate-codegen	component-prefix
developtools	smartperf_host	developtools/smartperf_host	smartperf_host	developtools/smartperf_host/smartperf_host/trace_streamer/src/protos/types/plugins/cpu_data/BUILD.gn	67	ohos_source_set	ts_cpu_data_cpp	//developtools/smartperf_host/smartperf_host/trace_streamer/src/protos/types/plugins/cpu_data:ts_cpu_data_cpp	production	component-prefix
developtools	smartperf_host	developtools/smartperf_host	smartperf_host	developtools/smartperf_host/smartperf_host/trace_streamer/src/protos/types/plugins/cpu_data/BUILD.gn	80	ohos_source_set	cpu_data_reader	//developtools/smartperf_host/smartperf_host/trace_streamer/src/protos/types/plugins/cpu_data:cpu_data_reader	production	component-prefix
developtools	smartperf_host	developtools/smartperf_host	smartperf_host	developtools/smartperf_host/smartperf_host/trace_streamer/src/protos/types/plugins/diskio_data/BUILD.gn	40	config	diskio_include_config	//developtools/smartperf_host/smartperf_host/trace_streamer/src/protos/types/plugins/diskio_data:diskio_include_config	build-support	component-prefix
developtools	smartperf_host	developtools/smartperf_host	smartperf_host	developtools/smartperf_host/smartperf_host/trace_streamer/src/protos/types/plugins/diskio_data/BUILD.gn	45	action	ts_diskio_data_cpp_gen	//developtools/smartperf_host/smartperf_host/trace_streamer/src/protos/types/plugins/diskio_data:ts_diskio_data_cpp_gen	aggregate-codegen	component-prefix
developtools	smartperf_host	developtools/smartperf_host	smartperf_host	developtools/smartperf_host/smartperf_host/trace_streamer/src/protos/types/plugins/diskio_data/BUILD.gn	67	ohos_source_set	ts_diskio_data_cpp	//developtools/smartperf_host/smartperf_host/trace_streamer/src/protos/types/plugins/diskio_data:ts_diskio_data_cpp	production	component-prefix
developtools	smartperf_host	developtools/smartperf_host	smartperf_host	developtools/smartperf_host/smartperf_host/trace_streamer/src/protos/types/plugins/diskio_data/BUILD.gn	80	ohos_source_set	diskio_data_reader	//developtools/smartperf_host/smartperf_host/trace_streamer/src/protos/types/plugins/diskio_data:diskio_data_reader	production	component-prefix
developtools	smartperf_host	developtools/smartperf_host	smartperf_host	developtools/smartperf_host/smartperf_host/trace_streamer/src/protos/types/plugins/ffrt_profiler/BUILD.gn	40	config	ffrt_profiler_include_config	//developtools/smartperf_host/smartperf_host/trace_streamer/src/protos/types/plugins/ffrt_profiler:ffrt_profiler_include_config	build-support	component-prefix
developtools	smartperf_host	developtools/smartperf_host	smartperf_host	developtools/smartperf_host/smartperf_host/trace_streamer/src/protos/types/plugins/ffrt_profiler/BUILD.gn	45	action	ts_ffrt_profiler_cpp_gen	//developtools/smartperf_host/smartperf_host/trace_streamer/src/protos/types/plugins/ffrt_profiler:ts_ffrt_profiler_cpp_gen	aggregate-codegen	component-prefix
developtools	smartperf_host	developtools/smartperf_host	smartperf_host	developtools/smartperf_host/smartperf_host/trace_streamer/src/protos/types/plugins/ffrt_profiler/BUILD.gn	67	ohos_source_set	ts_ffrt_profiler_cpp	//developtools/smartperf_host/smartperf_host/trace_streamer/src/protos/types/plugins/ffrt_profiler:ts_ffrt_profiler_cpp	production	component-prefix
developtools	smartperf_host	developtools/smartperf_host	smartperf_host	developtools/smartperf_host/smartperf_host/trace_streamer/src/protos/types/plugins/ffrt_profiler/BUILD.gn	79	ohos_source_set	ffrt_profiler_data_reader	//developtools/smartperf_host/smartperf_host/trace_streamer/src/protos/types/plugins/ffrt_profiler:ffrt_profiler_data_reader	production	component-prefix
developtools	smartperf_host	developtools/smartperf_host	smartperf_host	developtools/smartperf_host/smartperf_host/trace_streamer/src/protos/types/plugins/ftrace_data/default/BUILD.gn	43	action	ts_all_proto_gen	//developtools/smartperf_host/smartperf_host/trace_streamer/src/protos/types/plugins/ftrace_data/default:ts_all_proto_gen	aggregate-codegen	component-prefix
developtools	smartperf_host	developtools/smartperf_host	smartperf_host	developtools/smartperf_host/smartperf_host/trace_streamer/src/protos/types/plugins/ftrace_data/default/BUILD.gn	65	config	public_configs	//developtools/smartperf_host/smartperf_host/trace_streamer/src/protos/types/plugins/ftrace_data/default:public_configs	build-support	component-prefix
developtools	smartperf_host	developtools/smartperf_host	smartperf_host	developtools/smartperf_host/smartperf_host/trace_streamer/src/protos/types/plugins/ftrace_data/default/BUILD.gn	69	ohos_source_set	ts_ftrace_data_cpp	//developtools/smartperf_host/smartperf_host/trace_streamer/src/protos/types/plugins/ftrace_data/default:ts_ftrace_data_cpp	production	component-prefix
developtools	smartperf_host	developtools/smartperf_host	smartperf_host	developtools/smartperf_host/smartperf_host/trace_streamer/src/protos/types/plugins/ftrace_data/default/BUILD.gn	82	ohos_source_set	ftrace_data_reader	//developtools/smartperf_host/smartperf_host/trace_streamer/src/protos/types/plugins/ftrace_data/default:ftrace_data_reader	production	component-prefix
developtools	smartperf_host	developtools/smartperf_host	smartperf_host	developtools/smartperf_host/smartperf_host/trace_streamer/src/protos/types/plugins/hidump_data/BUILD.gn	40	config	hidump_include_config	//developtools/smartperf_host/smartperf_host/trace_streamer/src/protos/types/plugins/hidump_data:hidump_include_config	build-support	component-prefix
developtools	smartperf_host	developtools/smartperf_host	smartperf_host	developtools/smartperf_host/smartperf_host/trace_streamer/src/protos/types/plugins/hidump_data/BUILD.gn	45	action	ts_hidump_data_cpp_gen	//developtools/smartperf_host/smartperf_host/trace_streamer/src/protos/types/plugins/hidump_data:ts_hidump_data_cpp_gen	aggregate-codegen	component-prefix
developtools	smartperf_host	developtools/smartperf_host	smartperf_host	developtools/smartperf_host/smartperf_host/trace_streamer/src/protos/types/plugins/hidump_data/BUILD.gn	67	ohos_source_set	ts_hidump_data_cpp	//developtools/smartperf_host/smartperf_host/trace_streamer/src/protos/types/plugins/hidump_data:ts_hidump_data_cpp	production	component-prefix
developtools	smartperf_host	developtools/smartperf_host	smartperf_host	developtools/smartperf_host/smartperf_host/trace_streamer/src/protos/types/plugins/hidump_data/BUILD.gn	80	ohos_source_set	hidump_data_reader	//developtools/smartperf_host/smartperf_host/trace_streamer/src/protos/types/plugins/hidump_data:hidump_data_reader	production	component-prefix
developtools	smartperf_host	developtools/smartperf_host	smartperf_host	developtools/smartperf_host/smartperf_host/trace_streamer/src/protos/types/plugins/hiebpf_data/BUILD.gn	42	config	hiebpf_include_config	//developtools/smartperf_host/smartperf_host/trace_streamer/src/protos/types/plugins/hiebpf_data:hiebpf_include_config	build-support	component-prefix
developtools	smartperf_host	developtools/smartperf_host	smartperf_host	developtools/smartperf_host/smartperf_host/trace_streamer/src/protos/types/plugins/hiebpf_data/BUILD.gn	47	action	hiebpf_data_cpp_gen	//developtools/smartperf_host/smartperf_host/trace_streamer/src/protos/types/plugins/hiebpf_data:hiebpf_data_cpp_gen	aggregate-codegen	component-prefix
developtools	smartperf_host	developtools/smartperf_host	smartperf_host	developtools/smartperf_host/smartperf_host/trace_streamer/src/protos/types/plugins/hiebpf_data/BUILD.gn	63	ohos_source_set	hiebpf_data_cpp	//developtools/smartperf_host/smartperf_host/trace_streamer/src/protos/types/plugins/hiebpf_data:hiebpf_data_cpp	production	component-prefix
developtools	smartperf_host	developtools/smartperf_host	smartperf_host	developtools/smartperf_host/smartperf_host/trace_streamer/src/protos/types/plugins/hiebpf_data/BUILD.gn	76	ohos_source_set	hiebpf_data_cpp_standard	//developtools/smartperf_host/smartperf_host/trace_streamer/src/protos/types/plugins/hiebpf_data:hiebpf_data_cpp_standard	production	component-prefix
developtools	smartperf_host	developtools/smartperf_host	smartperf_host	developtools/smartperf_host/smartperf_host/trace_streamer/src/protos/types/plugins/hilog_data/BUILD.gn	40	config	hilog_include_config	//developtools/smartperf_host/smartperf_host/trace_streamer/src/protos/types/plugins/hilog_data:hilog_include_config	build-support	component-prefix
developtools	smartperf_host	developtools/smartperf_host	smartperf_host	developtools/smartperf_host/smartperf_host/trace_streamer/src/protos/types/plugins/hilog_data/BUILD.gn	45	action	ts_hilog_data_cpp_gen	//developtools/smartperf_host/smartperf_host/trace_streamer/src/protos/types/plugins/hilog_data:ts_hilog_data_cpp_gen	aggregate-codegen	component-prefix
developtools	smartperf_host	developtools/smartperf_host	smartperf_host	developtools/smartperf_host/smartperf_host/trace_streamer/src/protos/types/plugins/hilog_data/BUILD.gn	67	ohos_source_set	ts_hilog_data_cpp	//developtools/smartperf_host/smartperf_host/trace_streamer/src/protos/types/plugins/hilog_data:ts_hilog_data_cpp	production	component-prefix
developtools	smartperf_host	developtools/smartperf_host	smartperf_host	developtools/smartperf_host/smartperf_host/trace_streamer/src/protos/types/plugins/hilog_data/BUILD.gn	80	ohos_source_set	hilog_data_reader	//developtools/smartperf_host/smartperf_host/trace_streamer/src/protos/types/plugins/hilog_data:hilog_data_reader	production	component-prefix
developtools	smartperf_host	developtools/smartperf_host	smartperf_host	developtools/smartperf_host/smartperf_host/trace_streamer/src/protos/types/plugins/hiperf_call_plugin/BUILD.gn	34	action	ts_hiperf_call_plugin_protos_protoc	//developtools/smartperf_host/smartperf_host/trace_streamer/src/protos/types/plugins/hiperf_call_plugin:ts_hiperf_call_plugin_protos_protoc	aggregate-codegen	component-prefix
developtools	smartperf_host	developtools/smartperf_host	smartperf_host	developtools/smartperf_host/smartperf_host/trace_streamer/src/protos/types/plugins/hiperf_call_plugin/BUILD.gn	49	config	hiperf_call_plugin_protos_config	//developtools/smartperf_host/smartperf_host/trace_streamer/src/protos/types/plugins/hiperf_call_plugin:hiperf_call_plugin_protos_config	build-support	component-prefix
developtools	smartperf_host	developtools/smartperf_host	smartperf_host	developtools/smartperf_host/smartperf_host/trace_streamer/src/protos/types/plugins/hiperf_call_plugin/BUILD.gn	53	source_set	ts_hiperf_call_plugin_protos_cpp	//developtools/smartperf_host/smartperf_host/trace_streamer/src/protos/types/plugins/hiperf_call_plugin:ts_hiperf_call_plugin_protos_cpp	production	component-prefix
developtools	smartperf_host	developtools/smartperf_host	smartperf_host	developtools/smartperf_host/smartperf_host/trace_streamer/src/protos/types/plugins/hiperf_data/BUILD.gn	41	action	ts_hiperf_data_protos_protoc	//developtools/smartperf_host/smartperf_host/trace_streamer/src/protos/types/plugins/hiperf_data:ts_hiperf_data_protos_protoc	aggregate-codegen	component-prefix
developtools	smartperf_host	developtools/smartperf_host	smartperf_host	developtools/smartperf_host/smartperf_host/trace_streamer/src/protos/types/plugins/hiperf_data/BUILD.gn	57	config	hiperf_data_protos_config	//developtools/smartperf_host/smartperf_host/trace_streamer/src/protos/types/plugins/hiperf_data:hiperf_data_protos_config	build-support	component-prefix
developtools	smartperf_host	developtools/smartperf_host	smartperf_host	developtools/smartperf_host/smartperf_host/trace_streamer/src/protos/types/plugins/hiperf_data/BUILD.gn	61	ohos_source_set	ts_hiperf_data_cpp	//developtools/smartperf_host/smartperf_host/trace_streamer/src/protos/types/plugins/hiperf_data:ts_hiperf_data_cpp	production	component-prefix
developtools	smartperf_host	developtools/smartperf_host	smartperf_host	developtools/smartperf_host/smartperf_host/trace_streamer/src/protos/types/plugins/hiperf_data/BUILD.gn	74	ohos_source_set	ts_hiperf_data_cpp_standard	//developtools/smartperf_host/smartperf_host/trace_streamer/src/protos/types/plugins/hiperf_data:ts_hiperf_data_cpp_standard	production	component-prefix
developtools	smartperf_host	developtools/smartperf_host	smartperf_host	developtools/smartperf_host/smartperf_host/trace_streamer/src/protos/types/plugins/hisysevent_data/BUILD.gn	42	config	hisysevent_include_config	//developtools/smartperf_host/smartperf_host/trace_streamer/src/protos/types/plugins/hisysevent_data:hisysevent_include_config	build-support	component-prefix
developtools	smartperf_host	developtools/smartperf_host	smartperf_host	developtools/smartperf_host/smartperf_host/trace_streamer/src/protos/types/plugins/hisysevent_data/BUILD.gn	47	action	ts_hisysevent_data_cpp_gen	//developtools/smartperf_host/smartperf_host/trace_streamer/src/protos/types/plugins/hisysevent_data:ts_hisysevent_data_cpp_gen	aggregate-codegen	component-prefix
developtools	smartperf_host	developtools/smartperf_host	smartperf_host	developtools/smartperf_host/smartperf_host/trace_streamer/src/protos/types/plugins/hisysevent_data/BUILD.gn	69	ohos_source_set	ts_hisysevent_data_cpp	//developtools/smartperf_host/smartperf_host/trace_streamer/src/protos/types/plugins/hisysevent_data:ts_hisysevent_data_cpp	production	component-prefix
developtools	smartperf_host	developtools/smartperf_host	smartperf_host	developtools/smartperf_host/smartperf_host/trace_streamer/src/protos/types/plugins/hisysevent_data/BUILD.gn	82	ohos_source_set	hisysevent_data_reader	//developtools/smartperf_host/smartperf_host/trace_streamer/src/protos/types/plugins/hisysevent_data:hisysevent_data_reader	production	component-prefix
developtools	smartperf_host	developtools/smartperf_host	smartperf_host	developtools/smartperf_host/smartperf_host/trace_streamer/src/protos/types/plugins/js_memory/BUILD.gn	40	config	js_memory_include_config	//developtools/smartperf_host/smartperf_host/trace_streamer/src/protos/types/plugins/js_memory:js_memory_include_config	build-support	component-prefix
developtools	smartperf_host	developtools/smartperf_host	smartperf_host	developtools/smartperf_host/smartperf_host/trace_streamer/src/protos/types/plugins/js_memory/BUILD.gn	45	action	ts_js_memory_data_cpp_gen	//developtools/smartperf_host/smartperf_host/trace_streamer/src/protos/types/plugins/js_memory:ts_js_memory_data_cpp_gen	aggregate-codegen	component-prefix
developtools	smartperf_host	developtools/smartperf_host	smartperf_host	developtools/smartperf_host/smartperf_host/trace_streamer/src/protos/types/plugins/js_memory/BUILD.gn	67	ohos_source_set	ts_js_memory_data_cpp	//developtools/smartperf_host/smartperf_host/trace_streamer/src/protos/types/plugins/js_memory:ts_js_memory_data_cpp	production	component-prefix
developtools	smartperf_host	developtools/smartperf_host	smartperf_host	developtools/smartperf_host/smartperf_host/trace_streamer/src/protos/types/plugins/js_memory/BUILD.gn	80	ohos_source_set	js_memory_data_reader	//developtools/smartperf_host/smartperf_host/trace_streamer/src/protos/types/plugins/js_memory:js_memory_data_reader	production	component-prefix
developtools	smartperf_host	developtools/smartperf_host	smartperf_host	developtools/smartperf_host/smartperf_host/trace_streamer/src/protos/types/plugins/memory_data/BUILD.gn	42	config	memory_include_config	//developtools/smartperf_host/smartperf_host/trace_streamer/src/protos/types/plugins/memory_data:memory_include_config	build-support	component-prefix
developtools	smartperf_host	developtools/smartperf_host	smartperf_host	developtools/smartperf_host/smartperf_host/trace_streamer/src/protos/types/plugins/memory_data/BUILD.gn	47	action	ts_memory_data_cpp_gen	//developtools/smartperf_host/smartperf_host/trace_streamer/src/protos/types/plugins/memory_data:ts_memory_data_cpp_gen	aggregate-codegen	component-prefix
developtools	smartperf_host	developtools/smartperf_host	smartperf_host	developtools/smartperf_host/smartperf_host/trace_streamer/src/protos/types/plugins/memory_data/BUILD.gn	69	ohos_source_set	ts_memory_data_cpp	//developtools/smartperf_host/smartperf_host/trace_streamer/src/protos/types/plugins/memory_data:ts_memory_data_cpp	production	component-prefix
developtools	smartperf_host	developtools/smartperf_host	smartperf_host	developtools/smartperf_host/smartperf_host/trace_streamer/src/protos/types/plugins/memory_data/BUILD.gn	82	ohos_source_set	memory_data_reader	//developtools/smartperf_host/smartperf_host/trace_streamer/src/protos/types/plugins/memory_data:memory_data_reader	production	component-prefix
developtools	smartperf_host	developtools/smartperf_host	smartperf_host	developtools/smartperf_host/smartperf_host/trace_streamer/src/protos/types/plugins/native_hook/BUILD.gn	40	config	native_hook_include_config	//developtools/smartperf_host/smartperf_host/trace_streamer/src/protos/types/plugins/native_hook:native_hook_include_config	build-support	component-prefix
developtools	smartperf_host	developtools/smartperf_host	smartperf_host	developtools/smartperf_host/smartperf_host/trace_streamer/src/protos/types/plugins/native_hook/BUILD.gn	45	action	ts_native_hook_cpp_gen	//developtools/smartperf_host/smartperf_host/trace_streamer/src/protos/types/plugins/native_hook:ts_native_hook_cpp_gen	aggregate-codegen	component-prefix
developtools	smartperf_host	developtools/smartperf_host	smartperf_host	developtools/smartperf_host/smartperf_host/trace_streamer/src/protos/types/plugins/native_hook/BUILD.gn	67	ohos_source_set	ts_native_hook_cpp	//developtools/smartperf_host/smartperf_host/trace_streamer/src/protos/types/plugins/native_hook:ts_native_hook_cpp	production	component-prefix
developtools	smartperf_host	developtools/smartperf_host	smartperf_host	developtools/smartperf_host/smartperf_host/trace_streamer/src/protos/types/plugins/native_hook/BUILD.gn	79	ohos_source_set	native_hook_data_reader	//developtools/smartperf_host/smartperf_host/trace_streamer/src/protos/types/plugins/native_hook:native_hook_data_reader	production	component-prefix
developtools	smartperf_host	developtools/smartperf_host	smartperf_host	developtools/smartperf_host/smartperf_host/trace_streamer/src/protos/types/plugins/network_data/BUILD.gn	40	config	network_include_config	//developtools/smartperf_host/smartperf_host/trace_streamer/src/protos/types/plugins/network_data:network_include_config	build-support	component-prefix
developtools	smartperf_host	developtools/smartperf_host	smartperf_host	developtools/smartperf_host/smartperf_host/trace_streamer/src/protos/types/plugins/network_data/BUILD.gn	45	action	ts_network_data_cpp_gen	//developtools/smartperf_host/smartperf_host/trace_streamer/src/protos/types/plugins/network_data:ts_network_data_cpp_gen	aggregate-codegen	component-prefix
developtools	smartperf_host	developtools/smartperf_host	smartperf_host	developtools/smartperf_host/smartperf_host/trace_streamer/src/protos/types/plugins/network_data/BUILD.gn	67	ohos_source_set	ts_network_data_cpp	//developtools/smartperf_host/smartperf_host/trace_streamer/src/protos/types/plugins/network_data:ts_network_data_cpp	production	component-prefix
developtools	smartperf_host	developtools/smartperf_host	smartperf_host	developtools/smartperf_host/smartperf_host/trace_streamer/src/protos/types/plugins/network_data/BUILD.gn	80	ohos_source_set	network_data_reader	//developtools/smartperf_host/smartperf_host/trace_streamer/src/protos/types/plugins/network_data:network_data_reader	production	component-prefix
developtools	smartperf_host	developtools/smartperf_host	smartperf_host	developtools/smartperf_host/smartperf_host/trace_streamer/src/protos/types/plugins/network_profiler/BUILD.gn	40	config	network_profiler_include_config	//developtools/smartperf_host/smartperf_host/trace_streamer/src/protos/types/plugins/network_profiler:network_profiler_include_config	build-support	component-prefix
developtools	smartperf_host	developtools/smartperf_host	smartperf_host	developtools/smartperf_host/smartperf_host/trace_streamer/src/protos/types/plugins/network_profiler/BUILD.gn	45	action	ts_network_profiler_cpp_gen	//developtools/smartperf_host/smartperf_host/trace_streamer/src/protos/types/plugins/network_profiler:ts_network_profiler_cpp_gen	aggregate-codegen	component-prefix
developtools	smartperf_host	developtools/smartperf_host	smartperf_host	developtools/smartperf_host/smartperf_host/trace_streamer/src/protos/types/plugins/network_profiler/BUILD.gn	67	ohos_source_set	ts_network_profiler_cpp	//developtools/smartperf_host/smartperf_host/trace_streamer/src/protos/types/plugins/network_profiler:ts_network_profiler_cpp	production	component-prefix
developtools	smartperf_host	developtools/smartperf_host	smartperf_host	developtools/smartperf_host/smartperf_host/trace_streamer/src/protos/types/plugins/network_profiler/BUILD.gn	80	ohos_source_set	network_profiler_reader	//developtools/smartperf_host/smartperf_host/trace_streamer/src/protos/types/plugins/network_profiler:network_profiler_reader	production	component-prefix
developtools	smartperf_host	developtools/smartperf_host	smartperf_host	developtools/smartperf_host/smartperf_host/trace_streamer/src/protos/types/plugins/process_data/BUILD.gn	40	config	process_include_config	//developtools/smartperf_host/smartperf_host/trace_streamer/src/protos/types/plugins/process_data:process_include_config	build-support	component-prefix
developtools	smartperf_host	developtools/smartperf_host	smartperf_host	developtools/smartperf_host/smartperf_host/trace_streamer/src/protos/types/plugins/process_data/BUILD.gn	45	action	ts_process_data_cpp_gen	//developtools/smartperf_host/smartperf_host/trace_streamer/src/protos/types/plugins/process_data:ts_process_data_cpp_gen	aggregate-codegen	component-prefix
developtools	smartperf_host	developtools/smartperf_host	smartperf_host	developtools/smartperf_host/smartperf_host/trace_streamer/src/protos/types/plugins/process_data/BUILD.gn	67	ohos_source_set	ts_process_data_cpp	//developtools/smartperf_host/smartperf_host/trace_streamer/src/protos/types/plugins/process_data:ts_process_data_cpp	production	component-prefix
developtools	smartperf_host	developtools/smartperf_host	smartperf_host	developtools/smartperf_host/smartperf_host/trace_streamer/src/protos/types/plugins/process_data/BUILD.gn	80	ohos_source_set	process_data_reader	//developtools/smartperf_host/smartperf_host/trace_streamer/src/protos/types/plugins/process_data:process_data_reader	production	component-prefix
developtools	smartperf_host	developtools/smartperf_host	smartperf_host	developtools/smartperf_host/smartperf_host/trace_streamer/src/protos/types/plugins/sample_data/BUILD.gn	46	config	sample_include_config	//developtools/smartperf_host/smartperf_host/trace_streamer/src/protos/types/plugins/sample_data:sample_include_config	build-support	component-prefix
developtools	smartperf_host	developtools/smartperf_host	smartperf_host	developtools/smartperf_host/smartperf_host/trace_streamer/src/protos/types/plugins/sample_data/BUILD.gn	51	action	sample_data_cpp_gen	//developtools/smartperf_host/smartperf_host/trace_streamer/src/protos/types/plugins/sample_data:sample_data_cpp_gen	aggregate-codegen	component-prefix
developtools	smartperf_host	developtools/smartperf_host	smartperf_host	developtools/smartperf_host/smartperf_host/trace_streamer/src/protos/types/plugins/sample_data/BUILD.gn	68	ohos_source_set	sample_data_cpp	//developtools/smartperf_host/smartperf_host/trace_streamer/src/protos/types/plugins/sample_data:sample_data_cpp	production	component-prefix
developtools	smartperf_host	developtools/smartperf_host	smartperf_host	developtools/smartperf_host/smartperf_host/trace_streamer/src/protos/types/plugins/sample_data/BUILD.gn	81	ohos_source_set	sample_data_encoder	//developtools/smartperf_host/smartperf_host/trace_streamer/src/protos/types/plugins/sample_data:sample_data_encoder	production	component-prefix
developtools	smartperf_host	developtools/smartperf_host	smartperf_host	developtools/smartperf_host/smartperf_host/trace_streamer/src/protos/types/plugins/stream_data/BUILD.gn	40	config	stream_include_config	//developtools/smartperf_host/smartperf_host/trace_streamer/src/protos/types/plugins/stream_data:stream_include_config	build-support	component-prefix
developtools	smartperf_host	developtools/smartperf_host	smartperf_host	developtools/smartperf_host/smartperf_host/trace_streamer/src/protos/types/plugins/stream_data/BUILD.gn	45	action	stream_data_cpp_gen	//developtools/smartperf_host/smartperf_host/trace_streamer/src/protos/types/plugins/stream_data:stream_data_cpp_gen	aggregate-codegen	component-prefix
developtools	smartperf_host	developtools/smartperf_host	smartperf_host	developtools/smartperf_host/smartperf_host/trace_streamer/src/protos/types/plugins/stream_data/BUILD.gn	67	ohos_source_set	stream_data_cpp	//developtools/smartperf_host/smartperf_host/trace_streamer/src/protos/types/plugins/stream_data:stream_data_cpp	production	component-prefix
developtools	smartperf_host	developtools/smartperf_host	smartperf_host	developtools/smartperf_host/smartperf_host/trace_streamer/src/protos/types/plugins/stream_data/BUILD.gn	80	ohos_source_set	stream_data_reader	//developtools/smartperf_host/smartperf_host/trace_streamer/src/protos/types/plugins/stream_data:stream_data_reader	production	component-prefix
developtools	smartperf_host	developtools/smartperf_host	smartperf_host	developtools/smartperf_host/smartperf_host/trace_streamer/src/protos/types/plugins/test_data/BUILD.gn	37	config	test_include_config	//developtools/smartperf_host/smartperf_host/trace_streamer/src/protos/types/plugins/test_data:test_include_config	build-support	component-prefix
developtools	smartperf_host	developtools/smartperf_host	smartperf_host	developtools/smartperf_host/smartperf_host/trace_streamer/src/protos/types/plugins/test_data/BUILD.gn	42	action	test_data_cpp_gen	//developtools/smartperf_host/smartperf_host/trace_streamer/src/protos/types/plugins/test_data:test_data_cpp_gen	test	component-prefix
developtools	smartperf_host	developtools/smartperf_host	smartperf_host	developtools/smartperf_host/smartperf_host/trace_streamer/src/protos/types/plugins/test_data/BUILD.gn	64	ohos_source_set	test_data_cpp	//developtools/smartperf_host/smartperf_host/trace_streamer/src/protos/types/plugins/test_data:test_data_cpp	test	component-prefix
developtools	smartperf_host	developtools/smartperf_host	smartperf_host	developtools/smartperf_host/smartperf_host/trace_streamer/src/protos/types/plugins/test_data/BUILD.gn	77	ohos_source_set	test_data_encoder	//developtools/smartperf_host/smartperf_host/trace_streamer/src/protos/types/plugins/test_data:test_data_encoder	test	component-prefix
developtools	smartperf_host	developtools/smartperf_host	smartperf_host	developtools/smartperf_host/smartperf_host/trace_streamer/src/protos/types/plugins/xpower_data/BUILD.gn	40	config	xpower_include_config	//developtools/smartperf_host/smartperf_host/trace_streamer/src/protos/types/plugins/xpower_data:xpower_include_config	build-support	component-prefix
developtools	smartperf_host	developtools/smartperf_host	smartperf_host	developtools/smartperf_host/smartperf_host/trace_streamer/src/protos/types/plugins/xpower_data/BUILD.gn	45	action	ts_xpower_data_cpp_gen	//developtools/smartperf_host/smartperf_host/trace_streamer/src/protos/types/plugins/xpower_data:ts_xpower_data_cpp_gen	aggregate-codegen	component-prefix
developtools	smartperf_host	developtools/smartperf_host	smartperf_host	developtools/smartperf_host/smartperf_host/trace_streamer/src/protos/types/plugins/xpower_data/BUILD.gn	67	ohos_source_set	ts_xpower_data_cpp	//developtools/smartperf_host/smartperf_host/trace_streamer/src/protos/types/plugins/xpower_data:ts_xpower_data_cpp	production	component-prefix
developtools	smartperf_host	developtools/smartperf_host	smartperf_host	developtools/smartperf_host/smartperf_host/trace_streamer/src/protos/types/plugins/xpower_data/BUILD.gn	80	ohos_source_set	xpower_data_reader	//developtools/smartperf_host/smartperf_host/trace_streamer/src/protos/types/plugins/xpower_data:xpower_data_reader	production	component-prefix
developtools	smartperf_host	developtools/smartperf_host	smartperf_host	developtools/smartperf_host/smartperf_host/trace_streamer/src/table/BUILD.gn	17	ohos_source_set	table	//developtools/smartperf_host/smartperf_host/trace_streamer/src/table:table	production	component-prefix
developtools	smartperf_host	developtools/smartperf_host	smartperf_host	developtools/smartperf_host/smartperf_host/trace_streamer/src/table/base/BUILD.gn	16	config	base_tables_cfg	//developtools/smartperf_host/smartperf_host/trace_streamer/src/table/base:base_tables_cfg	build-support	component-prefix
developtools	smartperf_host	developtools/smartperf_host	smartperf_host	developtools/smartperf_host/smartperf_host/trace_streamer/src/table/base/BUILD.gn	41	ohos_source_set	base_tables	//developtools/smartperf_host/smartperf_host/trace_streamer/src/table/base:base_tables	production	component-prefix
developtools	smartperf_host	developtools/smartperf_host	smartperf_host	developtools/smartperf_host/smartperf_host/trace_streamer/src/table/ebpf/BUILD.gn	17	ohos_source_set	ebpf_tables	//developtools/smartperf_host/smartperf_host/trace_streamer/src/table/ebpf:ebpf_tables	production	component-prefix
developtools	smartperf_host	developtools/smartperf_host	smartperf_host	developtools/smartperf_host/smartperf_host/trace_streamer/src/table/ftrace/BUILD.gn	17	ohos_source_set	ftrace_tables	//developtools/smartperf_host/smartperf_host/trace_streamer/src/table/ftrace:ftrace_tables	production	component-prefix
developtools	smartperf_host	developtools/smartperf_host	smartperf_host	developtools/smartperf_host/smartperf_host/trace_streamer/src/table/hi_sysevent/BUILD.gn	17	ohos_source_set	hi_sysevent_tables	//developtools/smartperf_host/smartperf_host/trace_streamer/src/table/hi_sysevent:hi_sysevent_tables	production	component-prefix
developtools	smartperf_host	developtools/smartperf_host	smartperf_host	developtools/smartperf_host/smartperf_host/trace_streamer/src/table/hiperf/BUILD.gn	17	ohos_source_set	hiperf_tables	//developtools/smartperf_host/smartperf_host/trace_streamer/src/table/hiperf:hiperf_tables	production	component-prefix
developtools	smartperf_host	developtools/smartperf_host	smartperf_host	developtools/smartperf_host/smartperf_host/trace_streamer/src/table/js_memory/BUILD.gn	17	ohos_source_set	js_memory_tables	//developtools/smartperf_host/smartperf_host/trace_streamer/src/table/js_memory:js_memory_tables	production	component-prefix
developtools	smartperf_host	developtools/smartperf_host	smartperf_host	developtools/smartperf_host/smartperf_host/trace_streamer/src/table/monitor/BUILD.gn	17	ohos_source_set	monitor_tables	//developtools/smartperf_host/smartperf_host/trace_streamer/src/table/monitor:monitor_tables	production	component-prefix
developtools	smartperf_host	developtools/smartperf_host	smartperf_host	developtools/smartperf_host/smartperf_host/trace_streamer/src/table/native_hook/BUILD.gn	17	ohos_source_set	native_hook_tables	//developtools/smartperf_host/smartperf_host/trace_streamer/src/table/native_hook:native_hook_tables	production	component-prefix
developtools	smartperf_host	developtools/smartperf_host	smartperf_host	developtools/smartperf_host/smartperf_host/trace_streamer/src/table/network_profiler/BUILD.gn	17	ohos_source_set	network_profiler_tables	//developtools/smartperf_host/smartperf_host/trace_streamer/src/table/network_profiler:network_profiler_tables	production	component-prefix
developtools	smartperf_host	developtools/smartperf_host	smartperf_host	developtools/smartperf_host/smartperf_host/trace_streamer/src/table/xpower/BUILD.gn	17	ohos_source_set	xpower_tables	//developtools/smartperf_host/smartperf_host/trace_streamer/src/table/xpower:xpower_tables	production	component-prefix
developtools	smartperf_host	developtools/smartperf_host	smartperf_host	developtools/smartperf_host/smartperf_host/trace_streamer/src/trace_data/BUILD.gn	17	ohos_source_set	trace_data	//developtools/smartperf_host/smartperf_host/trace_streamer/src/trace_data:trace_data	production	component-prefix
developtools	smartperf_host	developtools/smartperf_host	smartperf_host	developtools/smartperf_host/smartperf_host/trace_streamer/test/BUILD.gn	20	ohos_unittest	trace_streamer_ut	//developtools/smartperf_host/smartperf_host/trace_streamer/test:trace_streamer_ut	test	component-prefix
developtools	smartperf_host	developtools/smartperf_host	smartperf_host	developtools/smartperf_host/smartperf_host/trace_streamer/test/BUILD.gn	198	group	unittest	//developtools/smartperf_host/smartperf_host/trace_streamer/test:unittest	test	component-prefix
developtools	smartperf_host	developtools/smartperf_host	smartperf_host	developtools/smartperf_host/smartperf_host/trace_streamer/test/BUILD.gn	203	group	fuzztest	//developtools/smartperf_host/smartperf_host/trace_streamer/test:fuzztest	test	component-prefix
developtools	smartperf_host	developtools/smartperf_host	smartperf_host	developtools/smartperf_host/smartperf_host/trace_streamer/test/test_fuzzer/bytrace_fuzzer/BUILD.gn	21	ohos_fuzztest	ts_bytrace_fuzz_test	//developtools/smartperf_host/smartperf_host/trace_streamer/test/test_fuzzer/bytrace_fuzzer:ts_bytrace_fuzz_test	test	component-prefix
developtools	smartperf_host	developtools/smartperf_host	smartperf_host	developtools/smartperf_host/smartperf_host/trace_streamer/test/test_fuzzer/bytrace_fuzzer/BUILD.gn	72	group	fuzztest	//developtools/smartperf_host/smartperf_host/trace_streamer/test/test_fuzzer/bytrace_fuzzer:fuzztest	test	component-prefix
developtools	smartperf_host	developtools/smartperf_host	smartperf_host	developtools/smartperf_host/smartperf_host/trace_streamer/test/test_fuzzer/htrace_fuzzer/BUILD.gn	21	ohos_fuzztest	ts_htrace_fuzz_test	//developtools/smartperf_host/smartperf_host/trace_streamer/test/test_fuzzer/htrace_fuzzer:ts_htrace_fuzz_test	test	component-prefix
developtools	smartperf_host	developtools/smartperf_host	smartperf_host	developtools/smartperf_host/smartperf_host/trace_streamer/test/test_fuzzer/htrace_fuzzer/BUILD.gn	72	group	fuzztest	//developtools/smartperf_host/smartperf_host/trace_streamer/test/test_fuzzer/htrace_fuzzer:fuzztest	test	component-prefix
developtools	smartperf_host	developtools/smartperf_host	smartperf_host	developtools/smartperf_host/smartperf_host/trace_streamer/test/test_fuzzer/selector_fuzzer/BUILD.gn	21	ohos_fuzztest	ts_selector_fuzz_test	//developtools/smartperf_host/smartperf_host/trace_streamer/test/test_fuzzer/selector_fuzzer:ts_selector_fuzz_test	test	component-prefix
developtools	smartperf_host	developtools/smartperf_host	smartperf_host	developtools/smartperf_host/smartperf_host/trace_streamer/test/test_fuzzer/selector_fuzzer/BUILD.gn	72	group	fuzztest	//developtools/smartperf_host/smartperf_host/trace_streamer/test/test_fuzzer/selector_fuzzer:fuzztest	test	component-prefix
developtools	smartperf_host	developtools/smartperf_host	smartperf_host	developtools/smartperf_host/smartperf_host/trace_streamer/test/unittest/BUILD.gn	17	config	gtest_private_config	//developtools/smartperf_host/smartperf_host/trace_streamer/test/unittest:gtest_private_config	build-support	component-prefix
developtools	smartperf_host	developtools/smartperf_host	smartperf_host	developtools/smartperf_host/smartperf_host/trace_streamer/test/unittest/BUILD.gn	22	config	gtest_config	//developtools/smartperf_host/smartperf_host/trace_streamer/test/unittest:gtest_config	build-support	component-prefix
developtools	smartperf_host	developtools/smartperf_host	smartperf_host	developtools/smartperf_host/smartperf_host/trace_streamer/test/unittest/BUILD.gn	82	static_library	gtest	//developtools/smartperf_host/smartperf_host/trace_streamer/test/unittest:gtest	test	component-prefix
developtools	smartperf_host	developtools/smartperf_host	smartperf_host	developtools/smartperf_host/smartperf_host/trace_streamer/test/unittest/BUILD.gn	95	static_library	gtest_main	//developtools/smartperf_host/smartperf_host/trace_streamer/test/unittest:gtest_main	test	component-prefix
developtools	smartperf_host	developtools/smartperf_host	smartperf_host	developtools/smartperf_host/smartperf_host/trace_streamer/test/unittest/BUILD.gn	101	config	gmock_private_config	//developtools/smartperf_host/smartperf_host/trace_streamer/test/unittest:gmock_private_config	build-support	component-prefix
developtools	smartperf_host	developtools/smartperf_host	smartperf_host	developtools/smartperf_host/smartperf_host/trace_streamer/test/unittest/BUILD.gn	106	config	gmock_config	//developtools/smartperf_host/smartperf_host/trace_streamer/test/unittest:gmock_config	build-support	component-prefix
developtools	smartperf_host	developtools/smartperf_host	smartperf_host	developtools/smartperf_host/smartperf_host/trace_streamer/test/unittest/BUILD.gn	142	static_library	gmock	//developtools/smartperf_host/smartperf_host/trace_streamer/test/unittest:gmock	test	component-prefix
developtools	smartperf_host	developtools/smartperf_host	smartperf_host	developtools/smartperf_host/smartperf_host/trace_streamer/test/unittest/BUILD.gn	152	static_library	gmock_main	//developtools/smartperf_host/smartperf_host/trace_streamer/test/unittest:gmock_main	test	component-prefix
developtools	syscap_codec	developtools/syscap_codec	syscap_codec	developtools/syscap_codec/BUILD.gn	18	config	internal	//developtools/syscap_codec:internal	build-support	component-prefix
developtools	syscap_codec	developtools/syscap_codec	syscap_codec	developtools/syscap_codec/BUILD.gn	35	ohos_executable	syscap_tool_bin	//developtools/syscap_codec:syscap_tool_bin	production	component-prefix
developtools	syscap_codec	developtools/syscap_codec	syscap_codec	developtools/syscap_codec/BUILD.gn	69	config	syscap_interface_public_config	//developtools/syscap_codec:syscap_interface_public_config	build-support	component-prefix
developtools	syscap_codec	developtools/syscap_codec	syscap_codec	developtools/syscap_codec/BUILD.gn	75	group	syscap_interface_shared	//developtools/syscap_codec:syscap_interface_shared	aggregate-codegen	component-prefix
developtools	syscap_codec	developtools/syscap_codec	syscap_codec	developtools/syscap_codec/BUILD.gn	78	shared_library	syscap_interface_shared	//developtools/syscap_codec:syscap_interface_shared	production	component-prefix
developtools	syscap_codec	developtools/syscap_codec	syscap_codec	developtools/syscap_codec/BUILD.gn	114	ohos_shared_library	syscap_interface_shared	//developtools/syscap_codec:syscap_interface_shared	production	component-prefix
developtools	syscap_codec	developtools/syscap_codec	syscap_codec	developtools/syscap_codec/BUILD.gn	142	group	syscap_tool_bin_linux	//developtools/syscap_codec:syscap_tool_bin_linux	aggregate-codegen	component-prefix
developtools	syscap_codec	developtools/syscap_codec	syscap_codec	developtools/syscap_codec/BUILD.gn	146	build_ext_component	generate_pcid	//developtools/syscap_codec:generate_pcid	production	component-prefix
developtools	syscap_codec	developtools/syscap_codec	syscap_codec	developtools/syscap_codec/BUILD.gn	164	ohos_prebuilt_etc	pcid.sc	//developtools/syscap_codec:pcid.sc	production	component-prefix
developtools	syscap_codec	developtools/syscap_codec	syscap_codec	developtools/syscap_codec/BUILD.gn	173	action	gen_syscap_define_custom	//developtools/syscap_codec:gen_syscap_define_custom	aggregate-codegen	component-prefix
developtools	syscap_codec	developtools/syscap_codec	syscap_codec	developtools/syscap_codec/BUILD.gn	191	group	pcid_sc	//developtools/syscap_codec:pcid_sc	aggregate-codegen	component-prefix
developtools	syscap_codec	developtools/syscap_codec	syscap_codec	developtools/syscap_codec/BUILD.gn	195	group	syscap_codec	//developtools/syscap_codec:syscap_codec	aggregate-codegen	component-prefix
developtools	syscap_codec	developtools/syscap_codec	syscap_codec	developtools/syscap_codec/napi/BUILD.gn	21	gen_js_obj	query_syscap_js	//developtools/syscap_codec/napi:query_syscap_js	aggregate-codegen	component-prefix
developtools	syscap_codec	developtools/syscap_codec	syscap_codec	developtools/syscap_codec/napi/BUILD.gn	34	ohos_shared_library	systemcapability	//developtools/syscap_codec/napi:systemcapability	production	component-prefix
developtools	syscap_codec	developtools/syscap_codec	syscap_codec	developtools/syscap_codec/taihe/BUILD.gn	16	group	taihe_group	//developtools/syscap_codec/taihe:taihe_group	aggregate-codegen	component-prefix
developtools	syscap_codec	developtools/syscap_codec	syscap_codec	developtools/syscap_codec/taihe/syscap/BUILD.gn	17	copy_taihe_idl	copy_systemCapability	//developtools/syscap_codec/taihe/syscap:copy_systemCapability	aggregate-codegen	component-prefix
developtools	syscap_codec	developtools/syscap_codec	syscap_codec	developtools/syscap_codec/taihe/syscap/BUILD.gn	24	ohos_taihe	run_taihe	//developtools/syscap_codec/taihe/syscap:run_taihe	production	component-prefix
developtools	syscap_codec	developtools/syscap_codec	syscap_codec	developtools/syscap_codec/taihe/syscap/BUILD.gn	33	taihe_shared_library	systemCapability_taihe_native	//developtools/syscap_codec/taihe/syscap:systemCapability_taihe_native	production	component-prefix
developtools	syscap_codec	developtools/syscap_codec	syscap_codec	developtools/syscap_codec/taihe/syscap/BUILD.gn	72	generate_static_abc	systemCapability	//developtools/syscap_codec/taihe/syscap:systemCapability	aggregate-codegen	component-prefix
developtools	syscap_codec	developtools/syscap_codec	syscap_codec	developtools/syscap_codec/taihe/syscap/BUILD.gn	80	ohos_prebuilt_etc	systemCapability_etc	//developtools/syscap_codec/taihe/syscap:systemCapability_etc	production	component-prefix
developtools	syscap_codec	developtools/syscap_codec	syscap_codec	developtools/syscap_codec/test/unittest/common/BUILD.gn	23	executable	test_syscap_napi_unittest	//developtools/syscap_codec/test/unittest/common:test_syscap_napi_unittest	test	component-prefix
developtools	syscap_codec	developtools/syscap_codec	syscap_codec	developtools/syscap_codec/test/unittest/common/BUILD.gn	61	group	unittest	//developtools/syscap_codec/test/unittest/common:unittest	test	component-prefix
developtools	syscap_codec	developtools/syscap_codec	syscap_codec	developtools/syscap_codec/test/unittest/common/BUILD.gn	72	ohos_unittest	syscap_codec_test	//developtools/syscap_codec/test/unittest/common:syscap_codec_test	test	component-prefix
developtools	syscap_codec	developtools/syscap_codec	syscap_codec	developtools/syscap_codec/test/unittest/common/BUILD.gn	100	group	unittest	//developtools/syscap_codec/test/unittest/common:unittest	test	component-prefix
