
[32m	*********Welcome to OpenHarmony!*********[0m

+++++++++++++++++++++++++++++++++++++++++++++++++++++++++
[33m Your system shell isn't bash, we recommend you to use bash, because some commands may not be supported in other shells, such as pushd and shopt are not supported in dash. 
 You can follow these tips to modify the system shell to bash on Ubuntu: [0m
[33m [1]:Open the Terminal tool and execute the following command: sudo dpkg-reconfigure dash 
 [2]:Enter the password and select <no>  [0m
+++++++++++++++++++++++++++++++++++++++++++++++++++++++++
[32mCurrent time: 2026-07-08 18:37:02[0m
+++++++++++++++++++++++++++++++++++++++++++++++++++++++++
[32mBuild args: --product-name rk3568 --ccache --build-target hiview_package[0m
+++++++++++++++++++++++++++++++++++++++++++++++++++++++++
[OHOS INFO] Current Node.js version is v14.21.1
[32m[OHOS INFO] Node.js version check passed![0m
[OHOS INFO] Ohpm initialization started...
[OHOS INFO] Current ohpm version is 5.0.8
ohpm [33mWARN: [39m[33mYour "NodeJs" version is less than the recommended version "18.x.x", please upgrade it as soon as possible.[39m
ohpm [90mDEBUG: [39m[90mconfig set registry https://repo.harmonyos.com/ohpm/[39m
ohpm [90mDEBUG: [39m[90mstart to write trace data[39m
ohpm [90mDEBUG: [39m[90mstart to get key[39m
ohpm [90mDEBUG: [39m[90mstart to get root key[39m
ohpm [90mDEBUG: [39m[90mstart to get trace log dir[39m
ohpm [90mDEBUG: [39m[90mAudit failed, detail: the trace log file path is not exist! trace path: /home/mgces/Library/Caches/Huawei/DevEcoStudio5.0/TraceLogData[39m
ohpm [33mWARN: [39m[33mYour "NodeJs" version is less than the recommended version "18.x.x", please upgrade it as soon as possible.[39m
ohpm [90mDEBUG: [39m[90mconfig set strict_ssl false[39m
ohpm [90mDEBUG: [39m[90mstart to write trace data[39m
ohpm [90mDEBUG: [39m[90mstart to get key[39m
ohpm [90mDEBUG: [39m[90mstart to get root key[39m
ohpm [90mDEBUG: [39m[90mstart to get trace log dir[39m
ohpm [90mDEBUG: [39m[90mAudit failed, detail: the trace log file path is not exist! trace path: /home/mgces/Library/Caches/Huawei/DevEcoStudio5.0/TraceLogData[39m
ohpm [33mWARN: [39m[33mYour "NodeJs" version is less than the recommended version "18.x.x", please upgrade it as soon as possible.[39m
ohpm [90mDEBUG: [39m[90mconfig set log_level debug[39m
ohpm [90mDEBUG: [39m[90mstart to write trace data[39m
ohpm [90mDEBUG: [39m[90mstart to get key[39m
ohpm [90mDEBUG: [39m[90mstart to get root key[39m
ohpm [90mDEBUG: [39m[90mstart to get trace log dir[39m
ohpm [90mDEBUG: [39m[90mAudit failed, detail: the trace log file path is not exist! trace path: /home/mgces/Library/Caches/Huawei/DevEcoStudio5.0/TraceLogData[39m
[OHOS INFO] installing pnpm...
[OHOS INFO] installing hypium...
[32m[OHOS INFO] ohpm initialization successful![0m
+++++++++++++++++++++++++++++++++++++++++++++++++++++++++

[32m[OHOS INFO] Start building...[0m

[OHOS INFO]  Building the latest ohos-sdk...
[OHOS INFO]  Executing SDK build: /home/mgces/openharmony/code/prebuilts/python/linux-x86/3.12.10/bin/python3 /home/mgces/openharmony/code/build/hb/main.py build --product-name ohos-sdk --ccache=true --xcache=false --load-test-config=false --get-warning-list=false --stat-ccache=false --compute-overlap-rate=false --deps-guard=false --generate-ninja-trace=false --sbom=False --gn-args skip_generate_module_list_file=true sdk_platform=linux ndk_platform=linux use_cfi=false use_thin_lto=false enable_lto_O0=true sdk_check_flag=false enable_ndk_doxygen=false archive_ndk=false sdk_for_hap_build=true enable_archive_sdk=false enable_notice_collection=false enable_process_notice=false point_split=true
[OHOS INFO]  Set cache size limit to 100.0 GB
[OHOS INFO] [PRELOAD] generated build prop info to /home/mgces/openharmony/code/out/preloader/ohos-sdk/build.prop
[OHOS INFO] [PRELOAD] generated build config info to /home/mgces/openharmony/code/out/preloader/ohos-sdk/build_config.json
[OHOS INFO] [PRELOAD] generated product parts info to /home/mgces/openharmony/code/out/preloader/ohos-sdk/parts.json
[OHOS INFO] [PRELOAD] generated parts config info to /home/mgces/openharmony/code/out/preloader/ohos-sdk/parts_config.json
[OHOS INFO] [PRELOAD] generated build gnargs prop info to /home/mgces/openharmony/code/out/preloader/ohos-sdk/build_gnargs.prop
[OHOS INFO] [PRELOAD] generated features info to /home/mgces/openharmony/code/out/preloader/ohos-sdk/features.json
[OHOS INFO] [PRELOAD] generated syscap info to /home/mgces/openharmony/code/out/preloader/ohos-sdk/syscap.json
[OHOS INFO] [PRELOAD] generated exclusion modules info to /home/mgces/openharmony/code/out/preloader/ohos-sdk/exclusion_modules.json
[OHOS INFO] [PRELOAD] generated dependency pruning info to /home/mgces/openharmony/code/out/preloader/ohos-sdk/dependency_pruning.json
[OHOS INFO] [PRELOAD] generated platforms build info to /home/mgces/openharmony/code/out/preloader/ohos-sdk/platforms.build
[OHOS INFO] [PRELOAD] generated subsystem config info to /home/mgces/openharmony/code/out/preloader/ohos-sdk/subsystem_config.json
[OHOS INFO] [PRELOAD] generated system capability info to /home/mgces/openharmony/code/out/preloader/ohos-sdk/systemcapability.json
[OHOS INFO] [PRELOAD] generated compile_standard_whitelist info to /home/mgces/openharmony/code/out/preloader/ohos-sdk/compile_standard_whitelist.json
[OHOS INFO] [PRELOAD] generated compile_env_allowlist info to /home/mgces/openharmony/code/out/preloader/ohos-sdk/compile_env_allowlist.json
[OHOS INFO] [PRELOAD] generated hvigor_compile_whitelist info to /home/mgces/openharmony/code/out/preloader/ohos-sdk/hvigor_compile_hap_whitelist.json
[OHOS INFO]  The run time for _prebuild_and_preload is 0.01 s
[OHOS INFO] [LOAD] Checking all build args...
[OHOS INFO] [LOAD] subsytem config scan completed costed is 27.72 s
[93m[OHOS WARNING][0m [LOAD] condition target '//base/hiviewdfx/hilog/test:hilog_unittest' in '/home/mgces/openharmony/code/base/hiviewdfx/hilog/bundle.json' does not exist in 'sub_component', 'modules', 'group_type', 'inner_kits', 'inner_api' or 'test'
[93m[OHOS WARNING][0m [LOAD] condition target '//base/hiviewdfx/hilog/test:hilog_moduletest' in '/home/mgces/openharmony/code/base/hiviewdfx/hilog/bundle.json' does not exist in 'sub_component', 'modules', 'group_type', 'inner_kits', 'inner_api' or 'test'
[93m[OHOS WARNING][0m [LOAD] condition target '//base/hiviewdfx/hilog/test:fuzztest' in '/home/mgces/openharmony/code/base/hiviewdfx/hilog/bundle.json' does not exist in 'sub_component', 'modules', 'group_type', 'inner_kits', 'inner_api' or 'test'
[93m[OHOS WARNING][0m [LOAD] condition target '//foundation/arkui/ace_engine/test/unittest:unittest' in '/home/mgces/openharmony/code/foundation/arkui/ace_engine/bundle.json' does not exist in 'sub_component', 'modules', 'group_type', 'inner_kits', 'inner_api' or 'test'
[93m[OHOS WARNING][0m [LOAD] condition target '//foundation/arkui/ace_engine/test/benchmark:benchmark' in '/home/mgces/openharmony/code/foundation/arkui/ace_engine/bundle.json' does not exist in 'sub_component', 'modules', 'group_type', 'inner_kits', 'inner_api' or 'test'
[93m[OHOS WARNING][0m [LOAD] condition target '//foundation/arkui/napi:napi_packages_test' in '/home/mgces/openharmony/code/foundation/arkui/napi/bundle.json' does not exist in 'sub_component', 'modules', 'group_type', 'inner_kits', 'inner_api' or 'test'
[93m[OHOS WARNING][0m [LOAD] condition target '//foundation/arkui/napi/module_manager/test/unittest/module_manager_test:unittest' in '/home/mgces/openharmony/code/foundation/arkui/napi/bundle.json' does not exist in 'sub_component', 'modules', 'group_type', 'inner_kits', 'inner_api' or 'test'
[93m[OHOS WARNING][0m [LOAD] condition target '//foundation/arkui/napi/sample/native_module_systemtest:systemtest' in '/home/mgces/openharmony/code/foundation/arkui/napi/bundle.json' does not exist in 'sub_component', 'modules', 'group_type', 'inner_kits', 'inner_api' or 'test'
[93m[OHOS WARNING][0m [LOAD] condition target '//foundation/arkui/napi/test/unittest:unittest' in '/home/mgces/openharmony/code/foundation/arkui/napi/bundle.json' does not exist in 'sub_component', 'modules', 'group_type', 'inner_kits', 'inner_api' or 'test'
[93m[OHOS WARNING][0m [LOAD] condition target '//foundation/arkui/napi/test/fuzztest:fuzztest' in '/home/mgces/openharmony/code/foundation/arkui/napi/bundle.json' does not exist in 'sub_component', 'modules', 'group_type', 'inner_kits', 'inner_api' or 'test'
[93m[OHOS WARNING][0m [LOAD] condition target '//arkcompiler/ets_runtime/compiler_service:static_app_install_aot_enable_list.conf' in '/home/mgces/openharmony/code/arkcompiler/ets_runtime/bundle.json' does not exist in 'sub_component', 'modules', 'group_type', 'inner_kits', 'inner_api' or 'test'
[93m[OHOS WARNING][0m [LOAD] condition target '//arkcompiler/ets_runtime:ark_js_unittest' in '/home/mgces/openharmony/code/arkcompiler/ets_runtime/bundle.json' does not exist in 'sub_component', 'modules', 'group_type', 'inner_kits', 'inner_api' or 'test'
[93m[OHOS WARNING][0m [LOAD] condition target '//arkcompiler/ets_runtime/compiler_service/test:compiler_service_unittest' in '/home/mgces/openharmony/code/arkcompiler/ets_runtime/bundle.json' does not exist in 'sub_component', 'modules', 'group_type', 'inner_kits', 'inner_api' or 'test'
[93m[OHOS WARNING][0m [LOAD] condition target '//arkcompiler/ets_runtime/compiler_service/test:compiler_service_fuzztest' in '/home/mgces/openharmony/code/arkcompiler/ets_runtime/bundle.json' does not exist in 'sub_component', 'modules', 'group_type', 'inner_kits', 'inner_api' or 'test'
[OHOS INFO] [LOAD] all parts scan completed
[OHOS INFO] [LOAD] Loading configuration file...

[OHOS INFO] [LOAD] loader args:['platforms_config_file="/home/mgces/openharmony/code/out/preloader/ohos-sdk/platforms.build"', 'subsystem_config_file="/home/mgces/openharmony/code/out/preloader/ohos-sdk/subsystem_config.json"', 'example_subsystem_file=""', 'exclusion_modules_config_file="/home/mgces/openharmony/code/out/preloader/ohos-sdk/exclusion_modules.json"', 'source_root_dir="/home/mgces/openharmony/code/"', 'gn_root_out_dir="out/sdk"', 'build_platform_name=phone', 'build_xts=False', 'load_test_config=False', 'target_os=ohos', 'target_cpu=arm64', 'os_level=standard', "ignore_api_check=['xts', 'common', 'testfwk']", 'scalable_build=False', 'skip_partlist_check=False', 'enable_scan_optimization=False']
[OHOS INFO] [LOAD] Checking parts config...
[OHOS INFO] [LOAD] generated subsystem build config to '/home/mgces/openharmony/code/out/sdk/build_configs/subsystem_info/subsystem_build_config.json'
[OHOS INFO] [LOAD] generated src subsystem info to '/home/mgces/openharmony/code/out/sdk/build_configs/subsystem_info/src_subsystem_info.json'
[OHOS INFO] [LOAD] generated no src subsystem info to '/home/mgces/openharmony/code/out/sdk/build_configs/subsystem_info/no_src_subsystem_info.json'
[OHOS INFO] [LOAD] generate target platform parts to '/home/mgces/openharmony/code/out/sdk/build_configs/target_platforms_parts.json'
[OHOS INFO] [LOAD] generated system capabilities to '/home/mgces/openharmony/code/out/sdk/build_configs/phone_system_capabilities.json'
[OHOS INFO] [LOAD] generated platforms parts by src to '/home/mgces/openharmony/code/out/sdk/build_configs/platforms_parts_by_src.json'
[OHOS INFO] [LOAD] generate required parts targets to '/home/mgces/openharmony/code/out/sdk/build_configs/required_parts_targets.json'
[OHOS INFO] [LOAD] generate build targets list file to '/home/mgces/openharmony/code/out/sdk/build_configs/required_parts_targets_list.json'
[OHOS INFO] [LOAD] generated parts src flag to '/home/mgces/openharmony/code/out/sdk/build_configs/subsystem_info/parts_src_flag.json'
[OHOS INFO] [LOAD] generate auto install part to '/home/mgces/openharmony/code/out/sdk/build_configs/auto_install_parts.json'
[OHOS INFO] [LOAD] generate platforms list to '/home/mgces/openharmony/code/out/sdk/build_configs/platforms_list.gni'
[OHOS INFO] [LOAD] generate part different info to '/home/mgces/openharmony/code/out/sdk/build_configs/parts_different_info.json'
[OHOS INFO] [LOAD] generate infos for testfwk to '/home/mgces/openharmony/code/out/sdk/build_configs/infos_for_testfwk.json'
[OHOS INFO] [LOAD] Checking all product features...
[OHOS INFO] [LOAD] generate syscap info file to '/home/mgces/openharmony/code/out/preloader/ohos-sdk/system/etc/SystemCapability.json'
[OHOS INFO] [LOAD] generate syscap info with part name list to '/home/mgces/openharmony/code/out/preloader/ohos-sdk/system/etc/syscap.json'
[OHOS INFO] [LOAD] generate target syscap for init list to '/home/mgces/openharmony/code/out/preloader/ohos-sdk/system/etc/param/syscap.para'

[OHOS INFO] [GN] Excuting gn command: /home/mgces/openharmony/code/prebuilts/build-tools/linux-x86/bin/gn gen --args="product_name=\"ohos-sdk\" target_cpu=\"arm64\" precise_branch=\"\" is_standard_system=true product_path=\"/home/mgces/openharmony/code/productdefine/common/products\" product_config_path=\"/home/mgces/openharmony/code/productdefine/common/products\" device_name=\"sdk\" device_path=\"/home/mgces/openharmony/code/device/board/ohos/sdk\" device_company=\"ohos\" device_config_path=\"/home/mgces/openharmony/code/device/board/ohos/sdk\" ohos_build_compiler_specified=\"\" ohos_build_time=1783478230903 ohos_build_datetime=\"2026-07-08 18:37:10\" ace_engine_feature_enable_upgrade_skia=true os_account_multiple_active_accounts=false updater_feature_use_ptable=false updater_feature_updater_gen_executable=true updater_feature_sign_on_server=false graphic_2d_feature_upgrade_skia=true access_token_enhance_capability=false image_framework_feature_upgrade_skia=true qrcodegen_feature_ace_engine_qrcode_able=true skia_feature_upgrade=true mesa3d_feature_upgrade_skia=true build_ohos_sdk=true build_ohos_ndk=true enable_enhanced_opt=false ohos_build_enable_ccache=true ohos_build_type=\"debug\" device_type=\"default\" build_variant=\"root\" skip_generate_module_list_file=true sdk_platform=\"linux\" ndk_platform=\"linux\" use_cfi=false use_thin_lto=false enable_lto_O0=true sdk_check_flag=false enable_ndk_doxygen=false archive_ndk=false sdk_for_hap_build=true enable_archive_sdk=false enable_notice_collection=false enable_process_notice=false point_split=true root_perf_main=\"main\" runtime_mode=\"release\"" --args=product_name="ohos-sdk" target_cpu="arm64" precise_branch="" is_standard_system=true product_path="/home/mgces/openharmony/code/productdefine/common/products" product_config_path="/home/mgces/openharmony/code/productdefine/common/products" device_name="sdk" device_path="/home/mgces/openharmony/code/device/board/ohos/sdk" device_company="ohos" device_config_path="/home/mgces/openharmony/code/device/board/ohos/sdk" ohos_build_compiler_specified="" ohos_build_time=1783478230903 ohos_build_datetime="2026-07-08 18:37:10" ace_engine_feature_enable_upgrade_skia=true os_account_multiple_active_accounts=false updater_feature_use_ptable=false updater_feature_updater_gen_executable=true updater_feature_sign_on_server=false graphic_2d_feature_upgrade_skia=true access_token_enhance_capability=false image_framework_feature_upgrade_skia=true qrcodegen_feature_ace_engine_qrcode_able=true skia_feature_upgrade=true mesa3d_feature_upgrade_skia=true build_ohos_sdk=true build_ohos_ndk=true enable_enhanced_opt=false ohos_build_enable_ccache=true ohos_build_type="debug" device_type="default" build_variant="root" skip_generate_module_list_file=true sdk_platform="linux" ndk_platform="linux" use_cfi=false use_thin_lto=false enable_lto_O0=true sdk_check_flag=false enable_ndk_doxygen=false archive_ndk=false sdk_for_hap_build=true enable_archive_sdk=false enable_notice_collection=false enable_process_notice=false point_split=true root_perf_main="main" runtime_mode="release" /home/mgces/openharmony/code/out/sdk
[OHOS INFO] [GN] root_out_dir=//out/sdk
[OHOS INFO] [GN] root_build_dir=//out/sdk
[OHOS INFO] [GN] root_gen_dir=//out/sdk/gen
[OHOS INFO] [GN] current_toolchain=//build/toolchain/ohos:ohos_clang_arm64
[OHOS INFO] [GN] host_toolchain=//build/toolchain/linux:clang_x64
[OHOS INFO] [GN] ["--haptobin", "../../developtools/packing_tool/adapter/ohos", "--haptobinOutput", "clang_x64/obj/developtools/packing_tool/jar/haptobin_tool.jar", "--unpackOutput", "clang_x64/obj/developtools/packing_tool/jar/app_unpacking_tool.jar", "--packOutput", "clang_x64/obj/developtools/packing_tool/jar/app_packing_tool.jar", "--outpath", "clang_x64/obj/developtools/packing_tool/jar", "--checkOutput", "clang_x64/obj/developtools/packing_tool/jar/app_check_tool.jar", "--toolchain", "//build/toolchain/linux:clang_x64", "--compileTarget", "sdk"]
[OHOS INFO] [GN] openssl detecting os now...
[OHOS INFO] [GN] current_cpu = x64
[OHOS INFO] [GN] current_os = linux
[OHOS INFO] [GN] host_os = linux
[OHOS INFO] [GN] is_mingw = false
[OHOS INFO] [GN] openssl selected linux-x86_64
[OHOS INFO] [GN] openssl detecting os done. openssl_selected_platform = linux-x86_64
[OHOS INFO] [GN] Reading plugin sources: ets (//build/toolchain/linux:clang_x64)
[OHOS INFO] [GN] ************libhilog_base use_musl ***************
[OHOS INFO] [GN] ########## ets_runtime disable cmc-gc ##############
[OHOS INFO] [GN] ########## ets_runtime disable cmc-gc ##############
[OHOS INFO] [GN] Reading plugin sources: ets (//build/toolchain/ohos:ohos_clang_arm64)
[OHOS INFO] [GN] ************libhilog_base use_musl ***************
[OHOS INFO] [GN] openssl detecting os now...
[OHOS INFO] [GN] current_cpu = arm64
[OHOS INFO] [GN] current_os = ohos
[OHOS INFO] [GN] host_os = linux
[OHOS INFO] [GN] is_mingw = false
[OHOS INFO] [GN] openssl selected linux-aarch64
[OHOS INFO] [GN] openssl detecting os done. openssl_selected_platform = linux-aarch64
[OHOS INFO] [GN] ########## ets_runtime disable cmc-gc ##############
[OHOS INFO] [GN] ########## ets_runtime disable cmc-gc ##############
[OHOS INFO] [GN] Reading plugin sources: ets (//build/toolchain/mingw:mingw_x86_64)
[OHOS INFO] [GN] ************libhilog_base use_musl ***************
[OHOS INFO] [GN] ########## ets_runtime disable cmc-gc ##############
[OHOS INFO] [GN] ########## ets_runtime disable cmc-gc ##############
[OHOS INFO] [GN] input_feature_combination_key = false
[OHOS INFO] [GN] input_feature_pointer_drawing = true
[OHOS INFO] [GN] input_feature_monitor = true
[OHOS INFO] [GN] input_feature_interceptor = true
[OHOS INFO] [GN] input_feature_keyboard = false
[OHOS INFO] [GN] input_feature_switch = true
[OHOS INFO] [GN] input_feature_mouse = true
[OHOS INFO] [GN] input_feature_joystick = true
[OHOS INFO] [GN] input_feature_touchscreen = true
[OHOS INFO] [GN] input_feature_input_device = true
[OHOS INFO] [GN] input_feature_short_key = true
[OHOS INFO] [GN] input_ext_feature_keyboard_ext_flag = false
[OHOS INFO] [GN] input_feature_one_hand_mode_enable = false
[OHOS INFO] [GN] input_feature_move_event_filters = false
[OHOS INFO] [GN] input_feature_external_screen = true
[OHOS INFO] [GN] input_feature_touchpad = true
[OHOS INFO] [GN] input_feature_pen = true
[OHOS INFO] [GN] input_feature_touch_gesture = true
[OHOS INFO] [GN] input_controller_inject_enable = false
[OHOS INFO] [GN] target_out_dir //out/sdk/clang_x64/obj/arkcompiler/runtime_core/libark_defect_scan_aux/tests/unittest
[OHOS INFO] [GN] target_dir /home/mgces/openharmony/code/out/sdk/clang_x64/obj/arkcompiler/runtime_core/libark_defect_scan_aux/tests/unittest
[OHOS INFO] [GN] test_abc_dir /home/mgces/openharmony/code/out/sdk/clang_x64/obj/arkcompiler/runtime_core/libark_defect_scan_aux/tests/unittest
[OHOS INFO] [GN] target_out_dir //out/sdk/mingw_x86_64/obj/arkcompiler/runtime_core/libark_defect_scan_aux/tests/unittest
[OHOS INFO] [GN] target_dir /home/mgces/openharmony/code/out/sdk/mingw_x86_64/obj/arkcompiler/runtime_core/libark_defect_scan_aux/tests/unittest
[OHOS INFO] [GN] test_abc_dir /home/mgces/openharmony/code/out/sdk/mingw_x86_64/obj/arkcompiler/runtime_core/libark_defect_scan_aux/tests/unittest
[OHOS INFO] [GN] target_out_dir //out/sdk/obj/arkcompiler/runtime_core/libark_defect_scan_aux/tests/unittest
[OHOS INFO] [GN] target_dir /home/mgces/openharmony/code/out/sdk/obj/arkcompiler/runtime_core/libark_defect_scan_aux/tests/unittest
[OHOS INFO] [GN] test_abc_dir /home/mgces/openharmony/code/out/sdk/obj/arkcompiler/runtime_core/libark_defect_scan_aux/tests/unittest
[OHOS INFO] [GN] input_feature_combination_key = false
[OHOS INFO] [GN] input_feature_pointer_drawing = true
[OHOS INFO] [GN] input_feature_monitor = true
[OHOS INFO] [GN] input_feature_interceptor = true
[OHOS INFO] [GN] input_feature_keyboard = false
[OHOS INFO] [GN] input_feature_switch = true
[OHOS INFO] [GN] input_feature_mouse = true
[OHOS INFO] [GN] input_feature_joystick = true
[OHOS INFO] [GN] input_feature_touchscreen = true
[OHOS INFO] [GN] input_feature_input_device = true
[OHOS INFO] [GN] input_feature_short_key = true
[OHOS INFO] [GN] input_ext_feature_keyboard_ext_flag = false
[OHOS INFO] [GN] input_feature_one_hand_mode_enable = false
[OHOS INFO] [GN] input_feature_move_event_filters = false
[OHOS INFO] [GN] input_feature_external_screen = true
[OHOS INFO] [GN] input_feature_touchpad = true
[OHOS INFO] [GN] input_feature_pen = true
[OHOS INFO] [GN] input_feature_touch_gesture = true
[OHOS INFO] [GN] input_controller_inject_enable = false
[OHOS INFO] [GN] input_feature_combination_key = false
[OHOS INFO] [GN] input_feature_pointer_drawing = true
[OHOS INFO] [GN] input_feature_monitor = true
[OHOS INFO] [GN] input_feature_interceptor = true
[OHOS INFO] [GN] input_feature_keyboard = false
[OHOS INFO] [GN] input_feature_switch = true
[OHOS INFO] [GN] input_feature_mouse = true
[OHOS INFO] [GN] input_feature_joystick = true
[OHOS INFO] [GN] input_feature_touchscreen = true
[OHOS INFO] [GN] input_feature_input_device = true
[OHOS INFO] [GN] input_feature_short_key = true
[OHOS INFO] [GN] input_ext_feature_keyboard_ext_flag = false
[OHOS INFO] [GN] input_feature_one_hand_mode_enable = false
[OHOS INFO] [GN] input_feature_move_event_filters = false
[OHOS INFO] [GN] input_feature_external_screen = true
[OHOS INFO] [GN] input_feature_touchpad = true
[OHOS INFO] [GN] input_feature_pen = true
[OHOS INFO] [GN] input_feature_touch_gesture = true
[OHOS INFO] [GN] input_controller_inject_enable = false
[OHOS INFO] [GN] WARNING at the command-line "--args":1:339: Build argument has no effect.
[OHOS INFO] [GN] product_name="ohos-sdk" target_cpu="arm64" precise_branch="" is_standard_system=true product_path="/home/mgces/openharmony/code/productdefine/common/products" product_config_path="/home/mgces/openharmony/code/productdefine/common/products" device_name="sdk" device_path="/home/mgces/openharmony/code/device/board/ohos/sdk" device_company="ohos" device_config_path="/home/mgces/openharmony/code/device/board/ohos/sdk" ohos_build_compiler_specified="" ohos_build_time=1783478230903 ohos_build_datetime="2026-07-08 18:37:10" ace_engine_feature_enable_upgrade_skia=true os_account_multiple_active_accounts=false updater_feature_use_ptable=false updater_feature_updater_gen_executable=true updater_feature_sign_on_server=false graphic_2d_feature_upgrade_skia=true access_token_enhance_capability=false image_framework_feature_upgrade_skia=true qrcodegen_feature_ace_engine_qrcode_able=true skia_feature_upgrade=true mesa3d_feature_upgrade_skia=true build_ohos_sdk=true build_ohos_ndk=true enable_enhanced_opt=false ohos_build_enable_ccache=true ohos_build_type="debug" device_type="default" build_variant="root" skip_generate_module_list_file=true sdk_platform="linux" ndk_platform="linux" use_cfi=false use_thin_lto=false enable_lto_O0=true sdk_check_flag=false enable_ndk_doxygen=false archive_ndk=false sdk_for_hap_build=true enable_archive_sdk=false enable_notice_collection=false enable_process_notice=false point_split=true root_perf_main="main" runtime_mode="release"
[OHOS INFO] [GN]                                                                                                                                                                                                                                                                                                                                                   ^-----
[OHOS INFO] [GN] The variable "device_company" was set as a build argument
[OHOS INFO] [GN] but never appeared in a declare_args() block in any buildfile.
[OHOS INFO] [GN] 
[OHOS INFO] [GN] To view all possible args, run "gn args --list <out_dir>"
[OHOS INFO] [GN] 
[OHOS INFO] [GN] The build continued as if that argument was unspecified.
[OHOS INFO] [GN] 
[OHOS INFO] [GN] Done. Made 29621 targets from 2228 files in 67421ms
[OHOS INFO]  The run time for _gn is 67.46 s

[OHOS INFO] [NINJA] Excuting ninja command: /home/mgces/openharmony/code/prebuilts/build-tools/linux-x86/bin/ninja -w dupbuild=warn -C /home/mgces/openharmony/code/out/sdk build_ohos_sdk
[OHOS INFO] [NINJA] [1/6929] COPY ohos_clang_x86_64/obj/interface/sdk_c/ai/neural_network_runtime/ohos_clang_x86_64/libneural_network_runtime.so sdk-native/os-irrelevant/sysroot/usr/lib/x86_64-linux-ohos/libneural_network_runtime.so
[OHOS INFO] [NINJA] [2/6929] ACTION //arkcompiler/ets_frontend/ets2panda:check_build_system_consistency(//build/toolchain/linux:clang_x64)
[OHOS INFO] [NINJA] [3/6296] SOLINK ohos_clang_cortex_m/obj/interface/sdk_c/third_party/musl/ndk_script/adapter/ohos_clang_cortex_m/libc.so
[OHOS INFO] [NINJA] [4/6296] SOLINK ohos_clang_x86_64/obj/interface/sdk_c/ark_runtime/jsvm/ohos_clang_x86_64/libjsvm.so
[OHOS INFO] [NINJA] [5/6296] ACTION //developtools/ace_ets2bundle/ets1.2/interop:interop_compile(//build/toolchain/linux:clang_x64)
[OHOS INFO] [NINJA] [6/6295] CXX clang_x64/obj/arkcompiler/ets_runtime/ecmascript/builtins/libark_jsruntime_set/builtins_math.o
[OHOS INFO] [NINJA] [7/6295] CXX clang_x64/obj/arkcompiler/ets_runtime/ecmascript/builtins/libark_jsruntime_set/builtins_map.o
[OHOS INFO] [NINJA] [8/6295] CXX clang_x64/obj/arkcompiler/ets_runtime/ecmascript/builtins/libark_jsruntime_set/builtins_number.o

[91m[OHOS ERROR][0m [NINJA] command failed: "/home/mgces/openharmony/code/prebuilts/build-tools/linux-x86/bin/ninja -w dupbuild=warn -C /home/mgces/openharmony/code/out/sdk build_ohos_sdk" , ret_code: 1

[91m[OHOS ERROR][0m [NINJA] [3/6296] SOLINK ohos_clang_cortex_m/obj/interface/sdk_c/third_party/musl/ndk_script/adapter/ohos_clang_cortex_m/libc.so
[91m[OHOS ERROR][0m [NINJA] FAILED: [code=1] ohos_clang_cortex_m/obj/interface/sdk_c/third_party/musl/ndk_script/adapter/ohos_clang_cortex_m/libc.so ohos_clang_cortex_m/lib.unstripped/ohos_clang_cortex_m/obj/interface/sdk_c/third_party/musl/ndk_script/adapter/ohos_clang_cortex_m/libc.so 
[91m[OHOS ERROR][0m [NINJA] /usr/bin/env "../../build/toolchain/gcc_solink_wrapper.py" --readelf="../../prebuilts/clang/ohos/linux-x86_64/llvm/bin/llvm-readobj" --nm="../../prebuilts/clang/ohos/linux-x86_64/llvm/bin/llvm-nm" --strip=../../prebuilts/clang/ohos/linux-x86_64/llvm/bin/llvm-strip   --sofile="ohos_clang_cortex_m/lib.unstripped/ohos_clang_cortex_m/obj/interface/sdk_c/third_party/musl/ndk_script/adapter/ohos_clang_cortex_m/libc.so"  --output="ohos_clang_cortex_m/obj/interface/sdk_c/third_party/musl/ndk_script/adapter/ohos_clang_cortex_m/libc.so" --clang-base-dir="/home/mgces/openharmony/code/prebuilts/clang/ohos" --mini-debug -- ../../prebuilts/clang/ohos/linux-x86_64/llvm/bin/clang++ -shared -Wl,--pack-dyn-relocs=android+relr -Wl,--fatal-warnings -Wl,--build-id=md5 -fPIC -Wl,-z,noexecstack -Wl,-z,now -Wl,-z,relro -Wl,-z,defs -Wl,--as-needed -fuse-ld=lld -Wl,--icf=all -Wl,--color-diagnostics -Wl,--no-undefined -Wl,--exclude-libs=libunwind_llvm.a -Wl,--exclude-libs=libc++_static.a -Wl,--exclude-libs=libvpx_assembly_arm.a --target=arm-liteos-ohos -mcpu=cortex-m33 -march=armv8m.main+fp -mthumb -nostdlib -Werror -Wl,--warn-shared-textrel -Wl,-O2 -Wl,--gc-sections -Wl,--gdb-index --sysroot=ohos_clang_cortex_m/obj/third_party/musl -nostdlib -Lohos_clang_cortex_m/obj/third_party/musl/usr/lib/arm-liteos-ohos -L../../prebuilts/clang/ohos/linux-x86_64/llvm/lib/clang/15.0.4/lib/arm-liteos-ohos -Wl,--warn-shared-textrel -Wl,--lto-O0 -o "ohos_clang_cortex_m/lib.unstripped/ohos_clang_cortex_m/obj/interface/sdk_c/third_party/musl/ndk_script/adapter/ohos_clang_cortex_m/libc.so" @"ohos_clang_cortex_m/obj/interface/sdk_c/third_party/musl/ndk_script/adapter/ohos_clang_cortex_m/libc.so.rsp" -Wl,-soname="libc.so"
[91m[OHOS ERROR][0m [NINJA] ld.lld: [91merror[0m: undefined symbol: __aeabi_unwind_cpp_pr0
[91m[OHOS ERROR][0m [NINJA] >>> referenced by crtplus.c
[91m[OHOS ERROR][0m [NINJA] >>>               obj/third_party/musl/usr/lib/arm-liteos-ohos/crtn.o:(.ARM.exidx.text.__emutls_unregister_key+0x0)
[91m[OHOS ERROR][0m [NINJA] >>> referenced by crtplus.c
[91m[OHOS ERROR][0m [NINJA] >>>               obj/third_party/musl/usr/lib/arm-liteos-ohos/crtn.o:(.ARM.exidx.text.__on_dlclose_late+0x0)
[91m[OHOS ERROR][0m [NINJA] clang-15: [91merror[0m: linker command failed with exit code 1 (use -v to see invocation)

[OHOS INFO]  User Cpu%: 5.0%

[OHOS INFO]  System Cpu%: 5.0%

[OHOS INFO]  Idle CPU%: 85.0%

[OHOS INFO]  Total Memory: 23.5GB

[OHOS INFO]  Free Memory: 1.8GB

[OHOS INFO]  Swap Memory: 8.0GB

[OHOS INFO]  Filesystem: none, Size: 12G, Used: 0, Available: 12G, Use%: 0%, Mounted on: /usr/lib/modules/6.6.114.1-microsoft-standard-WSL2

[OHOS INFO]  Filesystem: none, Size: 12G, Used: 4.0K, Available: 12G, Use%: 1%, Mounted on: /mnt/wsl

[OHOS INFO]  Filesystem: drivers, Size: 200G, Used: 151G, Available: 49G, Use%: 76%, Mounted on: /usr/lib/wsl/drivers

[OHOS INFO]  Filesystem: /dev/sdd, Size: 1007G, Used: 238G, Available: 719G, Use%: 25%, Mounted on: /

[OHOS INFO]  Filesystem: none, Size: 12G, Used: 716K, Available: 12G, Use%: 1%, Mounted on: /mnt/wslg

[OHOS INFO]  Filesystem: none, Size: 12G, Used: 0, Available: 12G, Use%: 0%, Mounted on: /usr/lib/wsl/lib

[OHOS INFO]  Filesystem: rootfs, Size: 12G, Used: 2.8M, Available: 12G, Use%: 1%, Mounted on: /init

[OHOS INFO]  Filesystem: none, Size: 12G, Used: 476K, Available: 12G, Use%: 1%, Mounted on: /run

[OHOS INFO]  Filesystem: none, Size: 12G, Used: 0, Available: 12G, Use%: 0%, Mounted on: /run/lock

[OHOS INFO]  Filesystem: none, Size: 12G, Used: 0, Available: 12G, Use%: 0%, Mounted on: /run/shm

[OHOS INFO]  Filesystem: none, Size: 12G, Used: 80K, Available: 12G, Use%: 1%, Mounted on: /mnt/wslg/versions.txt

[OHOS INFO]  Filesystem: none, Size: 12G, Used: 80K, Available: 12G, Use%: 1%, Mounted on: /mnt/wslg/doc

[OHOS INFO]  Filesystem: C:\, Size: 200G, Used: 151G, Available: 49G, Use%: 76%, Mounted on: /mnt/c

[OHOS INFO]  Filesystem: D:\, Size: 754G, Used: 340G, Available: 415G, Use%: 46%, Mounted on: /mnt/d

[OHOS INFO]  Filesystem: tmpfs, Size: 2.4G, Used: 5.7M, Available: 2.4G, Use%: 1%, Mounted on: /run/user/1000

[91m[OHOS ERROR][0m [NINJA] Traceback (most recent call last):
[91m[OHOS ERROR][0m [NINJA]   File "/home/mgces/openharmony/code/build/hb/containers/status.py", line 47, in wrapper
[91m[OHOS ERROR][0m [NINJA]     return func(*args, **kwargs)
[91m[OHOS ERROR][0m [NINJA]            ^^^^^^^^^^^^^^^^^^^^^
[91m[OHOS ERROR][0m [NINJA]   File "/home/mgces/openharmony/code/build/hb/modules/ohos_build_module.py", line 71, in run
[91m[OHOS ERROR][0m [NINJA]     raise exception
[91m[OHOS ERROR][0m [NINJA]   File "/home/mgces/openharmony/code/build/hb/modules/ohos_build_module.py", line 68, in run
[91m[OHOS ERROR][0m [NINJA]     super().run()
[91m[OHOS ERROR][0m [NINJA]   File "/home/mgces/openharmony/code/build/hb/modules/interface/build_module_interface.py", line 70, in run
[91m[OHOS ERROR][0m [NINJA]     raise exception
[91m[OHOS ERROR][0m [NINJA]   File "/home/mgces/openharmony/code/build/hb/modules/interface/build_module_interface.py", line 68, in run
[91m[OHOS ERROR][0m [NINJA]     self._ninja()
[91m[OHOS ERROR][0m [NINJA]   File "/home/mgces/openharmony/code/build/hb/util/timer_util.py", line 30, in inner
[91m[OHOS ERROR][0m [NINJA]     res = func(*arg, **kwarg)
[91m[OHOS ERROR][0m [NINJA]           ^^^^^^^^^^^^^^^^^^^
[91m[OHOS ERROR][0m [NINJA]   File "/home/mgces/openharmony/code/build/hb/modules/interface/build_module_interface.py", line 125, in _ninja
[91m[OHOS ERROR][0m [NINJA]     self._target_compilation()
[91m[OHOS ERROR][0m [NINJA]   File "/home/mgces/openharmony/code/build/hb/modules/ohos_build_module.py", line 133, in _target_compilation
[91m[OHOS ERROR][0m [NINJA]     self.target_compiler.run()
[91m[OHOS ERROR][0m [NINJA]   File "/home/mgces/openharmony/code/build/hb/services/ninja.py", line 39, in run
[91m[OHOS ERROR][0m [NINJA]     self._execute_ninja_cmd()
[91m[OHOS ERROR][0m [NINJA]   File "/home/mgces/openharmony/code/build/hb/services/ninja.py", line 70, in _execute_ninja_cmd
[91m[OHOS ERROR][0m [NINJA]     SystemUtil.exec_command(
[91m[OHOS ERROR][0m [NINJA]   File "/home/mgces/openharmony/code/build/hb/util/system_util.py", line 142, in exec_command
[91m[OHOS ERROR][0m [NINJA]     LogUtil.get_failed_log(log_path, cmd)
[91m[OHOS ERROR][0m [NINJA]   File "/home/mgces/openharmony/code/build/hb/util/log_util.py", line 221, in get_failed_log
[91m[OHOS ERROR][0m [NINJA]     LogUtil.get_compiler_failed_log(log_path, cmd)
[91m[OHOS ERROR][0m [NINJA]   File "/home/mgces/openharmony/code/build/hb/util/log_util.py", line 208, in get_compiler_failed_log
[91m[OHOS ERROR][0m [NINJA]     raise OHOSException(
[91m[OHOS ERROR][0m [NINJA] exceptions.ohos_exception.OHOSException: COMPILE Failed! Please check error in /home/mgces/openharmony/code/out/sdk/error.log, and for more build information in /home/mgces/openharmony/code/out/sdk/build.log
[91m[OHOS ERROR][0m [NINJA] 

[91m[OHOS ERROR][0m [NINJA] Code:        4000
[91m[OHOS ERROR][0m [NINJA] 
[91m[OHOS ERROR][0m [NINJA] Reason:      COMPILE Failed! Please check error in /home/mgces/openharmony/code/out/sdk/error.log, and for more build information in /home/mgces/openharmony/code/out/sdk/build.log
[91m[OHOS ERROR][0m [NINJA] 
[91m[OHOS ERROR][0m [NINJA] Error Type:  Ninja build error
[91m[OHOS ERROR][0m [NINJA] 
[91m[OHOS ERROR][0m [NINJA] Description: An unknown error occurred while executing 'ninja -C'.
[91m[OHOS ERROR][0m [NINJA] 
[91m[OHOS ERROR][0m [NINJA] Solution:    no solution
[91m[OHOS ERROR][0m [NINJA] 

[91m[OHOS ERROR][0m  SDK build command failed: Command '['/home/mgces/openharmony/code/prebuilts/python/linux-x86/3.12.10/bin/python3', '/home/mgces/openharmony/code/build/hb/main.py', 'build', '--product-name', 'ohos-sdk', '--ccache=true', '--xcache=false', '--load-test-config=false', '--get-warning-list=false', '--stat-ccache=false', '--compute-overlap-rate=false', '--deps-guard=false', '--generate-ninja-trace=false', '--sbom=False', '--gn-args', 'skip_generate_module_list_file=true sdk_platform=linux ndk_platform=linux use_cfi=false use_thin_lto=false enable_lto_O0=true sdk_check_flag=false enable_ndk_doxygen=false archive_ndk=false sdk_for_hap_build=true enable_archive_sdk=false enable_notice_collection=false enable_process_notice=false point_split=true']' returned non-zero exit status 255.
[OHOS INFO]  Set cache size limit to 100.0 GB
[OHOS INFO] [PRELOAD] generated build prop info to /home/mgces/openharmony/code/out/preloader/rk3568/build.prop
[OHOS INFO] [PRELOAD] generated build config info to /home/mgces/openharmony/code/out/preloader/rk3568/build_config.json
[OHOS INFO] [PRELOAD] generated product parts info to /home/mgces/openharmony/code/out/preloader/rk3568/parts.json
[OHOS INFO] [PRELOAD] generated parts config info to /home/mgces/openharmony/code/out/preloader/rk3568/parts_config.json
[OHOS INFO] [PRELOAD] generated build gnargs prop info to /home/mgces/openharmony/code/out/preloader/rk3568/build_gnargs.prop
[OHOS INFO] [PRELOAD] generated features info to /home/mgces/openharmony/code/out/preloader/rk3568/features.json
[OHOS INFO] [PRELOAD] generated syscap info to /home/mgces/openharmony/code/out/preloader/rk3568/syscap.json
[OHOS INFO] [PRELOAD] generated exclusion modules info to /home/mgces/openharmony/code/out/preloader/rk3568/exclusion_modules.json
[OHOS INFO] [PRELOAD] generated dependency pruning info to /home/mgces/openharmony/code/out/preloader/rk3568/dependency_pruning.json
[OHOS INFO] [PRELOAD] generated platforms build info to /home/mgces/openharmony/code/out/preloader/rk3568/platforms.build
[OHOS INFO] [PRELOAD] generated subsystem config info to /home/mgces/openharmony/code/out/preloader/rk3568/subsystem_config.json
[OHOS INFO] [PRELOAD] generated system capability info to /home/mgces/openharmony/code/out/preloader/rk3568/systemcapability.json
[OHOS INFO] [PRELOAD] generated compile_standard_whitelist info to /home/mgces/openharmony/code/out/preloader/rk3568/compile_standard_whitelist.json
[OHOS INFO] [PRELOAD] generated compile_env_allowlist info to /home/mgces/openharmony/code/out/preloader/rk3568/compile_env_allowlist.json
[OHOS INFO] [PRELOAD] generated hvigor_compile_whitelist info to /home/mgces/openharmony/code/out/preloader/rk3568/hvigor_compile_hap_whitelist.json
[OHOS INFO]  The run time for _prebuild_and_preload is 0.03 s
[OHOS INFO] [LOAD] Checking all build args...
[OHOS INFO] [LOAD] subsytem config scan completed costed is 2.37 s
[93m[OHOS WARNING][0m [LOAD] condition target '//arkcompiler/ets_runtime/compiler_service:static_app_install_aot_enable_list.conf' in '/home/mgces/openharmony/code/arkcompiler/ets_runtime/bundle.json' does not exist in 'sub_component', 'modules', 'group_type', 'inner_kits', 'inner_api' or 'test'
warning: subsystem name config incorrect in '/home/mgces/openharmony/code/vendor/hihope/rk3568/ohos.build', build file subsystem name is product_hihope,configured subsystem name is product_rk3568.
warning: subsystem name config incorrect in '/home/mgces/openharmony/code/device/board/hihope/rk3568/ohos.build', build file subsystem name is rockchip_products,configured subsystem name is device_rk3568.
[OHOS INFO] [LOAD] all parts scan completed
[OHOS INFO] [LOAD] Loading configuration file...

[OHOS INFO] [LOAD] loader args:['platforms_config_file="/home/mgces/openharmony/code/out/preloader/rk3568/platforms.build"', 'subsystem_config_file="/home/mgces/openharmony/code/out/preloader/rk3568/subsystem_config.json"', 'example_subsystem_file=""', 'exclusion_modules_config_file="/home/mgces/openharmony/code/out/preloader/rk3568/exclusion_modules.json"', 'source_root_dir="/home/mgces/openharmony/code/"', 'gn_root_out_dir="out/rk3568"', 'build_platform_name=phone', 'build_xts=False', 'load_test_config=True', 'target_os=ohos', 'target_cpu=arm', 'os_level=standard', "ignore_api_check=['xts', 'common', 'testfwk']", 'scalable_build=False', 'skip_partlist_check=False', 'enable_scan_optimization=False']
[OHOS INFO] [LOAD] Checking parts config...
[OHOS INFO] [LOAD] generated subsystem build config to '/home/mgces/openharmony/code/out/rk3568/build_configs/subsystem_info/subsystem_build_config.json'
[OHOS INFO] [LOAD] generated src subsystem info to '/home/mgces/openharmony/code/out/rk3568/build_configs/subsystem_info/src_subsystem_info.json'
[OHOS INFO] [LOAD] generated no src subsystem info to '/home/mgces/openharmony/code/out/rk3568/build_configs/subsystem_info/no_src_subsystem_info.json'
[OHOS INFO] [LOAD] generate target platform parts to '/home/mgces/openharmony/code/out/rk3568/build_configs/target_platforms_parts.json'
[OHOS INFO] [LOAD] generated system capabilities to '/home/mgces/openharmony/code/out/rk3568/build_configs/phone_system_capabilities.json'
[OHOS INFO] [LOAD] generated platforms parts by src to '/home/mgces/openharmony/code/out/rk3568/build_configs/platforms_parts_by_src.json'
[OHOS INFO] [LOAD] generate required parts targets to '/home/mgces/openharmony/code/out/rk3568/build_configs/required_parts_targets.json'
[OHOS INFO] [LOAD] generate build targets list file to '/home/mgces/openharmony/code/out/rk3568/build_configs/required_parts_targets_list.json'
[OHOS INFO] [LOAD] generated parts src flag to '/home/mgces/openharmony/code/out/rk3568/build_configs/subsystem_info/parts_src_flag.json'
[OHOS INFO] [LOAD] generate auto install part to '/home/mgces/openharmony/code/out/rk3568/build_configs/auto_install_parts.json'
[OHOS INFO] [LOAD] generate platforms list to '/home/mgces/openharmony/code/out/rk3568/build_configs/platforms_list.gni'
[OHOS INFO] [LOAD] generate part different info to '/home/mgces/openharmony/code/out/rk3568/build_configs/parts_different_info.json'
[OHOS INFO] [LOAD] generate infos for testfwk to '/home/mgces/openharmony/code/out/rk3568/build_configs/infos_for_testfwk.json'
[OHOS INFO] [LOAD] Checking all product features...
[OHOS INFO] [LOAD] generate syscap info file to '/home/mgces/openharmony/code/out/preloader/rk3568/system/etc/SystemCapability.json'
[OHOS INFO] [LOAD] generate syscap info with part name list to '/home/mgces/openharmony/code/out/preloader/rk3568/system/etc/syscap.json'
[OHOS INFO] [LOAD] generate target syscap for init list to '/home/mgces/openharmony/code/out/preloader/rk3568/system/etc/param/syscap.para'

[OHOS INFO] [GN] Excuting gn command: /home/mgces/openharmony/code/prebuilts/build-tools/linux-x86/bin/gn gen --args="product_name=\"rk3568\" target_cpu=\"arm\" precise_branch=\"\" is_standard_system=true product_path=\"/home/mgces/openharmony/code/vendor/hihope/rk3568\" product_config_path=\"/home/mgces/openharmony/code/vendor/hihope/rk3568\" device_name=\"rk3568\" device_path=\"/home/mgces/openharmony/code/device/board/rockchip/rk3568\" device_company=\"rockchip\" device_config_path=\"/home/mgces/openharmony/code/device/board/rockchip/rk3568\" ohos_build_compiler_specified=\"\" ohos_build_time=1783478340542 ohos_build_datetime=\"2026-07-08 18:39:00\" ace_engine_feature_enable_accessibility=true ace_engine_feature_enable_web=true ace_engine_feature_enable_upgrade_skia=true os_account_multiple_active_accounts=false datamgr_service_udmf=true access_token_enhance_capability=false code_signature_support_oh_code_sign=false code_signature_support_oh_release_app=true code_signature_support_app_allow_list=false init_feature_ab_partition=true hiview_feature_bbox_userspace=true hiview_enable_leak_detector=true hiview_enable_performance_monitor=true t2stack_feature_vtp=true t2stack_feature_coap=true t2stack_feature_dfile=true dsoftbus_feature_coap=true dsoftbus_feature_vtp=true dsoftbus_feature_dfile=true dsoftbus_feature_disc_ble=true dsoftbus_feature_disc_coap=true dsoftbus_feature_disc_lnn_coap=true dsoftbus_feature_conn_pv1=true dsoftbus_feature_conn_br=true dsoftbus_feature_conn_ble=true dsoftbus_feature_conn_tcp_proxy=true dsoftbus_feature_conn_tcp_comm=true dsoftbus_feature_trans_udp_stream=true dsoftbus_feature_trans_udp_file=true dsoftbus_feature_trans_udp=true dsoftbus_feature_trans_proxy_file=true dsoftbus_feature_trans_qos=true dsoftbus_feature_trans_br_proxy=true dsoftbus_feature_lnn_ble=true dsoftbus_feature_lnn_wifi=true dsoftbus_feature_lnn_cloud_sync=true dsoftbus_feature_lnn_channel_rating=true dsoftbus_feature_lnn_lane_mgr=true dsoftbus_feature_lnn_lane_qos=true dsoftbus_feature_lnn_frame=true wifi_feature_non_seperate_p2p=true wifi_feature_non_hdf_driver=true wifi_feature_p2p_random_mac_addr=true fusion_connectivity_partner_agent_feature=true updater_feature_use_ptable=false updater_feature_updater_gen_executable=true updater_feature_sign_on_server=false sys_installer_feature_ohos_cfg=true graphic_2d_feature_rs_enable_eglimage=true graphic_2d_feature_use_texgine=true graphic_2d_feature_upgrade_skia=true audio_framework_feature_dtmf_tone=true audio_framework_feature_opensl_es=true audio_framework_feature_support_os_account=false audio_framework_feature_audiosuite_support=true audio_framework_feature_hdmi_detect_audio=true image_framework_feature_upgrade_skia=true input_feature_combination_key=true input_feature_pointer_drawing=true input_feature_interceptor=true input_feature_monitor=true input_feature_keyboard=true input_feature_mouse=true input_feature_touchscreen=true input_feature_input_device=true battery_manager_feature_enable_charger=true memmgr_purgeable_memory=true memmgr_hyperhold_memory=true usb_manager_feature_pop_up_func_switch_model=false usb_manager_feature_host=true usb_manager_feature_device=true usb_manager_feature_port=true device_status_interaction_coordination=false wpa_supplicant_driver_nl80211=true skia_feature_upgrade=true libuv_use_ffrt=true qrcodegen_feature_ace_engine_qrcode_able=true hdf_core_platform_test_support=false hdf_core_default_peripheral_config=false drivers_interface_display_community=true drivers_interface_display_vdi_default=true drivers_peripheral_input_feature_model=true drivers_peripheral_input_feature_support_ddk=true drivers_peripheral_display_community=true drivers_peripheral_display_vdi_default=true drivers_peripheral_wlan_feature_enable_HDF_NL80211=true drivers_peripheral_wlan_feature_enable_HDF_UT=false drivers_peripheral_wlan_feature_vendor=\"default\" drivers_peripheral_wlan_p2p_name=\"p2p-dev-wlan0\" drivers_peripheral_sensor_feature_model=true drivers_peripheral_audio_feature_full_test_suite=true drivers_peripheral_audio_feature_alsa_lib=false drivers_peripheral_audio_feature_effect=true drivers_peripheral_light_feature_model=true drivers_peripheral_vibrator_feature_model=true drivers_peripheral_codec_feature_support_omx_extend_test=true drivers_peripheral_codec_feature_support_hdi_v1=true smartperf_host_device=true drivers_interface_audio_community=true alsa_lib_feature_config_enable=true ohos_build_enable_ccache=true ohos_build_type=\"debug\" device_type=\"default\" build_variant=\"root\" ohos_components_checktype=4 ohos_interception_rule_switch=1023 root_perf_main=\"main\" runtime_mode=\"release\"" --args=product_name="rk3568" target_cpu="arm" precise_branch="" is_standard_system=true product_path="/home/mgces/openharmony/code/vendor/hihope/rk3568" product_config_path="/home/mgces/openharmony/code/vendor/hihope/rk3568" device_name="rk3568" device_path="/home/mgces/openharmony/code/device/board/rockchip/rk3568" device_company="rockchip" device_config_path="/home/mgces/openharmony/code/device/board/rockchip/rk3568" ohos_build_compiler_specified="" ohos_build_time=1783478340542 ohos_build_datetime="2026-07-08 18:39:00" ace_engine_feature_enable_accessibility=true ace_engine_feature_enable_web=true ace_engine_feature_enable_upgrade_skia=true os_account_multiple_active_accounts=false datamgr_service_udmf=true access_token_enhance_capability=false code_signature_support_oh_code_sign=false code_signature_support_oh_release_app=true code_signature_support_app_allow_list=false init_feature_ab_partition=true hiview_feature_bbox_userspace=true hiview_enable_leak_detector=true hiview_enable_performance_monitor=true t2stack_feature_vtp=true t2stack_feature_coap=true t2stack_feature_dfile=true dsoftbus_feature_coap=true dsoftbus_feature_vtp=true dsoftbus_feature_dfile=true dsoftbus_feature_disc_ble=true dsoftbus_feature_disc_coap=true dsoftbus_feature_disc_lnn_coap=true dsoftbus_feature_conn_pv1=true dsoftbus_feature_conn_br=true dsoftbus_feature_conn_ble=true dsoftbus_feature_conn_tcp_proxy=true dsoftbus_feature_conn_tcp_comm=true dsoftbus_feature_trans_udp_stream=true dsoftbus_feature_trans_udp_file=true dsoftbus_feature_trans_udp=true dsoftbus_feature_trans_proxy_file=true dsoftbus_feature_trans_qos=true dsoftbus_feature_trans_br_proxy=true dsoftbus_feature_lnn_ble=true dsoftbus_feature_lnn_wifi=true dsoftbus_feature_lnn_cloud_sync=true dsoftbus_feature_lnn_channel_rating=true dsoftbus_feature_lnn_lane_mgr=true dsoftbus_feature_lnn_lane_qos=true dsoftbus_feature_lnn_frame=true wifi_feature_non_seperate_p2p=true wifi_feature_non_hdf_driver=true wifi_feature_p2p_random_mac_addr=true fusion_connectivity_partner_agent_feature=true updater_feature_use_ptable=false updater_feature_updater_gen_executable=true updater_feature_sign_on_server=false sys_installer_feature_ohos_cfg=true graphic_2d_feature_rs_enable_eglimage=true graphic_2d_feature_use_texgine=true graphic_2d_feature_upgrade_skia=true audio_framework_feature_dtmf_tone=true audio_framework_feature_opensl_es=true audio_framework_feature_support_os_account=false audio_framework_feature_audiosuite_support=true audio_framework_feature_hdmi_detect_audio=true image_framework_feature_upgrade_skia=true input_feature_combination_key=true input_feature_pointer_drawing=true input_feature_interceptor=true input_feature_monitor=true input_feature_keyboard=true input_feature_mouse=true input_feature_touchscreen=true input_feature_input_device=true battery_manager_feature_enable_charger=true memmgr_purgeable_memory=true memmgr_hyperhold_memory=true usb_manager_feature_pop_up_func_switch_model=false usb_manager_feature_host=true usb_manager_feature_device=true usb_manager_feature_port=true device_status_interaction_coordination=false wpa_supplicant_driver_nl80211=true skia_feature_upgrade=true libuv_use_ffrt=true qrcodegen_feature_ace_engine_qrcode_able=true hdf_core_platform_test_support=false hdf_core_default_peripheral_config=false drivers_interface_display_community=true drivers_interface_display_vdi_default=true drivers_peripheral_input_feature_model=true drivers_peripheral_input_feature_support_ddk=true drivers_peripheral_display_community=true drivers_peripheral_display_vdi_default=true drivers_peripheral_wlan_feature_enable_HDF_NL80211=true drivers_peripheral_wlan_feature_enable_HDF_UT=false drivers_peripheral_wlan_feature_vendor="default" drivers_peripheral_wlan_p2p_name="p2p-dev-wlan0" drivers_peripheral_sensor_feature_model=true drivers_peripheral_audio_feature_full_test_suite=true drivers_peripheral_audio_feature_alsa_lib=false drivers_peripheral_audio_feature_effect=true drivers_peripheral_light_feature_model=true drivers_peripheral_vibrator_feature_model=true drivers_peripheral_codec_feature_support_omx_extend_test=true drivers_peripheral_codec_feature_support_hdi_v1=true smartperf_host_device=true drivers_interface_audio_community=true alsa_lib_feature_config_enable=true ohos_build_enable_ccache=true ohos_build_type="debug" device_type="default" build_variant="root" ohos_components_checktype=4 ohos_interception_rule_switch=1023 root_perf_main="main" runtime_mode="release" /home/mgces/openharmony/code/out/rk3568
[OHOS INFO] [GN] root_out_dir=//out/rk3568
[OHOS INFO] [GN] root_build_dir=//out/rk3568
[OHOS INFO] [GN] root_gen_dir=//out/rk3568/gen
[OHOS INFO] [GN] current_toolchain=//build/toolchain/ohos:ohos_clang_arm
[OHOS INFO] [GN] host_toolchain=//build/toolchain/linux:clang_x64
[OHOS INFO] [GN] ethernet_service
[OHOS INFO] [GN] current_cpu = arm
[OHOS INFO] [GN] current_os = ohos
[OHOS INFO] [GN] host_os = linux
[OHOS INFO] [GN] openhitls detecting os done, openhitls_selected_platform = 
[OHOS INFO] [GN] ril_service
[OHOS INFO] [GN] ril_service
[OHOS INFO] [GN] ril_service
[OHOS INFO] [GN] ril_service
[OHOS INFO] [GN] ril_service
[OHOS INFO] [GN] bluetooth_hci
[OHOS INFO] [GN] bluetooth_a2dp
[OHOS INFO] [GN] bluetooth_lp_ble
[OHOS INFO] [GN] backends_action is exec
[OHOS INFO] [GN] wlan_service
[OHOS INFO] [GN] wlan_service
[OHOS INFO] [GN] wlan_service
[OHOS INFO] [GN] wpa_service
[OHOS INFO] [GN] hostapd_service
[OHOS INFO] [GN] chip
[OHOS INFO] [GN] chip
[OHOS INFO] [GN] codec_service
[OHOS INFO] [GN] codec_service
[OHOS INFO] [GN] codec_service
[OHOS INFO] [GN] cups_action is exec
[OHOS INFO] [GN] bundle_framework_power_mgr_enable = true
[OHOS INFO] [GN] bundle_framework_graphics = true
[OHOS INFO] [GN] bundle_framework_free_install = true
[OHOS INFO] [GN] bundle_framework_default_app = true
[OHOS INFO] [GN] bundle_framework_launcher = true
[OHOS INFO] [GN] bundle_framework_sandbox_app = true
[OHOS INFO] [GN] bundle_framework_quick_fix = true
[OHOS INFO] [GN] bundle_framework_app_control = true
[OHOS INFO] [GN] distributed_bundle_framework = true
[OHOS INFO] [GN] ability_runtime_enable = true
[OHOS INFO] [GN] account_enable = true
[OHOS INFO] [GN] configpolicy_enable = true
[OHOS INFO] [GN] global_resmgr_enable = true
[OHOS INFO] [GN] hicollie_enable = true
[OHOS INFO] [GN] support_jsapi = true
[OHOS INFO] [GN] hisysevent_enable = true
[OHOS INFO] [GN] bundle_framework_overlay_install = true
[OHOS INFO] [GN] bundle_framework_bundle_resource = true
[OHOS INFO] [GN] verify_abc_enabled = true
[OHOS INFO] [GN] user_auth_framework_impl_enabled = true
[OHOS INFO] [GN] bundle_framework_bss_enable = false
[OHOS INFO] [GN] bundle_framework_npapi_enable = false
[OHOS INFO] [GN] bms_accesscontrol_sandbox_manager = true
[OHOS INFO] [GN] thermal_interface_service
[OHOS INFO] [GN] window_manager_use_sceneboard = false
[OHOS INFO] [GN] window_manager_feature_subscribe_motion = false
[OHOS INFO] [GN] imf_enable:  true
[OHOS INFO] [GN] window_scene_common imf_enable:  true
[OHOS INFO] [GN] imf_enable:  true
[OHOS INFO] [GN] imf_enable:  true
[OHOS INFO] [GN] imf_enable:  true
[OHOS INFO] [GN] imf_enable:  true
[OHOS INFO] [GN] window manager fold ability is enabled.
[OHOS INFO] [GN] window manager active mode ability is enabled.
[OHOS INFO] [GN] window manager screen color gamut ability is enabled.
[OHOS INFO] [GN] window manager screen hdr format ability is enabled.
[OHOS INFO] [GN] window manager screen color space ability is enabled.
[OHOS INFO] [GN] window manager screen multi screen ability is enabled.
[OHOS INFO] [GN] window manager screen multi screen frame ctl ability is enabled.
[OHOS INFO] [GN] window manager screen camera mode ability is enabled.
[OHOS INFO] [GN] window manager screen multi usr ability is enabled.
[OHOS INFO] [GN] window manager screen lock manager ability is enabled.
[OHOS INFO] [GN] imf_enable:  true
[OHOS INFO] [GN] imf_enable:  true
[OHOS INFO] [GN] E2FSPROGS_DIR is /home/mgces/openharmony/code/out/rk3568/gen/third_party/e2fsprogs/e2fsprogs
[OHOS INFO] [GN] ["--haptobin", "../../developtools/packing_tool/adapter/ohos", "--haptobinOutput", "obj/developtools/packing_tool/jar/haptobin_tool.jar", "--unpackOutput", "obj/developtools/packing_tool/jar/app_unpacking_tool.jar", "--packOutput", "obj/developtools/packing_tool/jar/app_packing_tool.jar", "--outpath", "obj/developtools/packing_tool/jar", "--checkOutput", "obj/developtools/packing_tool/jar/app_check_tool.jar", "--toolchain", "//build/toolchain/ohos:ohos_clang_arm", "--compileTarget", "image"]
[OHOS INFO] [GN] location_agnss
[OHOS INFO] [GN] location_agnss
[OHOS INFO] [GN] libunwind_action is exec
[OHOS INFO] [GN] accessibility_feature_display_manager = true
[OHOS INFO] [GN] accessibility_feature_power_manager = true
[OHOS INFO] [GN] accessibility_use_rosen_drawing = true
[OHOS INFO] [GN] accessibility_feature_data_share = true
[OHOS INFO] [GN] accessibility_feature_hiviewdfx_hitrace = true
[OHOS INFO] [GN] accessibility_feature_hiviewdfx_hisysevent = true
[OHOS INFO] [GN] ########## ets_runtime disable cmc-gc ##############
[OHOS INFO] [GN] intell_voice_engine_service
[OHOS INFO] [GN] intell_voice_engine_service
[OHOS INFO] [GN] intell_voice_engine_service
[OHOS INFO] [GN] intell_voice_engine_service
[OHOS INFO] [GN] intell_voice_trigger_service
[OHOS INFO] [GN] intell_voice_trigger_service
[OHOS INFO] [GN] intell_voice_trigger_service
[OHOS INFO] [GN] camera_service
[OHOS INFO] [GN] camera_service
[OHOS INFO] [GN] camera_service
[OHOS INFO] [GN] camera_service
[OHOS INFO] [GN] camera_service
[OHOS INFO] [GN] camera_service
[OHOS INFO] [GN] camera_service
[OHOS INFO] [GN] camera_service
[OHOS INFO] [GN] hisysevent_usage = false
[OHOS INFO] [GN] ans_hitrace_usage = true
[OHOS INFO] [GN] Msdp motion ability is disabled.
[OHOS INFO] [GN] drivers_peripheral_face_auth
[OHOS INFO] [GN] drivers_peripheral_fingerprint_auth
[OHOS INFO] [GN] drivers_peripheral_pin_auth
[OHOS INFO] [GN] drm_interface_service
[OHOS INFO] [GN] drm_interface_service
[OHOS INFO] [GN] rk3568_group in
[OHOS INFO] [GN] midi
[OHOS INFO] [GN] input_service
[OHOS INFO] [GN] hid_ddk
[OHOS INFO] [GN] hid_ddk
[OHOS INFO] [GN] //out/rk3568/obj/foundation/arkui/advanced_ui_component/customappbar/atomicservicemenubar/atomicservicemenubar.abc
[OHOS INFO] [GN] distributed_camera_provider_service
[OHOS INFO] [GN] distributed_bundle_framework_graphics = true
[OHOS INFO] [GN] ability_runtime_enable_dbms = true
[OHOS INFO] [GN] account_enable_dbms = true
[OHOS INFO] [GN] distributed_bundle_framework_enable = true
[OHOS INFO] [GN] hisysevent_enable_dbms = true
[OHOS INFO] [GN] distributed_bundle_image_framework_enable = true
[OHOS INFO] [GN] light_service
[OHOS INFO] [GN] input_feature_combination_key = true
[OHOS INFO] [GN] input_feature_pointer_drawing = true
[OHOS INFO] [GN] input_feature_monitor = true
[OHOS INFO] [GN] input_feature_interceptor = true
[OHOS INFO] [GN] input_feature_keyboard = true
[OHOS INFO] [GN] input_feature_switch = true
[OHOS INFO] [GN] input_feature_mouse = true
[OHOS INFO] [GN] input_feature_joystick = true
[OHOS INFO] [GN] input_feature_touchscreen = true
[OHOS INFO] [GN] input_feature_input_device = true
[OHOS INFO] [GN] input_feature_short_key = true
[OHOS INFO] [GN] input_ext_feature_keyboard_ext_flag = false
[OHOS INFO] [GN] input_feature_one_hand_mode_enable = false
[OHOS INFO] [GN] input_feature_move_event_filters = false
[OHOS INFO] [GN] input_feature_external_screen = true
[OHOS INFO] [GN] input_feature_touchpad = true
[OHOS INFO] [GN] input_feature_pen = true
[OHOS INFO] [GN] input_feature_touch_gesture = true
[OHOS INFO] [GN] input_controller_inject_enable = false
[OHOS INFO] [GN] vibrator_service
[OHOS INFO] [GN] default_toolchain =  //build/toolchain/ohos:ohos_clang_arm
[OHOS INFO] [GN] current_toolchain =  //build/toolchain/ohos:ohos_clang_arm
[OHOS INFO] [GN] host_toolchain =  //build/toolchain/linux:clang_x64
[OHOS INFO] [GN] root_out_dir =  //out/rk3568
[OHOS INFO] [GN] root_output_dir_proto =  out/rk3568/clang_x64
[OHOS INFO] [GN] Debug info gen_utils_abc file path:  //out/rk3568/obj/commonlibrary/ets_utils/js_concurrent_module/utils/utils.abc
[OHOS INFO] [GN] motion_service
[OHOS INFO] [GN] motion_service
[OHOS INFO] [GN] effect_host
[OHOS INFO] [GN] audio_service
[OHOS INFO] [GN] audio_service
[OHOS INFO] [GN] low_power_player_service
[OHOS INFO] [GN] wpa_supplicant_vendor_ext = false
[OHOS INFO] [GN] wpa_supplicant_wapi = false
[OHOS INFO] [GN] location_gnss
[OHOS INFO] [GN] ["OS_ACCOUNT_EDM_ENABLE"]
[OHOS INFO] [GN] current_cpu = arm
[OHOS INFO] [GN] current_os = ohos
[OHOS INFO] [GN] host_os = linux
[OHOS INFO] [GN] is_mingw = false
[OHOS INFO] [GN] ffmpeg selected cplatform
[OHOS INFO] [GN] drivers_peripheral_huks
[OHOS INFO] [GN] drivers_peripheral_huks
[OHOS INFO] [GN] Cares install
[OHOS INFO] [GN] nnrt
[OHOS INFO] [GN] nnrt
[OHOS INFO] [GN] partitionslot_interface_service
[OHOS INFO] [GN] nnrt
[OHOS INFO] [GN] has_hisysevent_part = true
[OHOS INFO] [GN] event ces_hitrace_usage = true
[OHOS INFO] [GN] time_system_ability_static output_values: ["//out/rk3568/gen/base/time/time_service/services/itime_service.h", "//out/rk3568/gen/base/time/time_service/services/time_service_proxy.cpp", "//out/rk3568/gen/base/time/time_service/services/time_service_stub.cpp", "//out/rk3568/gen/base/time/time_service/services/time_service_proxy.h", "//out/rk3568/gen/base/time/time_service/services/time_service_stub.h", "//out/rk3568/gen/base/time/time_service/services/itimer_callback.h", "//out/rk3568/gen/base/time/time_service/services/timer_callback_proxy.cpp", "//out/rk3568/gen/base/time/time_service/services/timer_callback_stub.cpp", "//out/rk3568/gen/base/time/time_service/services/timer_callback_proxy.h", "//out/rk3568/gen/base/time/time_service/services/timer_callback_stub.h"]
[OHOS INFO] [GN] daudio
[OHOS INFO] [GN] daudio
[OHOS INFO] [GN] daudioext
[OHOS INFO] [GN] daudioext
[OHOS INFO] [GN] ************libhilog_base use_musl ***************
[OHOS INFO] [GN] miscdevice_feature_vibrator_custom = true
[OHOS INFO] [GN] sensor_service
[OHOS INFO] [GN] sensor_service
[OHOS INFO] [GN] sensor_convert_service
[OHOS INFO] [GN] openssl detecting os now...
[OHOS INFO] [GN] current_cpu = arm
[OHOS INFO] [GN] current_os = ohos
[OHOS INFO] [GN] host_os = linux
[OHOS INFO] [GN] is_mingw = false
[OHOS INFO] [GN] openssl selected linux-armv4
[OHOS INFO] [GN] openssl detecting os done. openssl_selected_platform = linux-armv4
[OHOS INFO] [GN] memory_tracker_interface_service
[OHOS INFO] [GN] power_interface_service
[OHOS INFO] [GN] power_interface_service
[OHOS INFO] [GN] power_interface_service
[OHOS INFO] [GN] av_codec_support_fcodec = true
[OHOS INFO] [GN] av_codec_support_avc_encoder = true
[OHOS INFO] [GN] av_codec_support_hevc_decoder = true
[OHOS INFO] [GN] av_codec_support_hcodec = true
[OHOS INFO] [GN] av_codec_support_vp8_decoder = false
[OHOS INFO] [GN] av_codec_support_vp9_decoder = false
[OHOS INFO] [GN] av_codec_support_av1_decoder = false
[OHOS INFO] [GN] av_codec_enable_start_stop_on_demand = false
[OHOS INFO] [GN] native_media_venc: FAST_KIT_ENABLED=false
[OHOS INFO] [GN] location_geofence
[OHOS INFO] [GN] usbd
[OHOS INFO] [GN] usbd
[OHOS INFO] [GN] usbd
[OHOS INFO] [GN] usb_ddk
[OHOS INFO] [GN] usb_ddk
[OHOS INFO] [GN] usbd
[OHOS INFO] [GN] usbd
[OHOS INFO] [GN] serial
[OHOS INFO] [GN] usbfn_mtp
[OHOS INFO] [GN] usb_ddk
[OHOS INFO] [GN] usb_serial_ddk
[OHOS INFO] [GN] scsi_ddk
[OHOS INFO] [GN] drivers_peripheral_user_auth
[OHOS INFO] [GN] drivers_peripheral_user_auth
[OHOS INFO] [GN] output_values: ["//out/rk3568/gen/domains/game/game_controller_framework/frameworks/native/igame_controller_server_interface.h", "//out/rk3568/gen/domains/game/game_controller_framework/frameworks/native/game_controller_server_interface_proxy.cpp", "//out/rk3568/gen/domains/game/game_controller_framework/frameworks/native/game_controller_server_interface_stub.cpp", "//out/rk3568/gen/domains/game/game_controller_framework/frameworks/native/game_controller_server_interface_proxy.h", "//out/rk3568/gen/domains/game/game_controller_framework/frameworks/native/game_controller_server_interface_stub.h"]
[OHOS INFO] [GN] battery_interface_service
[OHOS INFO] [GN] Reading plugin sources: ets (//build/toolchain/ohos:ohos_clang_arm)
[OHOS INFO] [GN] account_enable_bm = true
[OHOS INFO] [GN] overlay_install_bm = true
[OHOS INFO] [GN] quick_fix_bm = true
[OHOS INFO] [GN] distributed_bundle_framework_bm = true
[OHOS INFO] [GN] Support dsoftbus.
[OHOS INFO] [GN] support hearing aid
[OHOS INFO] [GN] Build curl is_cares_on: true
[OHOS INFO] [GN] Build curl support_gmssl: true
[OHOS INFO] [GN] display_buffer
[OHOS INFO] [GN] display_buffer
[OHOS INFO] [GN] display_composer
[OHOS INFO] [GN] display_commontype
[OHOS INFO] [GN] display_composer
[OHOS INFO] [GN] display_buffer
[OHOS INFO] [GN] display_buffer
[OHOS INFO] [GN] display_composer
[OHOS INFO] [GN] display_composer
[OHOS INFO] [GN] display_commontype
[OHOS INFO] [GN] display_composer
[OHOS INFO] [GN] display_commontype
[OHOS INFO] [GN] display_buffer
[OHOS INFO] [GN] display_commontype
[OHOS INFO] [GN] display_composer
[OHOS INFO] [GN] display_commontype
[OHOS INFO] [GN] display_commontype
[OHOS INFO] [GN] imf_enable:  true
[OHOS INFO] [GN] ########## ets_runtime disable cmc-gc ##############
[OHOS INFO] [GN] histreamer plugin: ffmpeg_adapter = true
[OHOS INFO] [GN] histreamer plugin: wav_demuxer = false
[OHOS INFO] [GN] histreamer plugin: hdi_adapter = false
[OHOS INFO] [GN] histreamer plugin: file_source = false
[OHOS INFO] [GN] histreamer plugin: file_fd_source = false
[OHOS INFO] [GN] histreamer plugin: std_stream_source = false
[OHOS INFO] [GN] histreamer plugin: http_source = false
[OHOS INFO] [GN] histreamer plugin: stream_source = false
[OHOS INFO] [GN] histreamer plugin: audio_server_sink = false
[OHOS INFO] [GN] histreamer plugin: lite_aac_decoder = false
[OHOS INFO] [GN] histreamer plugin: std_video_surface_sink = false
[OHOS INFO] [GN] histreamer plugin: std_video_capture = false
[OHOS INFO] [GN] histreamer plugin: file_fd_sink = false
[OHOS INFO] [GN] histreamer plugin: codec_adapter = true
[OHOS INFO] [GN] include_dirs= ["//out/rk3568/gen/foundation/multimedia/audio_framework/services/audio_service/idl", "//foundation/multimedia/audio_framework/services/audio_service/idl/"]
[OHOS INFO] [GN] target_gen_dir= //out/rk3568/gen/foundation/multimedia/audio_framework/services/audio_service/idl
[OHOS INFO] [GN] Set module_install_dir or relative_install_dir field in the //foundation/distributeddatamgr/data_share/test/unittest/native/resource/datashare_ext_bundle:datashare_ext(//build/toolchain/ohos:ohos_clang_arm). Do not install the module to app.
[OHOS INFO] [GN] Set module_install_dir or relative_install_dir field in the //foundation/distributeddatamgr/data_share/test/unittest/native/resource/errorcode_ext_bundle:errorcode_ext(//build/toolchain/ohos:ohos_clang_arm). Do not install the module to app.
[OHOS INFO] [GN] Set module_install_dir or relative_install_dir field in the //foundation/distributeddatamgr/data_share/test/unittest/native/resource/datashare_proxy_bundle:proxydatas_with_permission(//build/toolchain/ohos:ohos_clang_arm). Do not install the module to app.
[OHOS INFO] [GN] Set module_install_dir or relative_install_dir field in the //foundation/systemabilitymgr/selectionfwk/test/unittest/PerformanceTest:performanceTest(//build/toolchain/ohos:ohos_clang_arm). Do not install the module to app.
[OHOS INFO] [GN] Set module_install_dir or relative_install_dir field in the //foundation/distributeddatamgr/data_share/test/native/resource/datashare_ext_bundle:datashare_ext_native(//build/toolchain/ohos:ohos_clang_arm). Do not install the module to app.
[OHOS INFO] [GN] Set module_install_dir or relative_install_dir field in the //foundation/distributeddatamgr/data_share/test/native/resource/errorcode_ext_bundle:errorcode_ext_native(//build/toolchain/ohos:ohos_clang_arm). Do not install the module to app.
[OHOS INFO] [GN] Set module_install_dir or relative_install_dir field in the //foundation/distributeddatamgr/data_share/test/native/resource/datashareproxy_bundle:proxydatas_with_permission_native(//build/toolchain/ohos:ohos_clang_arm). Do not install the module to app.
[OHOS INFO] [GN] target_out_dir //out/rk3568/obj/arkcompiler/runtime_core/libark_defect_scan_aux/tests/unittest
[OHOS INFO] [GN] target_dir /home/mgces/openharmony/code/out/rk3568/obj/arkcompiler/runtime_core/libark_defect_scan_aux/tests/unittest
[OHOS INFO] [GN] test_abc_dir /home/mgces/openharmony/code/out/rk3568/obj/arkcompiler/runtime_core/libark_defect_scan_aux/tests/unittest
[OHOS INFO] [GN] target_out_dir //out/rk3568/clang_x64/obj/arkcompiler/runtime_core/libark_defect_scan_aux/tests/unittest
[OHOS INFO] [GN] target_dir /home/mgces/openharmony/code/out/rk3568/clang_x64/obj/arkcompiler/runtime_core/libark_defect_scan_aux/tests/unittest
[OHOS INFO] [GN] test_abc_dir /home/mgces/openharmony/code/out/rk3568/clang_x64/obj/arkcompiler/runtime_core/libark_defect_scan_aux/tests/unittest
[OHOS INFO] [GN] Reading plugin sources: ets (//build/toolchain/linux:clang_x64)
[OHOS INFO] [GN] E2FSPROGS_DIR is /home/mgces/openharmony/code/out/rk3568/clang_x64/gen/third_party/e2fsprogs/e2fsprogs
[OHOS INFO] [GN] ************libhilog_base use_musl ***************
[OHOS INFO] [GN] Set module_install_dir or relative_install_dir field in the //foundation/bundlemanager/bundle_framework/test/sceneProject/unittest/test_bundle/resourceManagerTest:resourceManagerTest(//build/toolchain/ohos:ohos_clang_arm). Do not install the module to app.
[OHOS INFO] [GN] ########## ets_runtime disable cmc-gc ##############
[OHOS INFO] [GN] Set module_install_dir or relative_install_dir field in the //foundation/ability/ability_runtime/test/moduletest/ui_extension_ability_test/ui_extension_user_bundle:ui_extension_user_hap(//build/toolchain/ohos:ohos_clang_arm). Do not install the module to app.
[OHOS INFO] [GN] Set module_install_dir or relative_install_dir field in the //foundation/ability/ability_runtime/test/moduletest/ui_extension_ability_test/ui_extension_provider_bundle:ui_extension_provider_hap(//build/toolchain/ohos:ohos_clang_arm). Do not install the module to app.
[OHOS INFO] [GN] Set module_install_dir or relative_install_dir field in the //foundation/ability/ability_runtime/tools/test/resource/aa/pageAbilityBundleForStart:pageAbilityBundleForStart(//build/toolchain/ohos:ohos_clang_arm). Do not install the module to app.
[OHOS INFO] [GN] Set module_install_dir or relative_install_dir field in the //foundation/ability/ability_runtime/tools/test/resource/aa/serviceAbilityBundleForStart:serviceAbilityBundleForStart(//build/toolchain/ohos:ohos_clang_arm). Do not install the module to app.
[OHOS INFO] [GN] Set module_install_dir or relative_install_dir field in the //foundation/ability/ability_runtime/tools/test/resource/aa/serviceAbilityBundleForStop:serviceAbilityBundleForStop(//build/toolchain/ohos:ohos_clang_arm). Do not install the module to app.
[OHOS INFO] [GN] Set module_install_dir or relative_install_dir field in the //foundation/ability/ability_runtime/tools/test/resource/aa/dataAbilityBundleForDump:dataAbilityBundleForDump(//build/toolchain/ohos:ohos_clang_arm). Do not install the module to app.
[OHOS INFO] [GN] Set module_install_dir or relative_install_dir field in the //foundation/ability/ability_runtime/tools/test/resource/aa/pageAbilityBundleForDump:pageAbilityBundleForDump(//build/toolchain/ohos:ohos_clang_arm). Do not install the module to app.
[OHOS INFO] [GN] Set module_install_dir or relative_install_dir field in the //foundation/bundlemanager/bundle_tool/test/sceneProject/tools/bm/test_app_one:test_app_one(//build/toolchain/ohos:ohos_clang_arm). Do not install the module to app.
[OHOS INFO] [GN] ************libhilog_base use_musl ***************
[OHOS INFO] [GN] openssl detecting os now...
[OHOS INFO] [GN] current_cpu = x64
[OHOS INFO] [GN] current_os = linux
[OHOS INFO] [GN] host_os = linux
[OHOS INFO] [GN] is_mingw = false
[OHOS INFO] [GN] openssl selected linux-x86_64
[OHOS INFO] [GN] openssl detecting os done. openssl_selected_platform = linux-x86_64
[OHOS INFO] [GN] Set module_install_dir or relative_install_dir field in the //foundation/bundlemanager/bundle_framework/test/sceneProject/unittest/test_bundle/bmsAccessTokentest1:bmsAccessTokentest1(//build/toolchain/ohos:ohos_clang_arm). Do not install the module to app.
[OHOS INFO] [GN] Set module_install_dir or relative_install_dir field in the //foundation/bundlemanager/bundle_framework/test/sceneProject/unittest/test_bundle/bmsAccessTokentest3:bmsAccessTokentest3(//build/toolchain/ohos:ohos_clang_arm). Do not install the module to app.
[OHOS INFO] [GN] Set module_install_dir or relative_install_dir field in the //foundation/bundlemanager/bundle_framework/test/sceneProject/unittest/test_bundle/first_right:first_right(//build/toolchain/ohos:ohos_clang_arm). Do not install the module to app.
[OHOS INFO] [GN] Set module_install_dir or relative_install_dir field in the //foundation/bundlemanager/bundle_framework/test/sceneProject/unittest/bundle_app_service/app_service_version1_library1:appService_v1_library1(//build/toolchain/ohos:ohos_clang_arm). Do not install the module to app.
[OHOS INFO] [GN] Set module_install_dir or relative_install_dir field in the //foundation/bundlemanager/bundle_framework/test/sceneProject/unittest/test_bundle/defaultAppTest:defaultAppTest(//build/toolchain/ohos:ohos_clang_arm). Do not install the module to app.
[OHOS INFO] [GN] Set module_install_dir or relative_install_dir field in the //foundation/bundlemanager/bundle_framework/test/sceneProject/unittest/permission_bundle/bmsGrantPermission4:bmsGrantPermission4(//build/toolchain/ohos:ohos_clang_arm). Do not install the module to app.
[OHOS INFO] [GN] Set module_install_dir or relative_install_dir field in the //foundation/bundlemanager/bundle_framework/test/sceneProject/unittest/permission_bundle/bmsGrantPermission3:bmsGrantPermission3(//build/toolchain/ohos:ohos_clang_arm). Do not install the module to app.
[OHOS INFO] [GN] Set module_install_dir or relative_install_dir field in the //foundation/bundlemanager/bundle_framework/test/sceneProject/unittest/test_bundle/wrong_bundle_name:wrong_bundle_name(//build/toolchain/ohos:ohos_clang_arm). Do not install the module to app.
[OHOS INFO] [GN] Set module_install_dir or relative_install_dir field in the //foundation/bundlemanager/bundle_framework/test/sceneProject/unittest/test_bundle/bmsThirdBundle1:bmsThirdBundle1(//build/toolchain/ohos:ohos_clang_arm). Do not install the module to app.
[OHOS INFO] [GN] Set module_install_dir or relative_install_dir field in the //foundation/bundlemanager/bundle_framework/test/sceneProject/unittest/permission_bundle/bmsGrantPermission1:bmsGrantPermission1(//build/toolchain/ohos:ohos_clang_arm). Do not install the module to app.
[OHOS INFO] [GN] Set module_install_dir or relative_install_dir field in the //foundation/bundlemanager/bundle_framework/test/sceneProject/unittest/test_bundle/seventh_right:seventh_right(//build/toolchain/ohos:ohos_clang_arm). Do not install the module to app.
[OHOS INFO] [GN] Set module_install_dir or relative_install_dir field in the //foundation/bundlemanager/bundle_framework/test/sceneProject/unittest/permission_bundle/bmsGrantPermission7:bmsGrantPermission7(//build/toolchain/ohos:ohos_clang_arm). Do not install the module to app.
[OHOS INFO] [GN] Set module_install_dir or relative_install_dir field in the //foundation/bundlemanager/bundle_framework/test/sceneProject/unittest/test_bundle/versionTest1:versionTest1(//build/toolchain/ohos:ohos_clang_arm). Do not install the module to app.
[OHOS INFO] [GN] Set module_install_dir or relative_install_dir field in the //foundation/bundlemanager/bundle_framework/test/sceneProject/unittest/test_bundle/fourth_right:fourth_right(//build/toolchain/ohos:ohos_clang_arm). Do not install the module to app.
[OHOS INFO] [GN] Set module_install_dir or relative_install_dir field in the //foundation/bundlemanager/bundle_framework/test/sceneProject/unittest/test_bundle/versionTest3:versionTest3(//build/toolchain/ohos:ohos_clang_arm). Do not install the module to app.
[OHOS INFO] [GN] Set module_install_dir or relative_install_dir field in the //foundation/bundlemanager/bundle_framework/test/sceneProject/unittest/permission_bundle/bmsGrantPermission6:bmsGrantPermission6(//build/toolchain/ohos:ohos_clang_arm). Do not install the module to app.
[OHOS INFO] [GN] Set module_install_dir or relative_install_dir field in the //foundation/bundlemanager/bundle_framework/test/sceneProject/unittest/test_bundle/rightTest:rightTest(//build/toolchain/ohos:ohos_clang_arm). Do not install the module to app.
[OHOS INFO] [GN] Set module_install_dir or relative_install_dir field in the //foundation/bundlemanager/bundle_framework/test/sceneProject/unittest/test_bundle/fifth_right:fifth_right(//build/toolchain/ohos:ohos_clang_arm). Do not install the module to app.
[OHOS INFO] [GN] Set module_install_dir or relative_install_dir field in the //foundation/bundlemanager/bundle_framework/test/sceneProject/unittest/test_bundle/third_right:third_right(//build/toolchain/ohos:ohos_clang_arm). Do not install the module to app.
[OHOS INFO] [GN] Set module_install_dir or relative_install_dir field in the //foundation/bundlemanager/bundle_framework/test/sceneProject/unittest/test_bundle/second_right:second_right(//build/toolchain/ohos:ohos_clang_arm). Do not install the module to app.
[OHOS INFO] [GN] Set module_install_dir or relative_install_dir field in the //foundation/bundlemanager/bundle_framework/test/sceneProject/unittest/test_bundle/rightTest1:rightTest1(//build/toolchain/ohos:ohos_clang_arm). Do not install the module to app.
[OHOS INFO] [GN] Set module_install_dir or relative_install_dir field in the //foundation/bundlemanager/bundle_framework/test/sceneProject/unittest/test_bundle/thumbnailTest:thumbnailTest(//build/toolchain/ohos:ohos_clang_arm). Do not install the module to app.
[OHOS INFO] [GN] Set module_install_dir or relative_install_dir field in the //foundation/bundlemanager/bundle_framework/test/sceneProject/unittest/test_bundle/versionTest2:versionTest2(//build/toolchain/ohos:ohos_clang_arm). Do not install the module to app.
[OHOS INFO] [GN] Set module_install_dir or relative_install_dir field in the //foundation/bundlemanager/bundle_framework/test/sceneProject/unittest/test_bundle/bmsAccessTokentest2:bmsAccessTokentest2(//build/toolchain/ohos:ohos_clang_arm). Do not install the module to app.
[OHOS INFO] [GN] Set module_install_dir or relative_install_dir field in the //foundation/bundlemanager/bundle_framework/test/sceneProject/unittest/bundle_so/compressNativeLibsFalse:compressNativeLibsFalse01(//build/toolchain/ohos:ohos_clang_arm). Do not install the module to app.
[OHOS INFO] [GN] Set module_install_dir or relative_install_dir field in the //foundation/bundlemanager/bundle_framework/test/sceneProject/unittest/bundle_so/compressNativeLibsTrue:compressNativeLibsTrue01(//build/toolchain/ohos:ohos_clang_arm). Do not install the module to app.
[OHOS INFO] [GN] Set module_install_dir or relative_install_dir field in the //foundation/bundlemanager/bundle_framework/test/sceneProject/unittest/test_bundle/bmsThirdBundle2:bmsThirdBundle2(//build/toolchain/ohos:ohos_clang_arm). Do not install the module to app.
[OHOS INFO] [GN] Set module_install_dir or relative_install_dir field in the //foundation/bundlemanager/bundle_framework/test/sceneProject/unittest/test_bundle/thumbnailTest2:thumbnailTest2(//build/toolchain/ohos:ohos_clang_arm). Do not install the module to app.
[OHOS INFO] [GN] Set module_install_dir or relative_install_dir field in the //foundation/bundlemanager/bundle_framework/test/sceneProject/unittest/test_bundle/moduleJsonTest:moduleJsonTest(//build/toolchain/ohos:ohos_clang_arm). Do not install the module to app.
[OHOS INFO] [GN] Set module_install_dir or relative_install_dir field in the //foundation/bundlemanager/bundle_framework/test/sceneProject/unittest/bundle_dependencies/dependencies_entry_B:dependencies_entry_B(//build/toolchain/ohos:ohos_clang_arm). Do not install the module to app.
[OHOS INFO] [GN] Set module_install_dir or relative_install_dir field in the //foundation/bundlemanager/bundle_framework/test/sceneProject/unittest/bundle_dependencies/dependencies_entry_A:dependencies_entry_A(//build/toolchain/ohos:ohos_clang_arm). Do not install the module to app.
[OHOS INFO] [GN] Set module_install_dir or relative_install_dir field in the //foundation/bundlemanager/bundle_framework/test/sceneProject/unittest/test_bundle/backupTest:backupTest(//build/toolchain/ohos:ohos_clang_arm). Do not install the module to app.
[OHOS INFO] [GN] Set module_install_dir or relative_install_dir field in the //foundation/bundlemanager/bundle_framework/test/sceneProject/unittest/bundle_dependencies/dependencies_entry_C:dependencies_entry_C(//build/toolchain/ohos:ohos_clang_arm). Do not install the module to app.
[OHOS INFO] [GN] Set module_install_dir or relative_install_dir field in the //foundation/bundlemanager/bundle_framework/test/sceneProject/unittest/test_bundle/signatureTest:signatureTest(//build/toolchain/ohos:ohos_clang_arm). Do not install the module to app.
[OHOS INFO] [GN] Set module_install_dir or relative_install_dir field in the //foundation/bundlemanager/bundle_framework/test/sceneProject/unittest/bundle_hsp/hsp_A:hsp_A(//build/toolchain/ohos:ohos_clang_arm). Do not install the module to app.
[OHOS INFO] [GN] Set module_install_dir or relative_install_dir field in the //foundation/bundlemanager/bundle_framework/test/sceneProject/unittest/test_bundle/system_module:system_module(//build/toolchain/ohos:ohos_clang_arm). Do not install the module to app.
[OHOS INFO] [GN] Set module_install_dir or relative_install_dir field in the //foundation/bundlemanager/bundle_framework/test/sceneProject/unittest/bundle_share_library/libA_v10000:libA_v10000(//build/toolchain/ohos:ohos_clang_arm). Do not install the module to app.
[OHOS INFO] [GN] Set module_install_dir or relative_install_dir field in the //foundation/bundlemanager/bundle_framework/test/sceneProject/unittest/bundle_hsp/hsp_C2:hsp_C2(//build/toolchain/ohos:ohos_clang_arm). Do not install the module to app.
[OHOS INFO] [GN] Set module_install_dir or relative_install_dir field in the //foundation/bundlemanager/bundle_framework/test/sceneProject/unittest/parse_bundle/new:new(//build/toolchain/ohos:ohos_clang_arm). Do not install the module to app.
[OHOS INFO] [GN] Set module_install_dir or relative_install_dir field in the //foundation/bundlemanager/bundle_framework/test/sceneProject/unittest/bundle_share_library/libA_without_provision:libA_without_provision(//build/toolchain/ohos:ohos_clang_arm). Do not install the module to app.
[OHOS INFO] [GN] Set module_install_dir or relative_install_dir field in the //foundation/bundlemanager/bundle_framework/test/sceneProject/unittest/bundle_hsp/hsp_B:hsp_B(//build/toolchain/ohos:ohos_clang_arm). Do not install the module to app.
[OHOS INFO] [GN] Set module_install_dir or relative_install_dir field in the //foundation/bundlemanager/bundle_framework/test/sceneProject/unittest/bundle_share_library/libA_normal_hap:libA_normal_hap(//build/toolchain/ohos:ohos_clang_arm). Do not install the module to app.
[OHOS INFO] [GN] Set module_install_dir or relative_install_dir field in the //foundation/bundlemanager/bundle_framework/test/sceneProject/unittest/bundle_share_library/libA_v10002:libA_v10002(//build/toolchain/ohos:ohos_clang_arm). Do not install the module to app.
[OHOS INFO] [GN] Set module_install_dir or relative_install_dir field in the //foundation/bundlemanager/bundle_framework/test/sceneProject/unittest/bundle_hsp/hsp_C:hsp_C(//build/toolchain/ohos:ohos_clang_arm). Do not install the module to app.
[OHOS INFO] [GN] Set module_install_dir or relative_install_dir field in the //foundation/bundlemanager/bundle_framework/test/sceneProject/unittest/bundle_share_library/libA_v10001:libA_v10001(//build/toolchain/ohos:ohos_clang_arm). Do not install the module to app.
[OHOS INFO] [GN] Set module_install_dir or relative_install_dir field in the //foundation/bundlemanager/bundle_framework/test/sceneProject/unittest/test_bundle/sandboxTest:sandboxTest(//build/toolchain/ohos:ohos_clang_arm). Do not install the module to app.
[OHOS INFO] [GN] Set module_install_dir or relative_install_dir field in the //foundation/bundlemanager/bundle_framework/test/sceneProject/unittest/bundle_share_library/libB_v10001:libB_v10001(//build/toolchain/ohos:ohos_clang_arm). Do not install the module to app.
[OHOS INFO] [GN] Set module_install_dir or relative_install_dir field in the //foundation/bundlemanager/bundle_framework/test/sceneProject/moduletest/other_bundle/bmsThirdBundle2:mstbmsThirdBundle2(//build/toolchain/ohos:ohos_clang_arm). Do not install the module to app.
[OHOS INFO] [GN] Set module_install_dir or relative_install_dir field in the //foundation/bundlemanager/bundle_framework/test/sceneProject/moduletest/other_bundle/bmsThirdBundle14:mstbmsThirdBundle14(//build/toolchain/ohos:ohos_clang_arm). Do not install the module to app.
[OHOS INFO] [GN] Set module_install_dir or relative_install_dir field in the //foundation/bundlemanager/bundle_framework/test/sceneProject/unittest/install_daemon/right:right(//build/toolchain/ohos:ohos_clang_arm). Do not install the module to app.
[OHOS INFO] [GN] Set module_install_dir or relative_install_dir field in the //foundation/bundlemanager/bundle_framework/test/sceneProject/unittest/test_bundle/versionNormalHapTest1:versionNormalHapTest1(//build/toolchain/ohos:ohos_clang_arm). Do not install the module to app.
[OHOS INFO] [GN] Set module_install_dir or relative_install_dir field in the //foundation/bundlemanager/bundle_framework/test/sceneProject/moduletest/other_bundle/bmsThirdBundle1:mstbmsThirdBundle1(//build/toolchain/ohos:ohos_clang_arm). Do not install the module to app.
[OHOS INFO] [GN] Set module_install_dir or relative_install_dir field in the //foundation/bundlemanager/bundle_framework/test/sceneProject/unittest/test_bundle/versionNormalHapTest2:versionNormalHapTest2(//build/toolchain/ohos:ohos_clang_arm). Do not install the module to app.
[OHOS INFO] [GN] Set module_install_dir or relative_install_dir field in the //foundation/bundlemanager/bundle_framework/test/sceneProject/benchmark/benchmarktesthap:benchmarktesthap(//build/toolchain/ohos:ohos_clang_arm). Do not install the module to app.
[OHOS INFO] [GN] Set module_install_dir or relative_install_dir field in the //foundation/bundlemanager/bundle_framework/test/sceneProject/systemtest/CodeSignature/CodeSignatureWithoutLibs2:CodeSignatureWithoutLibs2(//build/toolchain/ohos:ohos_clang_arm). Do not install the module to app.
[OHOS INFO] [GN] Set module_install_dir or relative_install_dir field in the //foundation/bundlemanager/bundle_framework/test/sceneProject/systemtest/jsBundle/jsThirdBundle/bmsThirdBundle1:bmsThirdBundle1(//build/toolchain/ohos:ohos_clang_arm). Do not install the module to app.
[OHOS INFO] [GN] Set module_install_dir or relative_install_dir field in the //foundation/bundlemanager/bundle_framework/test/sceneProject/systemtest/jsBundle/jsThirdBundle/bmsThirdBundle2:bmsThirdBundle2(//build/toolchain/ohos:ohos_clang_arm). Do not install the module to app.
[OHOS INFO] [GN] Set module_install_dir or relative_install_dir field in the //foundation/bundlemanager/bundle_framework/test/sceneProject/systemtest/CodeSignature/CodeSigntureWithLibs:CodeSigntureWithLibs(//build/toolchain/ohos:ohos_clang_arm). Do not install the module to app.
[OHOS INFO] [GN] Set module_install_dir or relative_install_dir field in the //foundation/bundlemanager/bundle_framework/test/sceneProject/systemtest/jsBundle/jsThirdBundle/bmsThirdBundle5:bmsThirdBundle5(//build/toolchain/ohos:ohos_clang_arm). Do not install the module to app.
[OHOS INFO] [GN] Set module_install_dir or relative_install_dir field in the //foundation/bundlemanager/bundle_framework/test/sceneProject/systemtest/jsBundle/jsThirdBundle/bmsThirdBundle3:bmsThirdBundle3(//build/toolchain/ohos:ohos_clang_arm). Do not install the module to app.
[OHOS INFO] [GN] Set module_install_dir or relative_install_dir field in the //foundation/bundlemanager/bundle_framework/test/sceneProject/systemtest/CodeSignature/CodeSignatureWithoutLibs:CodeSignatureWithoutLibs(//build/toolchain/ohos:ohos_clang_arm). Do not install the module to app.
[OHOS INFO] [GN] Set module_install_dir or relative_install_dir field in the //foundation/bundlemanager/bundle_framework/test/sceneProject/systemtest/jsBundle/jsThirdBundle/bmsThirdBundle4:bmsThirdBundle4(//build/toolchain/ohos:ohos_clang_arm). Do not install the module to app.
[OHOS INFO] [GN] Set module_install_dir or relative_install_dir field in the //foundation/bundlemanager/bundle_framework/test/sceneProject/systemtest/BundleClient/bundleClient1:bundleClient1(//build/toolchain/ohos:ohos_clang_arm). Do not install the module to app.
[OHOS INFO] [GN] Set module_install_dir or relative_install_dir field in the //foundation/bundlemanager/bundle_framework/test/sceneProject/systemtest/stThirdBundle/bmsThirdBundle3:stbmsThirdBundle3(//build/toolchain/ohos:ohos_clang_arm). Do not install the module to app.
[OHOS INFO] [GN] Set module_install_dir or relative_install_dir field in the //foundation/bundlemanager/bundle_framework/test/sceneProject/systemtest/stMatchShareBundle/matchShareBundle1:matchShareBundle1(//build/toolchain/ohos:ohos_clang_arm). Do not install the module to app.
[OHOS INFO] [GN] Set module_install_dir or relative_install_dir field in the //foundation/bundlemanager/bundle_framework/test/sceneProject/systemtest/stMatchShareBundle/matchShareBundle3:matchShareBundle3(//build/toolchain/ohos:ohos_clang_arm). Do not install the module to app.
[OHOS INFO] [GN] Set module_install_dir or relative_install_dir field in the //foundation/bundlemanager/bundle_framework/test/sceneProject/systemtest/permissionBundle/permissionGrantBundle4:permissionGrantBundle4(//build/toolchain/ohos:ohos_clang_arm). Do not install the module to app.
[OHOS INFO] [GN] Set module_install_dir or relative_install_dir field in the //foundation/bundlemanager/bundle_framework/test/sceneProject/systemtest/permissionBundle/permissionGrantBundle3:permissionGrantBundle3(//build/toolchain/ohos:ohos_clang_arm). Do not install the module to app.
[OHOS INFO] [GN] Set module_install_dir or relative_install_dir field in the //foundation/bundlemanager/bundle_framework/test/sceneProject/systemtest/stMatchShareBundle/matchShareBundle2:matchShareBundle2(//build/toolchain/ohos:ohos_clang_arm). Do not install the module to app.
[OHOS INFO] [GN] Set module_install_dir or relative_install_dir field in the //foundation/bundlemanager/bundle_framework/test/sceneProject/systemtest/permissionBundle/permissionGrantBundle2:permissionGrantBundle2(//build/toolchain/ohos:ohos_clang_arm). Do not install the module to app.
[OHOS INFO] [GN] Set module_install_dir or relative_install_dir field in the //foundation/bundlemanager/bundle_framework/test/sceneProject/systemtest/jsBundle/jsThirdBundle/bmsThirdBundleDataAbility:bmsThirdBundleDataAbility(//build/toolchain/ohos:ohos_clang_arm). Do not install the module to app.
[OHOS INFO] [GN] Set module_install_dir or relative_install_dir field in the //foundation/bundlemanager/bundle_framework/test/sceneProject/systemtest/permissionBundle/permissionGrantBundle5:permissionGrantBundle5(//build/toolchain/ohos:ohos_clang_arm). Do not install the module to app.
[OHOS INFO] [GN] Set module_install_dir or relative_install_dir field in the //foundation/bundlemanager/bundle_framework/test/sceneProject/systemtest/stVendorBundle/bmsVendorBundle1:bmsVendorBundle1(//build/toolchain/ohos:ohos_clang_arm). Do not install the module to app.
[OHOS INFO] [GN] Set module_install_dir or relative_install_dir field in the //foundation/bundlemanager/bundle_framework/test/sceneProject/systemtest/jsBundle/jsThirdBundle/bmsThirdBundle6:bmsThirdBundle6(//build/toolchain/ohos:ohos_clang_arm). Do not install the module to app.
[OHOS INFO] [GN] Set module_install_dir or relative_install_dir field in the //foundation/bundlemanager/bundle_framework/test/sceneProject/systemtest/testOverlay/target_module_entry:entry_hap(//build/toolchain/ohos:ohos_clang_arm). Do not install the module to app.
[OHOS INFO] [GN] Set module_install_dir or relative_install_dir field in the //foundation/bundlemanager/bundle_framework/test/sceneProject/systemtest/testOverlay/target_module_entry_higher_version:higher_version_entry_hap(//build/toolchain/ohos:ohos_clang_arm). Do not install the module to app.
[OHOS INFO] [GN] Set module_install_dir or relative_install_dir field in the //foundation/bundlemanager/bundle_framework/test/sceneProject/systemtest/testOverlay/target_module_feature1:feature1_hap(//build/toolchain/ohos:ohos_clang_arm). Do not install the module to app.
[OHOS INFO] [GN] Set module_install_dir or relative_install_dir field in the //foundation/bundlemanager/bundle_framework/test/sceneProject/unittest/test_bundle/versionUpdateTest4:versionUpdateTest4(//build/toolchain/ohos:ohos_clang_arm). Do not install the module to app.
[OHOS INFO] [GN] Set module_install_dir or relative_install_dir field in the //foundation/bundlemanager/bundle_framework/test/sceneProject/unittest/test_bundle/versionUpdateTest2:versionUpdateTest2(//build/toolchain/ohos:ohos_clang_arm). Do not install the module to app.
[OHOS INFO] [GN] Set module_install_dir or relative_install_dir field in the //foundation/bundlemanager/bundle_framework/test/sceneProject/unittest/test_bundle/otaUpdateTestAplDown:otaUpdateTestAplDown(//build/toolchain/ohos:ohos_clang_arm). Do not install the module to app.
[OHOS INFO] [GN] Set module_install_dir or relative_install_dir field in the //foundation/bundlemanager/bundle_framework/test/sceneProject/unittest/test_bundle/versionUpdateTest3:versionUpdateTest3(//build/toolchain/ohos:ohos_clang_arm). Do not install the module to app.
[OHOS INFO] [GN] Set module_install_dir or relative_install_dir field in the //foundation/bundlemanager/bundle_framework/test/sceneProject/unittest/test_bundle/versionUpdateTest1:versionUpdateTest1(//build/toolchain/ohos:ohos_clang_arm). Do not install the module to app.
[OHOS INFO] [GN] Set module_install_dir or relative_install_dir field in the //foundation/bundlemanager/bundle_framework/test/sceneProject/unittest/test_bundle/otaUpdateTestBasis:otaUpdateTestBasis(//build/toolchain/ohos:ohos_clang_arm). Do not install the module to app.
[OHOS INFO] [GN] Set module_install_dir or relative_install_dir field in the //foundation/bundlemanager/bundle_framework/test/sceneProject/unittest/test_bundle/otaUpdateTestBasis/feature1:otaUpdateTestBasisFeature1(//build/toolchain/ohos:ohos_clang_arm). Do not install the module to app.
[OHOS INFO] [GN] Set module_install_dir or relative_install_dir field in the //foundation/bundlemanager/bundle_framework/test/sceneProject/unittest/test_bundle/otaUpdateTestAppField2:otaUpdateTestAppField2(//build/toolchain/ohos:ohos_clang_arm). Do not install the module to app.
[OHOS INFO] [GN] Set module_install_dir or relative_install_dir field in the //foundation/bundlemanager/bundle_framework/test/sceneProject/unittest/test_bundle/otaUpdateTestAppField:otaUpdateTestAppField(//build/toolchain/ohos:ohos_clang_arm). Do not install the module to app.
[OHOS INFO] [GN] Set module_install_dir or relative_install_dir field in the //foundation/bundlemanager/bundle_framework/test/sceneProject/unittest/test_bundle/otaUpdateTestBasis/feature2:otaUpdateTestBasisFeature2(//build/toolchain/ohos:ohos_clang_arm). Do not install the module to app.
[OHOS INFO] [GN] Set module_install_dir or relative_install_dir field in the //foundation/bundlemanager/bundle_framework/test/sceneProject/unittest/test_bundle/otaUpdateTestModuleField:otaUpdateTestModuleField(//build/toolchain/ohos:ohos_clang_arm). Do not install the module to app.
[OHOS INFO] [GN] Set module_install_dir or relative_install_dir field in the //foundation/bundlemanager/bundle_framework/test/sceneProject/unittest/test_bundle/otaUpdateTestSoChanged/feature1:otaUpdateTestSoChangedFeature1(//build/toolchain/ohos:ohos_clang_arm). Do not install the module to app.
[OHOS INFO] [GN] Set module_install_dir or relative_install_dir field in the //foundation/bundlemanager/bundle_framework/test/sceneProject/unittest/test_bundle/otaUpdateTestBasis2:otaUpdateTestBasis2(//build/toolchain/ohos:ohos_clang_arm). Do not install the module to app.
[OHOS INFO] [GN] Set module_install_dir or relative_install_dir field in the //foundation/bundlemanager/bundle_framework/test/sceneProject/unittest/test_bundle/otaUpdateTestAplUp:otaUpdateTestAplUp(//build/toolchain/ohos:ohos_clang_arm). Do not install the module to app.
[OHOS INFO] [GN] Set module_install_dir or relative_install_dir field in the //foundation/bundlemanager/bundle_framework/test/sceneProject/unittest/test_bundle/otaUpdateTestSignaIcon:otaUpdateTestSignaIcon(//build/toolchain/ohos:ohos_clang_arm). Do not install the module to app.
[OHOS INFO] [GN] Set module_install_dir or relative_install_dir field in the //foundation/bundlemanager/bundle_framework/test/sceneProject/unittest/test_bundle/otaUpdateTestSoChanged:otaUpdateTestSoChanged(//build/toolchain/ohos:ohos_clang_arm). Do not install the module to app.
[OHOS INFO] [GN] Set module_install_dir or relative_install_dir field in the //foundation/bundlemanager/bundle_framework/test/sceneProject/unittest/test_bundle/otaUpdateTestSoChanged/feature2:otaUpdateTestSoChangedFeature2(//build/toolchain/ohos:ohos_clang_arm). Do not install the module to app.
[OHOS INFO] [GN] Set module_install_dir or relative_install_dir field in the //foundation/bundlemanager/bundle_framework/test/sceneProject/unittest/test_bundle/ninth_right:ninth_right(//build/toolchain/ohos:ohos_clang_arm). Do not install the module to app.
[OHOS INFO] [GN] Set module_install_dir or relative_install_dir field in the //foundation/bundlemanager/bundle_framework/test/sceneProject/unittest/test_bundle/second_backup_right:second_backup_right(//build/toolchain/ohos:ohos_clang_arm). Do not install the module to app.
[OHOS INFO] [GN] Set module_install_dir or relative_install_dir field in the //foundation/bundlemanager/bundle_framework/test/sceneProject/unittest/test_bundle/eighth_right:eighth_right(//build/toolchain/ohos:ohos_clang_arm). Do not install the module to app.
[OHOS INFO] [GN] Set module_install_dir or relative_install_dir field in the //foundation/bundlemanager/bundle_framework/test/sceneProject/unittest/test_bundle/first_diff_minCompCode:first_diff_minCompCode(//build/toolchain/ohos:ohos_clang_arm). Do not install the module to app.
[OHOS INFO] [GN] Set module_install_dir or relative_install_dir field in the //foundation/bundlemanager/bundle_framework/test/sceneProject/unittest/test_bundle/tenth_right:tenth_right(//build/toolchain/ohos:ohos_clang_arm). Do not install the module to app.
[OHOS INFO] [GN] Set module_install_dir or relative_install_dir field in the //foundation/bundlemanager/bundle_framework/test/sceneProject/unittest/test_bundle/sixth_right:sixth_right(//build/toolchain/ohos:ohos_clang_arm). Do not install the module to app.
[OHOS INFO] [GN] Set module_install_dir or relative_install_dir field in the //foundation/bundlemanager/bundle_framework/test/sceneProject/unittest/test_bundle/fourteenth_right:fourteenth_right(//build/toolchain/ohos:ohos_clang_arm). Do not install the module to app.
[OHOS INFO] [GN] Set module_install_dir or relative_install_dir field in the //foundation/bundlemanager/bundle_framework/test/sceneProject/unittest/test_bundle/first_right_with_diff_moduleType:first_right_with_diff_moduleType(//build/toolchain/ohos:ohos_clang_arm). Do not install the module to app.
[OHOS INFO] [GN] Set module_install_dir or relative_install_dir field in the //foundation/bundlemanager/bundle_framework/test/sceneProject/unittest/test_bundle/eleventh_right:eleventh_right(//build/toolchain/ohos:ohos_clang_arm). Do not install the module to app.
[OHOS INFO] [GN] Set module_install_dir or relative_install_dir field in the //foundation/bundlemanager/bundle_framework/test/sceneProject/unittest/test_bundle/thirteenth_right:thirteenth_right(//build/toolchain/ohos:ohos_clang_arm). Do not install the module to app.
[OHOS INFO] [GN] Set module_install_dir or relative_install_dir field in the //foundation/bundlemanager/bundle_framework/test/sceneProject/unittest/test_bundle/twelfth_right:twelfth_right(//build/toolchain/ohos:ohos_clang_arm). Do not install the module to app.
[OHOS INFO] [GN] Set module_install_dir or relative_install_dir field in the //foundation/bundlemanager/bundle_framework/test/sceneProject/unittest/test_bundle/first_right_compCode:first_right_compCode(//build/toolchain/ohos:ohos_clang_arm). Do not install the module to app.
[OHOS INFO] [GN] Set module_install_dir or relative_install_dir field in the //foundation/bundlemanager/bundle_framework/test/sceneProject/unittest/test_bundle/sixteenth_right:sixteenth_right(//build/toolchain/ohos:ohos_clang_arm). Do not install the module to app.
[OHOS INFO] [GN] Set module_install_dir or relative_install_dir field in the //foundation/bundlemanager/bundle_framework/test/sceneProject/unittest/test_bundle/first_diff_release_type:first_diff_release_type(//build/toolchain/ohos:ohos_clang_arm). Do not install the module to app.
[OHOS INFO] [GN] Set module_install_dir or relative_install_dir field in the //foundation/bundlemanager/bundle_framework/test/sceneProject/unittest/driver_test/lower_version_driver_feature14:lower_version_driver_feature14_hap(//build/toolchain/ohos:ohos_clang_arm). Do not install the module to app.
[OHOS INFO] [GN] Set module_install_dir or relative_install_dir field in the //foundation/bundlemanager/bundle_framework/test/sceneProject/unittest/test_bundle/fifteenth_right:fifteenth_right(//build/toolchain/ohos:ohos_clang_arm). Do not install the module to app.
[OHOS INFO] [GN] Set module_install_dir or relative_install_dir field in the //foundation/bundlemanager/bundle_framework/test/sceneProject/unittest/driver_test/high_version_non_driver_feature11:high_version_non_driver_feature11_hap(//build/toolchain/ohos:ohos_clang_arm). Do not install the module to app.
[OHOS INFO] [GN] Set module_install_dir or relative_install_dir field in the //foundation/bundlemanager/bundle_framework/test/sceneProject/unittest/bundle_app_service/app_service_version1_library2:appService_v1_library2(//build/toolchain/ohos:ohos_clang_arm). Do not install the module to app.
[OHOS INFO] [GN] Set module_install_dir or relative_install_dir field in the //foundation/bundlemanager/bundle_framework/test/sceneProject/unittest/bundle_app_service/app_service_version2_library1:appService_v2_library1(//build/toolchain/ohos:ohos_clang_arm). Do not install the module to app.
[OHOS INFO] [GN] Set module_install_dir or relative_install_dir field in the //foundation/bundlemanager/bundle_framework/test/sceneProject/unittest/bundle_app_service/app_service_version2_library2:appService_v2_library2(//build/toolchain/ohos:ohos_clang_arm). Do not install the module to app.
[OHOS INFO] [GN] Set module_install_dir or relative_install_dir field in the //foundation/bundlemanager/bundle_framework/test/sceneProject/unittest/driver_test/lower_version_non_driver_feature12:lower_version_non_driver_feature12_hap(//build/toolchain/ohos:ohos_clang_arm). Do not install the module to app.
[OHOS INFO] [GN] Set module_install_dir or relative_install_dir field in the //foundation/bundlemanager/bundle_framework/test/sceneProject/systemtest/testHapSo/hapIncludeso5/feature1:hapIncludeso5Feature1(//build/toolchain/ohos:ohos_clang_arm). Do not install the module to app.
[OHOS INFO] [GN] Set module_install_dir or relative_install_dir field in the //foundation/bundlemanager/bundle_framework/test/sceneProject/systemtest/testHapNoSo/hapSectionContainso1/feature2:hapSectionContainsoFeature2(//build/toolchain/ohos:ohos_clang_arm). Do not install the module to app.
[OHOS INFO] [GN] Set module_install_dir or relative_install_dir field in the //foundation/bundlemanager/bundle_framework/test/sceneProject/systemtest/testHapNoSo/hapSectionContainso1/feature1:hapSectionContainsoFeature1(//build/toolchain/ohos:ohos_clang_arm). Do not install the module to app.
[OHOS INFO] [GN] Set module_install_dir or relative_install_dir field in the //foundation/bundlemanager/bundle_framework/test/sceneProject/systemtest/testHapNoSo/hapSectionContainso2/feature4:hapSectionContainsoFeature4(//build/toolchain/ohos:ohos_clang_arm). Do not install the module to app.
[OHOS INFO] [GN] Set module_install_dir or relative_install_dir field in the //foundation/bundlemanager/bundle_framework/test/sceneProject/systemtest/testHapNoSo/hapNotIncludeso2:hapNotIncludeso2(//build/toolchain/ohos:ohos_clang_arm). Do not install the module to app.
[OHOS INFO] [GN] Set module_install_dir or relative_install_dir field in the //foundation/bundlemanager/bundle_framework/test/sceneProject/systemtest/testHapNoSo/hapSectionContainso1:hapSectionContainso1(//build/toolchain/ohos:ohos_clang_arm). Do not install the module to app.
[OHOS INFO] [GN] Set module_install_dir or relative_install_dir field in the //foundation/bundlemanager/bundle_framework/test/sceneProject/systemtest/testHapSo/hapIncludeso7:hapIncludeso7(//build/toolchain/ohos:ohos_clang_arm). Do not install the module to app.
[OHOS INFO] [GN] Set module_install_dir or relative_install_dir field in the //foundation/bundlemanager/bundle_framework/test/sceneProject/systemtest/testHapSo/hapIncludeso7/feature1:hapIncludeso7Feature1(//build/toolchain/ohos:ohos_clang_arm). Do not install the module to app.
[OHOS INFO] [GN] Set module_install_dir or relative_install_dir field in the //foundation/bundlemanager/bundle_framework/test/sceneProject/systemtest/bundle_hsp/hsp_A/feature4:hspASystemtestFeature4(//build/toolchain/ohos:ohos_clang_arm). Do not install the module to app.
[OHOS INFO] [GN] Set module_install_dir or relative_install_dir field in the //foundation/bundlemanager/bundle_framework/test/sceneProject/systemtest/testHapNoSo/hapNotIncludeso1:hapNotIncludeso1(//build/toolchain/ohos:ohos_clang_arm). Do not install the module to app.
[OHOS INFO] [GN] Set module_install_dir or relative_install_dir field in the //foundation/bundlemanager/bundle_framework/test/sceneProject/systemtest/testHapNoSo/hapSectionContainso2/feature5:hapSectionContainsoFeature5(//build/toolchain/ohos:ohos_clang_arm). Do not install the module to app.
[OHOS INFO] [GN] Set module_install_dir or relative_install_dir field in the //foundation/bundlemanager/bundle_framework/test/sceneProject/systemtest/testHapSo/hapIncludeso3:hapIncludeso3(//build/toolchain/ohos:ohos_clang_arm). Do not install the module to app.
[OHOS INFO] [GN] Set module_install_dir or relative_install_dir field in the //foundation/bundlemanager/bundle_framework/test/sceneProject/systemtest/bundle_hsp/hsp_A/feature3:hspASystemtestFeature3(//build/toolchain/ohos:ohos_clang_arm). Do not install the module to app.
[OHOS INFO] [GN] Set module_install_dir or relative_install_dir field in the //foundation/bundlemanager/bundle_framework/test/sceneProject/systemtest/testHapSo/hapIncludeso7/hapnoso3:hapnoso3(//build/toolchain/ohos:ohos_clang_arm). Do not install the module to app.
[OHOS INFO] [GN] Set module_install_dir or relative_install_dir field in the //foundation/bundlemanager/bundle_framework/test/sceneProject/systemtest/bundle_hsp/hsp_A/feature2:hspASystemtestFeature2(//build/toolchain/ohos:ohos_clang_arm). Do not install the module to app.
[OHOS INFO] [GN] Set module_install_dir or relative_install_dir field in the //foundation/bundlemanager/bundle_framework/test/sceneProject/systemtest/testHapNoSo/hapSectionContainso2/feature6:hapSectionContainsoFeature6(//build/toolchain/ohos:ohos_clang_arm). Do not install the module to app.
[OHOS INFO] [GN] Set module_install_dir or relative_install_dir field in the //foundation/bundlemanager/bundle_framework/test/sceneProject/systemtest/bundle_hsp/hsp_A/feature1:hspASystemtestFeature1(//build/toolchain/ohos:ohos_clang_arm). Do not install the module to app.
[OHOS INFO] [GN] Set module_install_dir or relative_install_dir field in the //foundation/bundlemanager/bundle_framework/test/sceneProject/systemtest/testHapSo/hapIncludeso6/feature2:hapIncludeso6Feature2(//build/toolchain/ohos:ohos_clang_arm). Do not install the module to app.
[OHOS INFO] [GN] Set module_install_dir or relative_install_dir field in the //foundation/bundlemanager/bundle_framework/test/sceneProject/systemtest/testHapNoSo/hapSectionContainso2:hapSectionContainso2(//build/toolchain/ohos:ohos_clang_arm). Do not install the module to app.
[OHOS INFO] [GN] Set module_install_dir or relative_install_dir field in the //foundation/bundlemanager/bundle_framework/test/sceneProject/systemtest/bundle_hsp/hsp_A:hsp_A(//build/toolchain/ohos:ohos_clang_arm). Do not install the module to app.
[OHOS INFO] [GN] Set module_install_dir or relative_install_dir field in the //foundation/bundlemanager/bundle_framework/test/sceneProject/systemtest/testHapSo/hapIncludeso5/feature3:hapIncludeso5Feature3(//build/toolchain/ohos:ohos_clang_arm). Do not install the module to app.
[OHOS INFO] [GN] Set module_install_dir or relative_install_dir field in the //foundation/bundlemanager/bundle_framework/test/sceneProject/systemtest/testHapNoSo/hapSectionContainso1/feature3:hapSectionContainsoFeature3(//build/toolchain/ohos:ohos_clang_arm). Do not install the module to app.
[OHOS INFO] [GN] Set module_install_dir or relative_install_dir field in the //foundation/bundlemanager/bundle_framework/test/sceneProject/systemtest/bundle_hsp/hsp_A/feature6:hspASystemtestFeature6(//build/toolchain/ohos:ohos_clang_arm). Do not install the module to app.
[OHOS INFO] [GN] Set module_install_dir or relative_install_dir field in the //foundation/bundlemanager/bundle_framework/test/sceneProject/systemtest/bundle_hsp/hsp_A/feature8:hspASystemtestFeature8(//build/toolchain/ohos:ohos_clang_arm). Do not install the module to app.
[OHOS INFO] [GN] Set module_install_dir or relative_install_dir field in the //foundation/bundlemanager/bundle_framework/test/sceneProject/systemtest/extensionDirTest/oneExtensionDir/version1/feature:version1_oneExtension_feature_hap(//build/toolchain/ohos:ohos_clang_arm). Do not install the module to app.
[OHOS INFO] [GN] Set module_install_dir or relative_install_dir field in the //foundation/bundlemanager/bundle_framework/test/sceneProject/systemtest/bundle_hsp/hsp_A/feature5:hspASystemtestFeature5(//build/toolchain/ohos:ohos_clang_arm). Do not install the module to app.
[OHOS INFO] [GN] Set module_install_dir or relative_install_dir field in the //foundation/bundlemanager/bundle_framework/test/sceneProject/systemtest/extensionDirTest/oneExtensionDir/version1/entry:version1_oneExtension_entry_hap(//build/toolchain/ohos:ohos_clang_arm). Do not install the module to app.
[OHOS INFO] [GN] Set module_install_dir or relative_install_dir field in the //foundation/bundlemanager/bundle_framework/test/sceneProject/systemtest/extensionDirTest/twoExtensionDir/version2/feature:version2_twoExtension_feature_hap(//build/toolchain/ohos:ohos_clang_arm). Do not install the module to app.
[OHOS INFO] [GN] Set module_install_dir or relative_install_dir field in the //foundation/bundlemanager/bundle_framework/test/sceneProject/systemtest/extensionDirTest/twoExtensionDir/version1/feature:version1_twoExtension_feature_hap(//build/toolchain/ohos:ohos_clang_arm). Do not install the module to app.
[OHOS INFO] [GN] Set module_install_dir or relative_install_dir field in the //foundation/bundlemanager/bundle_framework/test/sceneProject/systemtest/extensionDirTest/oneExtensionDir/version2/entry_ex2:version2_oneExtension2_entry_hap(//build/toolchain/ohos:ohos_clang_arm). Do not install the module to app.
[OHOS INFO] [GN] Set module_install_dir or relative_install_dir field in the //foundation/bundlemanager/bundle_framework/test/sceneProject/systemtest/extensionDirTest/oneExtensionDir/version2/feature:version2_oneExtension_feature_hap(//build/toolchain/ohos:ohos_clang_arm). Do not install the module to app.
[OHOS INFO] [GN] Set module_install_dir or relative_install_dir field in the //foundation/bundlemanager/bundle_framework/test/sceneProject/systemtest/extensionDirTest/oneExtensionDir/version1/entry_ex2:version1_oneExtension2_entry_hap(//build/toolchain/ohos:ohos_clang_arm). Do not install the module to app.
[OHOS INFO] [GN] Set module_install_dir or relative_install_dir field in the //foundation/bundlemanager/bundle_framework/test/sceneProject/systemtest/extensionDirTest/withoutExtensionDir/version1_form/entry:version1_withoutExtension_entry_form_hap(//build/toolchain/ohos:ohos_clang_arm). Do not install the module to app.
[OHOS INFO] [GN] Set module_install_dir or relative_install_dir field in the //foundation/bundlemanager/bundle_framework/test/sceneProject/systemtest/extensionDirTest/twoExtensionDir/version2/entry:version2_twoExtension_entry_hap(//build/toolchain/ohos:ohos_clang_arm). Do not install the module to app.
[OHOS INFO] [GN] Set module_install_dir or relative_install_dir field in the //foundation/bundlemanager/bundle_framework/test/sceneProject/systemtest/extensionDirTest/withoutExtensionDir/version2/feature:version2_withoutExtension_feature_hap(//build/toolchain/ohos:ohos_clang_arm). Do not install the module to app.
[OHOS INFO] [GN] Set module_install_dir or relative_install_dir field in the //foundation/bundlemanager/bundle_framework/test/sceneProject/systemtest/bundle_hsp/hsp_A/feature7:hspASystemtestFeature7(//build/toolchain/ohos:ohos_clang_arm). Do not install the module to app.
[OHOS INFO] [GN] Set module_install_dir or relative_install_dir field in the //foundation/bundlemanager/bundle_framework/test/sceneProject/systemtest/extensionDirTest/twoExtensionDir/version1/entry:version1_twoExtension_entry_hap(//build/toolchain/ohos:ohos_clang_arm). Do not install the module to app.
[OHOS INFO] [GN] Set module_install_dir or relative_install_dir field in the //foundation/bundlemanager/bundle_framework/test/sceneProject/systemtest/extensionDirTest/oneExtensionDir/version2/entry:version2_oneExtension_entry_hap(//build/toolchain/ohos:ohos_clang_arm). Do not install the module to app.
[OHOS INFO] [GN] Set module_install_dir or relative_install_dir field in the //foundation/bundlemanager/bundle_framework/test/sceneProject/systemtest/extensionDirTest/withoutExtensionDir/version1/entry:version1_withoutExtension_entry_hap(//build/toolchain/ohos:ohos_clang_arm). Do not install the module to app.
[OHOS INFO] [GN] Set module_install_dir or relative_install_dir field in the //foundation/bundlemanager/bundle_framework/test/sceneProject/systemtest/extensionDirTest/withoutExtensionDir/version2/entry:version2_withoutExtension_entry_hap(//build/toolchain/ohos:ohos_clang_arm). Do not install the module to app.
[OHOS INFO] [GN] Set module_install_dir or relative_install_dir field in the //foundation/bundlemanager/bundle_framework/test/sceneProject/systemtest/extensionDirTest/withoutExtensionDir/version1/feature:version1_withoutExtension_feature_hap(//build/toolchain/ohos:ohos_clang_arm). Do not install the module to app.
[OHOS INFO] [GN] Set module_install_dir or relative_install_dir field in the //foundation/bundlemanager/bundle_framework/test/sceneProject/systemtest/extensionDirTest/withoutExtensionDir/version2_form/entry:version2_withoutExtension_entry_form_hap(//build/toolchain/ohos:ohos_clang_arm). Do not install the module to app.
[OHOS INFO] [GN] ########## ets_runtime disable cmc-gc ##############
[OHOS INFO] [GN] target_out_dir //out/rk3568/mingw_x86_64/obj/arkcompiler/runtime_core/libark_defect_scan_aux/tests/unittest
[OHOS INFO] [GN] target_dir /home/mgces/openharmony/code/out/rk3568/mingw_x86_64/obj/arkcompiler/runtime_core/libark_defect_scan_aux/tests/unittest
[OHOS INFO] [GN] test_abc_dir /home/mgces/openharmony/code/out/rk3568/mingw_x86_64/obj/arkcompiler/runtime_core/libark_defect_scan_aux/tests/unittest
[OHOS INFO] [GN] Set module_install_dir or relative_install_dir field in the //foundation/bundlemanager/distributed_bundle_framework/services/dbms/test/sceneProject/unittest/system_module:distributed_system_module(//build/toolchain/ohos:ohos_clang_arm). Do not install the module to app.
[OHOS INFO] [GN] Set module_install_dir or relative_install_dir field in the //foundation/bundlemanager/bundle_framework/test/sceneProject/systemtest/multiUser/lower_versionCode_entry:lower_versionCode_entry_hap(//build/toolchain/ohos:ohos_clang_arm). Do not install the module to app.
[OHOS INFO] [GN] Set module_install_dir or relative_install_dir field in the //foundation/bundlemanager/bundle_framework/test/sceneProject/systemtest/multiUser/lower_versionCode_entry/feature:lower_versionCode_entry_hapB(//build/toolchain/ohos:ohos_clang_arm). Do not install the module to app.
[OHOS INFO] [GN] Set module_install_dir or relative_install_dir field in the //foundation/bundlemanager/bundle_framework/test/sceneProject/systemtest/driverBundle/driverBundle1:driverBundle1(//build/toolchain/ohos:ohos_clang_arm). Do not install the module to app.
[OHOS INFO] [GN] Set module_install_dir or relative_install_dir field in the //foundation/bundlemanager/bundle_framework/test/sceneProject/systemtest/driverBundle/driverBundle2:driverBundle2(//build/toolchain/ohos:ohos_clang_arm). Do not install the module to app.
[OHOS INFO] [GN] ########## ets_runtime disable cmc-gc ##############
[OHOS INFO] [GN] ************libhilog_base use_musl ***************
[OHOS INFO] [GN] ########## ets_runtime disable cmc-gc ##############
[OHOS INFO] [GN] WARNING at the command-line "--args":1:327: Build argument has no effect.
[OHOS INFO] [GN] product_name="rk3568" target_cpu="arm" precise_branch="" is_standard_system=true product_path="/home/mgces/openharmony/code/vendor/hihope/rk3568" product_config_path="/home/mgces/openharmony/code/vendor/hihope/rk3568" device_name="rk3568" device_path="/home/mgces/openharmony/code/device/board/rockchip/rk3568" device_company="rockchip" device_config_path="/home/mgces/openharmony/code/device/board/rockchip/rk3568" ohos_build_compiler_specified="" ohos_build_time=1783478340542 ohos_build_datetime="2026-07-08 18:39:00" ace_engine_feature_enable_accessibility=true ace_engine_feature_enable_web=true ace_engine_feature_enable_upgrade_skia=true os_account_multiple_active_accounts=false datamgr_service_udmf=true access_token_enhance_capability=false code_signature_support_oh_code_sign=false code_signature_support_oh_release_app=true code_signature_support_app_allow_list=false init_feature_ab_partition=true hiview_feature_bbox_userspace=true hiview_enable_leak_detector=true hiview_enable_performance_monitor=true t2stack_feature_vtp=true t2stack_feature_coap=true t2stack_feature_dfile=true dsoftbus_feature_coap=true dsoftbus_feature_vtp=true dsoftbus_feature_dfile=true dsoftbus_feature_disc_ble=true dsoftbus_feature_disc_coap=true dsoftbus_feature_disc_lnn_coap=true dsoftbus_feature_conn_pv1=true dsoftbus_feature_conn_br=true dsoftbus_feature_conn_ble=true dsoftbus_feature_conn_tcp_proxy=true dsoftbus_feature_conn_tcp_comm=true dsoftbus_feature_trans_udp_stream=true dsoftbus_feature_trans_udp_file=true dsoftbus_feature_trans_udp=true dsoftbus_feature_trans_proxy_file=true dsoftbus_feature_trans_qos=true dsoftbus_feature_trans_br_proxy=true dsoftbus_feature_lnn_ble=true dsoftbus_feature_lnn_wifi=true dsoftbus_feature_lnn_cloud_sync=true dsoftbus_feature_lnn_channel_rating=true dsoftbus_feature_lnn_lane_mgr=true dsoftbus_feature_lnn_lane_qos=true dsoftbus_feature_lnn_frame=true wifi_feature_non_seperate_p2p=true wifi_feature_non_hdf_driver=true wifi_feature_p2p_random_mac_addr=true fusion_connectivity_partner_agent_feature=true updater_feature_use_ptable=false updater_feature_updater_gen_executable=true updater_feature_sign_on_server=false sys_installer_feature_ohos_cfg=true graphic_2d_feature_rs_enable_eglimage=true graphic_2d_feature_use_texgine=true graphic_2d_feature_upgrade_skia=true audio_framework_feature_dtmf_tone=true audio_framework_feature_opensl_es=true audio_framework_feature_support_os_account=false audio_framework_feature_audiosuite_support=true audio_framework_feature_hdmi_detect_audio=true image_framework_feature_upgrade_skia=true input_feature_combination_key=true input_feature_pointer_drawing=true input_feature_interceptor=true input_feature_monitor=true input_feature_keyboard=true input_feature_mouse=true input_feature_touchscreen=true input_feature_input_device=true battery_manager_feature_enable_charger=true memmgr_purgeable_memory=true memmgr_hyperhold_memory=true usb_manager_feature_pop_up_func_switch_model=false usb_manager_feature_host=true usb_manager_feature_device=true usb_manager_feature_port=true device_status_interaction_coordination=false wpa_supplicant_driver_nl80211=true skia_feature_upgrade=true libuv_use_ffrt=true qrcodegen_feature_ace_engine_qrcode_able=true hdf_core_platform_test_support=false hdf_core_default_peripheral_config=false drivers_interface_display_community=true drivers_interface_display_vdi_default=true drivers_peripheral_input_feature_model=true drivers_peripheral_input_feature_support_ddk=true drivers_peripheral_display_community=true drivers_peripheral_display_vdi_default=true drivers_peripheral_wlan_feature_enable_HDF_NL80211=true drivers_peripheral_wlan_feature_enable_HDF_UT=false drivers_peripheral_wlan_feature_vendor="default" drivers_peripheral_wlan_p2p_name="p2p-dev-wlan0" drivers_peripheral_sensor_feature_model=true drivers_peripheral_audio_feature_full_test_suite=true drivers_peripheral_audio_feature_alsa_lib=false drivers_peripheral_audio_feature_effect=true drivers_peripheral_light_feature_model=true drivers_peripheral_vibrator_feature_model=true drivers_peripheral_codec_feature_support_omx_extend_test=true drivers_peripheral_codec_feature_support_hdi_v1=true smartperf_host_device=true drivers_interface_audio_community=true alsa_lib_feature_config_enable=true ohos_build_enable_ccache=true ohos_build_type="debug" device_type="default" build_variant="root" ohos_components_checktype=4 ohos_interception_rule_switch=1023 root_perf_main="main" runtime_mode="release"
[OHOS INFO] [GN]                                                                                                                                                                                                                                                                                                                                       ^---------
[OHOS INFO] [GN] The variable "device_company" was set as a build argument
[OHOS INFO] [GN] but never appeared in a declare_args() block in any buildfile.
[OHOS INFO] [GN] 
[OHOS INFO] [GN] To view all possible args, run "gn args --list <out_dir>"
[OHOS INFO] [GN] 
[OHOS INFO] [GN] The build continued as if that argument was unspecified.
[OHOS INFO] [GN] 
[OHOS INFO] [GN] Done. Made 139257 targets from 17895 files in 53771ms
[OHOS INFO]  The run time for _gn is 54.08 s

[OHOS INFO] [NINJA] Excuting ninja command: /home/mgces/openharmony/code/prebuilts/build-tools/linux-x86/bin/ninja -w dupbuild=warn -C /home/mgces/openharmony/code/out/rk3568 hiview_package
[OHOS INFO] [NINJA] [1/2084] CXX obj/foundation/graphic/graphic_2d/utils/sandbox/sandbox_utils/sandbox_utils.o
[OHOS INFO] [NINJA] [2/2084] CXX obj/foundation/graphic/graphic_2d/utils/scoped_bytrace/src/scoped_bytrace/scoped_bytrace.o
[OHOS INFO] [NINJA] [3/2084] AR obj/foundation/graphic/graphic_2d/utils/scoped_bytrace/libscoped_bytrace.a
[OHOS INFO] [NINJA] [4/2084] STAMP obj/foundation/graphic/graphic_2d/utils/scoped_bytrace.stamp
[OHOS INFO] [NINJA] [5/2084] STAMP obj/foundation/resourceschedule/qos_manager/frameworks/concurrent_task_client/concurrent_task_client.inputdeps.stamp
[OHOS INFO] [NINJA] [6/2084] CXX obj/foundation/graphic/graphic_2d/utils/socketpair/src/socketpair/local_socketpair.o
[OHOS INFO] [NINJA] [7/2084] AR obj/foundation/graphic/graphic_2d/utils/sandbox/libsandbox_utils.a
[OHOS INFO] [NINJA] [8/2084] CXX obj/foundation/resourceschedule/qos_manager/frameworks/concurrent_task_client/src/concurrent_task_client/concurrent_task_client.o
[OHOS INFO] [NINJA] [9/2084] CXX obj/out/rk3568/gen/foundation/resourceschedule/qos_manager/frameworks/concurrent_task_client/concurrent_task_client/concurrent_task_idl_types.o
[OHOS INFO] [NINJA] [10/2084] STAMP obj/foundation/graphic/graphic_2d/utils/sandbox_utils.stamp
[OHOS INFO] [NINJA] [11/2084] STAMP obj/foundation/resourceschedule/memmgr/interface/innerkits/memmgrclient.inputdeps.stamp
[OHOS INFO] [NINJA] [12/2084] CXX obj/out/rk3568/gen/foundation/resourceschedule/qos_manager/frameworks/concurrent_task_client/concurrent_task_client/concurrent_task_service_proxy.o
[OHOS INFO] [NINJA] [13/2084] CXX obj/foundation/resourceschedule/memmgr/interface/innerkits/src/memmgrclient/bundle_priority_list.o
[OHOS INFO] [NINJA] [14/2084] CXX obj/foundation/resourceschedule/memmgr/interface/innerkits/src/memmgrclient/mem_mgr_client.o
[OHOS INFO] [NINJA] [15/2084] CXX obj/foundation/resourceschedule/memmgr/interface/innerkits/src/memmgrclient/app_state_subscriber.o
[OHOS INFO] [NINJA] [16/2084] CXX obj/foundation/resourceschedule/memmgr/interface/innerkits/src/memmgrclient/mem_mgr_constant.o
[OHOS INFO] [NINJA] [17/2084] CXX obj/foundation/resourceschedule/memmgr/interface/innerkits/src/memmgrclient/mem_mgr_process_state_info.o
[OHOS INFO] [NINJA] [18/2084] CXX obj/foundation/resourceschedule/memmgr/interface/innerkits/src/memmgrclient/mem_mgr_proxy.o
[OHOS INFO] [NINJA] [19/2084] CXX obj/foundation/resourceschedule/memmgr/interface/innerkits/src/memmgrclient/mem_mgr_window_info.o
[OHOS INFO] [NINJA] [20/2084] CXX obj/foundation/resourceschedule/memmgr/services/memmgrservice/src/purgeable_mem_manager/memmgrclient/app_state_subscriber_proxy.o
[OHOS INFO] [NINJA] [21/2084] CC obj/third_party/lz4/lib/liblz4_shared/lz4.o
[OHOS INFO] [NINJA] [22/2084] CC obj/third_party/lz4/lib/liblz4_shared/lz4hc.o
[OHOS INFO] [NINJA] [23/2084] CXX obj/foundation/resourceschedule/memmgr/services/memmgrservice/src/purgeable_mem_manager/memmgrclient/app_state_subscriber_stub.o
[OHOS INFO] [NINJA] [24/2084] CXX obj/third_party/rust/crates/cxx/src/cxx_cppdeps/cxx.o
[OHOS INFO] [NINJA] [25/2084] STAMP obj/foundation/graphic/graphic_2d/rosen/modules/platform/eventhandler.stamp
[OHOS INFO] [NINJA] [26/2084] STAMP obj/foundation/graphic/graphic_2d/rosen/modules/platform/ipc_core.stamp
[OHOS INFO] [NINJA] [27/2084] STAMP obj/foundation/graphic/graphic_2d/rosen/modules/platform/utils.stamp
[OHOS INFO] [NINJA] [28/2084] STAMP obj/foundation/graphic/graphic_2d/rosen/modules/render_frame_trace/render_frame_trace.inputdeps.stamp
[OHOS INFO] [NINJA] [29/2084] CXX obj/foundation/resourceschedule/frame_aware_sched/interfaces/innerkits/frameintf/frame_trace_intf/frame_trace.o
[OHOS INFO] [NINJA] [30/2084] ACTION //arkcompiler/runtime_core/static_core/libarkbase:libarktsbase_static__notice(//build/toolchain/linux:clang_x64)
[OHOS INFO] [NINJA] [31/2082] CXX obj/foundation/graphic/graphic_2d/rosen/modules/render_frame_trace/src/render_frame_trace/frame_rate_report.o
[OHOS INFO] [NINJA] [32/2082] CXX obj/foundation/graphic/graphic_2d/rosen/modules/render_frame_trace/src/render_frame_trace/render_frame_trace.o
[OHOS INFO] [NINJA] [33/2082] CXX obj/foundation/graphic/graphic_2d/rosen/modules/render_frame_trace/src/render_frame_trace/render_frame_trace_impl.o
[OHOS INFO] [NINJA] [34/2082] CXX obj/out/rk3568/gen/base/hiviewdfx/hiview/adapter/service/client/hiview_service_stub_inner/hiview_service_ability_stub.o
[OHOS INFO] [NINJA] [35/2082] CXX obj/out/rk3568/gen/base/hiviewdfx/hiview/adapter/service/client/hiview_service_stub_inner/request_trace_callback_proxy.o
[OHOS INFO] [NINJA] [36/2082] STAMP obj/base/powermgr/power_manager/interfaces/inner_api/powermgr_client.inputdeps.stamp
[OHOS INFO] [NINJA] [37/2082] STAMP obj/base/hiviewdfx/hiview/adapter/service/client/hiview_service_stub_inner.stamp
[OHOS INFO] [NINJA] [38/2082] ACTION //arkcompiler/runtime_core/static_core/libziparchive:libarktsziparchive_static__notice(//build/toolchain/ohos:ohos_clang_arm)
[OHOS INFO] [NINJA] [39/2081] CXX obj/base/powermgr/power_manager/frameworks/native/powermgr_client/client_lifecycle.o
[OHOS INFO] [NINJA] [40/2081] ACTION //arkcompiler/runtime_core/static_core/libarkbase:libarktsbase__notice(//build/toolchain/ohos:ohos_clang_arm)
[OHOS INFO] [NINJA] [41/2080] CXX obj/base/powermgr/power_manager/frameworks/native/powermgr_client/power_mgr_client.o
[OHOS INFO] [NINJA] [42/2080] ACTION //arkcompiler/runtime_core/static_core/libarkbase:libarktsbase_static__notice(//build/toolchain/ohos:ohos_clang_arm)
[OHOS INFO] [NINJA] [43/2077] CXX obj/base/powermgr/power_manager/frameworks/native/powermgr_client/running_lock.o
[OHOS INFO] [NINJA] [44/2077] CXX obj/base/powermgr/power_manager/frameworks/native/powermgr_client/running_lock_info.o
[OHOS INFO] [NINJA] [45/2077] ACTION //base/security/access_token/frameworks/common:permission_definition_check(//build/toolchain/ohos:ohos_clang_arm)
[OHOS INFO] [NINJA] [46/1961] CXX obj/base/powermgr/power_manager/frameworks/native/shutdown/powermgr_client/shutdown_client.o
[OHOS INFO] [NINJA] [47/1961] STAMP obj/base/hiviewdfx/hiview/plugins/performance/xperf_service/interfaces/inner_api/xperfservice_client/xperfservice_client.inputdeps.stamp
[OHOS INFO] [NINJA] [48/1961] STAMP obj/foundation/graphic/graphic_2d/rosen/modules/composer/vsync/libvsync.inputdeps.stamp
[OHOS INFO] [NINJA] [49/1961] CXX obj/base/hiviewdfx/hiview/plugins/performance/xperf_service/common/src/xperfservice_client/perf_trace.o
[OHOS INFO] [NINJA] [50/1961] ACTION //arkcompiler/runtime_core/static_core/libarkfile:libarktsfile_static__notice(//build/toolchain/ohos:ohos_clang_arm)
[OHOS INFO] [NINJA] [51/1960] CXX obj/base/hiviewdfx/hiview/plugins/performance/xperf_service/common/src/xperfservice_client/perf_utils.o
[OHOS INFO] [NINJA] [52/1960] CXX obj/base/hiviewdfx/hiview/plugins/performance/xperf_service/interfaces/inner_api/xperfservice_client/src/xperfservice_client/xperf_service_client.o
[OHOS INFO] [NINJA] [53/1960] CXX obj/base/hiviewdfx/hiview/plugins/performance/xperf_service/interfaces/inner_api/xperfservice_client/src/xperfservice_client/rs_monitor_adapter.o
[OHOS INFO] [NINJA] [54/1960] ACTION //arkcompiler/runtime_core/static_core/libziparchive:libarktsziparchive__notice(//build/toolchain/ohos:ohos_clang_arm)
[OHOS INFO] [NINJA] [55/1958] CXX obj/base/hiviewdfx/hiview/plugins/performance/xperf_service/interfaces/inner_api/xperfservice_client/src/xperfservice_client/rs_frame_monitor.o
[OHOS INFO] [NINJA] [56/1958] CXX obj/out/rk3568/gen/base/hiviewdfx/hiview/plugins/performance/xperf_service/interfaces/inner_api/xperfservice_client/xperfservice_client/audio_jank_callback_proxy.o
[OHOS INFO] [NINJA] [57/1958] CXX obj/out/rk3568/gen/base/hiviewdfx/hiview/plugins/performance/xperf_service/interfaces/inner_api/xperfservice_client/xperfservice_client/video_jank_callback_proxy.o
[OHOS INFO] [NINJA] [58/1958] CXX obj/out/rk3568/gen/base/hiviewdfx/hiview/plugins/performance/xperf_service/interfaces/inner_api/xperfservice_client/xperfservice_client/video_state_callback_proxy.o
[OHOS INFO] [NINJA] [59/1958] ACTION //arkcompiler/runtime_core/static_core/libarkfile:libarktsfile_static__notice(//build/toolchain/linux:clang_x64)
[OHOS INFO] [NINJA] [60/1957] CXX obj/out/rk3568/gen/base/hiviewdfx/hiview/plugins/performance/xperf_service/interfaces/inner_api/xperfservice_client/xperfservice_client/xperf_service_proxy.o
[OHOS INFO] [NINJA] [61/1957] ACTION //arkcompiler/runtime_core/static_core/libarkbase:libarktsbase__notice(//build/toolchain/linux:clang_x64)
[OHOS INFO] [NINJA] [62/1956] CXX obj/out/rk3568/gen/base/hiviewdfx/hiview/plugins/performance/xperf_service/interfaces/inner_api/xperfservice_client/xperfservice_client/audio_jank_callback_stub.o
[OHOS INFO] [NINJA] [63/1956] CXX obj/out/rk3568/gen/base/hiviewdfx/hiview/plugins/performance/xperf_service/interfaces/inner_api/xperfservice_client/xperfservice_client/video_jank_callback_stub.o
[OHOS INFO] [NINJA] [64/1956] ACTION //arkcompiler/runtime_core/static_core/libziparchive:libarktsziparchive_static__notice(//build/toolchain/linux:clang_x64)
[OHOS INFO] [NINJA] [65/1954] CXX obj/out/rk3568/gen/base/hiviewdfx/hiview/plugins/performance/xperf_service/interfaces/inner_api/xperfservice_client/xperfservice_client/video_state_callback_stub.o
[OHOS INFO] [NINJA] [66/1954] ACTION //arkcompiler/runtime_core/static_core/libziparchive:libarktsziparchive__notice(//build/toolchain/linux:clang_x64)
[OHOS INFO] [NINJA] [67/1952] CXX obj/out/rk3568/gen/base/hiviewdfx/hiview/plugins/performance/xperf_service/interfaces/inner_api/xperfservice_client/xperfservice_client/xperf_service_stub.o
[OHOS INFO] [NINJA] [68/1952] CXX obj/foundation/graphic/graphic_2d/rosen/modules/composer/vsync/src/libvsync/vsync_callback_listener.o
[OHOS INFO] [NINJA] [69/1952] CXX obj/foundation/graphic/graphic_2d/rosen/modules/composer/vsync/src/libvsync/vsync_connection_proxy.o
[OHOS INFO] [NINJA] [70/1952] CXX obj/foundation/graphic/graphic_2d/rosen/modules/composer/vsync/src/libvsync/vsync_connection_stub.o
[OHOS INFO] [NINJA] [71/1952] CXX obj/foundation/graphic/graphic_2d/rosen/modules/composer/vsync/src/libvsync/vsync_controller.o
[OHOS INFO] [NINJA] [72/1952] ACTION //arkcompiler/runtime_core/static_core/libarkfile:libarktsfile__notice(//build/toolchain/ohos:ohos_clang_arm)
[OHOS INFO] [NINJA] [73/1951] CXX obj/foundation/graphic/graphic_2d/rosen/modules/composer/vsync/src/libvsync/vsync_distributor.o
[OHOS INFO] [NINJA] [74/1951] CXX obj/foundation/graphic/graphic_2d/rosen/modules/composer/vsync/src/libvsync/vsync_generator.o
[OHOS INFO] [NINJA] [75/1951] ACTION //arkcompiler/runtime_core/static_core/runtime/asm_defines:asm_defines__notice(//build/toolchain/linux:clang_x64)
[OHOS INFO] [NINJA] [76/1950] CXX obj/foundation/graphic/graphic_2d/rosen/modules/composer/vsync/src/libvsync/vsync_receiver.o
[OHOS INFO] [NINJA] [77/1950] ACTION //arkcompiler/runtime_core/static_core/runtime/asm_defines:asm_defines__notice(//build/toolchain/ohos:ohos_clang_arm)
[OHOS INFO] [NINJA] [78/1949] CXX obj/foundation/graphic/graphic_2d/rosen/modules/composer/vsync/src/libvsync/vsync_sampler.o
[OHOS INFO] [NINJA] [79/1949] ACTION //arkcompiler/runtime_core/static_core/libarkfile:libarktsfile__notice(//build/toolchain/linux:clang_x64)
[OHOS INFO] [NINJA] [80/1948] CXX obj/foundation/graphic/graphic_2d/rosen/modules/composer/vsync/src/libvsync/vsync_system_ability_listener.o
[OHOS INFO] [NINJA] [81/1948] CXX obj/foundation/graphic/graphic_2d/rosen/modules/composer/vsync/src/libvsync/dvsync_lib_manager.o
[OHOS INFO] [NINJA] [82/1948] CXX obj/foundation/graphic/graphic_2d/rosen/modules/ressched/src/libvsync/ressched_event_listener.o
[OHOS INFO] [NINJA] [83/1948] ACTION //arkcompiler/runtime_core/static_core/libarkbase:libarktsbase_frontend_set_static__notice(//build/toolchain/linux:clang_x64)
[OHOS INFO] [NINJA] [84/1946] CXX obj/foundation/graphic/graphic_2d/rosen/modules/frame_report/src/libvsync/rs_frame_report.o
[OHOS INFO] [NINJA] [85/1946] CXX obj/base/powermgr/power_manager/frameworks/native/shutdown/powermgr_client/takeover_info.o
[OHOS INFO] [NINJA] [86/1946] CXX obj/base/powermgr/power_manager/services/zidl/src/powermgr_client/ulsr_callback_proxy.o
[OHOS INFO] [NINJA] [87/1946] CXX obj/base/powermgr/power_manager/services/zidl/src/powermgr_client/ulsr_callback_stub.o
[OHOS INFO] [NINJA] [88/1946] CXX obj/base/powermgr/power_manager/services/zidl/src/powermgr_client/power_mgr_async_reply.o
[OHOS INFO] [NINJA] [89/1946] ACTION //arkcompiler/runtime_core/static_core/libziparchive:libarktsziparchive_frontend_set_static__notice(//build/toolchain/linux:clang_x64)
[OHOS INFO] [NINJA] [90/1945] CXX obj/base/powermgr/power_manager/services/zidl/src/powermgr_client/power_mode_callback_proxy.o
[OHOS INFO] [NINJA] [91/1945] ACTION //arkcompiler/runtime_core/static_core/libarkbase:libarktsbase_frontend_static__notice(//build/toolchain/linux:clang_x64)
[OHOS INFO] [NINJA] [92/1944] ACTION //arkcompiler/runtime_core/static_core/compiler/optimizer/code_generator:libarkencoder__notice(//build/toolchain/linux:clang_x64)
[OHOS INFO] [NINJA] [93/1942] CXX obj/base/powermgr/power_manager/services/zidl/src/powermgr_client/power_mode_callback_stub.o
[OHOS INFO] [NINJA] [94/1942] ACTION //arkcompiler/runtime_core/static_core/libarkfile:libarktsfile_frontend_set_static__notice(//build/toolchain/linux:clang_x64)
[OHOS INFO] [NINJA] [95/1941] CXX obj/base/powermgr/power_manager/services/zidl/src/powermgr_client/power_runninglock_callback_proxy.o
[OHOS INFO] [NINJA] [96/1941] ACTION //arkcompiler/ets_frontend/ets2panda:check_build_system_consistency(//build/toolchain/linux:clang_x64)
[OHOS INFO] [NINJA] [97/1426] CXX obj/base/powermgr/power_manager/services/zidl/src/powermgr_client/power_runninglock_callback_stub.o
[OHOS INFO] [NINJA] [98/1426] CXX obj/base/powermgr/power_manager/services/zidl/src/powermgr_client/power_state_callback_proxy.o
[OHOS INFO] [NINJA] [99/1426] CXX obj/base/powermgr/power_manager/services/zidl/src/powermgr_client/power_state_callback_stub.o
[OHOS INFO] [NINJA] [100/1426] CXX obj/base/powermgr/power_manager/services/zidl/src/powermgr_client/screen_off_pre_callback_proxy.o
[OHOS INFO] [NINJA] [101/1426] CXX obj/base/powermgr/power_manager/services/zidl/src/powermgr_client/screen_off_pre_callback_stub.o
[OHOS INFO] [NINJA] [102/1426] CXX obj/base/powermgr/power_manager/services/zidl/src/powermgr_client/running_lock_changed_callback_proxy.o
[OHOS INFO] [NINJA] [103/1426] CXX obj/base/powermgr/power_manager/services/zidl/src/powermgr_client/running_lock_changed_callback_stub.o
[OHOS INFO] [NINJA] [104/1426] ACTION //arkcompiler/runtime_core/static_core/compiler:libarktscompiler__notice(//build/toolchain/linux:clang_x64)
[OHOS INFO] [NINJA] [105/1424] ACTION //arkcompiler/runtime_core/static_core/libziparchive:libarktsziparchive_frontend_static__notice(//build/toolchain/linux:clang_x64)
[OHOS INFO] [NINJA] [106/1422] ACTION //arkcompiler/runtime_core/static_core/isa:isa_combine_static_etc__notice(//build/toolchain/linux:clang_x64)
[OHOS INFO] [NINJA] [107/1421] CXX obj/base/powermgr/power_manager/services/zidl/src/shutdown/powermgr_client/async_shutdown_callback_proxy.o
[OHOS INFO] [NINJA] [108/1421] ACTION //third_party/skia/m133:ohos_font_file_map.json__notice(//build/toolchain/ohos:ohos_clang_arm)
[OHOS INFO] [NINJA] [109/1420] CXX obj/base/powermgr/power_manager/services/zidl/src/shutdown/powermgr_client/async_shutdown_callback_stub.o
[OHOS INFO] [NINJA] [110/1420] CXX obj/base/powermgr/power_manager/services/zidl/src/shutdown/powermgr_client/sync_shutdown_callback_proxy.o
[OHOS INFO] [NINJA] [111/1420] CXX obj/base/powermgr/power_manager/services/zidl/src/shutdown/powermgr_client/sync_shutdown_callback_stub.o
[OHOS INFO] [NINJA] [112/1420] CXX obj/base/powermgr/power_manager/services/zidl/src/shutdown/powermgr_client/takeover_shutdown_callback_proxy.o
[OHOS INFO] [NINJA] [113/1420] CXX obj/base/powermgr/power_manager/services/zidl/src/shutdown/powermgr_client/takeover_shutdown_callback_stub.o
[OHOS INFO] [NINJA] [114/1420] CXX obj/base/powermgr/power_manager/services/zidl/src/powermgr_client/sync_hibernate_callback_proxy.o
[OHOS INFO] [NINJA] [115/1420] CXX obj/base/powermgr/power_manager/services/zidl/src/powermgr_client/sync_hibernate_callback_stub.o
[OHOS INFO] [NINJA] [116/1420] CXX obj/base/powermgr/power_manager/services/zidl/src/powermgr_client/sync_sleep_callback_proxy.o
[OHOS INFO] [NINJA] [117/1420] ACTION //third_party/skia/m133:ohos_fontconfig.json__notice(//build/toolchain/ohos:ohos_clang_arm)
[OHOS INFO] [NINJA] [118/1419] CXX obj/base/powermgr/power_manager/services/zidl/src/powermgr_client/sync_sleep_callback_stub.o
[OHOS INFO] [NINJA] [119/1419] CXX obj/base/powermgr/power_manager/services/zidl/src/powermgr_client/takeover_suspend_callback_proxy.o
[OHOS INFO] [NINJA] [120/1419] ACTION //arkcompiler/runtime_core/static_core/assembler:libarktsassembler_static__notice(//build/toolchain/linux:clang_x64)
[OHOS INFO] [NINJA] [121/1417] CXX obj/base/powermgr/power_manager/services/zidl/src/powermgr_client/takeover_suspend_callback_stub.o
[OHOS INFO] [NINJA] [122/1417] CXX obj/out/rk3568/gen/base/powermgr/power_manager/interfaces/inner_api/powermgr_client/power_mgr_proxy.o
[OHOS INFO] [NINJA] [123/1417] CXX obj/out/rk3568/gen/base/hiviewdfx/hidumper/services/zidl_cpu_service/hidumper_cpu_service_stub.o
[OHOS INFO] [NINJA] [124/1417] ACTION //third_party/skia/m133:ohos_fontconfig_old.json__notice(//build/toolchain/ohos:ohos_clang_arm)
[OHOS INFO] [NINJA] [125/1416] STAMP obj/base/hiviewdfx/hiview/plugins/performance/xperf_service/interfaces/inner_api/xperfservice_client/xperfservice_stub.inputdeps.stamp
[OHOS INFO] [NINJA] [126/1416] ACTION //arkcompiler/runtime_core/static_core/assembler:libarktsassembler_frontend_set_static__notice(//build/toolchain/linux:clang_x64)
[OHOS INFO] [NINJA] [127/1415] STAMP obj/foundation/resourceschedule/device_usage_statistics/usagestatsinner.inputdeps.stamp
[OHOS INFO] [NINJA] [128/1415] CXX obj/foundation/resourceschedule/device_usage_statistics/utils/src/usagestatsutils/bundle_active_log.o
[OHOS INFO] [NINJA] [129/1415] CXX obj/foundation/resourceschedule/device_usage_statistics/utils/src/usagestatsutils/bundle_active_util.o
[OHOS INFO] [NINJA] [130/1415] CXX obj/base/hiviewdfx/faultloggerd/interfaces/innerkits/crash_exception/crash_exception/crash_exception.o
[OHOS INFO] [NINJA] [131/1415] STAMP obj/base/hiviewdfx/hidumper/services/zidl_cpu_service.stamp
[OHOS INFO] [NINJA] [132/1415] CXX obj/out/rk3568/gen/base/hiviewdfx/hiview/plugins/performance/xperf_service/interfaces/inner_api/xperfservice_client/xperfservice_stub/audio_jank_callback_proxy.o
[OHOS INFO] [NINJA] [133/1415] CXX obj/out/rk3568/gen/base/hiviewdfx/hiview/plugins/performance/xperf_service/interfaces/inner_api/xperfservice_client/xperfservice_stub/video_jank_callback_proxy.o
[OHOS INFO] [NINJA] [134/1415] CXX obj/out/rk3568/gen/base/hiviewdfx/hiview/plugins/performance/xperf_service/interfaces/inner_api/xperfservice_client/xperfservice_stub/video_state_callback_proxy.o
[OHOS INFO] [NINJA] [135/1415] CXX obj/out/rk3568/gen/base/hiviewdfx/hiview/plugins/performance/xperf_service/interfaces/inner_api/xperfservice_client/xperfservice_stub/xperf_service_proxy.o
[OHOS INFO] [NINJA] [136/1415] ACTION //arkcompiler/runtime_core/static_core/compiler:libarktscompiler_frontend_static__notice(//build/toolchain/linux:clang_x64)
[OHOS INFO] [NINJA] [137/1414] CXX obj/out/rk3568/gen/base/hiviewdfx/hiview/plugins/performance/xperf_service/interfaces/inner_api/xperfservice_client/xperfservice_stub/audio_jank_callback_stub.o
[OHOS INFO] [NINJA] [138/1414] CXX obj/out/rk3568/gen/base/hiviewdfx/hiview/plugins/performance/xperf_service/interfaces/inner_api/xperfservice_client/xperfservice_stub/video_jank_callback_stub.o
[OHOS INFO] [NINJA] [139/1414] ACTION //arkcompiler/runtime_core/static_core/libarkfile:libarktsfile_frontend_static__notice(//build/toolchain/linux:clang_x64)
[OHOS INFO] [NINJA] [140/1412] CXX obj/out/rk3568/gen/base/hiviewdfx/hiview/plugins/performance/xperf_service/interfaces/inner_api/xperfservice_client/xperfservice_stub/video_state_callback_stub.o
[OHOS INFO] [NINJA] [141/1412] ACTION //arkcompiler/runtime_core/static_core/compiler/optimizer/code_generator:libarkencoder_frontend_dependency_static__notice(//build/toolchain/linux:clang_x64)
[OHOS INFO] [NINJA] [142/1409] CXX obj/out/rk3568/gen/base/hiviewdfx/hiview/plugins/performance/xperf_service/interfaces/inner_api/xperfservice_client/xperfservice_stub/xperf_service_stub.o
[OHOS INFO] [NINJA] [143/1409] ACTION //third_party/skia/m133/modules/svg:svg__notice(//build/toolchain/ohos:ohos_clang_arm)
[OHOS INFO] [NINJA] [144/1386] CXX obj/foundation/resourceschedule/device_usage_statistics/interfaces/innerkits/src/usagestatsinner/app_group_callback_info.o
[OHOS INFO] [NINJA] [145/1386] STAMP obj/foundation/graphic/graphics_effect/graphics_effect_src.inputdeps.stamp
[OHOS INFO] [NINJA] [146/1386] RUST rlib thirdparty/rust_cxx/libcxx.rlib
[OHOS INFO] [NINJA] [147/1386] CXX obj/foundation/graphic/graphics_effect/src/core/graphics_effect_src/ge_effect_factory.o
[OHOS INFO] [NINJA] [148/1386] ACTION //arkcompiler/runtime_core/static_core/assembler:libarktsassembler_frontend_static__notice(//build/toolchain/linux:clang_x64)
[OHOS INFO] [NINJA] [149/1385] CXX obj/foundation/graphic/graphics_effect/src/core/graphics_effect_src/ge_factory_register.o
[OHOS INFO] [NINJA] [150/1385] CXX obj/foundation/graphic/graphics_effect/src/core/graphics_effect_src/ge_visual_effect.o
[OHOS INFO] [NINJA] [151/1385] ACTION //arkcompiler/runtime_core/static_core/bytecode_optimizer:libarktsbytecodeopt_frontend_static__notice(//build/toolchain/linux:clang_x64)
[OHOS INFO] [NINJA] [152/1383] CXX obj/foundation/graphic/graphics_effect/src/core/graphics_effect_src/ge_visual_effect_container.o
[OHOS INFO] [NINJA] [153/1383] CXX obj/foundation/graphic/graphics_effect/src/core/graphics_effect_src/ge_visual_effect_impl.o
[OHOS INFO] [NINJA] [154/1383] CXX obj/foundation/graphic/graphics_effect/src/pipeline/graphics_effect_src/ge_render.o
[OHOS INFO] [NINJA] [155/1383] ACTION //arkcompiler/runtime_core/static_core/assembler:assembler_headers__notice(//build/toolchain/linux:clang_x64)
[OHOS INFO] [NINJA] [156/1381] CXX obj/foundation/graphic/graphics_effect/src/pipeline/graphics_effect_src/ge_filter_composer.o
[OHOS INFO] [NINJA] [157/1381] CXX obj/foundation/graphic/graphics_effect/src/pipeline/graphics_effect_src/ge_direct_draw_on_canvas_pass.o
[OHOS INFO] [NINJA] [158/1381] ACTION //arkcompiler/runtime_core/static_core/assembler:libarktsassembler__notice(//build/toolchain/linux:clang_x64)
[OHOS INFO] [NINJA] [159/1380] ACTION //arkcompiler/runtime_core/static_core/assembler:libarktsassembler_package__notice(//build/toolchain/linux:clang_x64)
[OHOS INFO] [NINJA] [160/1379] CXX obj/foundation/graphic/graphics_effect/src/pipeline/graphics_effect_src/ge_mesa_fusion_pass.o
[OHOS INFO] [NINJA] [161/1379] CXX obj/foundation/graphic/graphics_effect/src/pipeline/graphics_effect_src/ge_hps_build_pass.o
[OHOS INFO] [NINJA] [162/1379] CXX obj/foundation/graphic/graphics_effect/src/pipeline/graphics_effect_src/ge_hps_upscale_pass.o
[OHOS INFO] [NINJA] [163/1379] CXX obj/foundation/graphic/graphics_effect/src/hps/graphics_effect_src/ge_hps_effect_filter.o
[OHOS INFO] [NINJA] [164/1379] SOLINK graphic/graphic_2d/libsocketpair.z.so
[OHOS INFO] [NINJA] [165/1379] STAMP obj/foundation/graphic/graphic_2d/utils/socketpair.stamp
[OHOS INFO] [NINJA] [166/1379] ACTION //arkcompiler/runtime_core/static_core/compiler:libarktscompiler_package__notice(//build/toolchain/linux:clang_x64)
[OHOS INFO] [NINJA] [167/1378] ACTION //arkcompiler/runtime_core/static_core/libarkbase:libarktsbase_package__notice(//build/toolchain/linux:clang_x64)
[OHOS INFO] [NINJA] [168/1377] CXX obj/foundation/graphic/graphics_effect/src/effect/graphics_effect_src/ge_params_reflection.o
[OHOS INFO] [NINJA] [169/1377] ACTION //arkcompiler/runtime_core/static_core/libarkbase:libpandabase_headers__notice(//build/toolchain/linux:clang_x64)
[OHOS INFO] [NINJA] [170/1375] CXX obj/foundation/graphic/graphics_effect/src/effect/filter/graphics_effect_src/ge_shader_filter.o
[OHOS INFO] [NINJA] [171/1375] ACTION //arkcompiler/runtime_core/static_core/libarkfile:libarktsfile_package__notice(//build/toolchain/linux:clang_x64)
[OHOS INFO] [NINJA] [172/1374] CXX obj/foundation/graphic/graphics_effect/src/effect/filter/graphics_effect_src/ge_aibar_shader_filter.o
[OHOS INFO] [NINJA] [173/1374] CXX obj/foundation/graphic/graphics_effect/src/effect/filter/graphics_effect_src/ge_bezier_warp_shader_filter.o
[OHOS INFO] [NINJA] [174/1374] CXX obj/foundation/graphic/graphics_effect/src/effect/filter/graphics_effect_src/ge_blur_bubbles_rise_filter.o
[OHOS INFO] [NINJA] [175/1374] CXX obj/foundation/graphic/graphics_effect/src/effect/filter/graphics_effect_src/ge_color_gradient_shader_filter.o
[OHOS INFO] [NINJA] [176/1374] ACTION //arkcompiler/runtime_core/static_core/libarkfile:libpandafile_headers__notice(//build/toolchain/linux:clang_x64)
[OHOS INFO] [NINJA] [177/1372] CXX obj/foundation/graphic/graphics_effect/src/effect/filter/graphics_effect_src/ge_content_light_shader_filter.o
[OHOS INFO] [NINJA] [178/1372] CXX obj/foundation/graphic/graphics_effect/src/effect/filter/graphics_effect_src/ge_depth_occlusion_shader_filter.o
[OHOS INFO] [NINJA] [179/1372] CXX obj/foundation/graphic/graphics_effect/src/effect/filter/graphics_effect_src/ge_direction_light_shader_filter.o
[OHOS INFO] [NINJA] [180/1372] ACTION //arkcompiler/runtime_core/static_core/bytecode_optimizer:libarktsbytecodeopt_package__notice(//build/toolchain/linux:clang_x64)
[OHOS INFO] [NINJA] [181/1371] CXX obj/foundation/graphic/graphics_effect/src/effect/filter/graphics_effect_src/ge_dispersion_shader_filter.o
[OHOS INFO] [NINJA] [182/1371] ACTION //arkcompiler/runtime_core/static_core/runtime:runtime_gen_headers__notice(//build/toolchain/linux:clang_x64)
[OHOS INFO] [NINJA] [183/1368] CXX obj/foundation/graphic/graphics_effect/src/effect/filter/graphics_effect_src/ge_displacement_distort_shader_filter.o
[OHOS INFO] [NINJA] [184/1368] CXX obj/foundation/graphic/graphics_effect/src/effect/filter/graphics_effect_src/ge_distortion_collapse_filter.o
[OHOS INFO] [NINJA] [185/1368] ACTION //arkcompiler/runtime_core/static_core/bytecode_optimizer:bytecode_optimizer_headers__notice(//build/toolchain/linux:clang_x64)
[OHOS INFO] [NINJA] [186/1366] SOLINK resourceschedule/qos_manager/libconcurrent_task_client.z.so
[OHOS INFO] [NINJA] [187/1366] CXX obj/foundation/graphic/graphics_effect/src/effect/filter/graphics_effect_src/ge_edge_light_shader_filter.o
[OHOS INFO] [NINJA] [188/1366] CXX obj/foundation/graphic/graphics_effect/src/effect/filter/graphics_effect_src/ge_frosted_glass_blur_shader_filter.o
[OHOS INFO] [NINJA] [189/1366] CXX obj/foundation/graphic/graphics_effect/src/effect/filter/graphics_effect_src/ge_frosted_glass_shader_filter.o
[OHOS INFO] [NINJA] [190/1366] ACTION //arkcompiler/runtime_core/static_core/compiler:compiler_headers__notice(//build/toolchain/linux:clang_x64)
[OHOS INFO] [NINJA] [191/1364] CXX obj/foundation/graphic/graphics_effect/src/effect/filter/graphics_effect_src/ge_grey_shader_filter.o
[OHOS INFO] [NINJA] [192/1364] CXX obj/foundation/graphic/graphics_effect/src/effect/filter/graphics_effect_src/ge_grid_warp_shader_filter.o
[OHOS INFO] [NINJA] [193/1364] CXX obj/foundation/graphic/graphics_effect/src/effect/filter/graphics_effect_src/ge_heat_distortion_filter.o
[OHOS INFO] [NINJA] [194/1364] ACTION //arkcompiler/runtime_core/static_core/runtime:runtime_headers__notice(//build/toolchain/linux:clang_x64)
[OHOS INFO] [NINJA] [195/1362] CXX obj/foundation/graphic/graphics_effect/src/effect/filter/graphics_effect_src/ge_kawase_blur_shader_filter.o
[OHOS INFO] [NINJA] [196/1362] ACTION //arkcompiler/runtime_core/static_core/irtoc:irtoc__notice(//build/toolchain/linux:clang_x64)
[OHOS INFO] [NINJA] [197/1360] CXX obj/foundation/graphic/graphics_effect/src/effect/filter/graphics_effect_src/ge_linear_gradient_blur_shader_filter.o
[OHOS INFO] [NINJA] [198/1360] CXX obj/foundation/graphic/graphics_effect/src/effect/filter/graphics_effect_src/ge_magnifier_shader_filter.o
[OHOS INFO] [NINJA] [199/1360] CXX obj/foundation/graphic/graphics_effect/src/effect/filter/graphics_effect_src/ge_mask_transition_shader_filter.o
[OHOS INFO] [NINJA] [200/1360] CXX obj/foundation/graphic/graphics_effect/src/effect/filter/graphics_effect_src/ge_mesa_blur_shader_filter.o
[OHOS INFO] [NINJA] [201/1360] ACTION //arkcompiler/runtime_core/static_core/irtoc:irtoc_ets_fastpath_exec__notice(//build/toolchain/linux:clang_x64)
[OHOS INFO] [NINJA] [202/1358] CXX obj/foundation/graphic/graphics_effect/src/effect/filter/graphics_effect_src/ge_motion_blur_shader_filter.o
[OHOS INFO] [NINJA] [203/1358] ACTION //arkcompiler/runtime_core/static_core/verification/gen:verification_headers__notice(//build/toolchain/linux:clang_x64)
[OHOS INFO] [NINJA] [204/1355] CXX obj/foundation/graphic/graphics_effect/src/effect/filter/graphics_effect_src/ge_blur_shader_filter.o
[OHOS INFO] [NINJA] [205/1355] CXX obj/foundation/graphic/graphics_effect/src/effect/filter/graphics_effect_src/ge_sound_wave_filter.o
[OHOS INFO] [NINJA] [206/1355] CXX obj/foundation/graphic/graphics_effect/src/effect/filter/graphics_effect_src/ge_sdf_edge_light.o
[OHOS INFO] [NINJA] [207/1355] ACTION //arkcompiler/runtime_core/static_core/irtoc:irtoc_fastpath_exec__notice(//build/toolchain/linux:clang_x64)
[OHOS INFO] [NINJA] [208/1353] CXX obj/foundation/graphic/graphics_effect/src/effect/filter/graphics_effect_src/ge_sdf_from_image_filter.o
[OHOS INFO] [NINJA] [209/1353] CXX obj/foundation/graphic/graphics_effect/src/effect/filter/graphics_effect_src/ge_variable_radius_blur_shader_filter.o
[OHOS INFO] [NINJA] [210/1353] ACTION //arkcompiler/runtime_core/static_core/irtoc:irtoc_interpreter_exec__notice(//build/toolchain/linux:clang_x64)
[OHOS INFO] [NINJA] [211/1351] CXX obj/foundation/graphic/graphics_effect/src/effect/filter/graphics_effect_src/ge_water_ripple_filter.o
[OHOS INFO] [NINJA] [212/1351] CXX obj/foundation/graphic/graphics_effect/src/effect/shader/graphics_effect_src/ge_shader.o
[OHOS INFO] [NINJA] [213/1351] CXX obj/foundation/graphic/graphics_effect/src/effect/shader/graphics_effect_src/ge_aurora_noise_shader.o
[OHOS INFO] [NINJA] [214/1351] ACTION //arkcompiler/runtime_core/static_core/compiler/optimizer/code_generator:libarkencoder__notice(//build/toolchain/ohos:ohos_clang_arm)
[OHOS INFO] [NINJA] [215/1349] CXX obj/foundation/graphic/graphics_effect/src/effect/shader/graphics_effect_src/ge_border_light_shader.o
[OHOS INFO] [NINJA] [216/1349] ACTION //arkcompiler/runtime_core/static_core/compiler:libarktscompiler__notice(//build/toolchain/ohos:ohos_clang_arm)
[OHOS INFO] [NINJA] [217/1347] CXX obj/foundation/graphic/graphics_effect/src/effect/shader/graphics_effect_src/ge_border_sdf_lg_color_shader.o
[OHOS INFO] [NINJA] [218/1347] CXX obj/foundation/graphic/graphics_effect/src/effect/shader/graphics_effect_src/ge_border_sdf_shader.o
[OHOS INFO] [NINJA] [219/1347] CXX obj/foundation/graphic/graphics_effect/src/effect/shader/graphics_effect_src/ge_circle_flowlight_effect.o
[OHOS INFO] [NINJA] [220/1347] CXX obj/foundation/graphic/graphics_effect/src/effect/shader/graphics_effect_src/ge_color_gradient_effect.o
[OHOS INFO] [NINJA] [221/1347] ACTION //arkcompiler/runtime_core/static_core/assembler:libarktsassembler_static__notice(//build/toolchain/ohos:ohos_clang_arm)
[OHOS INFO] [NINJA] [222/1345] CXX obj/foundation/graphic/graphics_effect/src/effect/shader/graphics_effect_src/ge_contour_diagonal_flow_light_shader.o
[OHOS INFO] [NINJA] [223/1345] CXX obj/foundation/graphic/graphics_effect/src/effect/shader/graphics_effect_src/ge_frosted_glass_effect.o
[OHOS INFO] [NINJA] [224/1345] CXX obj/foundation/graphic/graphics_effect/src/effect/shader/graphics_effect_src/ge_particle_circular_halo_shader.o
[OHOS INFO] [NINJA] [225/1345] ACTION //arkcompiler/runtime_core/static_core/dprof:libdprof_static__notice(//build/toolchain/ohos:ohos_clang_arm)
[OHOS INFO] [NINJA] [226/1343] CXX obj/foundation/graphic/graphics_effect/src/effect/shader/graphics_effect_src/ge_sdf_edge_light_shader.o
[OHOS INFO] [NINJA] [227/1343] CXX obj/foundation/graphic/graphics_effect/src/effect/shader/graphics_effect_src/ge_spatial_point_light.o
[OHOS INFO] [NINJA] [228/1343] ACTION //arkcompiler/runtime_core/static_core/etc/para:code_coverage.para__notice(//build/toolchain/ohos:ohos_clang_arm)
[OHOS INFO] [NINJA] [229/1342] CXX obj/foundation/graphic/graphics_effect/src/effect/shader/graphics_effect_src/ge_spatial_glass_effect.o
[OHOS INFO] [NINJA] [230/1342] CXX obj/foundation/graphic/graphics_effect/src/effect/shader/graphics_effect_src/ge_wavy_ripple_light_shader.o
[OHOS INFO] [NINJA] [231/1342] ACTION //arkcompiler/runtime_core/static_core/etc/para:code_coverage.para.dac__notice(//build/toolchain/ohos:ohos_clang_arm)
[OHOS INFO] [NINJA] [232/1341] CXX obj/foundation/graphic/graphics_effect/src/effect/shader/graphics_effect_src/gex_dot_matrix_shader.o
[OHOS INFO] [NINJA] [233/1341] CXX obj/foundation/graphic/graphics_effect/src/effect/shader/graphics_effect_src/gex_flow_light_sweep_shader.o
[OHOS INFO] [NINJA] [234/1341] CXX obj/foundation/graphic/graphics_effect/src/effect/shader/graphics_effect_src/gex_complex_shader.o
[OHOS INFO] [NINJA] [235/1341] ACTION //arkcompiler/runtime_core/static_core/platforms/target_defaults:arktarget_options_static__notice(//build/toolchain/ohos:ohos_clang_arm)
[OHOS INFO] [NINJA] [236/1339] CXX obj/foundation/graphic/graphics_effect/src/effect/mask/graphics_effect_src/ge_double_ripple_shader_mask.o
[OHOS INFO] [NINJA] [237/1339] ACTION //arkcompiler/runtime_core/static_core/runtime/para:Interop.para__notice(//build/toolchain/ohos:ohos_clang_arm)
[OHOS INFO] [NINJA] [238/1338] CXX obj/foundation/graphic/graphics_effect/src/effect/mask/graphics_effect_src/ge_frame_gradient_shader_mask.o
[OHOS INFO] [NINJA] [239/1338] CXX obj/foundation/graphic/graphics_effect/src/effect/mask/graphics_effect_src/ge_image_shader_mask.o
[OHOS INFO] [NINJA] [240/1338] CXX obj/foundation/graphic/graphics_effect/src/effect/mask/graphics_effect_src/ge_linear_gradient_shader_mask.o
[OHOS INFO] [NINJA] [241/1338] CXX obj/foundation/graphic/graphics_effect/src/effect/mask/graphics_effect_src/ge_pixel_map_shader_mask.o
[OHOS INFO] [NINJA] [242/1338] ACTION //arkcompiler/runtime_core/static_core/runtime/para:Interop.para.dac__notice(//build/toolchain/ohos:ohos_clang_arm)
[OHOS INFO] [NINJA] [243/1337] CXX obj/foundation/graphic/graphics_effect/src/effect/mask/graphics_effect_src/ge_radial_gradient_shader_mask.o
[OHOS INFO] [NINJA] [244/1337] CXX obj/foundation/graphic/graphics_effect/src/effect/mask/graphics_effect_src/ge_ripple_shader_mask.o
[OHOS INFO] [NINJA] [245/1337] CXX obj/foundation/graphic/graphics_effect/src/effect/mask/graphics_effect_src/ge_use_effect_shader_mask.o
[OHOS INFO] [NINJA] [246/1337] ACTION //arkcompiler/runtime_core/static_core/runtime/para:Runtime.para__notice(//build/toolchain/ohos:ohos_clang_arm)
[OHOS INFO] [NINJA] [247/1336] CXX obj/foundation/graphic/graphics_effect/src/effect/mask/graphics_effect_src/ge_wave_gradient_shader_mask.o
[OHOS INFO] [NINJA] [248/1336] CXX obj/foundation/graphic/graphics_effect/src/effect/mask/graphics_effect_src/ge_wave_disturb_shader_mask.o
[OHOS INFO] [NINJA] [249/1336] ACTION //arkcompiler/runtime_core/static_core/compiler/aot:libarkaotmanager__notice(//build/toolchain/ohos:ohos_clang_arm)
[OHOS INFO] [NINJA] [250/1334] CXX obj/foundation/graphic/graphics_effect/src/effect/shape/graphics_effect_src/ge_sdf_distort_op_shader_shape.o
[OHOS INFO] [NINJA] [251/1334] CXX obj/foundation/graphic/graphics_effect/src/effect/shape/graphics_effect_src/ge_sdf_shader_shape.o
[OHOS INFO] [NINJA] [252/1334] ACTION //arkcompiler/runtime_core/static_core/runtime/para:Runtime.para.dac__notice(//build/toolchain/ohos:ohos_clang_arm)
[OHOS INFO] [NINJA] [253/1333] CXX obj/foundation/graphic/graphics_effect/src/effect/shape/graphics_effect_src/ge_sdf_ellipse_shader_shape.o
[OHOS INFO] [NINJA] [254/1333] CXX obj/foundation/graphic/graphics_effect/src/effect/shape/graphics_effect_src/ge_sdf_rrect_shader_shape.o
[OHOS INFO] [NINJA] [255/1333] CXX obj/foundation/graphic/graphics_effect/src/effect/shape/graphics_effect_src/ge_sdf_triangle_shader_shape.o
[OHOS INFO] [NINJA] [256/1333] ACTION //arkcompiler/runtime_core/static_core/assembler:libarktsassembler__notice(//build/toolchain/ohos:ohos_clang_arm)
[OHOS INFO] [NINJA] [257/1332] SOLINK hiviewdfx/hiview/libxperfservice_client.z.so
[OHOS INFO] [NINJA] [258/1332] CXX obj/foundation/graphic/graphics_effect/src/effect/shape/graphics_effect_src/ge_sdf_path_shader_shape.o
[OHOS INFO] [NINJA] [259/1332] ACTION //arkcompiler/runtime_core/static_core/platforms/target_defaults:arktarget_options__notice(//build/toolchain/ohos:ohos_clang_arm)
[OHOS INFO] [NINJA] [260/1331] CXX obj/foundation/graphic/graphics_effect/src/effect/shape/graphics_effect_src/ge_sdf_pixelmap_shader_shape.o
[OHOS INFO] [NINJA] [261/1331] ACTION //arkcompiler/runtime_core/static_core/dprof:libdprof__notice(//build/toolchain/ohos:ohos_clang_arm)
[OHOS INFO] [NINJA] [262/1330] CXX obj/foundation/graphic/graphics_effect/src/effect/shape/graphics_effect_src/ge_sdf_transform_shader_shape.o
[OHOS INFO] [NINJA] [263/1330] CXX obj/foundation/graphic/graphics_effect/src/effect/shape/graphics_effect_src/ge_sdf_union_op_shader_shape.o
[OHOS INFO] [NINJA] [264/1330] CXX obj/foundation/graphic/graphics_effect/src/effect/shape/graphics_effect_src/ge_sdf_sub_op_shader_shape.o
[OHOS INFO] [NINJA] [265/1330] CXX obj/foundation/graphic/graphics_effect/src/effect/shape/graphics_effect_src/ge_sdf_border_shader.o
[OHOS INFO] [NINJA] [266/1330] CXX obj/foundation/graphic/graphics_effect/src/effect/shape/graphics_effect_src/ge_sdf_clip_shader.o
[OHOS INFO] [NINJA] [267/1330] CXX obj/foundation/graphic/graphics_effect/src/effect/shape/graphics_effect_src/ge_sdf_color_shader.o
[OHOS INFO] [NINJA] [268/1330] ACTION //arkcompiler/runtime_core/static_core/runtime:arkruntime_interpreter_impl__notice(//build/toolchain/ohos:ohos_clang_arm)
[OHOS INFO] [NINJA] [269/1329] ACTION //arkcompiler/runtime_core/static_core/runtime:libarkruntime_set_static__notice(//build/toolchain/ohos:ohos_clang_arm)
[OHOS INFO] [NINJA] [270/1327] CXX obj/foundation/graphic/graphics_effect/src/effect/shape/graphics_effect_src/ge_sdf_shadow_shader.o
[OHOS INFO] [NINJA] [271/1327] CXX obj/foundation/graphic/graphics_effect/src/util/graphics_effect_src/ge_shader_diagnostics.o
[OHOS INFO] [NINJA] [272/1327] ACTION //arkcompiler/runtime_core/static_core/runtime:libarkruntime__notice(//build/toolchain/ohos:ohos_clang_arm)
[OHOS INFO] [NINJA] [273/1326] CXX obj/foundation/graphic/graphics_effect/src/util/graphics_effect_src/ge_system_properties.o
[OHOS INFO] [NINJA] [274/1326] CXX obj/foundation/graphic/graphics_effect/src/util/graphics_effect_src/ge_tone_mapping_helper.o
[OHOS INFO] [NINJA] [275/1326] CXX obj/foundation/graphic/graphics_effect/src/util/graphics_effect_src/ge_transform_helper.o
[OHOS INFO] [NINJA] [276/1326] CXX obj/foundation/graphic/graphics_effect/src/effect_cfg/graphics_effect_src/ge_frosted_glass_effect_cfg.o
[OHOS INFO] [NINJA] [277/1326] ACTION //arkcompiler/runtime_core/static_core/plugins/ets/runtime/ani:ani__notice(//build/toolchain/ohos:ohos_clang_arm)
[OHOS INFO] [NINJA] [278/1297] CXX obj/foundation/graphic/graphics_effect/src/ext/graphics_effect_src/ge_external_dynamic_loader.o
[OHOS INFO] [NINJA] [279/1297] CXX obj/foundation/graphic/graphics_effect/src/ext/graphics_effect_src/gex_marshalling_helper.o
[OHOS INFO] [NINJA] [280/1297] STAMP obj/foundation/graphic/graphic_2d/rosen/modules/frame_analyzer/libframe_analyzer.inputdeps.stamp
[OHOS INFO] [NINJA] [281/1297] CXX obj/foundation/graphic/graphics_effect/src/effect_cfg/graphics_effect_src/ge_xml_parser_base.o
[OHOS INFO] [NINJA] [282/1297] STAMP obj/foundation/barrierfree/accessibility/common/interface/accessibility_interface.inputdeps.stamp
[OHOS INFO] [NINJA] [283/1297] STAMP obj/foundation/barrierfree/accessibility/interfaces/innerkits/acfwk/accessibilityconfig.inputdeps.stamp
[OHOS INFO] [NINJA] [284/1297] STAMP obj/foundation/graphic/graphic_2d/rosen/modules/render_service_base/src/platform/ohos/rosen_ohos_sources.inputdeps.stamp
[OHOS INFO] [NINJA] [285/1297] STAMP obj/foundation/graphic/graphic_2d/rosen/modules/render_service_base/render_service_base_src.inputdeps.stamp
[OHOS INFO] [NINJA] [286/1297] STAMP obj/foundation/graphic/graphics_effect/graphics_effect_src.stamp
[OHOS INFO] [NINJA] [287/1297] CXX obj/foundation/barrierfree/accessibility/common/interface/src/accessibility_interface/accessibility_element_operator_callback_proxy.o
[OHOS INFO] [NINJA] [288/1297] CXX obj/foundation/barrierfree/accessibility/common/interface/src/accessibility_interface/accessibility_element_operator_stub.o
[OHOS INFO] [NINJA] [289/1297] CXX obj/foundation/barrierfree/accessibility/common/interface/src/accessibility_interface/accessibility_element_operator_callback_stub.o
[OHOS INFO] [NINJA] [290/1297] CXX obj/foundation/barrierfree/accessibility/common/interface/src/accessibility_interface/accessibility_enable_ability_callback_observer_stub.o
[OHOS INFO] [NINJA] [291/1297] CXX obj/foundation/barrierfree/accessibility/common/interface/src/accessibility_interface/accessibility_element_operator_proxy.o
[OHOS INFO] [NINJA] [292/1297] CXX obj/foundation/barrierfree/accessibility/common/interface/src/accessibility_interface/accessibility_enable_ability_callback_observer_proxy.o
[OHOS INFO] [NINJA] [293/1297] CXX obj/foundation/barrierfree/accessibility/common/interface/src/accessibility_interface/accessibility_enable_ability_lists_observer_proxy.o
[OHOS INFO] [NINJA] [294/1297] CXX obj/foundation/barrierfree/accessibility/common/interface/src/accessibility_interface/accessibility_enable_ability_lists_observer_stub.o
[OHOS INFO] [NINJA] [295/1297] CXX obj/foundation/barrierfree/accessibility/common/interface/src/accessibility_interface/accessibility_senior_mode_state_observer_proxy.o
[OHOS INFO] [NINJA] [296/1297] CXX obj/foundation/barrierfree/accessibility/common/interface/src/accessibility_interface/accessible_ability_client_proxy.o
[OHOS INFO] [NINJA] [297/1297] CXX obj/foundation/barrierfree/accessibility/common/interface/src/accessibility_interface/accessibility_senior_mode_state_observer_stub.o
[OHOS INFO] [NINJA] [298/1297] CXX obj/foundation/barrierfree/accessibility/common/interface/src/accessibility_interface/accessible_ability_channel_proxy.o
[OHOS INFO] [NINJA] [299/1297] CXX obj/foundation/barrierfree/accessibility/common/interface/src/accessibility_interface/accessible_ability_manager_caption_observer_proxy.o
[OHOS INFO] [NINJA] [300/1297] CXX obj/foundation/barrierfree/accessibility/common/interface/src/accessibility_interface/accessible_ability_client_stub.o
[OHOS INFO] [NINJA] [301/1297] CXX obj/foundation/barrierfree/accessibility/common/interface/src/accessibility_interface/accessible_ability_channel_stub.o
[OHOS INFO] [NINJA] [302/1297] CXX obj/foundation/barrierfree/accessibility/common/interface/src/accessibility_interface/accessible_ability_manager_config_observer_stub.o
[OHOS INFO] [NINJA] [303/1297] CXX obj/foundation/barrierfree/accessibility/common/interface/src/accessibility_interface/accessible_ability_manager_config_observer_proxy.o
[OHOS INFO] [NINJA] [304/1297] CXX obj/foundation/barrierfree/accessibility/common/interface/src/accessibility_interface/accessible_ability_manager_caption_observer_stub.o
[OHOS INFO] [NINJA] [305/1297] CXX obj/foundation/barrierfree/accessibility/common/interface/src/accessibility_interface/accessible_ability_manager_state_observer_stub.o
[OHOS INFO] [NINJA] [306/1297] CXX obj/foundation/barrierfree/accessibility/common/interface/src/accessibility_interface/accessible_ability_manager_state_observer_proxy.o
[OHOS INFO] [NINJA] [307/1297] CXX obj/foundation/barrierfree/accessibility/common/interface/src/parcel/accessibility_interface/accessibility_bundle_senior_mode_info_parcel.o
[OHOS INFO] [NINJA] [308/1297] CXX obj/foundation/barrierfree/accessibility/common/interface/src/parcel/accessibility_interface/accessibility_ability_info_parcel.o
[OHOS INFO] [NINJA] [309/1297] CXX obj/foundation/barrierfree/accessibility/common/interface/src/parcel/accessibility_interface/accessibility_caption_parcel.o
[OHOS INFO] [NINJA] [310/1297] CXX obj/foundation/barrierfree/accessibility/common/interface/src/parcel/accessibility_interface/accessibility_event_info_parcel.o
[OHOS INFO] [NINJA] [311/1297] CXX obj/foundation/barrierfree/accessibility/common/interface/src/parcel/accessibility_interface/accessibility_element_info_parcel.o
[OHOS INFO] [NINJA] [312/1297] CXX obj/foundation/barrierfree/accessibility/common/interface/src/parcel/accessibility_interface/accessibility_gesture_inject_path_parcel.o
[OHOS INFO] [NINJA] [313/1297] CXX obj/foundation/barrierfree/accessibility/common/interface/src/parcel/accessibility_interface/accessibility_window_info_parcel.o
[OHOS INFO] [NINJA] [314/1297] CXX obj/out/rk3568/gen/foundation/barrierfree/accessibility/common/interface/accessibility_interface/accessible_ability_manager_service_proxy.o
[OHOS INFO] [NINJA] [315/1297] CXX obj/out/rk3568/gen/foundation/barrierfree/accessibility/common/interface/accessibility_interface/accessible_ability_manager_service_stub.o
[OHOS INFO] [NINJA] [316/1297] CXX obj/out/rk3568/gen/foundation/barrierfree/accessibility/common/interface/accessibility_interface/accessibility_ipc_types.o
[OHOS INFO] [NINJA] [317/1297] CXX obj/foundation/barrierfree/accessibility/frameworks/acfwk/src/accessibilityconfig/accessibility_config_impl.o
[OHOS INFO] [NINJA] [318/1297] CXX obj/foundation/barrierfree/accessibility/frameworks/acfwk/src/accessibilityconfig/accessibility_config.o
[OHOS INFO] [NINJA] [319/1297] CXX obj/foundation/graphic/graphic_2d/rosen/modules/render_service_base/src/platform/ohos/overdraw/rosen_ohos_sources/rs_cpu_overdraw_canvas_listener.o
[OHOS INFO] [NINJA] [320/1297] CXX obj/foundation/graphic/graphic_2d/rosen/modules/render_service_base/src/platform/ohos/rosen_ohos_sources/rs_ashmem_helper.o
[OHOS INFO] [NINJA] [321/1297] CXX obj/foundation/graphic/graphic_2d/rosen/modules/render_service_base/src/platform/ohos/overdraw/rosen_ohos_sources/rs_gpu_overdraw_canvas_listener.o
[OHOS INFO] [NINJA] [322/1297] CXX obj/foundation/graphic/graphic_2d/rosen/modules/render_service_base/src/platform/ohos/overdraw/rosen_ohos_sources/rs_listened_canvas.o
[OHOS INFO] [NINJA] [323/1297] CXX obj/foundation/graphic/graphic_2d/rosen/modules/render_service_base/src/platform/ohos/overdraw/rosen_ohos_sources/rs_overdraw_controller.o
[OHOS INFO] [NINJA] [324/1297] CXX obj/foundation/graphic/graphic_2d/rosen/modules/render_service_base/src/platform/ohos/rosen_ohos_sources/rs_event_detector.o
[OHOS INFO] [NINJA] [325/1297] CXX obj/foundation/graphic/graphic_2d/rosen/modules/render_service_base/src/platform/ohos/rosen_ohos_sources/rs_innovation.o
[OHOS INFO] [NINJA] [326/1297] CXX obj/foundation/graphic/graphic_2d/rosen/modules/render_service_base/src/platform/ohos/rosen_ohos_sources/rs_jank_report_thread.o
[OHOS INFO] [NINJA] [327/1297] CXX obj/foundation/graphic/graphic_2d/rosen/modules/render_service_base/src/platform/ohos/rosen_ohos_sources/rs_event_manager.o
[OHOS INFO] [NINJA] [328/1297] CXX obj/foundation/graphic/graphic_2d/rosen/modules/render_service_base/src/platform/ohos/rosen_ohos_sources/rs_hisysevent.o
[OHOS INFO] [NINJA] [329/1297] SOLINK graphic/graphic_2d/libvsync.z.so
[OHOS INFO] [NINJA] [330/1297] CXX obj/foundation/graphic/graphic_2d/rosen/modules/render_service_base/src/platform/ohos/rosen_ohos_sources/rs_jank_stats_helper.o
[OHOS INFO] [NINJA] [331/1297] CXX obj/foundation/graphic/graphic_2d/rosen/modules/render_service_base/src/platform/ohos/rosen_ohos_sources/rs_node_stats.o
[OHOS INFO] [NINJA] [332/1297] CXX obj/foundation/graphic/graphic_2d/rosen/modules/render_service_base/src/platform/ohos/rosen_ohos_sources/rs_jank_stats.o
[OHOS INFO] [NINJA] [333/1297] CXX obj/foundation/graphic/graphic_2d/rosen/modules/render_service_base/src/platform/ohos/rosen_ohos_sources/rs_log.o
[OHOS INFO] [NINJA] [334/1297] CXX obj/foundation/graphic/graphic_2d/rosen/modules/render_service_base/src/platform/ohos/rosen_ohos_sources/rs_render_service_proxy.o
[OHOS INFO] [NINJA] [335/1297] CXX obj/foundation/graphic/graphic_2d/rosen/modules/render_service_base/src/platform/ohos/rosen_ohos_sources/rs_marshalling_helper.o
[OHOS INFO] [NINJA] [336/1297] CXX obj/foundation/graphic/graphic_2d/rosen/modules/render_service_base/src/platform/ohos/rosen_ohos_sources/rs_render_service_connect_hub.o
[OHOS INFO] [NINJA] [337/1297] CXX obj/foundation/graphic/graphic_2d/rosen/modules/render_service_base/src/platform/ohos/rosen_ohos_sources/rs_render_pipeline_client.o
[OHOS INFO] [NINJA] [338/1297] CXX obj/foundation/graphic/graphic_2d/rosen/modules/render_service_base/src/platform/ohos/rosen_ohos_sources/rs_surface_ohos_converter.o
[OHOS INFO] [NINJA] [339/1297] CXX obj/foundation/graphic/graphic_2d/rosen/modules/render_service_base/src/platform/ohos/rosen_ohos_sources/rs_render_service_client.o
[OHOS INFO] [NINJA] [340/1297] CXX obj/foundation/graphic/graphic_2d/rosen/modules/render_service_base/src/platform/ohos/rosen_ohos_sources/rs_vsync_client_ohos.o
[OHOS INFO] [NINJA] [341/1297] CXX obj/foundation/graphic/graphic_2d/rosen/modules/render_service_base/src/platform/ohos/rosen_ohos_sources/rs_system_properties.o
[OHOS INFO] [NINJA] [342/1297] CXX obj/foundation/graphic/graphic_2d/rosen/modules/render_service_base/src/platform/ohos/transaction/zidl/rosen_ohos_sources/rs_client_to_render_connection_proxy.o
[OHOS INFO] [NINJA] [343/1297] CXX obj/foundation/graphic/graphic_2d/rosen/modules/render_service_base/src/platform/ohos/transaction/zidl/rosen_ohos_sources/rs_client_to_service_connection_proxy.o
[OHOS INFO] [NINJA] [344/1297] CXX obj/foundation/graphic/graphic_2d/rosen/modules/render_service_base/src/platform/ohos/rosen_ohos_sources/rs_accessibility.o
[OHOS INFO] [NINJA] [345/1297] CXX obj/foundation/graphic/graphic_2d/rosen/modules/render_service_base/src/platform/ohos/backend/rosen_ohos_sources/rs_surface_frame_ohos_raster.o
[OHOS INFO] [NINJA] [346/1297] CXX obj/foundation/graphic/graphic_2d/rosen/modules/render_service_base/src/platform/ohos/backend/rosen_ohos_sources/rs_surface_ohos_raster.o
[OHOS INFO] [NINJA] [347/1297] CXX obj/foundation/graphic/graphic_2d/rosen/modules/render_service_base/src/platform/ohos/transaction/zidl/rosen_ohos_sources/rs_connect_to_render_process_proxy.o
[OHOS INFO] [NINJA] [348/1297] CXX obj/foundation/graphic/graphic_2d/rosen/modules/render_service_base/src/platform/ohos/rosen_ohos_sources/rs_surface_frame_ohos.o
[OHOS INFO] [NINJA] [349/1297] CXX obj/foundation/graphic/graphic_2d/rosen/modules/render_service_base/src/platform/ohos/rosen_ohos_sources/rs_surface_ohos.o
[OHOS INFO] [NINJA] [350/1297] CXX obj/foundation/graphic/graphic_2d/rosen/modules/render_service_base/src/platform/ohos/backend/rosen_ohos_sources/rs_surface_frame_ohos_gl.o
[OHOS INFO] [NINJA] [351/1297] CXX obj/foundation/graphic/graphic_2d/rosen/modules/render_service_base/src/platform/ohos/backend/rosen_ohos_sources/rs_surface_ohos_gl.o
[OHOS INFO] [NINJA] [352/1297] CXX obj/foundation/graphic/graphic_2d/rosen/modules/2d_graphics/src/render_context/new_render_context/rosen_ohos_sources/render_context_gl.o
[OHOS INFO] [NINJA] [353/1297] CXX obj/foundation/graphic/graphic_2d/rosen/modules/2d_graphics/src/render_context/rosen_ohos_sources/cache_data.o
[OHOS INFO] [NINJA] [354/1297] STAMP obj/foundation/graphic/graphic_2d/rosen/modules/platform/ace_skia.stamp
[OHOS INFO] [NINJA] [355/1297] CXX obj/foundation/graphic/graphic_2d/rosen/modules/2d_graphics/src/render_context/rosen_ohos_sources/memory_handler.o
[OHOS INFO] [NINJA] [356/1297] STAMP obj/foundation/graphic/graphic_2d/rosen/modules/platform/image_native.stamp
[OHOS INFO] [NINJA] [357/1297] CXX obj/foundation/graphic/graphic_2d/rosen/modules/2d_graphics/src/render_context/rosen_ohos_sources/render_context.o
[OHOS INFO] [NINJA] [358/1297] CXX obj/foundation/graphic/graphic_2d/rosen/modules/2d_graphics/src/render_context/rosen_ohos_sources/shader_cache.o
[OHOS INFO] [NINJA] [359/1297] CXX obj/foundation/graphic/graphic_2d/rosen/modules/render_service_base/src/animation/render_service_base_src/rs_animation_fraction.o
[OHOS INFO] [NINJA] [360/1297] CXX obj/foundation/graphic/graphic_2d/rosen/modules/render_service_base/src/animation/render_service_base_src/rs_animation_rate_decider.o
[OHOS INFO] [NINJA] [361/1297] CXX obj/foundation/graphic/graphic_2d/rosen/modules/render_service_base/src/animation/render_service_base_src/rs_animation_timing_protocol.o
[OHOS INFO] [NINJA] [362/1297] CXX obj/foundation/graphic/graphic_2d/rosen/modules/render_service_base/src/animation/render_service_base_src/rs_animation_marshalling.o
[OHOS INFO] [NINJA] [363/1297] CXX obj/foundation/graphic/graphic_2d/rosen/modules/render_service_base/src/animation/render_service_base_src/rs_cubic_bezier_interpolator.o
[OHOS INFO] [NINJA] [364/1297] CXX obj/foundation/graphic/graphic_2d/rosen/modules/render_service_base/src/animation/render_service_base_src/rs_animation_manager.o
[OHOS INFO] [NINJA] [365/1297] CXX obj/foundation/graphic/graphic_2d/rosen/modules/render_service_base/src/animation/render_service_base_src/rs_interpolator.o
[OHOS INFO] [NINJA] [366/1297] CXX obj/foundation/graphic/graphic_2d/rosen/modules/render_service_base/src/animation/render_service_base_src/rs_particle_field_base.o
[OHOS INFO] [NINJA] [367/1297] CXX obj/foundation/graphic/graphic_2d/rosen/modules/render_service_base/src/animation/render_service_base_src/rs_animation_trace_utils.o
[OHOS INFO] [NINJA] [368/1297] CXX obj/foundation/graphic/graphic_2d/rosen/modules/render_service_base/src/animation/render_service_base_src/rs_particle_field_collection.o
[OHOS INFO] [NINJA] [369/1297] CXX obj/foundation/graphic/graphic_2d/rosen/modules/render_service_base/src/animation/render_service_base_src/rs_particle_noise_field.o
[OHOS INFO] [NINJA] [370/1297] CXX obj/foundation/graphic/graphic_2d/rosen/modules/render_service_base/src/animation/render_service_base_src/rs_particle_ripple_field.o
[OHOS INFO] [NINJA] [371/1297] CXX obj/foundation/graphic/graphic_2d/rosen/modules/render_service_base/src/animation/render_service_base_src/rs_particle_field_factory.o
[OHOS INFO] [NINJA] [372/1297] CXX obj/foundation/graphic/graphic_2d/rosen/modules/render_service_base/src/animation/render_service_base_src/rs_particle_velocity_field.o
[OHOS INFO] [NINJA] [373/1297] CXX obj/foundation/graphic/graphic_2d/rosen/modules/render_service_base/src/animation/render_service_base_src/rs_render_curve_animation.o
[OHOS INFO] [NINJA] [374/1297] CXX obj/foundation/graphic/graphic_2d/rosen/modules/render_service_base/src/animation/render_service_base_src/rs_render_animation.o
[OHOS INFO] [NINJA] [375/1297] CXX obj/foundation/graphic/graphic_2d/rosen/modules/render_service_base/src/animation/render_service_base_src/rs_render_interactive_implict_animator.o
[OHOS INFO] [NINJA] [376/1297] CXX obj/foundation/graphic/graphic_2d/rosen/modules/render_service_base/src/animation/render_service_base_src/rs_render_interactive_implict_animator_map.o
[OHOS INFO] [NINJA] [377/1297] CXX obj/foundation/graphic/graphic_2d/rosen/modules/render_service_base/src/animation/render_service_base_src/rs_render_interpolating_spring_animation.o
[OHOS INFO] [NINJA] [378/1297] CXX obj/foundation/graphic/graphic_2d/rosen/modules/render_service_base/src/animation/render_service_base_src/rs_render_keyframe_animation.o
[OHOS INFO] [NINJA] [379/1297] CXX obj/foundation/graphic/graphic_2d/rosen/modules/render_service_base/src/animation/render_service_base_src/rs_render_particle.o
[OHOS INFO] [NINJA] [380/1297] CXX obj/foundation/graphic/graphic_2d/rosen/modules/render_service_base/src/animation/render_service_base_src/rs_render_particle_animation.o
[OHOS INFO] [NINJA] [381/1297] CXX obj/foundation/graphic/graphic_2d/rosen/modules/render_service_base/src/animation/render_service_base_src/rs_render_particle_effector.o
[OHOS INFO] [NINJA] [382/1297] CXX obj/foundation/graphic/graphic_2d/rosen/modules/render_service_base/src/animation/render_service_base_src/rs_render_particle_emitter.o
[OHOS INFO] [NINJA] [383/1297] CXX obj/foundation/graphic/graphic_2d/rosen/modules/render_service_base/src/animation/render_service_base_src/rs_render_particle_system.o
[OHOS INFO] [NINJA] [384/1297] CXX obj/foundation/graphic/graphic_2d/rosen/modules/render_service_base/src/animation/render_service_base_src/rs_render_path_animation.o
[OHOS INFO] [NINJA] [385/1297] CXX obj/foundation/graphic/graphic_2d/rosen/modules/render_service_base/src/animation/render_service_base_src/rs_render_spring_animation.o
[OHOS INFO] [NINJA] [386/1297] CXX obj/foundation/graphic/graphic_2d/rosen/modules/render_service_base/src/animation/render_service_base_src/rs_render_property_animation.o
[OHOS INFO] [NINJA] [387/1297] CXX obj/foundation/graphic/graphic_2d/rosen/modules/render_service_base/src/animation/render_service_base_src/rs_render_transition.o
[OHOS INFO] [NINJA] [388/1297] CXX obj/foundation/graphic/graphic_2d/rosen/modules/render_service_base/src/animation/render_service_base_src/rs_spring_interpolator.o
[OHOS INFO] [NINJA] [389/1297] CXX obj/foundation/graphic/graphic_2d/rosen/modules/render_service_base/src/animation/render_service_base_src/rs_spring_model.o
[OHOS INFO] [NINJA] [390/1297] CXX obj/foundation/graphic/graphic_2d/rosen/modules/render_service_base/src/animation/render_service_base_src/rs_steps_interpolator.o
[OHOS INFO] [NINJA] [391/1297] CXX obj/foundation/graphic/graphic_2d/rosen/modules/render_service_base/src/animation/render_service_base_src/rs_render_transition_effect.o
[OHOS INFO] [NINJA] [392/1297] CXX obj/foundation/graphic/graphic_2d/rosen/modules/render_service_base/src/modifier_ng/appearance/render_service_base_src/rs_alpha_render_modifier.o
[OHOS INFO] [NINJA] [393/1297] CXX obj/foundation/graphic/graphic_2d/rosen/modules/render_service_base/src/command/render_service_base_src/rs_message_processor.o
[OHOS INFO] [NINJA] [394/1297] CXX obj/foundation/graphic/graphic_2d/rosen/modules/render_service_base/src/animation/render_service_base_src/rs_value_estimator.o
[OHOS INFO] [NINJA] [395/1297] CXX obj/foundation/graphic/graphic_2d/rosen/modules/render_service_base/src/modifier_ng/appearance/render_service_base_src/rs_background_filter_render_modifier.o
[OHOS INFO] [NINJA] [396/1297] CXX obj/foundation/graphic/graphic_2d/rosen/modules/render_service_base/src/modifier_ng/appearance/render_service_base_src/rs_blend_render_modifier.o
[OHOS INFO] [NINJA] [397/1297] CXX obj/foundation/graphic/graphic_2d/rosen/modules/render_service_base/src/modifier_ng/appearance/render_service_base_src/rs_color_picker_render_modifier.o
[OHOS INFO] [NINJA] [398/1297] CXX obj/foundation/graphic/graphic_2d/rosen/modules/render_service_base/src/modifier_ng/appearance/render_service_base_src/rs_behind_window_filter_render_modifier.o
[OHOS INFO] [NINJA] [399/1297] CXX obj/foundation/graphic/graphic_2d/rosen/modules/render_service_base/src/modifier_ng/appearance/render_service_base_src/rs_compositing_filter_render_modifier.o
[OHOS INFO] [NINJA] [400/1297] CXX obj/foundation/graphic/graphic_2d/rosen/modules/render_service_base/src/modifier_ng/appearance/render_service_base_src/rs_border_render_modifier.o
[OHOS INFO] [NINJA] [401/1297] CXX obj/foundation/graphic/graphic_2d/rosen/modules/render_service_base/src/modifier/render_service_base_src/rs_render_property.o
[OHOS INFO] [NINJA] [402/1297] CXX obj/foundation/graphic/graphic_2d/rosen/modules/render_service_base/src/modifier_ng/appearance/render_service_base_src/rs_dynamic_light_up_render_modifier.o
[OHOS INFO] [NINJA] [403/1297] CXX obj/foundation/graphic/graphic_2d/rosen/modules/render_service_base/src/modifier_ng/appearance/render_service_base_src/rs_depth_space_render_modifier.o
[OHOS INFO] [NINJA] [404/1297] CXX obj/foundation/graphic/graphic_2d/rosen/modules/render_service_base/src/modifier_ng/appearance/render_service_base_src/rs_coverage_ng_shader_render_modifier.o
[OHOS INFO] [NINJA] [405/1297] CXX obj/foundation/graphic/graphic_2d/rosen/modules/render_service_base/src/modifier_ng/appearance/render_service_base_src/rs_hdr_brightness_render_modifier.o
[OHOS INFO] [NINJA] [406/1297] CXX obj/foundation/graphic/graphic_2d/rosen/modules/render_service_base/src/modifier_ng/appearance/render_service_base_src/rs_mask_render_modifier.o
[OHOS INFO] [NINJA] [407/1297] CXX obj/foundation/graphic/graphic_2d/rosen/modules/render_service_base/src/modifier_ng/appearance/render_service_base_src/rs_material_shader_render_modifier.o
[OHOS INFO] [NINJA] [408/1297] CXX obj/foundation/graphic/graphic_2d/rosen/modules/render_service_base/src/modifier_ng/appearance/render_service_base_src/rs_foreground_filter_render_modifier.o
[OHOS INFO] [NINJA] [409/1297] CXX obj/foundation/graphic/graphic_2d/rosen/modules/render_service_base/src/modifier_ng/appearance/render_service_base_src/rs_material_filter_render_modifier.o
[OHOS INFO] [NINJA] [410/1297] CXX obj/foundation/graphic/graphic_2d/rosen/modules/render_service_base/src/modifier_ng/appearance/render_service_base_src/rs_outline_render_modifier.o
[OHOS INFO] [NINJA] [411/1297] CXX obj/foundation/graphic/graphic_2d/rosen/modules/render_service_base/src/modifier_ng/appearance/render_service_base_src/rs_particle_effect_render_modifier.o
[OHOS INFO] [NINJA] [412/1297] CXX obj/foundation/graphic/graphic_2d/rosen/modules/render_service_base/src/modifier_ng/appearance/render_service_base_src/rs_shadow_render_modifier.o
[OHOS INFO] [NINJA] [413/1297] CXX obj/foundation/graphic/graphic_2d/rosen/modules/render_service_base/src/modifier_ng/appearance/render_service_base_src/rs_overlay_ng_shader_render_modifier.o
[OHOS INFO] [NINJA] [414/1297] CXX obj/foundation/graphic/graphic_2d/rosen/modules/render_service_base/src/modifier_ng/appearance/render_service_base_src/rs_pixel_stretch_render_modifier.o
[OHOS INFO] [NINJA] [415/1297] CXX obj/foundation/graphic/graphic_2d/rosen/modules/render_service_base/src/modifier_ng/appearance/render_service_base_src/rs_visibility_render_modifier.o
[OHOS INFO] [NINJA] [416/1297] CXX obj/foundation/graphic/graphic_2d/rosen/modules/render_service_base/src/modifier_ng/appearance/render_service_base_src/rs_use_union_render_modifier.o
[OHOS INFO] [NINJA] [417/1297] CXX obj/foundation/graphic/graphic_2d/rosen/modules/render_service_base/src/modifier_ng/background/render_service_base_src/rs_background_color_render_modifier.o
[OHOS INFO] [NINJA] [418/1297] CXX obj/foundation/graphic/graphic_2d/rosen/modules/render_service_base/src/modifier_ng/background/render_service_base_src/rs_background_image_render_modifier.o
[OHOS INFO] [NINJA] [419/1297] CXX obj/foundation/graphic/graphic_2d/rosen/modules/render_service_base/src/modifier_ng/appearance/render_service_base_src/rs_use_effect_render_modifier.o
[OHOS INFO] [NINJA] [420/1297] CXX obj/foundation/graphic/graphic_2d/rosen/modules/render_service_base/src/modifier_ng/appearance/render_service_base_src/rs_spatial_effect_render_modifier.o
[OHOS INFO] [NINJA] [421/1297] CXX obj/foundation/graphic/graphic_2d/rosen/modules/render_service_base/src/modifier_ng/foreground/render_service_base_src/rs_foreground_color_render_modifier.o
[OHOS INFO] [NINJA] [422/1297] CXX obj/foundation/graphic/graphic_2d/rosen/modules/render_service_base/src/modifier_ng/background/render_service_base_src/rs_background_ng_shader_render_modifier.o
[OHOS INFO] [NINJA] [423/1297] CXX obj/foundation/graphic/graphic_2d/rosen/modules/render_service_base/src/modifier_ng/background/render_service_base_src/rs_background_shader_render_modifier.o
[OHOS INFO] [NINJA] [424/1297] CXX obj/foundation/graphic/graphic_2d/rosen/modules/render_service_base/src/modifier_ng/foreground/render_service_base_src/rs_foreground_shader_render_modifier.o
[OHOS INFO] [NINJA] [425/1297] CXX obj/foundation/graphic/graphic_2d/rosen/modules/render_service_base/src/modifier_ng/foreground/render_service_base_src/rs_env_foreground_color_render_modifier.o
[OHOS INFO] [NINJA] [426/1297] CXX obj/foundation/graphic/graphic_2d/rosen/modules/render_service_base/src/modifier_ng/geometry/render_service_base_src/rs_frame_render_modifier.o
[OHOS INFO] [NINJA] [427/1297] CXX obj/foundation/graphic/graphic_2d/rosen/modules/render_service_base/src/modifier_ng/geometry/render_service_base_src/rs_bounds_clip_render_modifier.o
[OHOS INFO] [NINJA] [428/1297] CXX obj/foundation/graphic/graphic_2d/rosen/modules/render_service_base/src/modifier_ng/geometry/render_service_base_src/rs_frame_clip_render_modifier.o
[OHOS INFO] [NINJA] [429/1297] CXX obj/foundation/graphic/graphic_2d/rosen/modules/render_service_base/src/modifier_ng/geometry/render_service_base_src/rs_bounds_render_modifier.o
[OHOS INFO] [NINJA] [430/1297] CXX obj/foundation/graphic/graphic_2d/rosen/modules/render_service_base/src/command/render_service_base_src/rs_animation_command.o
[OHOS INFO] [NINJA] [431/1297] CXX obj/foundation/graphic/graphic_2d/rosen/modules/render_service_base/src/modifier_ng/geometry/render_service_base_src/rs_transform_render_modifier.o
[OHOS INFO] [NINJA] [432/1297] CXX obj/foundation/graphic/graphic_2d/rosen/modules/render_service_base/src/command/render_service_base_src/rs_canvas_drawing_node_command.o
[OHOS INFO] [NINJA] [433/1297] CXX obj/foundation/graphic/graphic_2d/rosen/modules/render_service_base/src/command/render_service_base_src/rs_base_node_command.o
[OHOS INFO] [NINJA] [434/1297] CXX obj/foundation/graphic/graphic_2d/rosen/modules/render_service_base/src/modifier_ng/render_service_base_src/rs_render_modifier_ng.o
[OHOS INFO] [NINJA] [435/1297] CXX obj/foundation/graphic/graphic_2d/rosen/modules/render_service_base/src/command/render_service_base_src/rs_canvas_node_command.o
[OHOS INFO] [NINJA] [436/1297] CXX obj/foundation/graphic/graphic_2d/rosen/modules/render_service_base/src/command/render_service_base_src/rs_command_verify_helper.o
[OHOS INFO] [NINJA] [437/1297] CXX obj/foundation/graphic/graphic_2d/rosen/modules/render_service_base/src/command/render_service_base_src/rs_depth_node_command.o
[OHOS INFO] [NINJA] [438/1297] CXX obj/foundation/graphic/graphic_2d/rosen/modules/render_service_base/src/command/render_service_base_src/rs_display_node_command.o
[OHOS INFO] [NINJA] [439/1297] CXX obj/foundation/graphic/graphic_2d/rosen/modules/render_service_base/src/command/render_service_base_src/rs_effect_node_command.o
[OHOS INFO] [NINJA] [440/1297] CXX obj/foundation/graphic/graphic_2d/rosen/modules/render_service_base/src/command/render_service_base_src/rs_frame_rate_linker_command.o
[OHOS INFO] [NINJA] [441/1297] CXX obj/foundation/graphic/graphic_2d/rosen/modules/render_service_base/src/command/render_service_base_src/rs_node_command.o
[OHOS INFO] [NINJA] [442/1297] CXX obj/foundation/graphic/graphic_2d/rosen/modules/render_service_base/src/command/render_service_base_src/rs_node_showing_command.o
[OHOS INFO] [NINJA] [443/1297] CXX obj/foundation/graphic/graphic_2d/rosen/modules/render_service_base/src/command/render_service_base_src/rs_proxy_node_command.o
[OHOS INFO] [NINJA] [444/1297] CXX obj/foundation/graphic/graphic_2d/rosen/modules/render_service_base/src/command/render_service_base_src/rs_surface_node_command.o
[OHOS INFO] [NINJA] [445/1297] CXX obj/foundation/graphic/graphic_2d/rosen/modules/render_service_base/src/command/render_service_base_src/rs_spatial_effect_command.o
[OHOS INFO] [NINJA] [446/1297] CXX obj/foundation/graphic/graphic_2d/rosen/modules/render_service_base/src/command/render_service_base_src/rs_root_node_command.o
[OHOS INFO] [NINJA] [447/1297] CXX obj/foundation/graphic/graphic_2d/rosen/modules/render_service_base/src/command/render_service_base_src/rs_ui_director_command.o
[OHOS INFO] [NINJA] [448/1297] CXX obj/foundation/graphic/graphic_2d/rosen/modules/render_service_base/src/common/render_service_base_src/rs_background_thread.o
[OHOS INFO] [NINJA] [449/1297] CXX obj/foundation/graphic/graphic_2d/rosen/modules/render_service_base/src/offscreen_render/render_service_base_src/rs_offscreen_render_thread.o
[OHOS INFO] [NINJA] [450/1297] CXX obj/foundation/graphic/graphic_2d/rosen/modules/render_service_base/src/command/render_service_base_src/rs_union_node_command.o
[OHOS INFO] [NINJA] [451/1297] CXX obj/foundation/graphic/graphic_2d/rosen/modules/render_service_base/src/command/render_service_base_src/rs_command_factory.o
[OHOS INFO] [NINJA] [452/1297] CXX obj/foundation/graphic/graphic_2d/rosen/modules/render_service_base/src/common/render_service_base_src/rs_event_def.o
[OHOS INFO] [NINJA] [453/1297] CXX obj/foundation/graphic/graphic_2d/rosen/modules/render_service_base/src/common/render_service_base_src/rs_backlight_thread.o
[OHOS INFO] [NINJA] [454/1297] CXX obj/foundation/graphic/graphic_2d/rosen/modules/render_service_base/src/common/render_service_base_src/rs_color.o
[OHOS INFO] [NINJA] [455/1297] CXX obj/foundation/graphic/graphic_2d/rosen/modules/render_service_base/src/command/render_service_base_src/rs_delegate_composite_command.o
[OHOS INFO] [NINJA] [456/1297] CXX obj/foundation/graphic/graphic_2d/rosen/modules/render_service_base/src/common/render_service_base_src/rs_common_tools.o
[OHOS INFO] [NINJA] [457/1297] CXX obj/foundation/graphic/graphic_2d/rosen/modules/render_service_base/src/common/render_service_base_src/rs_exception_check.o
[OHOS INFO] [NINJA] [458/1297] CXX obj/foundation/graphic/graphic_2d/rosen/modules/render_service_base/src/common/render_service_base_src/rs_rectangles_merger.o
[OHOS INFO] [NINJA] [459/1297] CXX obj/foundation/graphic/graphic_2d/rosen/modules/render_service_base/src/common/render_service_base_src/rs_obj_abs_geometry.o
[OHOS INFO] [NINJA] [460/1297] CXX obj/foundation/graphic/graphic_2d/rosen/modules/render_service_base/src/common/render_service_base_src/rs_occlusion_region.o
[OHOS INFO] [NINJA] [461/1297] CXX obj/foundation/graphic/graphic_2d/rosen/modules/render_service_base/src/common/render_service_base_src/rs_occlusion_region_helper.o
[OHOS INFO] [NINJA] [462/1297] CXX obj/foundation/graphic/graphic_2d/rosen/modules/render_service_base/src/common/render_service_base_src/rs_thread_handler_generic.o
[OHOS INFO] [NINJA] [463/1297] CXX obj/foundation/graphic/graphic_2d/rosen/modules/render_service_base/src/common/render_service_base_src/rs_thread_looper_generic.o
[OHOS INFO] [NINJA] [464/1297] CXX obj/foundation/graphic/graphic_2d/rosen/modules/render_service_base/src/common/render_service_base_src/rs_thread_looper_impl.o
[OHOS INFO] [NINJA] [465/1297] CXX obj/foundation/graphic/graphic_2d/rosen/modules/render_service_base/src/common/render_service_base_src/rs_xcollie.o
[OHOS INFO] [NINJA] [466/1297] CXX obj/foundation/graphic/graphic_2d/rosen/modules/render_service_base/src/common/render_service_base_src/rs_special_layer_manager.o
[OHOS INFO] [NINJA] [467/1297] CXX obj/foundation/graphic/graphic_2d/rosen/modules/render_service_base/src/ipc_callbacks/render_service_base_src/buffer_available_callback_stub.o
[OHOS INFO] [NINJA] [468/1297] CXX obj/foundation/graphic/graphic_2d/rosen/modules/render_service_base/src/ipc_callbacks/render_service_base_src/active_screen_id_changed_callback_stub.o
[OHOS INFO] [NINJA] [469/1297] CXX obj/foundation/graphic/graphic_2d/rosen/modules/render_service_base/src/delegate/render_service_base_src/rs_functional_delegate.o
[OHOS INFO] [NINJA] [470/1297] CXX obj/foundation/graphic/graphic_2d/rosen/modules/render_service_base/src/ipc_callbacks/render_service_base_src/active_screen_id_changed_callback_proxy.o
[OHOS INFO] [NINJA] [471/1297] CXX obj/foundation/graphic/graphic_2d/rosen/modules/render_service_base/src/ipc_callbacks/render_service_base_src/buffer_available_callback_proxy.o
[OHOS INFO] [NINJA] [472/1297] CXX obj/foundation/graphic/graphic_2d/rosen/modules/render_service_base/src/ipc_callbacks/render_service_base_src/buffer_clear_callback_stub.o
[OHOS INFO] [NINJA] [473/1297] CXX obj/foundation/graphic/graphic_2d/rosen/modules/render_service_base/src/ipc_callbacks/render_service_base_src/buffer_clear_callback_proxy.o
[OHOS INFO] [NINJA] [474/1297] CXX obj/foundation/graphic/graphic_2d/rosen/modules/render_service_base/src/ipc_callbacks/render_service_base_src/hgm_config_change_callback_proxy.o
[OHOS INFO] [NINJA] [475/1297] CXX obj/foundation/graphic/graphic_2d/rosen/modules/render_service_base/src/ipc_callbacks/render_service_base_src/hgm_config_change_callback_stub.o
[OHOS INFO] [NINJA] [476/1297] CXX obj/foundation/graphic/graphic_2d/rosen/modules/render_service_base/src/ipc_callbacks/render_service_base_src/rs_canvas_surface_buffer_callback_proxy.o
[OHOS INFO] [NINJA] [477/1297] CXX obj/foundation/graphic/graphic_2d/rosen/modules/render_service_base/src/ipc_callbacks/render_service_base_src/rs_canvas_surface_buffer_callback_stub.o
[OHOS INFO] [NINJA] [478/1297] CXX obj/foundation/graphic/graphic_2d/rosen/modules/render_service_base/src/ipc_callbacks/render_service_base_src/rs_application_agent_proxy.o
[OHOS INFO] [NINJA] [479/1297] CXX obj/foundation/graphic/graphic_2d/rosen/modules/render_service_base/src/ipc_callbacks/render_service_base_src/rs_first_frame_commit_callback_proxy.o
[OHOS INFO] [NINJA] [480/1297] CXX obj/foundation/graphic/graphic_2d/rosen/modules/render_service_base/src/ipc_callbacks/render_service_base_src/rs_application_agent_stub.o
[OHOS INFO] [NINJA] [481/1297] CXX obj/foundation/graphic/graphic_2d/rosen/modules/render_service_base/src/ipc_callbacks/render_service_base_src/rs_first_frame_commit_callback_stub.o
[OHOS INFO] [NINJA] [482/1297] CXX obj/foundation/graphic/graphic_2d/rosen/modules/render_service_base/src/ipc_callbacks/render_service_base_src/rs_frame_rate_linker_expected_fps_update_callback_proxy.o
[OHOS INFO] [NINJA] [483/1297] CXX obj/foundation/graphic/graphic_2d/rosen/modules/render_service_base/src/ipc_callbacks/render_service_base_src/rs_frame_rate_linker_expected_fps_update_callback_stub.o
[OHOS INFO] [NINJA] [484/1297] CXX obj/foundation/graphic/graphic_2d/rosen/modules/render_service_base/src/ipc_callbacks/render_service_base_src/rs_frame_stability_callback_stub.o
[OHOS INFO] [NINJA] [485/1297] CXX obj/foundation/graphic/graphic_2d/rosen/modules/render_service_base/src/ipc_callbacks/render_service_base_src/rs_exposed_event_callback_proxy.o
[OHOS INFO] [NINJA] [486/1297] CXX obj/foundation/graphic/graphic_2d/rosen/modules/render_service_base/src/ipc_callbacks/render_service_base_src/rs_frame_stability_callback_proxy.o
[OHOS INFO] [NINJA] [487/1297] CXX obj/foundation/graphic/graphic_2d/rosen/modules/render_service_base/src/ipc_callbacks/render_service_base_src/rs_exposed_event_callback_stub.o
[OHOS INFO] [NINJA] [488/1297] CXX obj/foundation/graphic/graphic_2d/rosen/modules/render_service_base/src/ipc_callbacks/render_service_base_src/rs_occlusion_change_callback_proxy.o
[OHOS INFO] [NINJA] [489/1297] CXX obj/foundation/graphic/graphic_2d/rosen/modules/render_service_base/src/ipc_callbacks/render_service_base_src/rs_occlusion_change_callback_stub.o
[OHOS INFO] [NINJA] [490/1297] CXX obj/foundation/graphic/graphic_2d/rosen/modules/render_service_base/src/ipc_callbacks/render_service_base_src/rs_rt_refresh_callback.o
[OHOS INFO] [NINJA] [491/1297] CXX obj/foundation/graphic/graphic_2d/rosen/modules/render_service_base/src/ipc_callbacks/render_service_base_src/rs_self_drawing_node_rect_change_callback_proxy.o
[OHOS INFO] [NINJA] [492/1297] CXX obj/foundation/graphic/graphic_2d/rosen/modules/render_service_base/src/ipc_callbacks/render_service_base_src/rs_surface_buffer_callback.o
[OHOS INFO] [NINJA] [493/1297] CXX obj/foundation/graphic/graphic_2d/rosen/modules/render_service_base/src/ipc_callbacks/render_service_base_src/rs_surface_buffer_callback_proxy.o
[OHOS INFO] [NINJA] [494/1297] CXX obj/foundation/graphic/graphic_2d/rosen/modules/render_service_base/src/ipc_callbacks/render_service_base_src/rs_self_drawing_node_rect_change_callback_stub.o
[OHOS INFO] [NINJA] [495/1297] CXX obj/foundation/graphic/graphic_2d/rosen/modules/render_service_base/src/ipc_callbacks/render_service_base_src/rs_surface_buffer_callback_stub.o
[OHOS INFO] [NINJA] [496/1297] CXX obj/foundation/graphic/graphic_2d/rosen/modules/render_service_base/src/ipc_callbacks/render_service_base_src/rs_surface_occlusion_change_callback_proxy.o
[OHOS INFO] [NINJA] [497/1297] CXX obj/foundation/graphic/graphic_2d/rosen/modules/render_service_base/src/ipc_callbacks/render_service_base_src/rs_surface_occlusion_change_callback_stub.o
[OHOS INFO] [NINJA] [498/1297] CXX obj/foundation/graphic/graphic_2d/rosen/modules/render_service_base/src/ipc_callbacks/render_service_base_src/rs_transaction_data_callback_proxy.o
[OHOS INFO] [NINJA] [499/1297] CXX obj/foundation/graphic/graphic_2d/rosen/modules/render_service_base/src/ipc_callbacks/render_service_base_src/rs_transaction_data_callback_stub.o
[OHOS INFO] [NINJA] [500/1297] CXX obj/foundation/graphic/graphic_2d/rosen/modules/render_service_base/src/ipc_callbacks/render_service_base_src/rs_uiextension_callback_proxy.o
[OHOS INFO] [NINJA] [501/1297] CXX obj/foundation/graphic/graphic_2d/rosen/modules/render_service_base/src/ipc_callbacks/render_service_base_src/screen_change_callback_proxy.o
[OHOS INFO] [NINJA] [502/1297] CXX obj/foundation/graphic/graphic_2d/rosen/modules/render_service_base/src/ipc_callbacks/render_service_base_src/screen_change_callback_stub.o
[OHOS INFO] [NINJA] [503/1297] CXX obj/foundation/graphic/graphic_2d/rosen/modules/render_service_base/src/ipc_callbacks/render_service_base_src/rs_uiextension_callback_stub.o
[OHOS INFO] [NINJA] [504/1297] CXX obj/foundation/graphic/graphic_2d/rosen/modules/render_service_base/src/ipc_callbacks/render_service_base_src/screen_supported_hdr_formats_callback_stub.o
[OHOS INFO] [NINJA] [505/1297] CXX obj/foundation/graphic/graphic_2d/rosen/modules/render_service_base/src/ipc_callbacks/render_service_base_src/screen_supported_hdr_formats_callback_proxy.o
[OHOS INFO] [NINJA] [506/1297] CXX obj/foundation/graphic/graphic_2d/rosen/modules/render_service_base/src/ipc_callbacks/render_service_base_src/brightness_info_change_callback_stub.o
[OHOS INFO] [NINJA] [507/1297] CXX obj/foundation/graphic/graphic_2d/rosen/modules/render_service_base/src/ipc_callbacks/render_service_base_src/brightness_info_change_callback_proxy.o
[OHOS INFO] [NINJA] [508/1297] CXX obj/foundation/graphic/graphic_2d/rosen/modules/render_service_base/src/ipc_callbacks/render_service_base_src/screen_switching_notify_callback_proxy.o
[OHOS INFO] [NINJA] [509/1297] CXX obj/foundation/graphic/graphic_2d/rosen/modules/render_service_base/src/ipc_callbacks/render_service_base_src/screen_switching_notify_callback_stub.o
[OHOS INFO] [NINJA] [510/1297] CXX obj/foundation/graphic/graphic_2d/rosen/modules/render_service_base/src/ipc_callbacks/render_service_base_src/surface_capture_callback_proxy.o
[OHOS INFO] [NINJA] [511/1297] CXX obj/foundation/graphic/graphic_2d/rosen/modules/render_service_base/src/ipc_callbacks/render_service_base_src/rs_delegate_composite_callback_proxy.o
[OHOS INFO] [NINJA] [512/1297] CXX obj/foundation/graphic/graphic_2d/rosen/modules/render_service_base/src/ipc_callbacks/render_service_base_src/surface_capture_callback_stub.o
[OHOS INFO] [NINJA] [513/1297] CXX obj/foundation/graphic/graphic_2d/rosen/modules/render_service_base/src/ipc_callbacks/dfx/render_service_base_src/rs_dump_callback_proxy.o
[OHOS INFO] [NINJA] [514/1297] CXX obj/foundation/graphic/graphic_2d/rosen/modules/render_service_base/src/ipc_callbacks/dfx/render_service_base_src/rs_dump_callback_stub.o
[OHOS INFO] [NINJA] [515/1297] CXX obj/foundation/graphic/graphic_2d/rosen/modules/render_service_base/src/ipc_callbacks/render_service_base_src/rs_delegate_composite_callback_stub.o
[OHOS INFO] [NINJA] [516/1297] CXX obj/foundation/graphic/graphic_2d/rosen/modules/render_service_base/src/memory/render_service_base_src/rs_memory_flow_control.o
[OHOS INFO] [NINJA] [517/1297] CXX obj/foundation/graphic/graphic_2d/rosen/modules/render_service_base/src/ipc_security/render_service_base_src/rs_ipc_interface_code_access_verifier_base.o
[OHOS INFO] [NINJA] [518/1297] CXX obj/foundation/graphic/graphic_2d/rosen/modules/render_service_base/src/memory/render_service_base_src/rs_memory_graphic.o
[OHOS INFO] [NINJA] [519/1297] CXX obj/foundation/graphic/graphic_2d/rosen/modules/render_service_base/src/memory/render_service_base_src/rs_memory_snapshot.o
[OHOS INFO] [NINJA] [520/1297] CXX obj/foundation/graphic/graphic_2d/rosen/modules/render_service_base/src/memory/render_service_base_src/rs_tag_tracker.o
[OHOS INFO] [NINJA] [521/1297] CXX obj/foundation/graphic/graphic_2d/rosen/modules/render_service_base/src/memory/render_service_base_src/rs_pixelmap_fd_track.o
[OHOS INFO] [NINJA] [522/1297] CXX obj/foundation/graphic/graphic_2d/rosen/modules/render_service_base/src/memory/render_service_base_src/rs_memory_track.o
[OHOS INFO] [NINJA] [523/1297] CXX obj/foundation/graphic/graphic_2d/rosen/modules/render_service_base/src/pipeline/render_service_base_src/rs_canvas_drawing_render_node.o
[OHOS INFO] [NINJA] [524/1297] CXX obj/foundation/graphic/graphic_2d/rosen/modules/render_service_base/src/pipeline/render_service_base_src/rs_canvas_render_node.o
[OHOS INFO] [NINJA] [525/1297] CXX obj/foundation/graphic/graphic_2d/rosen/modules/render_service_base/src/pipeline/render_service_base_src/rs_context.o
[OHOS INFO] [NINJA] [526/1297] CXX obj/foundation/graphic/graphic_2d/rosen/modules/render_service_base/src/pipeline/render_service_base_src/rs_dirty_region_manager.o
[OHOS INFO] [NINJA] [527/1297] CXX obj/foundation/graphic/graphic_2d/rosen/modules/render_service_base/src/pipeline/render_service_base_src/rs_depth_render_node.o
[OHOS INFO] [NINJA] [528/1297] CXX obj/foundation/graphic/graphic_2d/rosen/modules/render_service_base/src/pipeline/render_service_base_src/rs_draw_cmd_list.o
[OHOS INFO] [NINJA] [529/1297] CXX obj/foundation/graphic/graphic_2d/rosen/modules/render_service_base/src/pipeline/render_service_base_src/rs_draw_cmd.o
[OHOS INFO] [NINJA] [530/1297] CXX obj/foundation/graphic/graphic_2d/rosen/modules/render_service_base/src/pipeline/render_service_base_src/rs_effect_render_node.o
[OHOS INFO] [NINJA] [531/1297] CXX obj/foundation/graphic/graphic_2d/rosen/modules/render_service_base/src/pipeline/render_service_base_src/rs_effect_utils.o
[OHOS INFO] [NINJA] [532/1297] CXX obj/foundation/graphic/graphic_2d/rosen/modules/render_service_base/src/pipeline/render_service_base_src/rs_paint_filter_canvas.o
[OHOS INFO] [NINJA] [533/1297] CXX obj/foundation/graphic/graphic_2d/rosen/modules/render_service_base/src/pipeline/render_service_base_src/rs_logical_display_render_node.o
[OHOS INFO] [NINJA] [534/1297] CXX obj/foundation/graphic/graphic_2d/rosen/modules/render_service_base/src/pipeline/render_service_base_src/rs_record_cmd_utils.o
[OHOS INFO] [NINJA] [535/1297] CXX obj/foundation/graphic/graphic_2d/rosen/modules/render_service_base/src/pipeline/render_service_base_src/rs_proxy_render_node.o
[OHOS INFO] [NINJA] [536/1297] CXX obj/foundation/graphic/graphic_2d/rosen/modules/render_service_base/src/pipeline/render_service_base_src/rs_recording_canvas.o
[OHOS INFO] [NINJA] [537/1297] CXX obj/foundation/graphic/graphic_2d/rosen/modules/render_service_base/src/pipeline/render_service_base_src/rs_render_display_sync.o
[OHOS INFO] [NINJA] [538/1297] CXX obj/foundation/graphic/graphic_2d/rosen/modules/render_service_base/src/pipeline/render_service_base_src/rs_render_node_allocator.o
[OHOS INFO] [NINJA] [539/1297] CXX obj/foundation/graphic/graphic_2d/rosen/modules/render_service_base/src/pipeline/render_service_base_src/rs_render_node_gc.o
[OHOS INFO] [NINJA] [540/1297] CXX obj/foundation/graphic/graphic_2d/rosen/modules/render_service_base/src/pipeline/render_service_base_src/rs_root_render_node.o
[OHOS INFO] [NINJA] [541/1297] CXX obj/foundation/graphic/graphic_2d/rosen/modules/render_service_base/src/pipeline/render_service_base_src/rs_render_node_map.o
[OHOS INFO] [NINJA] [542/1297] CXX obj/foundation/graphic/graphic_2d/rosen/modules/render_service_base/src/pipeline/render_service_base_src/rs_surface_handler.o
[OHOS INFO] [NINJA] [543/1297] CXX obj/foundation/graphic/graphic_2d/rosen/modules/render_service_base/src/pipeline/render_service_base_src/rs_simple_draw_cmd_list.o
[OHOS INFO] [NINJA] [544/1297] CXX obj/foundation/graphic/graphic_2d/rosen/modules/render_service_base/src/pipeline/render_service_base_src/rs_screen_render_node.o
[OHOS INFO] [NINJA] [545/1297] CXX obj/foundation/graphic/graphic_2d/rosen/modules/render_service_base/src/pipeline/render_service_base_src/rs_surface_buffer_callback_manager.o
[OHOS INFO] [NINJA] [546/1297] CXX obj/foundation/graphic/graphic_2d/rosen/modules/render_service_base/src/pipeline/render_service_base_src/rs_render_node.o
[OHOS INFO] [NINJA] [547/1297] CXX obj/foundation/graphic/graphic_2d/rosen/modules/render_service_base/src/pipeline/render_service_base_src/rs_surface_render_node_utils.o
[OHOS INFO] [NINJA] [548/1297] CXX obj/foundation/graphic/graphic_2d/rosen/modules/render_service_base/src/pipeline/render_service_base_src/rs_task_dispatcher.o
[OHOS INFO] [NINJA] [549/1297] CXX obj/foundation/graphic/graphic_2d/rosen/modules/render_service_base/src/pipeline/render_service_base_src/rs_ui_render_director.o
[OHOS INFO] [NINJA] [550/1297] CXX obj/foundation/graphic/graphic_2d/rosen/modules/render_service_base/src/pipeline/render_service_base_src/rs_uni_render_judgement.o
[OHOS INFO] [NINJA] [551/1297] CXX obj/foundation/graphic/graphic_2d/rosen/modules/render_service_base/src/pipeline/render_service_base_src/rs_union_render_node.o
[OHOS INFO] [NINJA] [552/1297] CXX obj/foundation/graphic/graphic_2d/rosen/modules/render_service_base/src/property/render_service_base_src/rs_point_light_manager.o
[OHOS INFO] [NINJA] [553/1297] CXX obj/foundation/graphic/graphic_2d/rosen/modules/render_service_base/src/pipeline/render_service_base_src/rs_surface_render_node.o
[OHOS INFO] [NINJA] [554/1297] CXX obj/foundation/graphic/graphic_2d/rosen/modules/render_service_base/src/pipeline/render_service_base_src/sk_resource_manager.o
[OHOS INFO] [NINJA] [555/1297] CXX obj/foundation/graphic/graphic_2d/rosen/modules/render_service_base/src/property/render_service_base_src/rs_properties_painter.o
[OHOS INFO] [NINJA] [556/1297] CXX obj/foundation/graphic/graphic_2d/rosen/modules/render_service_base/src/property/render_service_base_src/rs_property_trace.o
[OHOS INFO] [NINJA] [557/1297] CXX obj/foundation/graphic/graphic_2d/rosen/modules/render_service_base/src/effect/render_service_base_src/rs_render_effect_template.o
[OHOS INFO] [NINJA] [558/1297] CXX obj/foundation/graphic/graphic_2d/rosen/modules/render_service_base/src/property/render_service_base_src/rs_properties.o
[OHOS INFO] [NINJA] [559/1297] CXX obj/foundation/graphic/graphic_2d/rosen/modules/render_service_base/src/property/render_service_base_src/rs_spatial_effect_manager.o
[OHOS INFO] [NINJA] [560/1297] CXX obj/foundation/graphic/graphic_2d/rosen/modules/render_service_base/src/hpae_base/render_service_base_src/rs_hpae_base_data.o
[OHOS INFO] [NINJA] [561/1297] CXX obj/foundation/graphic/graphic_2d/rosen/modules/render_service_base/src/effect/render_service_base_src/rs_render_shape_base.o
[OHOS INFO] [NINJA] [562/1297] CXX obj/foundation/graphic/graphic_2d/rosen/modules/render_service_base/src/effect/render_service_base_src/rs_render_mask_base.o
[OHOS INFO] [NINJA] [563/1297] CXX obj/foundation/graphic/graphic_2d/rosen/modules/render_service_base/src/hpae_base/render_service_base_src/rs_hpae_ffrt_pattern_manager.o
[OHOS INFO] [NINJA] [564/1297] CXX obj/foundation/graphic/graphic_2d/rosen/modules/render_service_base/src/hpae_base/render_service_base_src/rs_hpae_hianimation.o
[OHOS INFO] [NINJA] [565/1297] CXX obj/foundation/graphic/graphic_2d/rosen/modules/render_service_base/src/hpae_base/render_service_base_src/rs_hpae_filter_cache_manager.o
[OHOS INFO] [NINJA] [566/1297] CXX obj/foundation/graphic/graphic_2d/rosen/modules/render_service_base/src/hpae_base/render_service_base_src/rs_hpae_scheduler.o
[OHOS INFO] [NINJA] [567/1297] CXX obj/foundation/graphic/graphic_2d/rosen/modules/render_service_base/src/effect/render_service_base_src/rs_render_filter_base.o
[OHOS INFO] [NINJA] [568/1297] CXX obj/foundation/graphic/graphic_2d/rosen/modules/render_service_base/src/render/render_service_base_src/rs_attraction_effect_filter.o
[OHOS INFO] [NINJA] [569/1297] CXX obj/foundation/graphic/graphic_2d/rosen/modules/render_service_base/src/render/render_service_base_src/rs_blur_filter.o
[OHOS INFO] [NINJA] [570/1297] CXX obj/foundation/graphic/graphic_2d/rosen/modules/render_service_base/src/hpae_base/render_service_base_src/rs_hpae_fusion_operator.o
[OHOS INFO] [NINJA] [571/1297] CXX obj/foundation/graphic/graphic_2d/rosen/modules/render_service_base/src/render/render_service_base_src/rs_color_adaptive_filter.o
[OHOS INFO] [NINJA] [572/1297] CXX obj/foundation/graphic/graphic_2d/rosen/modules/render_service_base/src/render/render_service_base_src/rs_border.o
[OHOS INFO] [NINJA] [573/1297] CXX obj/foundation/graphic/graphic_2d/rosen/modules/render_service_base/src/render/render_service_base_src/rs_color_extract.o
[OHOS INFO] [NINJA] [574/1297] CXX obj/foundation/graphic/graphic_2d/rosen/modules/render_service_base/src/render/render_service_base_src/rs_color_picker.o
[OHOS INFO] [NINJA] [575/1297] CXX obj/foundation/graphic/graphic_2d/rosen/modules/render_service_base/src/render/render_service_base_src/rs_distortion_shader_filter.o
[OHOS INFO] [NINJA] [576/1297] CXX obj/foundation/graphic/graphic_2d/rosen/modules/render_service_base/src/render/render_service_base_src/rs_colorful_shadow_filter.o
[OHOS INFO] [NINJA] [577/1297] CXX obj/foundation/graphic/graphic_2d/rosen/modules/render_service_base/src/render/render_service_base_src/rs_complex_shader.o
[OHOS INFO] [NINJA] [578/1297] CXX obj/foundation/graphic/graphic_2d/rosen/modules/render_service_base/src/render/render_service_base_src/rs_filter.o
[OHOS INFO] [NINJA] [579/1297] CXX obj/foundation/graphic/graphic_2d/rosen/modules/render_service_base/src/effect/render_service_base_src/rs_render_shader_base.o
[OHOS INFO] [NINJA] [580/1297] CXX obj/foundation/graphic/graphic_2d/rosen/modules/render_service_base/src/render/render_service_base_src/rs_drawing_filter.o
[OHOS INFO] [NINJA] [581/1297] CXX obj/foundation/graphic/graphic_2d/rosen/modules/render_service_base/src/render/render_service_base_src/rs_filter_cache_manager.o
[OHOS INFO] [NINJA] [582/1297] CXX obj/foundation/graphic/graphic_2d/rosen/modules/render_service_base/src/render/render_service_base_src/rs_filter_cache_memory_controller.o
[OHOS INFO] [NINJA] [583/1297] CXX obj/foundation/graphic/graphic_2d/rosen/modules/render_service_base/src/render/render_service_base_src/rs_fly_out_shader_filter.o
[OHOS INFO] [NINJA] [584/1297] CXX obj/foundation/graphic/graphic_2d/rosen/modules/render_service_base/src/render/render_service_base_src/rs_foreground_effect_filter.o
[OHOS INFO] [NINJA] [585/1297] CXX obj/foundation/graphic/graphic_2d/rosen/modules/render_service_base/src/render/render_service_base_src/rs_flow_light_sweep_shader.o
[OHOS INFO] [NINJA] [586/1297] CXX obj/foundation/graphic/graphic_2d/rosen/modules/render_service_base/src/render/render_service_base_src/rs_effect_luminance_manager.o
[OHOS INFO] [NINJA] [587/1297] CXX obj/foundation/graphic/graphic_2d/rosen/modules/render_service_base/src/render/render_service_base_src/rs_image.o
[OHOS INFO] [NINJA] [588/1297] CXX obj/foundation/graphic/graphic_2d/rosen/modules/render_service_base/src/render/render_service_base_src/rs_image_base.o
[OHOS INFO] [NINJA] [589/1297] CXX obj/foundation/graphic/graphic_2d/rosen/modules/render_service_base/src/render/render_service_base_src/rs_hdr_ui_brightness_filter.o
[OHOS INFO] [NINJA] [590/1297] CXX obj/foundation/graphic/graphic_2d/rosen/modules/render_service_base/src/render/render_service_base_src/rs_high_performance_visual_engine.o
[OHOS INFO] [NINJA] [591/1297] CXX obj/foundation/graphic/graphic_2d/rosen/modules/render_service_base/src/render/render_service_base_src/rs_hps_blur.o
[OHOS INFO] [NINJA] [592/1297] CXX obj/foundation/graphic/graphic_2d/rosen/modules/render_service_base/src/render/render_service_base_src/rs_kawase_blur.o
[OHOS INFO] [NINJA] [593/1297] CXX obj/foundation/graphic/graphic_2d/rosen/modules/render_service_base/src/render/render_service_base_src/rs_light_up_effect_filter.o
[OHOS INFO] [NINJA] [594/1297] CXX obj/foundation/graphic/graphic_2d/rosen/modules/render_service_base/src/render/render_service_base_src/rs_image_cache.o
[OHOS INFO] [NINJA] [595/1297] CXX obj/foundation/graphic/graphic_2d/rosen/modules/render_service_base/src/render/render_service_base_src/rs_mask.o
[OHOS INFO] [NINJA] [596/1297] CXX obj/foundation/graphic/graphic_2d/rosen/modules/render_service_base/src/render/render_service_base_src/rs_material_filter.o
[OHOS INFO] [NINJA] [597/1297] CXX obj/foundation/graphic/graphic_2d/rosen/modules/render_service_base/src/render/render_service_base_src/rs_motion_blur_filter.o
[OHOS INFO] [NINJA] [598/1297] CXX obj/foundation/graphic/graphic_2d/rosen/modules/render_service_base/src/render/render_service_base_src/rs_pixel_map_shader.o
[OHOS INFO] [NINJA] [599/1297] CXX obj/foundation/graphic/graphic_2d/rosen/modules/render_service_base/src/render/render_service_base_src/rs_path.o
[OHOS INFO] [NINJA] [600/1297] CXX obj/foundation/graphic/graphic_2d/rosen/modules/render_service_base/src/render/render_service_base_src/rs_particles_drawable.o
[OHOS INFO] [NINJA] [601/1297] CXX obj/foundation/graphic/graphic_2d/rosen/modules/render_service_base/src/render/render_service_base_src/rs_pixel_map_shader_obj.o
[OHOS INFO] [NINJA] [602/1297] CXX obj/foundation/graphic/graphic_2d/rosen/modules/render_service_base/src/render/render_service_base_src/rs_render_aibar_filter.o
[OHOS INFO] [NINJA] [603/1297] CXX obj/foundation/graphic/graphic_2d/rosen/modules/render_service_base/src/render/render_service_base_src/rs_pixel_map_util.o
[OHOS INFO] [NINJA] [604/1297] CXX obj/foundation/graphic/graphic_2d/rosen/modules/render_service_base/src/render/render_service_base_src/rs_render_filter_base.o
[OHOS INFO] [NINJA] [605/1297] CXX obj/foundation/graphic/graphic_2d/rosen/modules/render_service_base/src/render/render_service_base_src/rs_render_always_snapshot_filter.o
[OHOS INFO] [NINJA] [606/1297] CXX obj/foundation/graphic/graphic_2d/rosen/modules/render_service_base/src/render/render_service_base_src/rs_render_grey_filter.o
[OHOS INFO] [NINJA] [607/1297] CXX obj/foundation/graphic/graphic_2d/rosen/modules/render_service_base/src/render/render_service_base_src/rs_render_kawase_blur_filter.o
[OHOS INFO] [NINJA] [608/1297] CXX obj/foundation/graphic/graphic_2d/rosen/modules/render_service_base/src/render/render_service_base_src/rs_render_light_blur_filter.o
[OHOS INFO] [NINJA] [609/1297] CXX obj/foundation/graphic/graphic_2d/rosen/modules/render_service_base/src/render/render_service_base_src/rs_render_linear_gradient_blur_filter.o
[OHOS INFO] [NINJA] [610/1297] CXX obj/foundation/graphic/graphic_2d/rosen/modules/render_service_base/src/render/render_service_base_src/rs_render_maskcolor_filter.o
[OHOS INFO] [NINJA] [611/1297] CXX obj/foundation/graphic/graphic_2d/rosen/modules/render_service_base/src/render/render_service_base_src/rs_shader.o
[OHOS INFO] [NINJA] [612/1297] CXX obj/foundation/graphic/graphic_2d/rosen/modules/render_service_base/src/render/render_service_base_src/rs_render_mesa_blur_filter.o
[OHOS INFO] [NINJA] [613/1297] CXX obj/foundation/graphic/graphic_2d/rosen/modules/render_service_base/src/render/render_service_base_src/rs_shadow.o
[OHOS INFO] [NINJA] [614/1297] CXX obj/foundation/graphic/graphic_2d/rosen/modules/render_service_base/src/render/render_service_base_src/rs_skia_filter.o
[OHOS INFO] [NINJA] [615/1297] CXX obj/foundation/graphic/graphic_2d/rosen/modules/render_service_base/src/render/render_service_base_src/rs_spherize_effect_filter.o
[OHOS INFO] [NINJA] [616/1297] CXX obj/foundation/graphic/graphic_2d/rosen/modules/render_service_base/src/render/render_service_base_src/rs_render_water_ripple_filter.o
[OHOS INFO] [NINJA] [617/1297] CXX obj/foundation/graphic/graphic_2d/rosen/modules/render_service_base/src/transaction/render_service_base_src/rs_occlusion_data.o
[OHOS INFO] [NINJA] [618/1297] CXX obj/foundation/graphic/graphic_2d/rosen/modules/render_service_base/src/transaction/render_service_base_src/rs_hgm_config_data.o
[OHOS INFO] [NINJA] [619/1297] CXX obj/foundation/graphic/graphic_2d/rosen/modules/render_service_base/src/render/render_service_base_src/rs_typeface_cache.o
[OHOS INFO] [NINJA] [620/1297] CXX obj/foundation/graphic/graphic_2d/rosen/modules/render_service_base/src/transaction/render_service_base_src/rp_hgm_config_data.o
[OHOS INFO] [NINJA] [621/1297] CXX obj/foundation/graphic/graphic_2d/rosen/modules/render_service_base/src/transaction/render_service_base_src/rs_self_drawing_node_rect_data.o
[OHOS INFO] [NINJA] [622/1297] CXX obj/foundation/graphic/graphic_2d/rosen/modules/render_service_base/src/transaction/render_service_base_src/rs_transaction_data_callback_manager.o
[OHOS INFO] [NINJA] [623/1297] CXX obj/foundation/graphic/graphic_2d/rosen/modules/render_service_base/src/transaction/render_service_base_src/rs_uiextension_data.o
[OHOS INFO] [NINJA] [624/1297] CXX obj/foundation/graphic/graphic_2d/rosen/modules/render_service_base/src/transaction/render_service_base_src/rs_transaction_data.o
[OHOS INFO] [NINJA] [625/1297] CXX obj/foundation/graphic/graphic_2d/rosen/modules/render_service_base/src/transaction/render_service_base_src/rs_transaction_handler.o
[OHOS INFO] [NINJA] [626/1297] CXX obj/foundation/graphic/graphic_2d/rosen/modules/render_service_base/src/gfx/dump/render_service_base_src/rs_dump_manager.o
[OHOS INFO] [NINJA] [627/1297] CXX obj/foundation/graphic/graphic_2d/rosen/modules/render_service_base/src/gfx/fps_info/render_service_base_src/rs_surface_fps_manager.o
[OHOS INFO] [NINJA] [628/1297] CXX obj/foundation/graphic/graphic_2d/rosen/modules/render_service_base/src/transaction/render_service_base_src/rs_transaction_proxy.o
[OHOS INFO] [NINJA] [629/1297] CXX obj/foundation/graphic/graphic_2d/rosen/modules/render_service_base/src/gfx/first_frame_notifier/render_service_base_src/rs_first_frame_notifier.o
[OHOS INFO] [NINJA] [630/1297] CXX obj/foundation/graphic/graphic_2d/rosen/modules/render_service_base/src/gfx/fps_info/render_service_base_src/rs_surface_fps.o
[OHOS INFO] [NINJA] [631/1297] CXX obj/foundation/graphic/graphic_2d/rosen/modules/render_service_base/src/screen_manager/render_service_base_src/rs_screen_capability.o
[OHOS INFO] [NINJA] [632/1297] CXX obj/foundation/graphic/graphic_2d/rosen/modules/render_service_base/src/screen_manager/render_service_base_src/rs_screen_mode_info.o
[OHOS INFO] [NINJA] [633/1297] CXX obj/foundation/graphic/graphic_2d/rosen/modules/render_service_base/src/screen_manager/render_service_base_src/rs_screen_data.o
[OHOS INFO] [NINJA] [634/1297] CXX obj/foundation/graphic/graphic_2d/rosen/modules/render_service_base/src/screen_manager/render_service_base_src/rs_screen_hdr_capability.o
[OHOS INFO] [NINJA] [635/1297] CXX obj/foundation/graphic/graphic_2d/rosen/modules/render_service_base/src/screen_manager/render_service_base_src/rs_virtual_screen_resolution.o
[OHOS INFO] [NINJA] [636/1297] CXX obj/foundation/graphic/graphic_2d/rosen/modules/render_service_base/src/gfx/performance/render_service_base_src/rs_perfmonitor_reporter.o
[OHOS INFO] [NINJA] [637/1297] CXX obj/foundation/graphic/graphic_2d/rosen/modules/render_service_base/src/screen_manager/render_service_base_src/rs_screen_props.o
[OHOS INFO] [NINJA] [638/1297] CXX obj/foundation/graphic/graphic_2d/rosen/modules/render_service_base/src/info_collection/render_service_base_src/rs_layer_compose_collection.o
[OHOS INFO] [NINJA] [639/1297] CXX obj/foundation/graphic/graphic_2d/rosen/modules/render_service_base/src/screen_manager/render_service_base_src/rs_screen_property.o
[OHOS INFO] [NINJA] [640/1297] CXX obj/foundation/graphic/graphic_2d/rosen/modules/render_service_base/src/info_collection/render_service_base_src/rs_gpu_dirty_region_collection.o
[OHOS INFO] [NINJA] [641/1297] CXX obj/foundation/graphic/graphic_2d/rosen/modules/render_service_base/src/info_collection/render_service_base_src/rs_hardware_compose_disabled_reason_collection.o
[OHOS INFO] [NINJA] [642/1297] CXX obj/foundation/graphic/graphic_2d/rosen/modules/render_service_base/src/info_collection/render_service_base_src/rs_hdr_collection.o
[OHOS INFO] [NINJA] [643/1297] CXX obj/foundation/graphic/graphic_2d/rosen/modules/render_service_base/src/monitor/render_service_base_src/aps_monitor_impl.o
[OHOS INFO] [NINJA] [644/1297] CXX obj/foundation/graphic/graphic_2d/rosen/modules/render_service_base/src/feature/color_picker/render_service_base_src/color_pick_alt_manager.o
[OHOS INFO] [NINJA] [645/1297] CXX obj/foundation/graphic/graphic_2d/rosen/modules/render_service_base/src/monitor/render_service_base_src/self_drawing_node_monitor.o
[OHOS INFO] [NINJA] [646/1297] CXX obj/foundation/graphic/graphic_2d/rosen/modules/render_service_base/src/feature/color_picker/render_service_base_src/rs_color_picker_manager.o
[OHOS INFO] [NINJA] [647/1297] CXX obj/foundation/graphic/graphic_2d/rosen/modules/render_service_base/src/feature/capture/render_service_base_src/rs_ui_capture_helper.o
[OHOS INFO] [NINJA] [648/1297] CXX obj/foundation/graphic/graphic_2d/rosen/modules/render_service_base/src/feature/color_picker/render_service_base_src/rs_color_picker_thread.o
[OHOS INFO] [NINJA] [649/1297] CXX obj/foundation/graphic/graphic_2d/rosen/modules/render_service_base/src/feature/color_picker/render_service_base_src/rs_hetero_color_picker.o
[OHOS INFO] [NINJA] [650/1297] CXX obj/foundation/graphic/graphic_2d/rosen/modules/render_service_base/src/feature/hyper_graphic_manager/render_service_base_src/rs_render_frame_rate_linker.o
[OHOS INFO] [NINJA] [651/1297] CXX obj/foundation/graphic/graphic_2d/rosen/modules/render_service_base/src/feature/hdr/render_service_base_src/rs_colorspace_util.o
[OHOS INFO] [NINJA] [652/1297] CXX obj/foundation/graphic/graphic_2d/rosen/modules/render_service_base/src/feature/dynamic_layer_skip/render_service_base_src/rs_dynamic_layer_skip_controller.o
[OHOS INFO] [NINJA] [653/1297] CXX obj/foundation/graphic/graphic_2d/rosen/modules/render_service_base/src/feature/hyper_graphic_manager/render_service_base_src/rs_render_frame_rate_linker_map.o
[OHOS INFO] [NINJA] [654/1297] CXX obj/foundation/graphic/graphic_2d/rosen/modules/render_service_base/src/feature/color_picker/render_service_base_src/rs_color_picker_utils.o
[OHOS INFO] [NINJA] [655/1297] CXX obj/foundation/graphic/graphic_2d/rosen/modules/render_service_base/src/feature/opinc/render_service_base_src/rs_opinc_cache.o
[OHOS INFO] [NINJA] [656/1297] CXX obj/foundation/graphic/graphic_2d/rosen/modules/render_service_base/src/feature/opinc/render_service_base_src/rs_opinc_root_cache.o
[OHOS INFO] [NINJA] [657/1297] CXX obj/foundation/graphic/graphic_2d/rosen/modules/render_service_base/src/feature/image_detail_enhancer/render_service_base_src/rs_image_detail_enhancer_thread.o
[OHOS INFO] [NINJA] [658/1297] CXX obj/foundation/graphic/graphic_2d/rosen/modules/render_service_base/src/feature/opinc/render_service_base_src/rs_opinc_manager.o
[OHOS INFO] [NINJA] [659/1297] CXX obj/foundation/graphic/graphic_2d/rosen/modules/render_service_base/src/feature/layer/render_service_base_src/rs_layer_cache_manager_base.o
[OHOS INFO] [NINJA] [660/1297] CXX obj/foundation/graphic/graphic_2d/rosen/modules/render_service_base/src/feature/render_group/render_service_base_src/rs_render_group_cache_adapter.o
[OHOS INFO] [NINJA] [661/1297] CXX obj/foundation/graphic/graphic_2d/rosen/modules/render_service_base/src/feature/render_group/render_service_base_src/rs_render_group_cache.o
[OHOS INFO] [NINJA] [662/1297] CXX obj/foundation/graphic/graphic_2d/rosen/modules/render_service_base/src/feature/power_off_render_skip/render_service_base_src/rs_power_off_render_controller.o
[OHOS INFO] [NINJA] [663/1297] CXX obj/foundation/graphic/graphic_2d/rosen/modules/render_service_base/src/feature/single_frame_composer/render_service_base_src/rs_single_frame_composer.o
[OHOS INFO] [NINJA] [664/1297] CXX obj/foundation/graphic/graphic_2d/rosen/modules/render_service_base/src/feature/tunnel_layer/render_service_base_src/rs_tunnel_runtime_state.o
[OHOS INFO] [NINJA] [665/1297] CXX obj/foundation/graphic/graphic_2d/rosen/modules/render_service_base/src/feature/window_keyframe/render_service_base_src/rs_window_keyframe_node_command.o
[OHOS INFO] [NINJA] [666/1297] CXX obj/foundation/graphic/graphic_2d/rosen/modules/render_service_base/src/feature/capture/render_service_base_src/rs_capture_pixelmap_manager.o
[OHOS INFO] [NINJA] [667/1297] CXX obj/foundation/graphic/graphic_2d/rosen/modules/render_service_base/src/feature/buffer_reclaim/render_service_base_src/rs_buffer_reclaim.o
[OHOS INFO] [NINJA] [668/1297] CXX obj/foundation/graphic/graphic_2d/rosen/modules/render_service_base/src/feature/behind_window_filter/render_service_base_src/rs_behind_window_filter_manager.o
[OHOS INFO] [NINJA] [669/1297] CXX obj/foundation/graphic/graphic_2d/rosen/modules/render_service_base/src/feature/window_keyframe/render_service_base_src/rs_window_keyframe_render_node.o
[OHOS INFO] [NINJA] [670/1297] CXX obj/foundation/graphic/graphic_2d/rosen/modules/render_service_base/src/feature/uifirst/render_service_base_src/rs_frame_control.o
[OHOS INFO] [NINJA] [671/1297] CXX obj/foundation/graphic/graphic_2d/rosen/modules/render_service_base/src/feature/uifirst/render_service_base_src/rs_drawable_updater.o
[OHOS INFO] [NINJA] [672/1297] CXX obj/foundation/graphic/graphic_2d/rosen/modules/render_service_base/src/dirty_region/render_service_base_src/rs_filter_dirty_collector.o
[OHOS INFO] [NINJA] [673/1297] CXX obj/foundation/graphic/graphic_2d/rosen/modules/render_service_base/src/feature/delegate_composite/render_service_base_src/rs_delegate_composite_callback_manager.o
[OHOS INFO] [NINJA] [674/1297] CXX obj/foundation/graphic/graphic_2d/rosen/modules/render_service_base/src/dirty_region/render_service_base_src/rs_gpu_dirty_collector.o
[OHOS INFO] [NINJA] [675/1297] CXX obj/foundation/graphic/graphic_2d/rosen/modules/render_service_base/src/feature/delegate_composite/render_service_base_src/rs_delegate_composite_params.o
[OHOS INFO] [NINJA] [676/1297] CXX obj/foundation/graphic/graphic_2d/rosen/modules/render_service_base/src/dirty_region/render_service_base_src/rs_optimize_canvas_dirty_collector.o
[OHOS INFO] [NINJA] [677/1297] CXX obj/foundation/graphic/graphic_2d/rosen/modules/render_service_base/src/drawable/render_service_base_src/rs_color_picker_drawable.o
[OHOS INFO] [NINJA] [678/1297] CXX obj/foundation/graphic/graphic_2d/rosen/modules/render_service_base/src/drawable/render_service_base_src/rs_material_shader_drawable.o
[OHOS INFO] [NINJA] [679/1297] CXX obj/foundation/graphic/graphic_2d/rosen/modules/render_service_base/src/drawable/render_service_base_src/rs_coverage_ng_shader_drawable.o
[OHOS INFO] [NINJA] [680/1297] CXX obj/foundation/graphic/graphic_2d/rosen/modules/render_service_base/src/drawable/render_service_base_src/rs_misc_drawable.o
[OHOS INFO] [NINJA] [681/1297] CXX obj/foundation/graphic/graphic_2d/rosen/modules/render_service_base/src/drawable/render_service_base_src/rs_drawable.o
[OHOS INFO] [NINJA] [682/1297] CXX obj/foundation/graphic/graphic_2d/rosen/modules/render_service_base/src/drawable/render_service_base_src/rs_property_drawable_background.o
[OHOS INFO] [NINJA] [683/1297] CXX obj/foundation/graphic/graphic_2d/rosen/modules/render_service_base/src/drawable/render_service_base_src/rs_property_drawable.o
[OHOS INFO] [NINJA] [684/1297] CXX obj/foundation/graphic/graphic_2d/rosen/modules/render_service_base/src/drawable/render_service_base_src/rs_property_drawable_foreground.o
[OHOS INFO] [NINJA] [685/1297] CXX obj/foundation/graphic/graphic_2d/rosen/modules/render_service_base/src/drawable/render_service_base_src/rs_overlay_ng_shader_drawable.o
[OHOS INFO] [NINJA] [686/1297] CXX obj/foundation/graphic/graphic_2d/rosen/modules/render_service_base/src/drawable/render_service_base_src/rs_property_drawable_utils.o
[OHOS INFO] [NINJA] [687/1297] CXX obj/foundation/graphic/graphic_2d/rosen/modules/render_service_base/src/drawable/render_service_base_src/rs_render_node_shadow_drawable.o
[OHOS INFO] [NINJA] [688/1297] CXX obj/foundation/graphic/graphic_2d/rosen/modules/render_service_base/src/drawable/render_service_base_src/rs_render_node_drawable_adapter.o
[OHOS INFO] [NINJA] [689/1297] CXX obj/foundation/graphic/graphic_2d/rosen/modules/render_service_base/src/params/render_service_base_src/rs_depth_render_params.o
[OHOS INFO] [NINJA] [690/1297] CXX obj/foundation/graphic/graphic_2d/rosen/modules/render_service_base/src/params/render_service_base_src/rs_canvas_drawing_render_params.o
[OHOS INFO] [NINJA] [691/1297] CXX obj/foundation/graphic/graphic_2d/rosen/modules/render_service_base/src/params/render_service_base_src/rs_logical_display_render_params.o
[OHOS INFO] [NINJA] [692/1297] CXX obj/foundation/graphic/graphic_2d/rosen/modules/render_service_base/src/params/render_service_base_src/rs_effect_render_params.o
[OHOS INFO] [NINJA] [693/1297] CXX obj/foundation/graphic/graphic_2d/rosen/modules/render_service_base/src/params/render_service_base_src/rs_screen_render_params.o
[OHOS INFO] [NINJA] [694/1297] CXX obj/foundation/graphic/graphic_2d/rosen/modules/render_service_base/src/params/render_service_base_src/rs_render_params.o
[OHOS INFO] [NINJA] [695/1297] CXX obj/foundation/graphic/graphic_2d/rosen/modules/render_service_base/src/display_engine/render_service_base_src/rs_color_temperature.o
[OHOS INFO] [NINJA] [696/1297] CXX obj/foundation/graphic/graphic_2d/rosen/modules/render_service_base/src/transaction/render_service_base_src/rs_buffer_transaction.o
[OHOS INFO] [NINJA] [697/1297] CXX obj/foundation/graphic/graphic_2d/rosen/modules/render_service_base/src/params/render_service_base_src/rs_render_thread_params.o
[OHOS INFO] [NINJA] [698/1297] CXX obj/foundation/graphic/graphic_2d/rosen/modules/render_service_base/src/display_engine/render_service_base_src/rs_luminance_control.o
[OHOS INFO] [NINJA] [699/1297] CXX obj/out/rk3568/gen/foundation/graphic/graphic_2d/rosen/modules/render_service_base/rust/src/render_service_base_src/lib.rs.o
[OHOS INFO] [NINJA] [700/1297] CXX obj/foundation/graphic/graphic_2d/rosen/modules/render_service_base/src/params/render_service_base_src/rs_surface_render_params.o
[OHOS INFO] [NINJA] [701/1297] CXX obj/foundation/graphic/graphic_2d/rosen/modules/render_service_profiler/render_service_base_src/rs_profiler_archive.o
[OHOS INFO] [NINJA] [702/1297] CXX obj/foundation/graphic/graphic_2d/rosen/modules/render_service_profiler/render_service_base_src/rs_profiler_cache.o
[OHOS INFO] [NINJA] [703/1297] CXX obj/foundation/graphic/graphic_2d/rosen/modules/render_service_profiler/render_service_base_src/rs_profiler_pixelmap.o
[OHOS INFO] [NINJA] [704/1297] CXX obj/foundation/graphic/graphic_2d/rosen/modules/render_service_base/src/transaction/render_service_base_src/transaction.o
[OHOS INFO] [NINJA] [705/1297] CXX obj/foundation/graphic/graphic_2d/rosen/modules/render_service_profiler/render_service_base_src/rs_profiler_settings.o
[OHOS INFO] [NINJA] [706/1297] STAMP obj/base/hiviewdfx/hiview/plugins/faultlogger/service/idl/faultlogger_service_ohos_common_with_cfi.inputdeps.stamp
[OHOS INFO] [NINJA] [707/1297] CXX obj/foundation/graphic/graphic_2d/rosen/modules/render_service_profiler/render_service_base_src/rs_profiler_utils.o
[OHOS INFO] [NINJA] [708/1297] CXX obj/foundation/graphic/graphic_2d/rosen/modules/render_service_profiler/render_service_base_src/rs_profiler_dump.o
[OHOS INFO] [NINJA] [709/1297] CXX obj/foundation/graphic/graphic_2d/rosen/modules/frame_analyzer/src/libframe_analyzer/frame_collector.o
[OHOS INFO] [NINJA] [710/1297] STAMP obj/foundation/graphic/graphic_2d/rosen/modules/platform/platform.stamp
[OHOS INFO] [NINJA] [711/1297] CXX obj/foundation/graphic/graphic_2d/rosen/modules/frame_analyzer/src/libframe_analyzer/frame_painter.o
[OHOS INFO] [NINJA] [712/1297] STAMP obj/foundation/graphic/graphic_2d/rosen/modules/render_service_client/render_service_client_src.inputdeps.stamp
[OHOS INFO] [NINJA] [713/1297] AR obj/third_party/rust/crates/cxx/libcxx_cppdeps.a
[OHOS INFO] [NINJA] [714/1297] CXX obj/foundation/graphic/graphic_2d/rosen/modules/render_service_profiler/render_service_base_src/rs_profiler_base.o
[OHOS INFO] [NINJA] [715/1297] CXX obj/foundation/graphic/graphic_2d/rosen/modules/frame_analyzer/src/libframe_analyzer/frame_saver.o
[OHOS INFO] [NINJA] [716/1297] STAMP obj/base/hiviewdfx/hiview/plugins/faultlogger/interfaces/cpp/innerkits/faultlogger_client_impl_with_cfi.inputdeps.stamp
[OHOS INFO] [NINJA] [717/1297] STAMP obj/base/hiviewdfx/hiview/plugins/faultlogger/service/idl/faultlogger_service_impl_with_cfi.inputdeps.stamp
[OHOS INFO] [NINJA] [718/1297] CXX obj/base/hiviewdfx/hiview/plugins/faultlogger/service/idl/src/faultlogger_service_ohos_common_with_cfi/faultlog_query_result_proxy.o
[OHOS INFO] [NINJA] [719/1297] CXX obj/base/hiviewdfx/hiview/plugins/faultlogger/service/idl/src/faultlogger_service_ohos_common_with_cfi/faultlog_query_result_stub.o
[OHOS INFO] [NINJA] [720/1297] CXX obj/foundation/graphic/graphic_2d/rosen/modules/render_service_base/src/common/librender_service_base/rs_common_hook.o
[OHOS INFO] [NINJA] [721/1297] CXX obj/base/hiviewdfx/hiview/plugins/faultlogger/service/bdfr_base/export_bdfr_base/export_faultlogger_interface.o
[OHOS INFO] [NINJA] [722/1297] STAMP obj/base/hiviewdfx/hiview/plugins/faultlogger/service/page_history/page_history_with_cfi.inputdeps.stamp
[OHOS INFO] [NINJA] [723/1297] CXX obj/base/hiviewdfx/hiview/plugins/faultlogger/service/idl/src/faultlogger_service_ohos_common_with_cfi/faultlog_info_ohos.o
[OHOS INFO] [NINJA] [724/1297] CXX obj/base/hiviewdfx/hiview/plugins/faultlogger/service/idl/src/faultlogger_service_ohos_common_with_cfi/faultlogger_service_stub.o
[OHOS INFO] [NINJA] [725/1297] CXX obj/base/hiviewdfx/hiview/plugins/faultlogger/service/idl/src/faultlogger_service_ohos_common_with_cfi/faultlogger_service_proxy.o
[OHOS INFO] [NINJA] [726/1297] CXX obj/foundation/graphic/graphic_2d/rosen/modules/render_service_client/core/animation/render_service_client_src/rs_animation_callback.o
[OHOS INFO] [NINJA] [727/1297] CXX obj/foundation/graphic/graphic_2d/rosen/modules/render_service_client/core/animation/render_service_client_src/rs_animation_timing_curve.o
[OHOS INFO] [NINJA] [728/1297] CXX obj/foundation/graphic/graphic_2d/rosen/modules/render_service_client/core/animation/render_service_client_src/rs_animation.o
[OHOS INFO] [NINJA] [729/1297] CXX obj/foundation/graphic/graphic_2d/rosen/modules/render_service_client/core/animation/render_service_client_src/rs_implicit_animation_param.o
[OHOS INFO] [NINJA] [730/1297] CXX obj/foundation/graphic/graphic_2d/rosen/modules/render_service_client/core/animation/render_service_client_src/rs_curve_animation.o
[OHOS INFO] [NINJA] [731/1297] CXX obj/foundation/graphic/graphic_2d/rosen/modules/render_service_client/core/animation/render_service_client_src/rs_interactive_implict_animator.o
[OHOS INFO] [NINJA] [732/1297] CXX obj/foundation/graphic/graphic_2d/rosen/modules/render_service_client/core/animation/render_service_client_src/rs_keyframe_animation.o
[OHOS INFO] [NINJA] [733/1297] CXX obj/foundation/graphic/graphic_2d/rosen/modules/render_service_client/core/animation/render_service_client_src/rs_particle_animation.o
[OHOS INFO] [NINJA] [734/1297] CXX obj/foundation/graphic/graphic_2d/rosen/modules/render_service_client/core/animation/render_service_client_src/rs_implicit_animator.o
[OHOS INFO] [NINJA] [735/1297] CXX obj/foundation/graphic/graphic_2d/rosen/modules/render_service_client/core/animation/render_service_client_src/rs_path_animation.o
[OHOS INFO] [NINJA] [736/1297] CXX obj/foundation/graphic/graphic_2d/rosen/modules/render_service_client/core/animation/render_service_client_src/rs_interpolating_spring_animation.o
[OHOS INFO] [NINJA] [737/1297] CXX obj/foundation/graphic/graphic_2d/rosen/modules/render_service_client/core/animation/render_service_client_src/rs_spring_animation.o
[OHOS INFO] [NINJA] [738/1297] CXX obj/foundation/graphic/graphic_2d/rosen/modules/render_service_client/core/animation/render_service_client_src/rs_property_animation.o
[OHOS INFO] [NINJA] [739/1297] CXX obj/foundation/graphic/graphic_2d/rosen/modules/render_service_client/core/animation/render_service_client_src/rs_transition.o
[OHOS INFO] [NINJA] [740/1297] CXX obj/foundation/graphic/graphic_2d/rosen/modules/render_service_client/core/animation/render_service_client_src/rs_transition_effect.o
[OHOS INFO] [NINJA] [741/1297] CXX obj/foundation/graphic/graphic_2d/rosen/modules/render_service_client/core/feature/composite_layer/render_service_client_src/rs_composite_layer_utils.o
[OHOS INFO] [NINJA] [742/1297] CXX obj/foundation/graphic/graphic_2d/rosen/modules/render_service_client/core/modifier/render_service_client_src/rs_cmd_list_image_collector.o
[OHOS INFO] [NINJA] [743/1297] CXX obj/foundation/graphic/graphic_2d/rosen/modules/render_service_client/core/feature/anco_manager/render_service_client_src/rs_ext_node_operation.o
[OHOS INFO] [NINJA] [744/1297] CXX obj/foundation/graphic/graphic_2d/rosen/modules/render_service_client/core/animation/render_service_client_src/rs_symbol_animation.o
[OHOS INFO] [NINJA] [745/1297] CXX obj/foundation/graphic/graphic_2d/rosen/modules/render_service_client/core/feature/ui_capture/render_service_client_src/rs_divided_ui_capture.o
[OHOS INFO] [NINJA] [746/1297] CXX obj/foundation/graphic/graphic_2d/rosen/modules/render_service_client/core/modifier/render_service_client_src/rs_modifier_extractor.o
[OHOS INFO] [NINJA] [747/1297] CXX obj/foundation/graphic/graphic_2d/rosen/modules/render_service_client/core/modifier/render_service_client_src/rs_modifier_manager_map.o
[OHOS INFO] [NINJA] [748/1297] CXX obj/foundation/graphic/graphic_2d/rosen/modules/render_service_client/core/modifier/render_service_client_src/rs_modifier_manager.o
[OHOS INFO] [NINJA] [749/1297] CXX obj/foundation/graphic/graphic_2d/rosen/modules/render_service_client/core/modifier/render_service_client_src/rs_showing_properties_freezer.o
[OHOS INFO] [NINJA] [750/1297] CXX obj/foundation/graphic/graphic_2d/rosen/modules/render_service_client/core/modifier_ng/appearance/render_service_client_src/rs_background_filter_modifier.o
[OHOS INFO] [NINJA] [751/1297] CXX obj/foundation/graphic/graphic_2d/rosen/modules/render_service_client/core/modifier/render_service_client_src/rs_property.o
[OHOS INFO] [NINJA] [752/1297] CXX obj/foundation/graphic/graphic_2d/rosen/modules/render_service_client/core/modifier_ng/appearance/render_service_client_src/rs_behind_window_filter_modifier.o
[OHOS INFO] [NINJA] [753/1297] CXX obj/foundation/graphic/graphic_2d/rosen/modules/render_service_client/core/modifier_ng/appearance/render_service_client_src/rs_alpha_modifier.o
[OHOS INFO] [NINJA] [754/1297] CXX obj/foundation/graphic/graphic_2d/rosen/modules/render_service_client/core/modifier_ng/appearance/render_service_client_src/rs_blend_modifier.o
[OHOS INFO] [NINJA] [755/1297] CXX obj/foundation/graphic/graphic_2d/rosen/modules/render_service_client/core/modifier_ng/appearance/render_service_client_src/rs_color_picker_modifier.o
[OHOS INFO] [NINJA] [756/1297] CXX obj/foundation/graphic/graphic_2d/rosen/modules/render_service_client/core/modifier_ng/appearance/render_service_client_src/rs_border_modifier.o
[OHOS INFO] [NINJA] [757/1297] CXX obj/foundation/graphic/graphic_2d/rosen/modules/render_service_client/core/modifier_ng/appearance/render_service_client_src/rs_compositing_filter_modifier.o
[OHOS INFO] [NINJA] [758/1297] CXX obj/foundation/graphic/graphic_2d/rosen/modules/render_service_client/core/modifier_ng/appearance/render_service_client_src/rs_coverage_ng_shader_modifier.o
[OHOS INFO] [NINJA] [759/1297] CXX obj/foundation/graphic/graphic_2d/rosen/modules/render_service_client/core/modifier_ng/appearance/render_service_client_src/rs_depth_space_modifier.o
[OHOS INFO] [NINJA] [760/1297] CXX obj/foundation/graphic/graphic_2d/rosen/modules/render_service_client/core/modifier_ng/appearance/render_service_client_src/rs_hdr_brightness_modifier.o
[OHOS INFO] [NINJA] [761/1297] CXX obj/foundation/graphic/graphic_2d/rosen/modules/render_service_client/core/modifier_ng/appearance/render_service_client_src/rs_foreground_filter_modifier.o
[OHOS INFO] [NINJA] [762/1297] CXX obj/foundation/graphic/graphic_2d/rosen/modules/render_service_client/core/modifier_ng/appearance/render_service_client_src/rs_dynamic_light_up_modifier.o
[OHOS INFO] [NINJA] [763/1297] CXX obj/foundation/graphic/graphic_2d/rosen/modules/render_service_client/core/modifier_ng/appearance/render_service_client_src/rs_material_shader_modifier.o
[OHOS INFO] [NINJA] [764/1297] CXX obj/foundation/graphic/graphic_2d/rosen/modules/render_service_client/core/modifier_ng/appearance/render_service_client_src/rs_material_filter_modifier.o
[OHOS INFO] [NINJA] [765/1297] CXX obj/foundation/graphic/graphic_2d/rosen/modules/render_service_client/core/modifier_ng/appearance/render_service_client_src/rs_mask_modifier.o
[OHOS INFO] [NINJA] [766/1297] CXX obj/foundation/graphic/graphic_2d/rosen/modules/render_service_client/core/modifier_ng/appearance/render_service_client_src/rs_outline_modifier.o
[OHOS INFO] [NINJA] [767/1297] CXX obj/foundation/graphic/graphic_2d/rosen/modules/render_service_client/core/modifier_ng/appearance/render_service_client_src/rs_particle_effect_modifier.o
[OHOS INFO] [NINJA] [768/1297] CXX obj/foundation/graphic/graphic_2d/rosen/modules/render_service_client/core/modifier_ng/appearance/render_service_client_src/rs_pixel_stretch_modifier.o
[OHOS INFO] [NINJA] [769/1297] CXX obj/foundation/graphic/graphic_2d/rosen/modules/render_service_client/core/modifier_ng/appearance/render_service_client_src/rs_spatial_effect_modifier.o
[OHOS INFO] [NINJA] [770/1297] CXX obj/foundation/graphic/graphic_2d/rosen/modules/render_service_client/core/modifier_ng/appearance/render_service_client_src/rs_use_union_modifier.o
[OHOS INFO] [NINJA] [771/1297] CXX obj/foundation/graphic/graphic_2d/rosen/modules/render_service_client/core/modifier_ng/appearance/render_service_client_src/rs_use_effect_modifier.o
[OHOS INFO] [NINJA] [772/1297] CXX obj/foundation/graphic/graphic_2d/rosen/modules/render_service_client/core/modifier_ng/appearance/render_service_client_src/rs_overlay_ng_shader_modifier.o
[OHOS INFO] [NINJA] [773/1297] CXX obj/foundation/graphic/graphic_2d/rosen/modules/render_service_client/core/modifier_ng/appearance/render_service_client_src/rs_shadow_modifier.o
[OHOS INFO] [NINJA] [774/1297] CXX obj/foundation/graphic/graphic_2d/rosen/modules/render_service_client/core/modifier_ng/background/render_service_client_src/rs_background_color_modifier.o
[OHOS INFO] [NINJA] [775/1297] CXX obj/foundation/graphic/graphic_2d/rosen/modules/render_service_client/core/modifier_ng/appearance/render_service_client_src/rs_visibility_modifier.o
[OHOS INFO] [NINJA] [776/1297] CXX obj/foundation/graphic/graphic_2d/rosen/modules/render_service_client/core/modifier_ng/background/render_service_client_src/rs_background_ng_shader_modifier.o
[OHOS INFO] [NINJA] [777/1297] CXX obj/foundation/graphic/graphic_2d/rosen/modules/render_service_client/core/modifier_ng/background/render_service_client_src/rs_background_image_modifier.o
[OHOS INFO] [NINJA] [778/1297] CXX obj/foundation/graphic/graphic_2d/rosen/modules/render_service_client/core/modifier_ng/custom/render_service_client_src/rs_background_style_modifier.o
[OHOS INFO] [NINJA] [779/1297] CXX obj/foundation/graphic/graphic_2d/rosen/modules/render_service_client/core/modifier_ng/custom/render_service_client_src/rs_content_style_modifier.o
[OHOS INFO] [NINJA] [780/1297] CXX obj/foundation/graphic/graphic_2d/rosen/modules/render_service_client/core/modifier_ng/custom/render_service_client_src/rs_custom_modifier.o
[OHOS INFO] [NINJA] [781/1297] CXX obj/foundation/graphic/graphic_2d/rosen/modules/render_service_client/core/modifier_ng/background/render_service_client_src/rs_background_shader_modifier.o
[OHOS INFO] [NINJA] [782/1297] CXX obj/foundation/graphic/graphic_2d/rosen/modules/render_service_client/core/modifier_ng/custom/render_service_client_src/rs_node_modifier.o
[OHOS INFO] [NINJA] [783/1297] CXX obj/foundation/graphic/graphic_2d/rosen/modules/render_service_client/core/modifier_ng/custom/render_service_client_src/rs_transition_style_modifier.o
[OHOS INFO] [NINJA] [784/1297] CXX obj/foundation/graphic/graphic_2d/rosen/modules/render_service_client/core/modifier_ng/custom/render_service_client_src/rs_foreground_style_modifier.o
[OHOS INFO] [NINJA] [785/1297] CXX obj/foundation/graphic/graphic_2d/rosen/modules/render_service_client/core/modifier_ng/foreground/render_service_client_src/rs_foreground_color_modifier.o
[OHOS INFO] [NINJA] [786/1297] CXX obj/foundation/graphic/graphic_2d/rosen/modules/render_service_client/core/modifier_ng/geometry/render_service_client_src/rs_bounds_clip_modifier.o
[OHOS INFO] [NINJA] [787/1297] CXX obj/foundation/graphic/graphic_2d/rosen/modules/render_service_client/core/modifier_ng/foreground/render_service_client_src/rs_env_foreground_color_modifier.o
[OHOS INFO] [NINJA] [788/1297] CXX obj/foundation/graphic/graphic_2d/rosen/modules/render_service_client/core/modifier_ng/geometry/render_service_client_src/rs_frame_clip_modifier.o
[OHOS INFO] [NINJA] [789/1297] CXX obj/foundation/graphic/graphic_2d/rosen/modules/render_service_client/core/modifier_ng/geometry/render_service_client_src/rs_bounds_modifier.o
[OHOS INFO] [NINJA] [790/1297] CXX obj/foundation/graphic/graphic_2d/rosen/modules/render_service_client/core/modifier_ng/foreground/render_service_client_src/rs_foreground_shader_modifier.o
[OHOS INFO] [NINJA] [791/1297] CXX obj/foundation/graphic/graphic_2d/rosen/modules/render_service_client/core/modifier_ng/geometry/render_service_client_src/rs_frame_modifier.o
[OHOS INFO] [NINJA] [792/1297] CXX obj/foundation/graphic/graphic_2d/rosen/modules/render_service_client/core/modifier_ng/geometry/render_service_client_src/rs_transform_modifier.o
[OHOS INFO] [NINJA] [793/1297] CXX obj/foundation/graphic/graphic_2d/rosen/modules/render_service_client/core/modifier_ng/overlay/render_service_client_src/rs_overlay_style_modifier.o
[OHOS INFO] [NINJA] [794/1297] CXX obj/foundation/graphic/graphic_2d/rosen/modules/render_service_client/core/modifier_ng/render_service_client_src/rs_modifier_ng.o
[OHOS INFO] [NINJA] [795/1297] CXX obj/foundation/graphic/graphic_2d/rosen/modules/render_service_client/core/modifier_ng/shadow_modifier/render_service_client_src/rs_bounds_shadow_modifier.o
[OHOS INFO] [NINJA] [796/1297] CXX obj/foundation/graphic/graphic_2d/rosen/modules/render_service_client/core/modifier_ng/shadow_modifier/render_service_client_src/rs_frame_shadow_modifier.o
[OHOS INFO] [NINJA] [797/1297] CXX obj/foundation/graphic/graphic_2d/rosen/modules/render_service_client/core/pipeline/render_service_client_src/rs_node_map_v2.o
[OHOS INFO] [NINJA] [798/1297] CXX obj/foundation/graphic/graphic_2d/rosen/modules/render_service_client/core/pipeline/render_service_client_src/rs_node_map.o
[OHOS INFO] [NINJA] [799/1297] CXX obj/foundation/graphic/graphic_2d/rosen/modules/render_service_client/core/render_thread/render_service_client_src/rs_render_thread_util.o
[OHOS INFO] [NINJA] [800/1297] CXX obj/foundation/graphic/graphic_2d/rosen/modules/render_service_client/core/render_thread/jank_detector/render_service_client_src/rs_jank_detector.o
[OHOS INFO] [NINJA] [801/1297] CXX obj/foundation/graphic/graphic_2d/rosen/modules/render_service_client/core/render_thread/render_service_client_src/rs_render_thread_stats.o
[OHOS INFO] [NINJA] [802/1297] CXX obj/foundation/graphic/graphic_2d/rosen/modules/render_service_client/core/pipeline/render_service_client_src/rs_render_thread.o
[OHOS INFO] [NINJA] [803/1297] CXX obj/foundation/graphic/graphic_2d/rosen/modules/render_service_client/core/transaction/render_service_client_src/rs_application_agent_impl.o
[OHOS INFO] [NINJA] [804/1297] CXX obj/foundation/graphic/graphic_2d/rosen/modules/render_service_client/core/transaction/render_service_client_src/rs_interfaces.o
[OHOS INFO] [NINJA] [805/1297] CXX obj/foundation/graphic/graphic_2d/rosen/modules/render_service_client/core/render_thread/render_service_client_src/rs_render_thread_visitor.o
[OHOS INFO] [NINJA] [806/1297] CXX obj/foundation/graphic/graphic_2d/rosen/modules/render_service_client/core/transaction/render_service_client_src/rs_render_interface.o
[OHOS INFO] [NINJA] [807/1297] CXX obj/foundation/graphic/graphic_2d/rosen/modules/render_service_client/core/transaction/render_service_client_src/rs_render_thread_client.o
[OHOS INFO] [NINJA] [808/1297] CXX obj/foundation/graphic/graphic_2d/rosen/modules/render_service_client/core/transaction/render_service_client_src/rs_sync_transaction_handler.o
[OHOS INFO] [NINJA] [809/1297] CXX obj/foundation/graphic/graphic_2d/rosen/modules/render_service_client/core/transaction/render_service_client_src/rs_sync_transaction_controller.o
[OHOS INFO] [NINJA] [810/1297] CXX obj/foundation/graphic/graphic_2d/rosen/modules/render_service_client/core/transaction/render_service_client_src/rs_transaction.o
[OHOS INFO] [NINJA] [811/1297] CXX obj/foundation/graphic/graphic_2d/rosen/modules/render_service_client/core/feature/hyper_graphic_manager/render_service_client_src/rs_frame_rate_policy.o
[OHOS INFO] [NINJA] [812/1297] CXX obj/foundation/graphic/graphic_2d/rosen/modules/render_service_client/core/feature/hyper_graphic_manager/render_service_client_src/rs_frame_rate_linker.o
[OHOS INFO] [NINJA] [813/1297] CXX obj/foundation/graphic/graphic_2d/rosen/modules/render_service_client/core/feature/delegate_composite/render_service_client_src/rs_delegate_composite_listener.o
[OHOS INFO] [NINJA] [814/1297] CXX obj/foundation/graphic/graphic_2d/rosen/modules/render_service_client/core/feature/hyper_graphic_manager/render_service_client_src/rs_ui_display_soloist.o
[OHOS INFO] [NINJA] [815/1297] CXX obj/foundation/graphic/graphic_2d/rosen/modules/render_service_client/core/feature/window_keyframe/render_service_client_src/rs_window_keyframe_node.o
[OHOS INFO] [NINJA] [816/1297] CXX obj/foundation/graphic/graphic_2d/rosen/modules/render_service_client/core/ui/render_service_client_src/rs_canvas_callback_router.o
[OHOS INFO] [NINJA] [817/1297] CXX obj/foundation/graphic/graphic_2d/rosen/modules/render_service_client/core/feature/delegate_composite/render_service_client_src/rs_delegate_composite_buffer_manager.o
[OHOS INFO] [NINJA] [818/1297] CXX obj/foundation/graphic/graphic_2d/rosen/modules/render_service_client/core/ui/render_service_client_src/rs_callback_register.o
[OHOS INFO] [NINJA] [819/1297] CXX obj/foundation/graphic/graphic_2d/rosen/modules/render_service_client/core/ui/render_service_client_src/rs_canvas_drawing_node.o
[OHOS INFO] [NINJA] [820/1297] CXX obj/foundation/graphic/graphic_2d/rosen/modules/render_service_client/core/ui/render_service_client_src/rs_depth_node.o
[OHOS INFO] [NINJA] [821/1297] CXX obj/foundation/graphic/graphic_2d/rosen/modules/render_service_client/core/ui/render_service_client_src/rs_canvas_node.o
[OHOS INFO] [NINJA] [822/1297] CXX obj/foundation/graphic/graphic_2d/rosen/modules/render_service_client/core/ui/render_service_client_src/rs_effect_node.o
[OHOS INFO] [NINJA] [823/1297] CXX obj/foundation/graphic/graphic_2d/rosen/modules/render_service_client/core/ui/render_service_client_src/rs_display_node.o
[OHOS INFO] [NINJA] [824/1297] CXX obj/foundation/graphic/graphic_2d/rosen/modules/render_service_client/core/ui/render_service_client_src/rs_root_node.o
[OHOS INFO] [NINJA] [825/1297] CXX obj/foundation/graphic/graphic_2d/rosen/modules/render_service_client/core/ui/render_service_client_src/rs_proxy_node.o
[OHOS INFO] [NINJA] [826/1297] CXX obj/foundation/graphic/graphic_2d/rosen/modules/render_service_client/core/ui/render_service_client_src/rs_surface_extractor.o
[OHOS INFO] [NINJA] [827/1297] CXX obj/foundation/graphic/graphic_2d/rosen/modules/render_service_client/core/ui/render_service_client_src/rs_surface_node.o
[OHOS INFO] [NINJA] [828/1297] CXX obj/foundation/graphic/graphic_2d/rosen/modules/render_service_client/core/ui/render_service_client_src/rs_texture_export.o
[OHOS INFO] [NINJA] [829/1297] CXX obj/foundation/graphic/graphic_2d/rosen/modules/render_service_client/core/ui/render_service_client_src/rs_ui_context_manager.o
[OHOS INFO] [NINJA] [830/1297] CXX obj/foundation/graphic/graphic_2d/rosen/modules/render_service_client/core/ui/render_service_client_src/rs_ui_context.o
[OHOS INFO] [NINJA] [831/1297] CXX obj/foundation/graphic/graphic_2d/rosen/modules/render_service_client/core/ui/render_service_client_src/rs_node.o
[OHOS INFO] [NINJA] [832/1297] CXX obj/foundation/graphic/graphic_2d/rosen/modules/render_service_client/core/ui/render_service_client_src/rs_union_node.o
[OHOS INFO] [NINJA] [833/1297] CXX obj/foundation/graphic/graphic_2d/rosen/modules/render_service_client/core/ui/render_service_client_src/rs_ui_patten_vec.o
[OHOS INFO] [NINJA] [834/1297] CXX obj/foundation/graphic/graphic_2d/rosen/modules/render_service_client/core/ui/render_service_client_src/rs_ui_director.o
[OHOS INFO] [NINJA] [835/1297] CXX obj/foundation/graphic/graphic_2d/rosen/modules/render_service_client/core/command_modifier/render_service_client_src/rs_command_modifier.o
[OHOS INFO] [NINJA] [836/1297] CXX obj/foundation/graphic/graphic_2d/rosen/modules/render_service_client/core/command_modifier/render_service_client_src/rs_canvas_node_command_modifier.o
[OHOS INFO] [NINJA] [837/1297] CXX obj/foundation/graphic/graphic_2d/rosen/modules/render_service_client/core/command_modifier/render_service_client_src/rs_depth_node_command_modifier.o
[OHOS INFO] [NINJA] [838/1297] CXX obj/foundation/graphic/graphic_2d/rosen/modules/render_service_client/core/command_modifier/render_service_client_src/rs_node_command_modifier.o
[OHOS INFO] [NINJA] [839/1297] CXX obj/foundation/graphic/graphic_2d/rosen/modules/render_service_client/core/command_modifier/render_service_client_src/rs_effect_node_command_modifier.o
[OHOS INFO] [NINJA] [840/1297] CXX obj/foundation/graphic/graphic_2d/rosen/modules/render_service_client/core/command_modifier/render_service_client_src/rs_root_node_command_modifier.o
[OHOS INFO] [NINJA] [841/1297] CXX obj/foundation/graphic/graphic_2d/rosen/modules/render_service_client/core/command_modifier/render_service_client_src/rs_window_keyframe_node_command_modifier.o
[OHOS INFO] [NINJA] [842/1297] CXX obj/foundation/graphic/graphic_2d/rosen/modules/render_service_client/core/ui_effect/effect/src/render_service_client_src/visual_effect_para.o
[OHOS INFO] [NINJA] [843/1297] CXX obj/foundation/graphic/graphic_2d/rosen/modules/render_service_client/core/ui_effect/effect/src/render_service_client_src/visual_effect_unmarshalling_singleton.o
[OHOS INFO] [NINJA] [844/1297] CXX obj/foundation/graphic/graphic_2d/rosen/modules/render_service_client/core/ui_effect/effect/src/render_service_client_src/visual_effect.o
[OHOS INFO] [NINJA] [845/1297] CXX obj/foundation/graphic/graphic_2d/rosen/modules/render_service_client/core/command_modifier/render_service_client_src/rs_surface_node_command_modifier.o
[OHOS INFO] [NINJA] [846/1297] CXX obj/foundation/graphic/graphic_2d/rosen/modules/render_service_client/core/ui_effect/filter/src/render_service_client_src/filter_content_light_para.o
[OHOS INFO] [NINJA] [847/1297] CXX obj/foundation/graphic/graphic_2d/rosen/modules/render_service_client/core/ui_effect/filter/src/render_service_client_src/filter_dispersion_para.o
[OHOS INFO] [NINJA] [848/1297] CXX obj/foundation/graphic/graphic_2d/rosen/modules/render_service_client/core/ui_effect/filter/src/render_service_client_src/filter_displacement_distort_para.o
[OHOS INFO] [NINJA] [849/1297] CXX obj/foundation/graphic/graphic_2d/rosen/modules/render_service_client/core/ui_effect/filter/src/render_service_client_src/filter_direction_light_para.o
[OHOS INFO] [NINJA] [850/1297] CXX obj/foundation/graphic/graphic_2d/rosen/modules/render_service_client/core/ui_effect/filter/src/render_service_client_src/filter_frosted_glass_para.o
[OHOS INFO] [NINJA] [851/1297] CXX obj/foundation/graphic/graphic_2d/rosen/modules/render_service_client/core/ui_effect/filter/src/render_service_client_src/filter_frosted_glass_blur_para.o
[OHOS INFO] [NINJA] [852/1297] CXX obj/foundation/graphic/graphic_2d/rosen/modules/render_service_client/core/ui_effect/filter/src/render_service_client_src/filter_mask_transition_para.o
[OHOS INFO] [NINJA] [853/1297] CXX obj/foundation/graphic/graphic_2d/rosen/modules/render_service_client/core/ui_effect/filter/src/render_service_client_src/filter_para.o
[OHOS INFO] [NINJA] [854/1297] CXX obj/foundation/graphic/graphic_2d/rosen/modules/render_service_client/core/ui_effect/filter/src/render_service_client_src/filter_water_ripple_para.o
[OHOS INFO] [NINJA] [855/1297] CXX obj/foundation/graphic/graphic_2d/rosen/modules/render_service_client/core/ui_effect/filter/src/render_service_client_src/filter_unmarshalling_singleton.o
[OHOS INFO] [NINJA] [856/1297] CXX obj/foundation/graphic/graphic_2d/rosen/modules/render_service_client/core/ui_effect/filter/src/render_service_client_src/filter.o
[OHOS INFO] [NINJA] [857/1297] CXX obj/foundation/graphic/graphic_2d/rosen/modules/render_service_client/core/ui_effect/mask/src/render_service_client_src/image_mask_para.o
[OHOS INFO] [NINJA] [858/1297] CXX obj/foundation/graphic/graphic_2d/rosen/modules/render_service_client/core/ui_effect/mask/src/render_service_client_src/mask_para.o
[OHOS INFO] [NINJA] [859/1297] CXX obj/foundation/graphic/graphic_2d/rosen/modules/render_service_client/core/ui_effect/mask/src/render_service_client_src/mask.o
[OHOS INFO] [NINJA] [860/1297] CXX obj/foundation/graphic/graphic_2d/rosen/modules/render_service_client/core/ui_effect/mask/src/render_service_client_src/mask_unmarshalling_singleton.o
[OHOS INFO] [NINJA] [861/1297] CXX obj/foundation/graphic/graphic_2d/rosen/modules/render_service_client/core/ui_effect/mask/src/render_service_client_src/pixel_map_mask_para.o
[OHOS INFO] [NINJA] [862/1297] CXX obj/foundation/graphic/graphic_2d/rosen/modules/render_service_client/core/ui_effect/mask/src/render_service_client_src/use_effect_mask_para.o
[OHOS INFO] [NINJA] [863/1297] CXX obj/foundation/graphic/graphic_2d/rosen/modules/render_service_client/core/ui_effect/mask/src/render_service_client_src/radial_gradient_mask_para.o
[OHOS INFO] [NINJA] [864/1297] CXX obj/foundation/graphic/graphic_2d/rosen/modules/render_service_client/core/ui_effect/property/src/render_service_client_src/rs_ui_color_gradient_filter.o
[OHOS INFO] [NINJA] [865/1297] CXX obj/foundation/graphic/graphic_2d/rosen/modules/render_service_client/core/ui_effect/property/src/render_service_client_src/rs_ui_filter_to_para.o
[OHOS INFO] [NINJA] [866/1297] CXX obj/foundation/graphic/graphic_2d/rosen/modules/render_service_client/core/ui_effect/property/src/render_service_client_src/rs_ui_mask_to_para.o
[OHOS INFO] [NINJA] [867/1297] CXX obj/foundation/graphic/graphic_2d/rosen/modules/frame_report/src/render_service_client_src/rs_frame_report.o
[OHOS INFO] [NINJA] [868/1297] STAMP obj/base/hiviewdfx/hiview/adapter/plugins/eventservice/service/idl/sys_event_service_ohos.inputdeps.stamp
[OHOS INFO] [NINJA] [869/1297] STAMP obj/base/hiviewdfx/hiview/adapter/service/server/hiview_service_stub.inputdeps.stamp
[OHOS INFO] [NINJA] [870/1297] STAMP obj/base/hiviewdfx/hiview/core/param_update/hiview_param_update.inputdeps.stamp
[OHOS INFO] [NINJA] [871/1297] CXX obj/foundation/graphic/graphic_2d/rosen/modules/render_service_client/core/ui_effect/property/src/render_service_client_src/rs_ui_shape_base.o
[OHOS INFO] [NINJA] [872/1297] CXX obj/base/hiviewdfx/hiview/plugins/faultlogger/interfaces/cpp/innerkits/faultlogger_client_impl_with_cfi/faultlog_info.o
[OHOS INFO] [NINJA] [873/1297] CXX obj/out/rk3568/gen/base/hiviewdfx/hiview/plugins/faultlogger/framework/native/extension/zidl/faultlog_ext_zidl_proxy/fault_log_ext_proxy.o
[OHOS INFO] [NINJA] [874/1297] CXX obj/foundation/graphic/graphic_2d/rosen/modules/render_service_client/core/ui_effect/property/src/render_service_client_src/rs_ui_mask_base.o
[OHOS INFO] [NINJA] [875/1297] CXX obj/base/hiviewdfx/hiview/plugins/faultlogger/interfaces/cpp/innerkits/impl/faultlogger_client_impl_with_cfi/faultlog_query_result.o
[OHOS INFO] [NINJA] [876/1297] STAMP obj/base/hiviewdfx/hiview/plugins/faultlogger/service/faultlogger_service_with_cfi.inputdeps.stamp
[OHOS INFO] [NINJA] [877/1297] CXX obj/base/hiviewdfx/hiview/plugins/faultlogger/interfaces/cpp/innerkits/impl/faultlogger_client_impl_with_cfi/faultlog_query_result_impl.o
[OHOS INFO] [NINJA] [878/1297] AR obj/base/hiviewdfx/hiview/plugins/faultlogger/service/bdfr_base/libexport_bdfr_base.a
[OHOS INFO] [NINJA] [879/1297] CXX obj/base/hiviewdfx/hiview/plugins/faultlogger/interfaces/cpp/innerkits/impl/faultlogger_client_impl_with_cfi/faultlogger_client.o
[OHOS INFO] [NINJA] [880/1297] CXX obj/base/hiviewdfx/hiview/plugins/faultlogger/service/idl/faultlogger_service_impl_with_cfi/faultlog_query_result_inner.o
[OHOS INFO] [NINJA] [881/1297] STAMP obj/base/hiviewdfx/hiview/plugins/faultlogger/service/idl/faultlogger_service_ohos_common_with_cfi.stamp
[OHOS INFO] [NINJA] [882/1297] CXX obj/foundation/graphic/graphic_2d/rosen/modules/render_service_client/core/ui_effect/property/src/render_service_client_src/rs_ui_filter_base.o
[OHOS INFO] [NINJA] [883/1297] CXX obj/base/hiviewdfx/hiview/plugins/faultlogger/service/idl/faultlogger_service_impl_with_cfi/faultlog_query_result_ohos.o
[OHOS INFO] [NINJA] [884/1297] CXX obj/base/hiviewdfx/hiview/plugins/faultlogger/service/idl/faultlogger_service_impl_with_cfi/faultlogger_service_ohos.o
[OHOS INFO] [NINJA] [885/1297] CXX obj/base/hiviewdfx/hiview/plugins/faultlogger/service/page_history/page_history_with_cfi/page_history_recorder.o
[OHOS INFO] [NINJA] [886/1297] STAMP obj/foundation/window/window_manager/utils/libwmutil.inputdeps.stamp
[OHOS INFO] [NINJA] [887/1297] CXX obj/base/hiviewdfx/hiview/plugins/faultlogger/service/page_history/page_history_with_cfi/page_history_manager.o
[OHOS INFO] [NINJA] [888/1297] CXX obj/base/hiviewdfx/hiview/plugins/faultlogger/service/page_history/page_history_with_cfi/page_trace_node.o
[OHOS INFO] [NINJA] [889/1297] CXX obj/base/hiviewdfx/hiview/plugins/faultlogger/service/page_history/page_history_with_cfi/pages_trace.o
[OHOS INFO] [NINJA] [890/1297] CXX obj/base/hiviewdfx/hiview/adapter/plugins/eventservice/service/idl/dfx/src/sys_event_service_ohos/listener_status_monitor.o
[OHOS INFO] [NINJA] [891/1297] CXX obj/base/hiviewdfx/hiview/adapter/plugins/eventservice/service/idl/dfx/src/sys_event_service_ohos/listener_status_util.o
[OHOS INFO] [NINJA] [892/1297] CXX obj/base/hiviewdfx/hiview/adapter/plugins/eventservice/service/idl/src/sys_event_service_ohos/compliant_event_checker.o
[OHOS INFO] [NINJA] [893/1297] CXX obj/base/hiviewdfx/hiview/adapter/plugins/eventservice/service/idl/src/sys_event_service_ohos/ash_mem_utils.o
[OHOS INFO] [NINJA] [894/1297] CXX obj/base/hiviewdfx/hiview/adapter/plugins/eventservice/service/idl/src/sys_event_service_ohos/data_publisher.o
[OHOS INFO] [NINJA] [895/1297] CXX obj/base/hiviewdfx/hiview/adapter/plugins/eventservice/service/idl/src/sys_event_service_ohos/data_share_store.o
[OHOS INFO] [NINJA] [896/1297] CXX obj/base/hiviewdfx/hiview/adapter/plugins/eventservice/service/idl/src/sys_event_service_ohos/data_publisher_sys_event_callback.o
[OHOS INFO] [NINJA] [897/1297] CXX obj/base/hiviewdfx/hiview/adapter/plugins/eventservice/service/idl/src/sys_event_service_ohos/data_share_util.o
[OHOS INFO] [NINJA] [898/1297] CXX obj/base/hiviewdfx/hiview/adapter/plugins/eventservice/service/idl/src/sys_event_service_ohos/data_share_dao.o
[OHOS INFO] [NINJA] [899/1297] CXX obj/base/hiviewdfx/hiview/adapter/plugins/eventservice/service/idl/src/sys_event_service_ohos/event_service_base_util.o
[OHOS INFO] [NINJA] [900/1297] CXX obj/base/hiviewdfx/hiview/adapter/plugins/eventservice/service/idl/src/sys_event_service_ohos/query_argument.o
[OHOS INFO] [NINJA] [901/1297] CXX obj/base/hiviewdfx/hiview/adapter/plugins/eventservice/service/idl/src/sys_event_service_ohos/event_query_wrapper_builder.o
[OHOS INFO] [NINJA] [902/1297] CXX obj/base/hiviewdfx/hiview/adapter/plugins/eventservice/service/idl/src/sys_event_service_ohos/query_sys_event_callback_proxy.o
[OHOS INFO] [NINJA] [903/1297] CXX obj/base/hiviewdfx/hiview/adapter/plugins/eventservice/service/idl/src/sys_event_service_ohos/running_status_log_util.o
[OHOS INFO] [NINJA] [904/1297] CXX obj/base/hiviewdfx/hiview/adapter/plugins/eventservice/service/idl/src/sys_event_service_ohos/sys_event_query_rule.o
[OHOS INFO] [NINJA] [905/1297] CXX obj/out/rk3568/gen/base/hiviewdfx/hiview/adapter/plugins/eventservice/service/idl/sys_event_service_ohos/sys_event_callback_proxy.o
[OHOS INFO] [NINJA] [906/1297] CXX obj/out/rk3568/gen/base/hiviewdfx/hiview/adapter/plugins/eventservice/service/idl/sys_event_service_ohos/sys_event_service_stub.o
[OHOS INFO] [NINJA] [907/1297] CXX obj/base/hiviewdfx/hiview/adapter/plugins/eventservice/service/idl/src/sys_event_service_ohos/sys_event_rule.o
[OHOS INFO] [NINJA] [908/1297] CXX obj/base/hiviewdfx/hiview/adapter/service/common/src/hiview_service_stub/app_caller_parcelable.o
[OHOS INFO] [NINJA] [909/1297] CXX obj/base/hiviewdfx/hiview/adapter/service/common/src/hiview_service_stub/graphic_usage_parcelable.o
[OHOS INFO] [NINJA] [910/1297] CXX obj/base/hiviewdfx/hiview/adapter/plugins/eventservice/service/idl/src/sys_event_service_ohos/sys_event_service_ohos.o
[OHOS INFO] [NINJA] [911/1297] CXX obj/foundation/graphic/graphic_2d/rosen/modules/render_service_client/core/ui_effect/property/src/render_service_client_src/rs_ui_shader_base.o
[OHOS INFO] [NINJA] [912/1297] CXX obj/base/hiviewdfx/hiview/adapter/service/common/src/hiview_service_stub/hiview_file_info.o
[OHOS INFO] [NINJA] [913/1297] CXX obj/base/hiviewdfx/hiview/adapter/service/common/src/hiview_service_stub/memory_caller_parcelable.o
[OHOS INFO] [NINJA] [914/1297] STAMP obj/base/hiviewdfx/hiview/core/hiview_core.inputdeps.stamp
[OHOS INFO] [NINJA] [915/1297] CXX obj/base/hiviewdfx/hiview/adapter/service/common/src/hiview_service_stub/trace_param_parcelable.o
[OHOS INFO] [NINJA] [916/1297] CXX obj/base/hiviewdfx/hiview/adapter/service/common/src/hiview_service_stub/trace_config_parcelable.o
[OHOS INFO] [NINJA] [917/1297] CXX obj/base/hiviewdfx/hiview/adapter/service/server/src/hiview_service_stub/hiview_log_config_manager.o
[OHOS INFO] [NINJA] [918/1297] CXX obj/base/hiviewdfx/hiview/core/param_update/src/hiview_param_update/log_sign_tools.o
[OHOS INFO] [NINJA] [919/1297] CXX obj/base/hiviewdfx/hiview/core/param_update/src/hiview_param_update/param_event_manager.o
[OHOS INFO] [NINJA] [920/1297] STAMP obj/base/hiviewdfx/hiview/plugins/event_store/event_export/event_export_engine.inputdeps.stamp
[OHOS INFO] [NINJA] [921/1297] STAMP obj/base/hiviewdfx/hiview/plugins/eventlogger/log_catcher/log_catcher.inputdeps.stamp
[OHOS INFO] [NINJA] [922/1297] CXX obj/base/hiviewdfx/hiview/adapter/service/server/src/hiview_service_stub/hiview_service_ability.o
[OHOS INFO] [NINJA] [923/1297] CXX obj/base/hiviewdfx/hiview/core/param_update/src/hiview_param_update/param_manager.o
[OHOS INFO] [NINJA] [924/1297] STAMP obj/base/hiviewdfx/hiview/plugins/faultlogger/framework/native/extension/zidl/faultlog_ext_zidl_proxy.stamp
[OHOS INFO] [NINJA] [925/1297] STAMP obj/base/hiviewdfx/hiview/plugins/faultlogger/interfaces/cpp/innerkits/faultlogger_client_impl_with_cfi.stamp
[OHOS INFO] [NINJA] [926/1297] CXX obj/base/hiviewdfx/hiview/core/param_update/src/hiview_param_update/param_reader.o
[OHOS INFO] [NINJA] [927/1297] CXX obj/base/hiviewdfx/hiview/plugins/eventlogger/manager/eventlogger_manager/event_cache_trace.o
[OHOS INFO] [NINJA] [928/1297] CXX obj/base/hiviewdfx/hiview/plugins/faultlogger/service/dynamic_library_management/faultlogger_service_with_cfi/dynamic_library_handle.o
[OHOS INFO] [NINJA] [929/1297] CXX obj/base/hiviewdfx/hiview/plugins/faultlogger/service/extension_manager/src/faultlogger_service_with_cfi/faultlog_ext_conn_manager.o
[OHOS INFO] [NINJA] [930/1297] CXX obj/base/hiviewdfx/hiview/plugins/faultlogger/service/dynamic_library_management/faultlogger_service_with_cfi/dynamic_library_manager.o
[OHOS INFO] [NINJA] [931/1297] CXX obj/base/hiviewdfx/hiview/core/platform_config/hiviewplatform_config/hiview_platform_config.o
[OHOS INFO] [NINJA] [932/1297] CXX obj/base/hiviewdfx/hiview/plugins/faultlogger/service/extension_manager/src/faultlogger_service_with_cfi/faultlog_ext_connection.o
[OHOS INFO] [NINJA] [933/1297] STAMP obj/base/hiviewdfx/hiview/plugins/faultlogger/service/page_history/page_history_with_cfi.stamp
[OHOS INFO] [NINJA] [934/1297] STAMP obj/base/hiviewdfx/hiview/plugins/freeze_detector/freeze_detector.inputdeps.stamp
[OHOS INFO] [NINJA] [935/1297] STAMP obj/base/hiviewdfx/hiview/plugins/reliability/bbox_detectors/bbox_detector_with_cfi.inputdeps.stamp
[OHOS INFO] [NINJA] [936/1297] STAMP obj/base/hiviewdfx/hiview/plugins/faultlogger/service/idl/faultlogger_service_impl_with_cfi.stamp
[OHOS INFO] [NINJA] [937/1297] STAMP obj/base/hiviewdfx/hiview/plugins/reliability/thread_leak_detector/thread_leak_detector.inputdeps.stamp
[OHOS INFO] [NINJA] [938/1297] CXX obj/base/hiviewdfx/hiview/plugins/faultlogger/service/faultlogger_service_with_cfi/faultlog_bootscan_listener.o
[OHOS INFO] [NINJA] [939/1297] CXX obj/base/hiviewdfx/hiview/plugins/faultlogger/service/faultlogger_service_with_cfi/faultlogger.o
[OHOS INFO] [NINJA] [940/1297] STAMP obj/foundation/window/window_manager/dm_lite/libdm_lite.inputdeps.stamp
[OHOS INFO] [NINJA] [941/1297] CXX obj/base/hiviewdfx/hiview/plugins/reliability/bbox_detectors/bdfr_base/export_bbox_detectors_base/export_bbox_detectors_interface.o
[OHOS INFO] [NINJA] [942/1297] CXX obj/foundation/window/window_manager/utils/src/libwmutil/collaborator_dll_manager.o
[OHOS INFO] [NINJA] [943/1297] CXX obj/foundation/window/window_manager/utils/src/libwmutil/dms_reporter.o
[OHOS INFO] [NINJA] [944/1297] CXX obj/foundation/window/window_manager/utils/src/libwmutil/dms_xcollie.o
[OHOS INFO] [NINJA] [945/1297] CXX obj/foundation/window/window_manager/utils/src/libwmutil/dm_virtual_screen_option.o
[OHOS INFO] [NINJA] [946/1297] CXX obj/foundation/window/window_manager/utils/src/libwmutil/ffrt_queue_helper.o
[OHOS INFO] [NINJA] [947/1297] CXX obj/foundation/window/window_manager/utils/src/libwmutil/ffrt_serial_queue_helper.o
[OHOS INFO] [NINJA] [948/1297] CXX obj/foundation/window/window_manager/utils/src/libwmutil/floating_ball_report.o
[OHOS INFO] [NINJA] [949/1297] CXX obj/foundation/window/window_manager/utils/src/libwmutil/floating_view_report.o
[OHOS INFO] [NINJA] [950/1297] CXX obj/foundation/window/window_manager/utils/src/libwmutil/perform_reporter.o
[OHOS INFO] [NINJA] [951/1297] CXX obj/foundation/window/window_manager/utils/src/libwmutil/persistent_storage.o
[OHOS INFO] [NINJA] [952/1297] CXX obj/foundation/window/window_manager/utils/src/libwmutil/permission.o
[OHOS INFO] [NINJA] [953/1297] CXX obj/foundation/window/window_manager/utils/src/libwmutil/pip_report.o
[OHOS INFO] [NINJA] [954/1297] CXX obj/foundation/window/window_manager/utils/src/libwmutil/screen_fold_data.o
[OHOS INFO] [NINJA] [955/1297] CXX obj/foundation/window/window_manager/utils/src/libwmutil/screen_group_info.o
[OHOS INFO] [NINJA] [956/1297] CXX obj/foundation/window/window_manager/utils/src/libwmutil/screen_info.o
[OHOS INFO] [NINJA] [957/1297] CXX obj/foundation/window/window_manager/utils/src/libwmutil/rs_adapter.o
[OHOS INFO] [NINJA] [958/1297] CXX obj/foundation/window/window_manager/utils/src/libwmutil/surface_reader.o
[OHOS INFO] [NINJA] [959/1297] CXX obj/foundation/window/window_manager/utils/src/libwmutil/surface_reader_handler_impl.o
[OHOS INFO] [NINJA] [960/1297] CXX obj/foundation/window/window_manager/utils/src/libwmutil/surface_draw.o
[OHOS INFO] [NINJA] [961/1297] CXX obj/foundation/window/window_manager/utils/src/libwmutil/sys_cap_util.o
[OHOS INFO] [NINJA] [962/1297] CXX obj/foundation/window/window_manager/utils/src/libwmutil/typec_port_info.o
[OHOS INFO] [NINJA] [963/1297] CXX obj/foundation/window/window_manager/utils/src/libwmutil/window_frame_trace_impl.o
[OHOS INFO] [NINJA] [964/1297] CXX obj/foundation/window/window_manager/utils/src/libwmutil/task_sequence_process.o
[OHOS INFO] [NINJA] [965/1297] STAMP obj/foundation/window/window_manager/wm/libwm_lite.inputdeps.stamp
[OHOS INFO] [NINJA] [966/1297] STAMP obj/base/hiviewdfx/hidumper/services/hidumperservice_cpu_source.inputdeps.stamp
[OHOS INFO] [NINJA] [967/1297] STAMP obj/base/hiviewdfx/hiview/adapter/plugins/eventservice/service/idl/sys_event_service_ohos.stamp
[OHOS INFO] [NINJA] [968/1297] CXX obj/foundation/window/window_manager/utils/src/libwmutil/window_transition_info.o
[OHOS INFO] [NINJA] [969/1297] STAMP obj/base/hiviewdfx/hiview/adapter/service/server/hiview_service_stub.stamp
[OHOS INFO] [NINJA] [970/1297] CXX obj/foundation/window/window_manager/utils/src/libwmutil/vsync_station.o
[OHOS INFO] [NINJA] [971/1297] CXX obj/foundation/window/window_manager/utils/src/libwmutil/window_property.o
[OHOS INFO] [NINJA] [972/1297] CXX obj/base/hiviewdfx/hiview/adapter/service/hiview_service_adapter/hiview_service_adapter.o
[OHOS INFO] [NINJA] [973/1297] CXX obj/base/hiviewdfx/hiview/adapter/plugins/eventservice/service/sys_event_service_adapter/sys_event_service_adapter.o
[OHOS INFO] [NINJA] [974/1297] STAMP obj/base/hiviewdfx/hiview/core/param_update/hiview_param_update.stamp
[OHOS INFO] [NINJA] [975/1297] CXX obj/base/hiviewdfx/hiview/core/bundle_config/hiview_core/plugin_bundle_config.o
[OHOS INFO] [NINJA] [976/1297] STAMP obj/base/hiviewdfx/hiview/plugins/event_store/sys_event_store.inputdeps.stamp
[OHOS INFO] [NINJA] [977/1297] CXX obj/base/hiviewdfx/hiview/core/hiview_core/plugin_bundle.o
[OHOS INFO] [NINJA] [978/1297] STAMP obj/base/hiviewdfx/hiview/core/platform_config/hiviewplatform_config.stamp
[OHOS INFO] [NINJA] [979/1297] CXX obj/base/hiviewdfx/hiview/core/hiview_core/plugin_config.o
[OHOS INFO] [NINJA] [980/1297] CXX obj/base/hiviewdfx/hiview/plugins/event_store/event_export/config/event_export_engine/export_event_list_parser.o
[OHOS INFO] [NINJA] [981/1297] CXX obj/base/hiviewdfx/hiview/plugins/event_store/event_export/config/event_export_engine/export_config_parser.o
[OHOS INFO] [NINJA] [982/1297] CXX obj/base/hiviewdfx/hiview/plugins/event_store/event_export/config/event_export_engine/export_config_manager.o
[OHOS INFO] [NINJA] [983/1297] CXX obj/base/hiviewdfx/hiview/plugins/event_store/event_export/database/adapter/event_export_engine/export_db_storage.o
[OHOS INFO] [NINJA] [984/1297] CXX obj/base/hiviewdfx/hiview/core/hiview_core/hiview_platform.o
[OHOS INFO] [NINJA] [985/1297] CXX obj/base/hiviewdfx/hiview/plugins/event_store/event_export/task/expire/event_export_engine/event_delete_handler.o
[OHOS INFO] [NINJA] [986/1297] CXX obj/base/hiviewdfx/hiview/plugins/event_store/event_export/database/event_export_engine/export_db_manager.o
[OHOS INFO] [NINJA] [987/1297] CXX obj/base/hiviewdfx/hiview/plugins/event_store/event_export/event_export_engine/event_export_engine.o
[OHOS INFO] [NINJA] [988/1297] CXX obj/base/hiviewdfx/hiview/plugins/event_store/event_export/task/expire/event_export_engine/event_expire_task.o
[OHOS INFO] [NINJA] [989/1297] CXX obj/base/hiviewdfx/hiview/plugins/event_store/event_export/task/export/event_export_engine/event_export_util.o
[OHOS INFO] [NINJA] [990/1297] CXX obj/base/hiviewdfx/hiview/plugins/event_store/event_export/task/expire/event_export_engine/event_scan_handler.o
[OHOS INFO] [NINJA] [991/1297] CXX obj/base/hiviewdfx/hiview/plugins/event_store/event_export/task/export/event_export_engine/event_export_task.o
[OHOS INFO] [NINJA] [992/1297] CXX obj/base/hiviewdfx/hiview/plugins/event_store/event_export/task/export/event_export_engine/event_write_strategy_factory.o
[OHOS INFO] [NINJA] [993/1297] CXX obj/base/hiviewdfx/hiview/plugins/event_store/event_export/task/export/event_export_engine/event_write_handler.o
[OHOS INFO] [NINJA] [994/1297] CXX obj/base/hiviewdfx/hiview/plugins/event_store/event_export/task/export/event_export_engine/event_read_handler.o
[OHOS INFO] [NINJA] [995/1297] CXX obj/base/hiviewdfx/hiview/plugins/event_store/event_export/task/export/event_export_engine/export_event_packager.o
[OHOS INFO] [NINJA] [996/1297] CXX obj/base/hiviewdfx/hiview/plugins/event_store/event_export/task/export/event_export_engine/export_file_writer.o
[OHOS INFO] [NINJA] [997/1297] CXX obj/base/hiviewdfx/hiview/plugins/event_store/event_export/task/event_export_engine/export_base_task.o
[OHOS INFO] [NINJA] [998/1297] CXX obj/base/hiviewdfx/hiview/plugins/event_store/event_export/task/export/event_export_engine/export_json_file_builder.o
[OHOS INFO] [NINJA] [999/1297] CXX obj/base/hiviewdfx/hiview/plugins/event_store/event_export/task/export/event_export_engine/write_zip_file_strategy.o
[OHOS INFO] [NINJA] [1000/1297] STAMP obj/base/hiviewdfx/hiview/plugins/event_validator/event_validator.inputdeps.stamp
[OHOS INFO] [NINJA] [1001/1297] STAMP obj/base/hiviewdfx/hiview/plugins/eventlogger/eventlogger.inputdeps.stamp
[OHOS INFO] [NINJA] [1002/1297] CXX obj/base/hiviewdfx/hiview/plugins/event_store/event_export/task/trigger/event_export_engine/trigger_export_task.o
[OHOS INFO] [NINJA] [1003/1297] CXX obj/base/hiviewdfx/hiview/plugins/event_store/event_export/task/event_export_engine/export_dir_creator.o
[OHOS INFO] [NINJA] [1004/1297] CXX obj/base/hiviewdfx/hiview/plugins/event_store/event_export/event_export_engine/trigger_export_engine.o
[OHOS INFO] [NINJA] [1005/1297] CXX obj/base/hiviewdfx/hiview/plugins/eventlogger/log_catcher/log_catcher/event_log_catcher.o
[OHOS INFO] [NINJA] [1006/1297] CXX obj/base/hiviewdfx/hiview/plugins/eventlogger/config/eventlogger_config/event_logger_config.o
[OHOS INFO] [NINJA] [1007/1297] CXX obj/base/hiviewdfx/hiview/plugins/eventlogger/log_catcher/log_catcher/shell_catcher.o
[OHOS INFO] [NINJA] [1008/1297] CXX obj/base/hiviewdfx/hiview/plugins/eventlogger/log_catcher/log_catcher/summary_log_info_catcher.o
[OHOS INFO] [NINJA] [1009/1297] CXX obj/base/hiviewdfx/hiview/plugins/eventlogger/log_catcher/log_catcher/event_log_task.o
[OHOS INFO] [NINJA] [1010/1297] CXX obj/base/hiviewdfx/hiview/plugins/eventlogger/log_catcher/log_catcher/open_stacktrace_catcher.o
[OHOS INFO] [NINJA] [1011/1297] CXX obj/base/hiviewdfx/hiview/plugins/eventlogger/log_catcher/log_catcher/binder_catcher.o
[OHOS INFO] [NINJA] [1012/1297] CXX obj/base/hiviewdfx/hiview/plugins/eventlogger/log_catcher/log_catcher/cpu_core_info_catcher.o
[OHOS INFO] [NINJA] [1013/1297] CXX obj/base/hiviewdfx/hiview/plugins/eventlogger/log_catcher/log_catcher/dmesg_catcher.o
[OHOS INFO] [NINJA] [1014/1297] CXX obj/base/hiviewdfx/hiview/plugins/eventlogger/log_catcher/log_catcher/thermal_info_catcher.o
[OHOS INFO] [NINJA] [1015/1297] STAMP obj/base/hiviewdfx/hiview/plugins/eventlogger/manager/eventlogger_manager.stamp
[OHOS INFO] [NINJA] [1016/1297] STAMP obj/base/hiviewdfx/hiview/plugins/faultlogger/service/faultlogger_service_with_cfi.stamp
[OHOS INFO] [NINJA] [1017/1297] CXX obj/base/hiviewdfx/hiview/plugins/eventlogger/log_catcher/log_catcher/light_hilog_catcher.o
[OHOS INFO] [NINJA] [1018/1297] CXX obj/base/hiviewdfx/hiview/plugins/eventlogger/log_catcher/log_catcher/ffrt_catcher.o
[OHOS INFO] [NINJA] [1019/1297] CXX obj/base/hiviewdfx/hiview/plugins/eventlogger/log_catcher/log_catcher/peer_binder_catcher.o
[OHOS INFO] [NINJA] [1020/1297] CXX obj/base/hiviewdfx/hiview/plugins/eventlogger/log_catcher/log_catcher/memory_catcher.o
[OHOS INFO] [NINJA] [1021/1297] CXX obj/base/hiviewdfx/hiview/plugins/freeze_detector/freeze_detector/freeze_common.o
[OHOS INFO] [NINJA] [1022/1297] CXX obj/base/hiviewdfx/hiview/plugins/freeze_detector/freeze_detector/db_helper.o
[OHOS INFO] [NINJA] [1023/1297] CXX obj/base/hiviewdfx/hiview/plugins/freeze_detector/freeze_detector/freeze_detector_plugin.o
[OHOS INFO] [NINJA] [1024/1297] CXX obj/base/hiviewdfx/hiview/plugins/freeze_detector/freeze_detector/rule_cluster.o
[OHOS INFO] [NINJA] [1025/1297] CXX obj/base/hiviewdfx/hiview/plugins/freeze_detector/freeze_detector/resolver.o
[OHOS INFO] [NINJA] [1026/1297] CXX obj/base/hiviewdfx/hiview/plugins/freeze_detector/freeze_detector/get_ratio_utils.o
[OHOS INFO] [NINJA] [1027/1297] CXX obj/base/hiviewdfx/hiview/plugins/freeze_detector/freeze_detector/watch_point.o
[OHOS INFO] [NINJA] [1028/1297] STAMP obj/base/hiviewdfx/hiview/plugins/reliability/bbox_detectors/bdfr_base/bbox_detectors_base_src.inputdeps.stamp
[OHOS INFO] [NINJA] [1029/1297] AR obj/base/hiviewdfx/hiview/plugins/reliability/bbox_detectors/bdfr_base/libexport_bbox_detectors_base.a
[OHOS INFO] [NINJA] [1030/1297] CXX obj/base/hiviewdfx/hiview/plugins/freeze_detector/freeze_detector/freeze_manager.o
[OHOS INFO] [NINJA] [1031/1297] CXX obj/base/hiviewdfx/hiview/plugins/freeze_detector/freeze_detector/vendor.o
[OHOS INFO] [NINJA] [1032/1297] CXX obj/base/hiviewdfx/hiview/plugins/reliability/bbox_detectors/bbox_detector_with_cfi/bbox_detector_plugin.o
[OHOS INFO] [NINJA] [1033/1297] CXX obj/base/hiviewdfx/hiview/plugins/reliability/thread_leak_detector/thread_leak_detector/thread_leak_config.o
[OHOS INFO] [NINJA] [1034/1297] CXX obj/base/hiviewdfx/hiview/plugins/reliability/bbox_detectors/bbox_detector_with_cfi/bbox_event_recorder.o
[OHOS INFO] [NINJA] [1035/1297] STAMP obj/base/hiviewdfx/hiview/plugins/sysevent_source/sysevent_source.inputdeps.stamp
[OHOS INFO] [NINJA] [1036/1297] STAMP obj/base/hiviewdfx/hiview/plugins/unified_collector/unified_collector.inputdeps.stamp
[OHOS INFO] [NINJA] [1037/1297] STAMP obj/base/hiviewdfx/hiview/plugins/usage_event_report/usage_event_report.inputdeps.stamp
[OHOS INFO] [NINJA] [1038/1297] CXX obj/base/hiviewdfx/hiview/plugins/reliability/thread_leak_detector/thread_leak_detector/thread_leak_plugin.o
[OHOS INFO] [NINJA] [1039/1297] STAMP obj/base/hiviewdfx/hiview/utility/common_utils/hiview_reliability_common_utils_with_cfi.inputdeps.stamp
[OHOS INFO] [NINJA] [1040/1297] STAMP obj/base/hiviewdfx/hiview/utility/smart_parser/smart_parser.inputdeps.stamp
[OHOS INFO] [NINJA] [1041/1297] STAMP obj/base/hiviewdfx/hiview/utility/smart_parser/smart_parser_with_cfi.inputdeps.stamp
[OHOS INFO] [NINJA] [1042/1297] CXX obj/foundation/window/window_manager/dm_lite/src/libdm_lite/display_lite.o
[OHOS INFO] [NINJA] [1043/1297] CXX obj/foundation/window/window_manager/dm/src/zidl/libdm_lite/display_manager_agent_stub.o
[OHOS INFO] [NINJA] [1044/1297] CXX obj/foundation/window/window_manager/dm_lite/src/libdm_lite/display_manager_adapter_lite.o
[OHOS INFO] [NINJA] [1045/1297] CXX obj/foundation/window/window_manager/dm_lite/src/libdm_lite/display_manager_lite.o
[OHOS INFO] [NINJA] [1046/1297] CXX obj/foundation/window/window_manager/dm_lite/src/libdm_lite/display_manager_lite_proxy.o
[OHOS INFO] [NINJA] [1047/1297] CXX obj/foundation/window/window_manager/dm_lite/src/libdm_lite/screen_manager_lite.o
[OHOS INFO] [NINJA] [1048/1297] CXX obj/foundation/window/window_manager/dm_lite/src/libdm_lite/display_manager_lite_proxy_idl.o
[OHOS INFO] [NINJA] [1049/1297] CXX obj/foundation/window/window_manager/utils/src/libwm_lite/window_visibility_info.o
[OHOS INFO] [NINJA] [1050/1297] CXX obj/foundation/window/window_manager/wm/src/libwm_lite/window_manager_agent_lite.o
[OHOS INFO] [NINJA] [1051/1297] CXX obj/foundation/window/window_manager/wm/src/libwm_lite/window_adapter_lite.o
[OHOS INFO] [NINJA] [1052/1297] CXX obj/foundation/window/window_manager/wm/src/libwm_lite/window_option.o
[OHOS INFO] [NINJA] [1053/1297] CXX obj/foundation/window/window_manager/wm/src/zidl/libwm_lite/window_manager_agent_stub.o
[OHOS INFO] [NINJA] [1054/1297] CXX obj/foundation/window/window_manager/wm/src/libwm_lite/window_manager_lite.o
[OHOS INFO] [NINJA] [1055/1297] CXX obj/base/hiviewdfx/hidumper/services/native/src/hidumperservice_cpu_source/dump_cpu_data.o
[OHOS INFO] [NINJA] [1056/1297] STAMP obj/base/hiviewdfx/hiview/adapter/service/hiview_service_adapter.stamp
[OHOS INFO] [NINJA] [1057/1297] STAMP obj/base/hiviewdfx/hiview/core/hiview_core.stamp
[OHOS INFO] [NINJA] [1058/1297] CXX obj/base/hiviewdfx/hiview/plugins/event_store/store/sys_event_store/sys_event_db_mgr.o
[OHOS INFO] [NINJA] [1059/1297] CXX obj/base/hiviewdfx/hidumper/services/native/src/hidumperservice_cpu_source/dump_manager_cpu_service.o
[OHOS INFO] [NINJA] [1060/1297] STAMP obj/base/hiviewdfx/hiview/plugins/event_store/event_export/event_export_engine.stamp
[OHOS INFO] [NINJA] [1061/1297] CXX obj/base/hiviewdfx/hiview/plugins/event_validator/control/config/event_validator/daily_config.o
[OHOS INFO] [NINJA] [1062/1297] CXX obj/base/hiviewdfx/hiview/plugins/event_store/sys_event_store/sys_event_store.o
[OHOS INFO] [NINJA] [1063/1297] CXX obj/base/hiviewdfx/hiview/plugins/event_validator/control/db/event_validator/daily_db_helper.o
[OHOS INFO] [NINJA] [1064/1297] CXX obj/base/hiviewdfx/hiview/plugins/event_validator/event_validator/event_delayed_util.o
[OHOS INFO] [NINJA] [1065/1297] CXX obj/base/hiviewdfx/hiview/plugins/event_validator/control/event_validator/daily_controller.o
[OHOS INFO] [NINJA] [1066/1297] CXX obj/base/hiviewdfx/hiview/plugins/event_validator/event_validator/event_param_watcher.o
[OHOS INFO] [NINJA] [1067/1297] CXX obj/base/hiviewdfx/hiview/plugins/event_validator/event_validator/event_period_info_util.o
[OHOS INFO] [NINJA] [1068/1297] CXX obj/base/hiviewdfx/hiview/plugins/event_validator/event_validator/event_validator.o
[OHOS INFO] [NINJA] [1069/1297] CXX obj/base/hiviewdfx/hiview/plugins/event_validator/event_validator/event_verify_util.o
[OHOS INFO] [NINJA] [1070/1297] CXX obj/base/hiviewdfx/hiview/plugins/eventlogger/eventlogger/event_logger_util.o
[OHOS INFO] [NINJA] [1071/1297] CXX obj/base/hiviewdfx/hiview/plugins/eventlogger/eventlogger/event_focus_listener.o
[OHOS INFO] [NINJA] [1072/1297] STAMP obj/base/hiviewdfx/hiview/plugins/eventlogger/config/eventlogger_config.stamp
[OHOS INFO] [NINJA] [1073/1297] STAMP obj/base/hiviewdfx/hiview/plugins/eventlogger/log_catcher/log_catcher.stamp
[OHOS INFO] [NINJA] [1074/1297] STAMP obj/base/hiviewdfx/hiview/plugins/faultlogger/service/bdfr_base/bdfr_base.inputdeps.stamp
[OHOS INFO] [NINJA] [1075/1297] STAMP obj/base/hiviewdfx/hiview/plugins/performance/xperformance.inputdeps.stamp
[OHOS INFO] [NINJA] [1076/1297] STAMP obj/base/hiviewdfx/hiview/plugins/performance/perfmonitor/libperfmonitor.inputdeps.stamp
[OHOS INFO] [NINJA] [1077/1297] STAMP obj/base/hiviewdfx/hiview/plugins/performance/xperf_service/services/xperfservice_server.inputdeps.stamp
[OHOS INFO] [NINJA] [1078/1297] CXX obj/base/hiviewdfx/hiview/plugins/eventlogger/eventlogger/event_logger.o
[OHOS INFO] [NINJA] [1079/1297] STAMP obj/base/hiviewdfx/hiview/plugins/reliability/bbox_detectors/bbox_detector_with_cfi.stamp
[OHOS INFO] [NINJA] [1080/1297] CXX obj/base/hiviewdfx/hiview/plugins/reliability/bbox_detectors/bdfr_base/bbox_detectors_base_src/bbox_detectors_base.o
[OHOS INFO] [NINJA] [1081/1297] CXX obj/base/hiviewdfx/hiview/plugins/reliability/bbox_detectors/bdfr_base/bbox_detectors_base_src/hisysevent_util.o
[OHOS INFO] [NINJA] [1082/1297] CXX obj/base/hiviewdfx/hiview/plugins/reliability/bbox_detectors/bdfr_base/bbox_detectors_base_src/panic_report_recovery.o
[OHOS INFO] [NINJA] [1083/1297] CXX obj/base/hiviewdfx/hiview/plugins/reliability/bbox_detectors/bdfr_base/bbox_detectors_base_src/panic_error_info_handle.o
[OHOS INFO] [NINJA] [1084/1297] CXX obj/base/hiviewdfx/hiview/plugins/sys_dispatcher/sys_dispatcher/sys_dispatcher.o
[OHOS INFO] [NINJA] [1085/1297] CXX obj/base/hiviewdfx/hiview/plugins/sysevent_source/sysevent_source/event_server.o
[OHOS INFO] [NINJA] [1086/1297] CXX obj/base/hiviewdfx/hiview/plugins/privacy_controller/privacy_controller/privacy_controller.o
[OHOS INFO] [NINJA] [1087/1297] CXX obj/base/hiviewdfx/hiview/plugins/sysevent_source/sysevent_source/monitor_config.o
[OHOS INFO] [NINJA] [1088/1297] CXX obj/base/hiviewdfx/hiview/plugins/sysevent_source/sysevent_source/platform_monitor.o
[OHOS INFO] [NINJA] [1089/1297] CXX obj/base/hiviewdfx/hiview/plugins/sysevent_source/sysevent_source/sysevent_source.o
[OHOS INFO] [NINJA] [1090/1297] CXX obj/base/hiviewdfx/hiview/plugins/unified_collector/observer/unified_collector/uc_app_state_observer.o
[OHOS INFO] [NINJA] [1091/1297] CXX obj/base/hiviewdfx/hiview/plugins/unified_collector/observer/unified_collector/uc_observer_mgr.o
[OHOS INFO] [NINJA] [1092/1297] CXX obj/base/hiviewdfx/hiview/plugins/unified_collector/observer/unified_collector/uc_render_state_observer.o
[OHOS INFO] [NINJA] [1093/1297] CXX obj/base/hiviewdfx/hiview/plugins/unified_collector/observer/unified_collector/uc_system_ability_listener.o
[OHOS INFO] [NINJA] [1094/1297] CXX obj/base/hiviewdfx/hiview/plugins/unified_collector/task/unified_collector/cpu_collection_task.o
[OHOS INFO] [NINJA] [1095/1297] CXX obj/base/hiviewdfx/hiview/plugins/unified_collector/storage/unified_collector/cpu_storage.o
[OHOS INFO] [NINJA] [1096/1297] CXX obj/base/hiviewdfx/hiview/plugins/unified_collector/unified_collector/unified_collector.o
[OHOS INFO] [NINJA] [1097/1297] CXX obj/base/hiviewdfx/hiview/plugins/unified_collector/observer/unified_collector/uc_telemetry_listener.o
[OHOS INFO] [NINJA] [1098/1297] CXX obj/base/hiviewdfx/hiview/plugins/unified_collector/observer/unified_collector/uc_telemetry_callback.o
[OHOS INFO] [NINJA] [1099/1297] CXX obj/base/hiviewdfx/hiview/plugins/unified_collector/power/unified_collector/power_status_manager.o
[OHOS INFO] [NINJA] [1100/1297] CXX obj/base/hiviewdfx/hiview/plugins/unified_collector/task/unified_collector/dump_trace_controller.o
[OHOS INFO] [NINJA] [1101/1297] CXX obj/base/hiviewdfx/hiview/plugins/usage_event_report/cache/usage_event_report/json_parser.o
[OHOS INFO] [NINJA] [1102/1297] CXX obj/base/hiviewdfx/hiview/plugins/usage_event_report/cache/usage_event_report/event_db_helper.o
[OHOS INFO] [NINJA] [1103/1297] CXX obj/base/hiviewdfx/hiview/plugins/usage_event_report/cache/usage_event_report/usage_event_cacher.o
[OHOS INFO] [NINJA] [1104/1297] CXX obj/base/hiviewdfx/hiview/plugins/usage_event_report/event/usage_event_report/sys_usage_event.o
[OHOS INFO] [NINJA] [1105/1297] CXX obj/base/hiviewdfx/hiview/plugins/usage_event_report/service/factory/usage_event_report/sys_usage_event_factory.o
[OHOS INFO] [NINJA] [1106/1297] CXX obj/base/hiviewdfx/hiview/plugins/usage_event_report/idl/usage_event_report/hiview_shutdown_callback.o
[OHOS INFO] [NINJA] [1107/1297] CXX obj/base/hiviewdfx/hiview/plugins/usage_event_report/usage_event_report/usage_event_report.o
[OHOS INFO] [NINJA] [1108/1297] CXX obj/base/hiviewdfx/hiview/plugins/usage_event_report/fold/cache/usage_event_report/fold_app_usage_event_factory.o
[OHOS INFO] [NINJA] [1109/1297] CXX obj/base/hiviewdfx/hiview/plugins/usage_event_report/fold/cache/usage_event_report/fold_app_usage_db_helper.o
[OHOS INFO] [NINJA] [1110/1297] CXX obj/base/hiviewdfx/hiview/plugins/usage_event_report/fold/cache/usage_event_report/fold_event_cacher.o
[OHOS INFO] [NINJA] [1111/1297] CXX obj/base/hiviewdfx/hiview/plugins/usage_event_report/fold/event/usage_event_report/fold_app_usage_event.o
[OHOS INFO] [NINJA] [1112/1297] CXX obj/base/hiviewdfx/hiview/plugins/usage_event_report/fold/usage_event_report/usage_fold_event_report.o
[OHOS INFO] [NINJA] [1113/1297] STAMP obj/base/hiviewdfx/hiview/plugins/usage_event_report/service/usage_report.inputdeps.stamp
[OHOS INFO] [NINJA] [1114/1297] CXX obj/base/hiviewdfx/hiview/plugins/usage_event_report/fold/util/usage_event_report/fold_common_utils.o
[OHOS INFO] [NINJA] [1115/1297] CXX obj/base/hiviewdfx/hiview/utility/common_utils/hiview_reliability_common_utils_with_cfi/calc_fingerprint.o
[OHOS INFO] [NINJA] [1116/1297] CXX obj/base/hiviewdfx/hiview/utility/common_utils/hiview_reliability_common_utils_with_cfi/log_parse.o
[OHOS INFO] [NINJA] [1117/1297] SOLINK barrierfree/accessibility/libaccessibility_interface.z.so
[OHOS INFO] [NINJA] [1118/1297] CXX obj/base/hiviewdfx/hiview/service/hiview_service/hiview_service.o
[OHOS INFO] [NINJA] [1119/1297] CXX obj/base/hiviewdfx/hiview/utility/common_utils/hiview_reliability_common_utils_with_cfi/tbox.o
[OHOS INFO] [NINJA] [1120/1297] CXX obj/base/hiviewdfx/hiview/utility/smart_parser/feature_analysis/smart_parser/feature_analysis.o
[OHOS INFO] [NINJA] [1121/1297] CXX obj/base/hiviewdfx/hiview/utility/smart_parser/feature_analysis/smart_parser/log_util.o
[OHOS INFO] [NINJA] [1122/1297] CXX obj/base/hiviewdfx/hiview/utility/smart_parser/rule/smart_parser/compose_rule.o
[OHOS INFO] [NINJA] [1123/1297] CXX obj/base/hiviewdfx/hiview/utility/smart_parser/rule/smart_parser/rule.o
[OHOS INFO] [NINJA] [1124/1297] CXX obj/base/hiviewdfx/hiview/utility/smart_parser/rule/smart_parser/extract_rule.o
[OHOS INFO] [NINJA] [1125/1297] CXX obj/base/hiviewdfx/hiview/utility/smart_parser/smart_parser/smart_parser.o
[OHOS INFO] [NINJA] [1126/1297] CXX obj/base/hiviewdfx/hiview/utility/smart_parser/feature_analysis/smart_parser_with_cfi/log_util.o
[OHOS INFO] [NINJA] [1127/1297] CXX obj/base/hiviewdfx/hiview/utility/smart_parser/feature_analysis/smart_parser_with_cfi/feature_analysis.o
[OHOS INFO] [NINJA] [1128/1297] CXX obj/base/hiviewdfx/hiview/utility/smart_parser/rule/smart_parser_with_cfi/compose_rule.o
[OHOS INFO] [NINJA] [1129/1297] CXX obj/base/hiviewdfx/hiview/utility/smart_parser/rule/smart_parser_with_cfi/extract_rule.o
[OHOS INFO] [NINJA] [1130/1297] CXX obj/base/hiviewdfx/hiview/utility/smart_parser/smart_parser_with_cfi/smart_parser.o
[OHOS INFO] [NINJA] [1131/1297] CXX obj/base/hiviewdfx/hiview/utility/smart_parser/rule/smart_parser_with_cfi/rule.o
[OHOS INFO] [NINJA] [1132/1297] CXX obj/foundation/resourceschedule/device_usage_statistics/interfaces/innerkits/src/usagestatsinner/bundle_active_client.o
[OHOS INFO] [NINJA] [1133/1297] CXX obj/foundation/resourceschedule/device_usage_statistics/interfaces/innerkits/src/usagestatsinner/bundle_active_event_stats.o
[OHOS INFO] [NINJA] [1134/1297] CXX obj/foundation/resourceschedule/device_usage_statistics/interfaces/innerkits/src/usagestatsinner/bundle_active_event.o
[OHOS INFO] [NINJA] [1135/1297] CXX obj/foundation/resourceschedule/device_usage_statistics/interfaces/innerkits/src/usagestatsinner/bundle_active_module_record.o
[OHOS INFO] [NINJA] [1136/1297] CXX obj/foundation/resourceschedule/device_usage_statistics/interfaces/innerkits/src/usagestatsinner/bundle_active_package_stats.o
[OHOS INFO] [NINJA] [1137/1297] CXX obj/foundation/resourceschedule/device_usage_statistics/interfaces/innerkits/src/usagestatsinner/bundle_active_form_record.o
[OHOS INFO] [NINJA] [1138/1297] CXX obj/foundation/resourceschedule/device_usage_statistics/interfaces/innerkits/src/usagestatsinner/bundle_active_high_frequency_period.o
[OHOS INFO] [NINJA] [1139/1297] CXX obj/out/rk3568/gen/foundation/resourceschedule/device_usage_statistics/usagestatsinner/bundle_active_service_stub.o
[OHOS INFO] [NINJA] [1140/1297] CXX obj/out/rk3568/gen/foundation/resourceschedule/device_usage_statistics/usagestatsinner/app_group_callback_proxy.o
[OHOS INFO] [NINJA] [1141/1297] CXX obj/out/rk3568/gen/foundation/resourceschedule/device_usage_statistics/usagestatsinner/app_group_callback_stub.o
[OHOS INFO] [NINJA] [1142/1297] CXX obj/out/rk3568/gen/foundation/resourceschedule/device_usage_statistics/usagestatsinner/bundle_active_service_proxy.o
[OHOS INFO] [NINJA] [1143/1297] CXX obj/base/hiviewdfx/hiview/hiview/main.o
[OHOS INFO] [NINJA] [1144/1297] STAMP obj/base/hiviewdfx/hiview/plugins/event_store/sys_event_store.stamp
[OHOS INFO] [NINJA] [1145/1297] STAMP obj/base/hiviewdfx/hiview/plugins/event_validator/event_validator.stamp
[OHOS INFO] [NINJA] [1146/1297] CXX obj/base/hiviewdfx/hiview/plugins/crash_validator/libcrashvalidator/crash_validator.o
[OHOS INFO] [NINJA] [1147/1297] CXX obj/base/hiviewdfx/hiview/plugins/faultlogger/service/bdfr_base/base/bdfr_base/faultlog_event_factory.o
[OHOS INFO] [NINJA] [1148/1297] CXX obj/base/hiviewdfx/hiview/plugins/faultlogger/service/bdfr_base/base/bdfr_base/faultlog_event_interface.o
[OHOS INFO] [NINJA] [1149/1297] CXX obj/base/hiviewdfx/hiview/plugins/faultlogger/service/bdfr_base/base/bdfr_base/faultlog_event_ipc.o
[OHOS INFO] [NINJA] [1150/1297] CXX obj/base/hiviewdfx/hiview/plugins/faultlogger/service/bdfr_base/base/bdfr_base/faultlog_event_pipeline.o
[OHOS INFO] [NINJA] [1151/1297] CXX obj/base/hiviewdfx/hiview/plugins/faultlogger/service/bdfr_base/event/cpp_crash/bdfr_base/faultlog_cppcrash.o
[OHOS INFO] [NINJA] [1152/1297] CXX obj/base/hiviewdfx/hiview/plugins/faultlogger/service/bdfr_base/event/freeze/bdfr_base/faultlog_freeze.o
[OHOS INFO] [NINJA] [1153/1297] CXX obj/base/hiviewdfx/hiview/plugins/faultlogger/service/bdfr_base/event/freeze/bdfr_base/freeze_json_generator.o
[OHOS INFO] [NINJA] [1154/1297] RUST staticlib obj/foundation/graphic/graphic_2d/rosen/modules/render_service_base/libparticle_cxx_rust.a
[OHOS INFO] [NINJA] [1155/1297] CXX obj/base/hiviewdfx/hiview/plugins/faultlogger/service/bdfr_base/event/js_cj_error/bdfr_base/faultlog_error_reporter.o
[OHOS INFO] [NINJA] [1156/1297] CXX obj/base/hiviewdfx/hiview/plugins/faultlogger/service/bdfr_base/event/js_cj_error/bdfr_base/faultlog_cjerror.o
[OHOS INFO] [NINJA] [1157/1297] CXX obj/base/hiviewdfx/hiview/plugins/faultlogger/service/bdfr_base/event/js_cj_error/bdfr_base/faultlog_jserror.o
[OHOS INFO] [NINJA] [1158/1297] CXX obj/base/hiviewdfx/hiview/plugins/faultlogger/service/bdfr_base/event/page_info/bdfr_base/faultlog_page_info.o
[OHOS INFO] [NINJA] [1159/1297] CXX obj/base/hiviewdfx/hiview/plugins/faultlogger/service/bdfr_base/event/rust_panic/bdfr_base/faultlog_rust_panic.o
[OHOS INFO] [NINJA] [1160/1297] CXX obj/base/hiviewdfx/hiview/plugins/faultlogger/service/bdfr_base/fault_file/bdfr_base/faultlog_bootscan.o
[OHOS INFO] [NINJA] [1161/1297] CXX obj/base/hiviewdfx/hiview/plugins/faultlogger/service/bdfr_base/event/sanitizer/bdfr_base/faultlog_sanitizer.o
[OHOS INFO] [NINJA] [1162/1297] CXX obj/base/hiviewdfx/hiview/plugins/faultlogger/service/bdfr_base/fault_file/bdfr_base/faultlog_database.o
[OHOS INFO] [NINJA] [1163/1297] CXX obj/base/hiviewdfx/hiview/plugins/faultlogger/service/bdfr_base/fault_file/bdfr_base/faultlog_formatter.o
[OHOS INFO] [NINJA] [1164/1297] CXX obj/base/hiviewdfx/hiview/plugins/faultlogger/service/bdfr_base/fault_file/bdfr_base/faultlog_dump.o
[OHOS INFO] [NINJA] [1165/1297] CXX obj/base/hiviewdfx/hiview/plugins/faultlogger/service/bdfr_base/fault_file/bdfr_base/faultlog_manager.o
[OHOS INFO] [NINJA] [1166/1297] CXX obj/base/hiviewdfx/hiview/plugins/faultlogger/service/bdfr_base/bdfr_base/faultlogger_base.o
[OHOS INFO] [NINJA] [1167/1297] CXX obj/base/hiviewdfx/hiview/plugins/faultlogger/service/bdfr_base/sanitizer_collector/bdfr_base/sanitizer_telemetry.o
[OHOS INFO] [NINJA] [1168/1297] CXX obj/base/hiviewdfx/hiview/plugins/faultlogger/service/bdfr_base/utils/bdfr_base/faultlog_hilog_helper.o
[OHOS INFO] [NINJA] [1169/1297] CXX obj/base/hiviewdfx/hiview/plugins/faultlogger/service/bdfr_base/utils/bdfr_base/faultlog_bundle_util.o
[OHOS INFO] [NINJA] [1170/1297] CXX obj/base/hiviewdfx/hiview/plugins/faultlogger/service/bdfr_base/utils/bdfr_base/faultlog_util.o
[OHOS INFO] [NINJA] [1171/1297] CXX obj/base/hiviewdfx/hiview/plugins/faultlogger/service/bdfr_base/utils/bdfr_base/log_analyzer.o
[OHOS INFO] [NINJA] [1172/1297] CXX obj/base/hiviewdfx/hiview/plugins/performance/context/xperformance/BaseContext.o
[OHOS INFO] [NINJA] [1173/1297] CXX obj/base/hiviewdfx/hiview/plugins/performance/xperformance/XperfPlugin.o
[OHOS INFO] [NINJA] [1174/1297] CXX obj/base/hiviewdfx/hiview/plugins/performance/context/xperformance/NormalContext.o
[OHOS INFO] [NINJA] [1175/1297] CXX obj/base/hiviewdfx/hiview/plugins/performance/executor/xperformance/ThrExecutor.o
[OHOS INFO] [NINJA] [1176/1297] CXX obj/base/hiviewdfx/hiview/plugins/performance/executor/xperformance/ThrTaskContainer.o
[OHOS INFO] [NINJA] [1177/1297] CXX obj/base/hiviewdfx/hiview/plugins/performance/monitor/xperformance/AppLaunchMonitor.o
[OHOS INFO] [NINJA] [1178/1297] CXX obj/base/hiviewdfx/hiview/plugins/performance/monitor/xperformance/DefaultMonitor.o
[OHOS INFO] [NINJA] [1179/1297] CXX obj/base/hiviewdfx/hiview/plugins/performance/monitor/xperformance/JankAnimatorMonitor.o
[OHOS INFO] [NINJA] [1180/1297] CXX obj/base/hiviewdfx/hiview/plugins/reliability/thread_leak_detector/thread_leak_detector/thread_leak_util.o
[OHOS INFO] [NINJA] [1181/1297] CXX obj/base/hiviewdfx/hiview/plugins/performance/persistence/xperformance/AppLaunchSceneDbAdapter.o
[OHOS INFO] [NINJA] [1182/1297] CXX obj/base/hiviewdfx/hiview/plugins/performance/reporter/adapter/xperformance/AppStartReporterAdapter.o
[OHOS INFO] [NINJA] [1183/1297] CXX obj/base/hiviewdfx/hiview/plugins/performance/reporter/event_poster/xperformance/EventsPoster.o
[OHOS INFO] [NINJA] [1184/1297] CXX obj/base/hiviewdfx/hiview/plugins/performance/reporter/adapter/xperformance/JankAnimatorReporterAdapter.o
[OHOS INFO] [NINJA] [1185/1297] CXX obj/base/hiviewdfx/hiview/plugins/performance/reporter/adapter/xperformance/SimpleAppStartReporterAdapter.o
[OHOS INFO] [NINJA] [1186/1297] CXX obj/base/hiviewdfx/hiview/plugins/performance/reporter/infrastructure/xperformance/AppStartReporter.o
[OHOS INFO] [NINJA] [1187/1297] CXX obj/base/hiviewdfx/hiview/plugins/performance/reporter/infrastructure/xperformance/JankAnimatorReporter.o
[OHOS INFO] [NINJA] [1188/1297] CXX obj/base/hiviewdfx/hiview/plugins/performance/scene_data_processor/xperformance/AnimatorSceneDataProcessor.o
[OHOS INFO] [NINJA] [1189/1297] SOLINK barrierfree/accessibility/libaccessibilityconfig.z.so
[OHOS INFO] [NINJA] [1190/1297] CXX obj/base/hiviewdfx/hiview/plugins/performance/scene_data_processor/xperformance/SceneDataMapDbAdapter.o
[OHOS INFO] [NINJA] [1191/1297] CXX obj/base/hiviewdfx/hiview/plugins/performance/scene_data_processor/xperformance/AppLaunchSceneDataProcessor.o
[OHOS INFO] [NINJA] [1192/1297] STAMP obj/foundation/graphic/graphic_2d/rosen/modules/render_service_base/src/platform/ohos/rosen_ohos_sources.stamp
[OHOS INFO] [NINJA] [1193/1297] CXX obj/base/hiviewdfx/hiview/plugins/performance/timer/xperformance/AppTimerAdapter.o
[OHOS INFO] [NINJA] [1194/1297] STAMP obj/foundation/graphic/graphic_2d/rosen/modules/render_service_base/src/platform/ohos/ohos.stamp
[OHOS INFO] [NINJA] [1195/1297] STAMP obj/foundation/graphic/graphic_2d/rosen/modules/render_service_base/src/platform/platform.stamp
[OHOS INFO] [NINJA] [1196/1297] CXX obj/base/hiviewdfx/hiview/plugins/performance/timer/xperformance/SceneTimerOhImpl.o
[OHOS INFO] [NINJA] [1197/1297] CXX obj/base/hiviewdfx/hiview/plugins/performance/perfmonitor/common/libperfmonitor/perf_model.o
[OHOS INFO] [NINJA] [1198/1297] CXX obj/base/hiviewdfx/hiview/plugins/performance/perfmonitor/common/libperfmonitor/perf_trace.o
[OHOS INFO] [NINJA] [1199/1297] CXX obj/base/hiviewdfx/hiview/plugins/performance/perfmonitor/common/event_builder/libperfmonitor/xperf_event_builder.o
[OHOS INFO] [NINJA] [1200/1297] CXX obj/base/hiviewdfx/hiview/plugins/performance/perfmonitor/common/event_builder/libperfmonitor/xperf_event_reporter.o
[OHOS INFO] [NINJA] [1201/1297] CXX obj/base/hiviewdfx/hiview/plugins/performance/perfmonitor/interfaces/inner_api/src/libperfmonitor/perf_monitor_adapter.o
[OHOS INFO] [NINJA] [1202/1297] CXX obj/base/hiviewdfx/hiview/plugins/performance/perfmonitor/src/libperfmonitor/animator_monitor.o
[OHOS INFO] [NINJA] [1203/1297] CXX obj/base/hiviewdfx/hiview/plugins/performance/perfmonitor/src/libperfmonitor/input_monitor.o
[OHOS INFO] [NINJA] [1204/1297] CXX obj/base/hiviewdfx/hiview/plugins/performance/perfmonitor/src/libperfmonitor/jank_frame_monitor.o
[OHOS INFO] [NINJA] [1205/1297] CXX obj/base/hiviewdfx/hiview/plugins/performance/perfmonitor/src/libperfmonitor/perf_reporter.o
[OHOS INFO] [NINJA] [1206/1297] CXX obj/base/hiviewdfx/hiview/plugins/performance/perfmonitor/src/libperfmonitor/perf_utils.o
[OHOS INFO] [NINJA] [1207/1297] CXX obj/base/hiviewdfx/hiview/plugins/performance/perfmonitor/src/libperfmonitor/white_block_monitor.o
[OHOS INFO] [NINJA] [1208/1297] CXX obj/base/hiviewdfx/hiview/plugins/performance/perfmonitor/src/libperfmonitor/scene_monitor.o
[OHOS INFO] [NINJA] [1209/1297] CXX obj/base/hiviewdfx/hiview/plugins/performance/perfmonitor/src/libperfmonitor/surface_monitor.o
[OHOS INFO] [NINJA] [1210/1297] CXX obj/base/hiviewdfx/hiview/plugins/performance/perfmonitor/src/libperfmonitor/load_complete_monitor.o
[OHOS INFO] [NINJA] [1211/1297] STAMP obj/base/hiviewdfx/hiview/plugins/performance/xperf_service/interfaces/inner_api/xperfservice_client/xperfservice_stub.stamp
[OHOS INFO] [NINJA] [1212/1297] CXX obj/base/hiviewdfx/hiview/plugins/performance/perfmonitor/load_complete/src/libperfmonitor/collect_strategy.o
[OHOS INFO] [NINJA] [1213/1297] CXX obj/base/hiviewdfx/hiview/plugins/performance/perfmonitor/load_complete/src/libperfmonitor/collect_states.o
[OHOS INFO] [NINJA] [1214/1297] CXX obj/base/hiviewdfx/hiview/plugins/performance/xperf_service/services/common/src/xperfservice_server/xperf_parser.o
[OHOS INFO] [NINJA] [1215/1297] CXX obj/base/hiviewdfx/hiview/plugins/performance/xperf_service/common/src/xperfservice_server/perf_trace.o
[OHOS INFO] [NINJA] [1216/1297] CXX obj/base/hiviewdfx/hiview/plugins/performance/xperf_service/common/src/xperfservice_server/perf_utils.o
[OHOS INFO] [NINJA] [1217/1297] CXX obj/base/hiviewdfx/hiview/plugins/performance/xperf_service/services/core/src/xperfservice_server/xperf_service.o
[OHOS INFO] [NINJA] [1218/1297] CXX obj/base/hiviewdfx/hiview/plugins/performance/xperf_service/services/core/src/xperfservice_server/xperf_register_manager.o
[OHOS INFO] [NINJA] [1219/1297] CXX obj/base/hiviewdfx/hiview/plugins/performance/xperf_service/services/framework/xperf_dispatcher/src/xperfservice_server/xperf_dispatcher.o
[OHOS INFO] [NINJA] [1220/1297] CXX obj/base/hiviewdfx/hiview/plugins/performance/xperf_service/services/framework/xperf_dispatcher/src/xperfservice_server/xperf_monitor_manager.o
[OHOS INFO] [NINJA] [1221/1297] CXX obj/base/hiviewdfx/hiview/plugins/performance/xperf_service/services/framework/xperf_dispatcher/src/xperfservice_server/event_parser_manager.o
[OHOS INFO] [NINJA] [1222/1297] CXX obj/base/hiviewdfx/hiview/plugins/performance/xperf_service/services/framework/xperf_monitor/src/xperfservice_server/avcodec_perf_monitor.o
[OHOS INFO] [NINJA] [1223/1297] CXX obj/base/hiviewdfx/hiview/plugins/performance/xperf_service/services/framework/xperf_monitor/src/xperfservice_server/user_action_monitor.o
[OHOS INFO] [NINJA] [1224/1297] CXX obj/base/hiviewdfx/hiview/plugins/performance/xperf_service/services/framework/xperf_monitor/src/xperfservice_server/video_jank_monitor.o
[OHOS INFO] [NINJA] [1225/1297] CXX obj/base/hiviewdfx/hiview/plugins/performance/xperf_service/services/framework/xperf_monitor/src/xperfservice_server/video_xperf_monitor.o
[OHOS INFO] [NINJA] [1226/1297] CXX obj/base/hiviewdfx/hiview/plugins/performance/xperf_service/services/framework/xperf_monitor/src/xperfservice_server/passthrough_monitor.o
[OHOS INFO] [NINJA] [1227/1297] CXX obj/base/hiviewdfx/hiview/plugins/performance/xperf_service/services/framework/xperf_parser/src/xperfservice_server/audio_event_parser.o
[OHOS INFO] [NINJA] [1228/1297] CXX obj/base/hiviewdfx/hiview/plugins/performance/xperf_service/services/framework/xperf_monitor/src/xperfservice_server/video_play_latency_monitor.o
[OHOS INFO] [NINJA] [1229/1297] CXX obj/base/hiviewdfx/hiview/plugins/performance/xperf_service/services/framework/xperf_parser/src/xperfservice_server/avcodec_event_parser.o
[OHOS INFO] [NINJA] [1230/1297] CXX obj/base/hiviewdfx/hiview/plugins/performance/xperf_service/services/framework/xperf_parser/src/xperfservice_server/network_event_parser.o
[OHOS INFO] [NINJA] [1231/1297] CXX obj/base/hiviewdfx/hiview/plugins/performance/xperf_service/services/framework/xperf_parser/src/xperfservice_server/perf_event_parser.o
[OHOS INFO] [NINJA] [1232/1297] CXX obj/base/hiviewdfx/hiview/plugins/performance/xperf_service/services/framework/xperf_parser/src/xperfservice_server/rs_event_parser.o
[OHOS INFO] [NINJA] [1233/1297] CXX obj/base/hiviewdfx/hiview/plugins/performance/xperf_service/services/framework/xperf_reporter/src/xperfservice_server/event_reporter.o
[OHOS INFO] [NINJA] [1234/1297] CXX obj/base/hiviewdfx/hiview/plugins/performance/xperf_service/services/framework/xperf_reporter/src/xperfservice_server/video_reporter.o
[OHOS INFO] [NINJA] [1235/1297] CXX obj/base/hiviewdfx/hiview/plugins/performance/xperf_service/services/framework/xperf_reporter/src/xperfservice_server/play_latency_reporter.o
[OHOS INFO] [NINJA] [1236/1297] CXX obj/base/hiviewdfx/hiview/plugins/performance/xperf_service/services/framework/xperf_storage/src/xperfservice_server/user_action_storage.o
[OHOS INFO] [NINJA] [1237/1297] CXX obj/base/hiviewdfx/hiview/plugins/performance/xperf_service/services/framework/xperf_reporter/src/xperfservice_server/load_complete_reporter.o
[OHOS INFO] [NINJA] [1238/1297] CXX obj/base/hiviewdfx/hiview/plugins/performance/xperf_service/services/server/src/xperfservice_server/xperf_service_server.o
[OHOS INFO] [NINJA] [1239/1297] CXX obj/base/hiviewdfx/hiview/plugins/performance/xperf_service/services/xperfservice_server/xperf_service_main.o
[OHOS INFO] [NINJA] [1240/1297] STAMP obj/base/hiviewdfx/hiview/plugins/reliability/bbox_detectors/bdfr_base/bbox_detectors_base_src.stamp
[OHOS INFO] [NINJA] [1241/1297] STAMP obj/base/hiviewdfx/hiview/plugins/privacy_controller/privacy_controller.stamp
[OHOS INFO] [NINJA] [1242/1297] CXX obj/base/hiviewdfx/hiview/plugins/performance/xperf_service/services/xperfservice_server/xperf_service_interfaces.o
[OHOS INFO] [NINJA] [1243/1297] CXX obj/base/hiviewdfx/hiview/plugins/usage_event_report/cache/usage_report/event_db_helper.o
[OHOS INFO] [NINJA] [1244/1297] CXX obj/base/hiviewdfx/hiview/plugins/usage_event_report/cache/usage_report/json_parser.o
[OHOS INFO] [NINJA] [1245/1297] CXX obj/base/hiviewdfx/hiview/plugins/usage_event_report/event/usage_report/app_usage_event.o
[OHOS INFO] [NINJA] [1246/1297] CXX obj/base/hiviewdfx/hiview/plugins/usage_event_report/cache/usage_report/usage_event_cacher.o
[OHOS INFO] [NINJA] [1247/1297] CXX obj/base/hiviewdfx/hiview/plugins/usage_event_report/event/usage_report/sys_usage_event.o
[OHOS INFO] [NINJA] [1248/1297] CXX obj/base/hiviewdfx/hiview/plugins/usage_event_report/service/factory/usage_report/sys_usage_event_factory.o
[OHOS INFO] [NINJA] [1249/1297] CXX obj/base/hiviewdfx/hiview/plugins/usage_event_report/service/usage_report/main.o
[OHOS INFO] [NINJA] [1250/1297] CXX obj/base/hiviewdfx/hiview/plugins/usage_event_report/service/factory/usage_report/app_usage_event_factory.o
[OHOS INFO] [NINJA] [1251/1297] STAMP obj/base/hiviewdfx/hiview/service/hiview_service.stamp
[OHOS INFO] [NINJA] [1252/1297] STAMP obj/base/hiviewdfx/hiview/utility/common_utils/hiview_reliability_common_utils_with_cfi.stamp
[OHOS INFO] [NINJA] [1253/1297] STAMP obj/base/hiviewdfx/hiview/utility/smart_parser/smart_parser.stamp
[OHOS INFO] [NINJA] [1254/1297] CXX obj/base/hiviewdfx/hiview/utility/analysis_faultlog/analysis_faultlog/analysis_faultlog.o
[OHOS INFO] [NINJA] [1255/1297] STAMP obj/base/hiviewdfx/hiview/utility/smart_parser/smart_parser_with_cfi.stamp
[OHOS INFO] [NINJA] [1256/1297] CXX obj/base/hiviewdfx/hiview/plugins/usage_event_report/service/usage_report/usage_event_report_service.o
[OHOS INFO] [NINJA] [1257/1297] CXX obj/base/hiviewdfx/hiview/plugins/reliability/thread_leak_detector/thread_leak_detector/thread_leak_collector.o
[OHOS INFO] [NINJA] [1258/1297] CXX obj/base/hiviewdfx/hiview/plugins/reliability/thread_leak_detector/thread_leak_detector/thread_leak_detector.o
[OHOS INFO] [NINJA] [1259/1297] STAMP obj/base/hiviewdfx/hiview/plugins/reliability/thread_leak_detector/thread_leak_detector.stamp
[OHOS INFO] [NINJA] [1260/1297] SOLINK graphic/graphics_effect/libgraphics_effect.z.so
[OHOS INFO] [NINJA] [1261/1297] SOLINK resourceschedule/memmgr/libmemmgrclient.z.so
[OHOS INFO] [NINJA] [1262/1297] SOLINK thirdparty/lz4/liblz4_shared.z.so
[OHOS INFO] [NINJA] [1263/1297] STAMP obj/foundation/graphic/graphic_2d/rosen/modules/render_service_base/render_service_base_src.stamp
[OHOS INFO] [NINJA] [1264/1297] SOLINK resourceschedule/frame_aware_sched/libframe_trace_intf.z.so
[OHOS INFO] [NINJA] [1265/1297] STAMP obj/foundation/graphic/graphic_2d/rosen/modules/render_frame_trace/render_frame_trace.stamp
[OHOS INFO] [NINJA] [1266/1297] SOLINK graphic/graphic_2d/libframe_analyzer.z.so
[OHOS INFO] [NINJA] [1267/1297] SOLINK graphic/graphic_2d/librender_service_base.z.so
[OHOS INFO] [NINJA] [1268/1297] STAMP obj/foundation/graphic/graphic_2d/rosen/modules/render_service_client/render_service_client_src.stamp
[OHOS INFO] [NINJA] [1269/1297] SOLINK hiviewdfx/hiview/libfaultlogger.z.so
[OHOS INFO] [NINJA] [1270/1297] SOLINK graphic/graphic_2d/librender_service_client.z.so
[OHOS INFO] [NINJA] [1271/1297] SOLINK powermgr/power_manager/libpowermgr_client.z.so
[OHOS INFO] [NINJA] [1272/1297] STAMP obj/base/hiviewdfx/hiview/plugins/freeze_detector/freeze_detector.stamp
[OHOS INFO] [NINJA] [1273/1297] STAMP obj/base/hiviewdfx/hiview/plugins/unified_collector/unified_collector.stamp
[OHOS INFO] [NINJA] [1274/1297] SOLINK window/window_manager/libwmutil.z.so
[OHOS INFO] [NINJA] [1275/1297] SOLINK hiviewdfx/hiview/libsys_event_service_adapter.z.so
[OHOS INFO] [NINJA] [1276/1297] STAMP obj/base/hiviewdfx/hiview/plugins/sys_dispatcher/sys_dispatcher.stamp
[OHOS INFO] [NINJA] [1277/1297] STAMP obj/base/hiviewdfx/hiview/plugins/sysevent_source/sysevent_source.stamp
[OHOS INFO] [NINJA] [1278/1297] SOLINK resourceschedule/device_usage_statistics/libusagestatsutils.z.so
[OHOS INFO] [NINJA] [1279/1297] SOLINK window/window_manager/libdm_lite.z.so
[OHOS INFO] [NINJA] [1280/1297] SOLINK window/window_manager/libwm_lite.z.so
[OHOS INFO] [NINJA] [1281/1297] STAMP obj/base/hiviewdfx/hiview/plugins/eventlogger/eventlogger.stamp
[OHOS INFO] [NINJA] [1282/1297] STAMP obj/base/hiviewdfx/hiview/plugins/usage_event_report/usage_event_report.stamp
[OHOS INFO] [NINJA] [1283/1297] SOLINK hiviewdfx/faultloggerd/libcrash_exception.z.so
[OHOS INFO] [NINJA] [1284/1297] SOLINK hiviewdfx/hidumper/libhidumperservice_cpu_source.z.so
[OHOS INFO] [NINJA] [1285/1297] SOLINK hiviewdfx/hiview/libbdfr.z.so
[OHOS INFO] [NINJA] [1286/1297] SOLINK resourceschedule/device_usage_statistics/libusagestatsinner.z.so
[OHOS INFO] [NINJA] [1287/1297] LINK hiviewdfx/hiview/hiview
[OHOS INFO] [NINJA] [1288/1297] SOLINK hiviewdfx/hiview/libcrashvalidator.z.so
[OHOS INFO] [NINJA] [1289/1297] SOLINK hiviewdfx/hiview/libeventloggerso.z.so
[OHOS INFO] [NINJA] [1290/1297] SOLINK hiviewdfx/hiview/libbdfr_base.z.so
[OHOS INFO] [NINJA] [1291/1297] SOLINK hiviewdfx/hiview/libxperformance.z.so
[OHOS INFO] [NINJA] [1292/1297] SOLINK hiviewdfx/hiview/libperfmonitor.z.so
[OHOS INFO] [NINJA] [1293/1297] SOLINK hiviewdfx/hiview/libxperfservice_server.z.so
[OHOS INFO] [NINJA] [1294/1297] SOLINK hiviewdfx/hiview/libadft.z.so
[OHOS INFO] [NINJA] [1295/1297] LINK hiviewdfx/hiview/usage_report
[OHOS INFO] [NINJA] [1296/1297] LINK hiviewdfx/hiview/analysis_faultlog
[OHOS INFO] [NINJA] [1297/1297] STAMP obj/base/hiviewdfx/hiview/hiview_package.stamp
[OHOS INFO]  The run time for _ninja is 86.45 s
[OHOS INFO] [POSTBUILD] ccache_dir = /home/mgces/.ccache, ccache_exec = /usr/bin/ccache
[OHOS INFO] [POSTBUILD] --------------------------------------------
[OHOS INFO] [POSTBUILD] ccache summary:
[OHOS INFO] [POSTBUILD] ccache version: 4.9.1
[OHOS INFO] [POSTBUILD] cache hit (direct): 1081
[OHOS INFO] [POSTBUILD] cache hit (preprocessed): 0
[OHOS INFO] [POSTBUILD] cache miss: 3
[OHOS INFO] [POSTBUILD] hit rate: 99.72% 
[OHOS INFO] [POSTBUILD] miss rate: 0.28% 
[OHOS INFO] [POSTBUILD] Cache size (GB): 67.2 /  100.0 (67.25%)
[OHOS INFO] [POSTBUILD] ---------------------------------------------
[OHOS INFO] [POSTBUILD] unrecognized ninja log format, we need # ninja log v5
[OHOS INFO] [POSTBUILD] 
[OHOS INFO] [POSTBUILD] c targets overlap rate statistics
[OHOS INFO] [POSTBUILD] subsystem       	files NO.	percentage	builds NO.	percentage	overlap rate
[OHOS INFO] [POSTBUILD] arkcompiler     	    2378	17.7%	    2586	18.6%	1.09
[OHOS INFO] [POSTBUILD] thirdparty      	    5445	40.5%	    5677	40.8%	1.04
[OHOS INFO] [POSTBUILD] ability         	     453	3.4%	     453	3.3%	1.00
[OHOS INFO] [POSTBUILD] account         	      56	0.4%	      56	0.4%	1.00
[OHOS INFO] [POSTBUILD] arkui           	      37	0.3%	      37	0.3%	1.00
[OHOS INFO] [POSTBUILD] barrierfree     	      41	0.3%	      41	0.3%	1.00
[OHOS INFO] [POSTBUILD] bundlemanager   	     124	0.9%	     124	0.9%	1.00
[OHOS INFO] [POSTBUILD] commonlibrary   	      56	0.4%	      56	0.4%	1.00
[OHOS INFO] [POSTBUILD] communication   	     332	2.5%	     332	2.4%	1.00
[OHOS INFO] [POSTBUILD] customization   	       1	0.0%	       1	0.0%	1.00
[OHOS INFO] [POSTBUILD] developtools    	       9	0.1%	       9	0.1%	1.00
[OHOS INFO] [POSTBUILD] deviceprofile   	      37	0.3%	      37	0.3%	1.00
[OHOS INFO] [POSTBUILD] distributeddatamgr	     507	3.8%	     507	3.6%	1.00
[OHOS INFO] [POSTBUILD] distributedhardware	      19	0.1%	      19	0.1%	1.00
[OHOS INFO] [POSTBUILD] filemanagement  	      15	0.1%	      15	0.1%	1.00
[OHOS INFO] [POSTBUILD] global          	      87	0.6%	      87	0.6%	1.00
[OHOS INFO] [POSTBUILD] graphic         	     850	6.3%	     850	6.1%	1.00
[OHOS INFO] [POSTBUILD] hdf             	      60	0.4%	      60	0.4%	1.00
[OHOS INFO] [POSTBUILD] hiviewdfx       	     633	4.7%	     633	4.6%	1.00
[OHOS INFO] [POSTBUILD] inputmethod     	      43	0.3%	      43	0.3%	1.00
[OHOS INFO] [POSTBUILD] multimedia      	     128	1.0%	     128	0.9%	1.00
[OHOS INFO] [POSTBUILD] multimodalinput 	      58	0.4%	      58	0.4%	1.00
[OHOS INFO] [POSTBUILD] notification    	      37	0.3%	      37	0.3%	1.00
[OHOS INFO] [POSTBUILD] powermgr        	      38	0.3%	      38	0.3%	1.00
[OHOS INFO] [POSTBUILD] resourceschedule	     163	1.2%	     163	1.2%	1.00
[OHOS INFO] [POSTBUILD] security        	     180	1.3%	     180	1.3%	1.00
[OHOS INFO] [POSTBUILD] startup         	      61	0.5%	      61	0.4%	1.00
[OHOS INFO] [POSTBUILD] systemabilitymgr	      19	0.1%	      19	0.1%	1.00
[OHOS INFO] [POSTBUILD] window          	      75	0.6%	      75	0.5%	1.00
[OHOS INFO] [POSTBUILD] 
[OHOS INFO] [POSTBUILD] c overall build overlap rate: 1.03
[OHOS INFO] [POSTBUILD] 
[OHOS INFO] [POSTBUILD] 
Scanning 0 ELF files now ...
Build dependence tree for 0 ELF files now ...
    Got 1 dependencies
Load compile information now ...
file info not found.
/home/mgces/openharmony/code/out/rk3568/packages/phone/vendor/etc/hdfconfig/hdf_default.hcb or /home/mgces/openharmony/code/out/rk3568/obj/drivers/hdf_core/framework/tools/hc-gen/hc-gen not exist
Do NO-Depends-On-NAPI rule checking now:
Do NO-Depends-On-SA rule checking now:
Do NO-Depends-On-HDI rule checking now:
****add chipsetsdk_rules_path path:/home/mgces/openharmony/code/developtools/integration_verification/tools/deps_guard/rules_checker/../rules****
****Parsing rules file in /home/mgces/openharmony/code/developtools/integration_verification/tools/deps_guard/rules_checker/../rules/ChipsetSDK/chipsetsdk_info.json****
Do ChipsetSDK rule checking now:
****add chipsetsdk_rules_path path:/home/mgces/openharmony/code/developtools/integration_verification/tools/deps_guard/rules_checker/../rules****
****Parsing rules file in /home/mgces/openharmony/code/developtools/integration_verification/tools/deps_guard/rules_checker/../rules/ChipsetSDK/chipsetsdk_info.json****
****add chipsetsdk_rules_path path:/home/mgces/openharmony/code/developtools/integration_verification/tools/deps_guard/rules_checker/../rules****
****Parsing rules file in /home/mgces/openharmony/code/developtools/integration_verification/tools/deps_guard/rules_checker/../rules/ChipsetSDK/chipsetsdk_indirect.json****
****chipsetsdk dep whitelist file is /home/mgces/openharmony/code/developtools/integration_verification/tools/deps_guard/rules_checker/../rules/chipsetsdk_dep_whitelist.json****
****chipsetsdk dep whitelist file is /home/mgces/openharmony/code/developtools/integration_verification/tools/deps_guard/rules_checker/../rules/chipsetsdk_dep_whitelist.json****
****check_depends_on_chipsetsdk result:True****
****add path:/home/mgces/openharmony/code/developtools/integration_verification/tools/deps_guard/rules_checker/../rules****
****Parsing rules file in /home/mgces/openharmony/code/developtools/integration_verification/tools/deps_guard/rules_checker/../rules/Passthrough/passthrough_info.json****
****add path:/home/mgces/openharmony/code/developtools/integration_verification/tools/deps_guard/rules_checker/../rules****
****Parsing rules file in /home/mgces/openharmony/code/developtools/integration_verification/tools/deps_guard/rules_checker/../rules/LLndk/llndk_info.json****
****add path:/home/mgces/openharmony/code/developtools/integration_verification/tools/deps_guard/rules_checker/../rules****
****Parsing rules file in /home/mgces/openharmony/code/developtools/integration_verification/tools/deps_guard/rules_checker/../rules/ChipsetsdkSP/chipsetsdk_sp_info.json****
****add path:/home/mgces/openharmony/code/developtools/integration_verification/tools/deps_guard/rules_checker/../rules****
****Parsing rules file in /home/mgces/openharmony/code/developtools/integration_verification/tools/deps_guard/rules_checker/../rules/ChipsetSDK/chipsetsdk_info.json****
****check_if_deps_correctly result:True****
****add path:/home/mgces/openharmony/code/developtools/integration_verification/tools/deps_guard/rules_checker/../rules****
****Parsing rules file in /home/mgces/openharmony/code/developtools/integration_verification/tools/deps_guard/rules_checker/../rules/Passthrough/passthrough_info.json****
****add path:/home/mgces/openharmony/code/developtools/integration_verification/tools/deps_guard/rules_checker/../rules****
****Parsing rules file in /home/mgces/openharmony/code/developtools/integration_verification/tools/deps_guard/rules_checker/../rules/LLndk/llndk_info.json****
****add path:/home/mgces/openharmony/code/developtools/integration_verification/tools/deps_guard/rules_checker/../rules****
****Parsing rules file in /home/mgces/openharmony/code/developtools/integration_verification/tools/deps_guard/rules_checker/../rules/ChipsetsdkSP/chipsetsdk_sp_info.json****
****add path:/home/mgces/openharmony/code/developtools/integration_verification/tools/deps_guard/rules_checker/../rules****
****Parsing rules file in /home/mgces/openharmony/code/developtools/integration_verification/tools/deps_guard/rules_checker/../rules/ChipsetSDK/chipsetsdk_info.json****
****check_if_deps_correctly indirect result:True****
****check_tagged_correctly result:True****
****add path:/home/mgces/openharmony/code/developtools/integration_verification/tools/deps_guard/rules_checker/../rules****
****Parsing rules file in /home/mgces/openharmony/code/developtools/integration_verification/tools/deps_guard/rules_checker/../rules/Passthrough/passthrough_info.json****
****add path:/home/mgces/openharmony/code/developtools/integration_verification/tools/deps_guard/rules_checker/../rules****
****Parsing rules file in /home/mgces/openharmony/code/developtools/integration_verification/tools/deps_guard/rules_checker/../rules/LLndk/llndk_info.json****
****add path:/home/mgces/openharmony/code/developtools/integration_verification/tools/deps_guard/rules_checker/../rules****
****Parsing rules file in /home/mgces/openharmony/code/developtools/integration_verification/tools/deps_guard/rules_checker/../rules/ChipsetsdkSP/chipsetsdk_sp_info.json****
****add path:/home/mgces/openharmony/code/developtools/integration_verification/tools/deps_guard/rules_checker/../rules****
****Parsing rules file in /home/mgces/openharmony/code/developtools/integration_verification/tools/deps_guard/rules_checker/../rules/ChipsetSDK/chipsetsdk_info.json****
Do BaseInnerApi rule checking now:
****chipsetsdk dep whitelist file is /home/mgces/openharmony/code/developtools/integration_verification/tools/deps_guard/rules_checker/../rules/chipsetsdk_dep_whitelist.json****
****add chipsetsdk_sp_rules_path path:/home/mgces/openharmony/code/developtools/integration_verification/tools/deps_guard/rules_checker/../rules****
****Parsing rules file in /home/mgces/openharmony/code/developtools/integration_verification/tools/deps_guard/rules_checker/../rules/ChipsetsdkSP/chipsetsdk_sp_info.json****
Do ChipsetsdkSP rule checking now:
****add chipsetsdk_sp_rules_path path:/home/mgces/openharmony/code/developtools/integration_verification/tools/deps_guard/rules_checker/../rules****
****Parsing rules file in /home/mgces/openharmony/code/developtools/integration_verification/tools/deps_guard/rules_checker/../rules/ChipsetsdkSP/chipsetsdk_sp_info.json****
****add chipsetsdk_sp_rules_path path:/home/mgces/openharmony/code/developtools/integration_verification/tools/deps_guard/rules_checker/../rules****
****Parsing rules file in /home/mgces/openharmony/code/developtools/integration_verification/tools/deps_guard/rules_checker/../rules/ChipsetsdkSP/chipsetsdk_sp_indirect.json****
****chipsetsdk dep whitelist file is /home/mgces/openharmony/code/developtools/integration_verification/tools/deps_guard/rules_checker/../rules/chipsetsdk_dep_whitelist.json****
****check_depends_on_chipsetsdk_sp result:True****
****add path:/home/mgces/openharmony/code/developtools/integration_verification/tools/deps_guard/rules_checker/../rules****
****Parsing rules file in /home/mgces/openharmony/code/developtools/integration_verification/tools/deps_guard/rules_checker/../rules/Passthrough/passthrough_info.json****
****add path:/home/mgces/openharmony/code/developtools/integration_verification/tools/deps_guard/rules_checker/../rules****
****Parsing rules file in /home/mgces/openharmony/code/developtools/integration_verification/tools/deps_guard/rules_checker/../rules/LLndk/llndk_info.json****
****add path:/home/mgces/openharmony/code/developtools/integration_verification/tools/deps_guard/rules_checker/../rules****
****Parsing rules file in /home/mgces/openharmony/code/developtools/integration_verification/tools/deps_guard/rules_checker/../rules/ChipsetsdkSP/chipsetsdk_sp_info.json****
****add path:/home/mgces/openharmony/code/developtools/integration_verification/tools/deps_guard/rules_checker/../rules****
****Parsing rules file in /home/mgces/openharmony/code/developtools/integration_verification/tools/deps_guard/rules_checker/../rules/ChipsetSDK/chipsetsdk_info.json****
****check_if_deps_correctly result:True****
****add path:/home/mgces/openharmony/code/developtools/integration_verification/tools/deps_guard/rules_checker/../rules****
****Parsing rules file in /home/mgces/openharmony/code/developtools/integration_verification/tools/deps_guard/rules_checker/../rules/Passthrough/passthrough_info.json****
****add path:/home/mgces/openharmony/code/developtools/integration_verification/tools/deps_guard/rules_checker/../rules****
****Parsing rules file in /home/mgces/openharmony/code/developtools/integration_verification/tools/deps_guard/rules_checker/../rules/LLndk/llndk_info.json****
****add path:/home/mgces/openharmony/code/developtools/integration_verification/tools/deps_guard/rules_checker/../rules****
****Parsing rules file in /home/mgces/openharmony/code/developtools/integration_verification/tools/deps_guard/rules_checker/../rules/ChipsetsdkSP/chipsetsdk_sp_info.json****
****add path:/home/mgces/openharmony/code/developtools/integration_verification/tools/deps_guard/rules_checker/../rules****
****Parsing rules file in /home/mgces/openharmony/code/developtools/integration_verification/tools/deps_guard/rules_checker/../rules/ChipsetSDK/chipsetsdk_info.json****
****check_if_deps_correctly indirect result:True****
****check_tagged_correctly result:True****
****add more llndk info in dir:/home/mgces/openharmony/code/developtools/integration_verification/tools/deps_guard/rules_checker/../rules****
****Parsing rules file in /home/mgces/openharmony/code/developtools/integration_verification/tools/deps_guard/rules_checker/../rules/LLndk/llndk_info.json****
Do LLndk rule checking now:
****chipsetsdk dep whitelist file is /home/mgces/openharmony/code/developtools/integration_verification/tools/deps_guard/rules_checker/../rules/chipsetsdk_dep_whitelist.json****
****add more llndk info in dir:/home/mgces/openharmony/code/developtools/integration_verification/tools/deps_guard/rules_checker/../rules****
****Parsing rules file in /home/mgces/openharmony/code/developtools/integration_verification/tools/deps_guard/rules_checker/../rules/LLndk/llndk_info.json****
****check_if_tagged_correctly result:True****
****add path:/home/mgces/openharmony/code/developtools/integration_verification/tools/deps_guard/rules_checker/../rules****
****Parsing rules file in /home/mgces/openharmony/code/developtools/integration_verification/tools/deps_guard/rules_checker/../rules/Passthrough/passthrough_info.json****
****add path:/home/mgces/openharmony/code/developtools/integration_verification/tools/deps_guard/rules_checker/../rules****
****Parsing rules file in /home/mgces/openharmony/code/developtools/integration_verification/tools/deps_guard/rules_checker/../rules/LLndk/llndk_info.json****
****add path:/home/mgces/openharmony/code/developtools/integration_verification/tools/deps_guard/rules_checker/../rules****
****Parsing rules file in /home/mgces/openharmony/code/developtools/integration_verification/tools/deps_guard/rules_checker/../rules/ChipsetsdkSP/chipsetsdk_sp_info.json****
****add path:/home/mgces/openharmony/code/developtools/integration_verification/tools/deps_guard/rules_checker/../rules****
****Parsing rules file in /home/mgces/openharmony/code/developtools/integration_verification/tools/deps_guard/rules_checker/../rules/ChipsetSDK/chipsetsdk_info.json****
****check_if_deps_correctly result:True****
****add more passthrough info in dir:/home/mgces/openharmony/code/developtools/integration_verification/tools/deps_guard/rules_checker/../rules****
****Parsing rules file in /home/mgces/openharmony/code/developtools/integration_verification/tools/deps_guard/rules_checker/../rules/Passthrough/passthrough_info.json****
Do Passthrough rule checking now:
****add more passthrough info in dir:/home/mgces/openharmony/code/developtools/integration_verification/tools/deps_guard/rules_checker/../rules****
****Parsing rules file in /home/mgces/openharmony/code/developtools/integration_verification/tools/deps_guard/rules_checker/../rules/Passthrough/passthrough_info.json****
****add more passthrough info in dir:/home/mgces/openharmony/code/developtools/integration_verification/tools/deps_guard/rules_checker/../rules****
****Parsing rules file in /home/mgces/openharmony/code/developtools/integration_verification/tools/deps_guard/rules_checker/../rules/Passthrough/passthrough_indirect.json****
****chipsetsdk dep whitelist file is /home/mgces/openharmony/code/developtools/integration_verification/tools/deps_guard/rules_checker/../rules/chipsetsdk_dep_whitelist.json****
****check_depends_on_passthrough result:True****
****add path:/home/mgces/openharmony/code/developtools/integration_verification/tools/deps_guard/rules_checker/../rules****
****Parsing rules file in /home/mgces/openharmony/code/developtools/integration_verification/tools/deps_guard/rules_checker/../rules/Passthrough/passthrough_info.json****
****add path:/home/mgces/openharmony/code/developtools/integration_verification/tools/deps_guard/rules_checker/../rules****
****Parsing rules file in /home/mgces/openharmony/code/developtools/integration_verification/tools/deps_guard/rules_checker/../rules/LLndk/llndk_info.json****
****add path:/home/mgces/openharmony/code/developtools/integration_verification/tools/deps_guard/rules_checker/../rules****
****Parsing rules file in /home/mgces/openharmony/code/developtools/integration_verification/tools/deps_guard/rules_checker/../rules/ChipsetsdkSP/chipsetsdk_sp_info.json****
****add path:/home/mgces/openharmony/code/developtools/integration_verification/tools/deps_guard/rules_checker/../rules****
****Parsing rules file in /home/mgces/openharmony/code/developtools/integration_verification/tools/deps_guard/rules_checker/../rules/ChipsetSDK/chipsetsdk_info.json****
****check_if_deps_correctly result:True****
****add path:/home/mgces/openharmony/code/developtools/integration_verification/tools/deps_guard/rules_checker/../rules****
****Parsing rules file in /home/mgces/openharmony/code/developtools/integration_verification/tools/deps_guard/rules_checker/../rules/Passthrough/passthrough_info.json****
****add path:/home/mgces/openharmony/code/developtools/integration_verification/tools/deps_guard/rules_checker/../rules****
****Parsing rules file in /home/mgces/openharmony/code/developtools/integration_verification/tools/deps_guard/rules_checker/../rules/LLndk/llndk_info.json****
****add path:/home/mgces/openharmony/code/developtools/integration_verification/tools/deps_guard/rules_checker/../rules****
****Parsing rules file in /home/mgces/openharmony/code/developtools/integration_verification/tools/deps_guard/rules_checker/../rules/ChipsetsdkSP/chipsetsdk_sp_info.json****
****add path:/home/mgces/openharmony/code/developtools/integration_verification/tools/deps_guard/rules_checker/../rules****
****Parsing rules file in /home/mgces/openharmony/code/developtools/integration_verification/tools/deps_guard/rules_checker/../rules/ChipsetSDK/chipsetsdk_info.json****
****check_if_deps_correctly indirect result:True****
****check_tagged_correctly result:True****
All rules passed
Warning, invalid config file /home/mgces/openharmony/code/out/rk3568/packages/phone/system/etc/init.cfg
Error, invalid selinux config path /home/mgces/openharmony/code/out/rk3568/packages/phone/system/etc/selinux/config
Warning, invalid parameter file  /home/mgces/openharmony/code/out/rk3568/packages/phone/system/etc/selinux/targeted/contexts/parameter_contexts
Do NO-Config-Cmds-In-Init rule checking now:
[35m[WARNING][0m: selinux status is 
Do NO-Config-SystemParameter-In-INIT rule checking now:
Do NO-User-Group_In-Init rule checking now:
  Please refer to: [91mhttps://gitee.com/openharmony/developtools_integration_verification/tree/master/tools/startup_guard/rules/NO-User-Group_In-Init/README.md[0m
Do NO-Plug-In_Module-Init rule checking now:
Do NO-Illegal-SA-Directory-Creation rule checking now:
Please modify according to README.md
[OHOS INFO]  rk3568 build success
[OHOS INFO]  Cost Time:  0:04:17
[32m=====build  successful=====[0m
2026-07-08 18:41:27
++++++++++++++++++++++++++++++++++++++++
