python3: Python 3.12.10
=== 编译 appfreeze_manager.o + hiview_package (-k 0) ===
开始: Wed Jul 15 00:30:27 CST 2026
ninja: Entering directory `.'
[1/1905] ACTION //arkcompiler/ets_frontend/ets2panda:check_build_system_consistency(//build/toolchain/linux:clang_x64)
all file types are consistent beetween CMake and GN
[2/1390] ACTION //base/security/access_token/frameworks/common:permission_definition_check(//build/toolchain/ohos:ohos_clang_arm)
Check permission consistency pass!
[3/1310] ACTION //arkcompiler/runtime_core/static_core/libarkfile:libarktsfile__notice(//build/toolchain/ohos:ohos_clang_arm)
[4/1309] ACTION //arkcompiler/runtime_core/static_core/libziparchive:libarktsziparchive_frontend_set_static__notice(//build/toolchain/linux:clang_x64)
[5/1308] ACTION //arkcompiler/runtime_core/static_core/libziparchive:libarktsziparchive__notice(//build/toolchain/linux:clang_x64)
[6/1307] ACTION //arkcompiler/runtime_core/static_core/libarkbase:libarktsbase__notice(//build/toolchain/linux:clang_x64)
[7/1306] ACTION //arkcompiler/runtime_core/static_core/runtime/asm_defines:asm_defines__notice(//build/toolchain/linux:clang_x64)
[8/1305] ACTION //arkcompiler/runtime_core/static_core/libarkbase:libarktsbase_static__notice(//build/toolchain/ohos:ohos_clang_arm)
[9/1303] ACTION //arkcompiler/runtime_core/static_core/runtime/asm_defines:asm_defines__notice(//build/toolchain/ohos:ohos_clang_arm)
[10/1302] ACTION //arkcompiler/runtime_core/static_core/libarkbase:libarktsbase__notice(//build/toolchain/ohos:ohos_clang_arm)
[11/1301] ACTION //arkcompiler/runtime_core/static_core/libarkbase:libarktsbase_static__notice(//build/toolchain/linux:clang_x64)
[12/1299] ACTION //arkcompiler/runtime_core/static_core/libarkbase:libarktsbase_frontend_set_static__notice(//build/toolchain/linux:clang_x64)
[13/1297] ACTION //arkcompiler/runtime_core/static_core/compiler:libarktscompiler__notice(//build/toolchain/linux:clang_x64)
[14/1296] ACTION //arkcompiler/runtime_core/static_core/compiler/optimizer/code_generator:libarkencoder__notice(//build/toolchain/linux:clang_x64)
[15/1294] ACTION //arkcompiler/runtime_core/static_core/libziparchive:libarktsziparchive_static__notice(//build/toolchain/linux:clang_x64)
[16/1292] ACTION //arkcompiler/runtime_core/static_core/libarkbase:libarktsbase_frontend_static__notice(//build/toolchain/linux:clang_x64)
[17/1291] ACTION //arkcompiler/runtime_core/static_core/libziparchive:libarktsziparchive_static__notice(//build/toolchain/ohos:ohos_clang_arm)
[18/1289] ACTION //arkcompiler/runtime_core/static_core/libarkfile:libarktsfile_frontend_set_static__notice(//build/toolchain/linux:clang_x64)
[19/1288] ACTION //arkcompiler/runtime_core/static_core/isa:isa_combine_static_etc__notice(//build/toolchain/linux:clang_x64)
[20/1287] ACTION //arkcompiler/runtime_core/static_core/libziparchive:libarktsziparchive__notice(//build/toolchain/ohos:ohos_clang_arm)
[21/1286] ACTION //third_party/skia/m133:ohos_fontconfig.json__notice(//build/toolchain/ohos:ohos_clang_arm)
[22/1285] ACTION //arkcompiler/runtime_core/static_core/libarkfile:libarktsfile_static__notice(//build/toolchain/ohos:ohos_clang_arm)
[23/1283] ACTION //arkcompiler/runtime_core/static_core/libarkfile:libarktsfile_static__notice(//build/toolchain/linux:clang_x64)
[24/1281] ACTION //arkcompiler/runtime_core/static_core/libarkfile:libarktsfile__notice(//build/toolchain/linux:clang_x64)
[25/1279] ACTION //third_party/skia/m133:ohos_font_file_map.json__notice(//build/toolchain/ohos:ohos_clang_arm)
[26/1278] ACTION //arkcompiler/runtime_core/static_core/libziparchive:libarktsziparchive_frontend_static__notice(//build/toolchain/linux:clang_x64)
[27/1276] ACTION //arkcompiler/runtime_core/static_core/assembler:libarktsassembler_frontend_set_static__notice(//build/toolchain/linux:clang_x64)
[28/1275] ACTION //third_party/skia/m133:ohos_fontconfig_old.json__notice(//build/toolchain/ohos:ohos_clang_arm)
[29/1274] ACTION //arkcompiler/runtime_core/static_core/compiler/optimizer/code_generator:libarkencoder_frontend_dependency_static__notice(//build/toolchain/linux:clang_x64)
[30/1272] ACTION //arkcompiler/runtime_core/static_core/assembler:libarktsassembler__notice(//build/toolchain/linux:clang_x64)
[31/1271] ACTION //arkcompiler/runtime_core/static_core/bytecode_optimizer:libarktsbytecodeopt_frontend_static__notice(//build/toolchain/linux:clang_x64)
[32/1270] ACTION //arkcompiler/runtime_core/static_core/compiler:libarktscompiler_frontend_static__notice(//build/toolchain/linux:clang_x64)
[33/1269] ACTION //arkcompiler/runtime_core/static_core/assembler:libarktsassembler_frontend_static__notice(//build/toolchain/linux:clang_x64)
[34/1268] ACTION //arkcompiler/runtime_core/static_core/assembler:libarktsassembler_static__notice(//build/toolchain/linux:clang_x64)
[35/1266] ACTION //arkcompiler/runtime_core/static_core/libarkbase:libarktsbase_package__notice(//build/toolchain/linux:clang_x64)
[36/1265] ACTION //arkcompiler/runtime_core/static_core/compiler:libarktscompiler_package__notice(//build/toolchain/linux:clang_x64)
[37/1264] ACTION //arkcompiler/runtime_core/static_core/assembler:assembler_headers__notice(//build/toolchain/linux:clang_x64)
[38/1262] ACTION //arkcompiler/runtime_core/static_core/assembler:libarktsassembler_package__notice(//build/toolchain/linux:clang_x64)
[39/1261] ACTION //third_party/skia/m133/modules/svg:svg__notice(//build/toolchain/ohos:ohos_clang_arm)
[40/1236] ACTION //arkcompiler/runtime_core/static_core/libarkfile:libarktsfile_frontend_static__notice(//build/toolchain/linux:clang_x64)
[41/1232] ACTION //arkcompiler/runtime_core/static_core/runtime:runtime_gen_headers__notice(//build/toolchain/linux:clang_x64)
[42/1230] ACTION //arkcompiler/runtime_core/static_core/compiler:compiler_headers__notice(//build/toolchain/linux:clang_x64)
[43/1228] ACTION //arkcompiler/runtime_core/static_core/libarkfile:libpandafile_headers__notice(//build/toolchain/linux:clang_x64)
[44/1226] ACTION //arkcompiler/runtime_core/static_core/bytecode_optimizer:libarktsbytecodeopt_package__notice(//build/toolchain/linux:clang_x64)
[45/1225] ACTION //arkcompiler/runtime_core/static_core/libarkfile:libarktsfile_package__notice(//build/toolchain/linux:clang_x64)
[46/1224] ACTION //arkcompiler/runtime_core/static_core/runtime:runtime_headers__notice(//build/toolchain/linux:clang_x64)
[47/1222] ACTION //arkcompiler/runtime_core/static_core/bytecode_optimizer:bytecode_optimizer_headers__notice(//build/toolchain/linux:clang_x64)
[48/1220] ACTION //arkcompiler/runtime_core/static_core/irtoc:irtoc__notice(//build/toolchain/linux:clang_x64)
[49/1218] ACTION //arkcompiler/runtime_core/static_core/libarkbase:libpandabase_headers__notice(//build/toolchain/linux:clang_x64)
[50/1215] ACTION //arkcompiler/runtime_core/static_core/verification/gen:verification_headers__notice(//build/toolchain/linux:clang_x64)
[51/1212] ACTION //arkcompiler/runtime_core/static_core/irtoc:irtoc_fastpath_exec__notice(//build/toolchain/linux:clang_x64)
[52/1210] ACTION //arkcompiler/runtime_core/static_core/irtoc:irtoc_interpreter_exec__notice(//build/toolchain/linux:clang_x64)
[53/1208] ACTION //arkcompiler/runtime_core/static_core/compiler/optimizer/code_generator:libarkencoder__notice(//build/toolchain/ohos:ohos_clang_arm)
[54/1206] ACTION //arkcompiler/runtime_core/static_core/irtoc:irtoc_ets_fastpath_exec__notice(//build/toolchain/linux:clang_x64)
[55/1204] ACTION //arkcompiler/runtime_core/static_core/assembler:libarktsassembler_static__notice(//build/toolchain/ohos:ohos_clang_arm)
[56/1203] STAMP obj/base/powermgr/thermal_manager/services/zidl/thermalmgr_proxy.stamp
[57/1203] STAMP obj/foundation/communication/wifi/wifi/frameworks/native/wifi_hotspot_proxy_impl.stamp
[58/1203] STAMP obj/foundation/communication/wifi/wifi/frameworks/native/wifi_p2p_proxy_impl.stamp
[59/1203] STAMP obj/foundation/communication/wifi/wifi/frameworks/native/wifi_device_proxy_impl.stamp
[60/1203] STAMP obj/foundation/communication/wifi/wifi/frameworks/native/wifi_scan_proxy_impl.stamp
[61/1203] ACTION //arkcompiler/runtime_core/static_core/dprof:libdprof_static__notice(//build/toolchain/ohos:ohos_clang_arm)
[62/1201] ACTION //arkcompiler/runtime_core/static_core/platforms/target_defaults:arktarget_options_static__notice(//build/toolchain/ohos:ohos_clang_arm)
[63/1199] ACTION //arkcompiler/runtime_core/static_core/runtime/para:Interop.para__notice(//build/toolchain/ohos:ohos_clang_arm)
[64/1198] ACTION //arkcompiler/runtime_core/static_core/assembler:libarktsassembler__notice(//build/toolchain/ohos:ohos_clang_arm)
[65/1197] ACTION //arkcompiler/runtime_core/static_core/runtime/para:Runtime.para__notice(//build/toolchain/ohos:ohos_clang_arm)
[66/1196] ACTION //arkcompiler/runtime_core/static_core/runtime/para:Interop.para.dac__notice(//build/toolchain/ohos:ohos_clang_arm)
[67/1195] ACTION //arkcompiler/runtime_core/static_core/runtime/para:Runtime.para.dac__notice(//build/toolchain/ohos:ohos_clang_arm)
[68/1194] ACTION //arkcompiler/runtime_core/static_core/compiler:libarktscompiler__notice(//build/toolchain/ohos:ohos_clang_arm)
[69/1191] ACTION //arkcompiler/runtime_core/static_core/dprof:libdprof__notice(//build/toolchain/ohos:ohos_clang_arm)
[70/1190] ACTION //arkcompiler/runtime_core/static_core/etc/para:code_coverage.para__notice(//build/toolchain/ohos:ohos_clang_arm)
[71/1189] ACTION //arkcompiler/runtime_core/static_core/etc/para:code_coverage.para.dac__notice(//build/toolchain/ohos:ohos_clang_arm)
[72/1188] ACTION //arkcompiler/runtime_core/static_core/compiler/aot:libarkaotmanager__notice(//build/toolchain/ohos:ohos_clang_arm)
[73/1186] ACTION //arkcompiler/runtime_core/static_core/platforms/target_defaults:arktarget_options__notice(//build/toolchain/ohos:ohos_clang_arm)
[74/1185] ACTION //arkcompiler/runtime_core/static_core/runtime:libarkruntime_set_static__notice(//build/toolchain/ohos:ohos_clang_arm)
[75/1184] ACTION //arkcompiler/runtime_core/static_core/runtime:arkruntime_interpreter_impl__notice(//build/toolchain/ohos:ohos_clang_arm)
[76/1182] ACTION //arkcompiler/runtime_core/static_core/plugins/ets/runtime/ani:ani__notice(//build/toolchain/ohos:ohos_clang_arm)
[77/1174] ACTION //arkcompiler/runtime_core/static_core/runtime:libarkruntime__notice(//build/toolchain/ohos:ohos_clang_arm)
[78/1150] SOLINK security/access_token/libtokensetproc_shared.z.so
[79/1150] SOLINK thirdparty/libcoap/libcoap.z.so
[80/1150] CXX obj/foundation/communication/wifi/wifi/frameworks/native/src/wifi_sdk/wifi_hid2d_msg.o
[81/1150] CXX obj/foundation/communication/wifi/wifi/frameworks/native/src/wifi_sdk/wifi_p2p_msg.o
[82/1150] CXX obj/base/powermgr/thermal_manager/services/zidl/src/thermalsrv_client/thermal_level_callback_stub.o
[83/1150] CXX obj/base/powermgr/thermal_manager/services/zidl/src/thermalsrv_client/thermal_action_callback_stub.o
[84/1150] CXX obj/foundation/communication/wifi/wifi/frameworks/native/src/wifi_sdk/wifi_hotspot_callback_stub.o
[85/1150] CXX obj/base/powermgr/thermal_manager/services/zidl/src/thermalsrv_client/thermal_temp_callback_stub.o
[86/1150] CXX obj/foundation/communication/wifi/wifi/frameworks/native/src/wifi_sdk/wifi_msg.o
[87/1150] CXX obj/foundation/communication/wifi/wifi/frameworks/native/c_adapter/src/wifi_sdk/wifi_c_hid2d.o
[88/1150] CXX obj/foundation/communication/wifi/wifi/frameworks/native/src/wifi_sdk/wifi_hid2d.o
[89/1150] CXX obj/foundation/communication/wifi/wifi/frameworks/native/c_adapter/src/wifi_sdk/wifi_c_utils.o
[90/1150] CXX obj/foundation/communication/wifi/wifi/frameworks/native/src/wifi_sdk/wifi_hotspot.o
[91/1150] CXX obj/foundation/communication/wifi/wifi/frameworks/native/c_adapter/src/wifi_sdk/wifi_c_hotspot.o
[92/1150] CXX obj/foundation/communication/wifi/wifi/frameworks/native/src/wifi_sdk/wifi_p2p.o
[93/1150] CXX obj/foundation/communication/wifi/wifi/frameworks/native/src/wifi_sdk/wifi_device.o
[94/1150] CXX obj/foundation/communication/wifi/wifi/frameworks/native/c_adapter/src/wifi_sdk/wifi_c_p2p.o
[95/1150] CXX obj/foundation/communication/wifi/wifi/frameworks/native/src/wifi_sdk/wifi_p2p_callback_stub.o
[96/1150] CXX obj/foundation/communication/wifi/wifi/frameworks/native/c_adapter/src/wifi_sdk/wifi_c_event.o
[97/1150] CXX obj/foundation/communication/wifi/wifi/frameworks/native/src/wifi_sdk/wifi_device_callback_stub.o
[98/1150] CXX obj/foundation/communication/wifi/wifi/frameworks/native/c_adapter/src/wifi_sdk/wifi_c_device.o
[99/1150] CXX obj/base/powermgr/thermal_manager/frameworks/native/thermalsrv_client/thermal_srv_sensor_info.o
[100/1150] CXX obj/foundation/communication/wifi/wifi/frameworks/native/src/wifi_sdk/network_selection.o
[101/1150] CXX obj/base/powermgr/thermal_manager/frameworks/native/thermalsrv_client/thermal_mgr_client.o
[102/1150] SOLINK inputmethod/imf/libinputmethod_client.z.so
[103/1150] CXX obj/foundation/graphic/graphic_2d/rosen/modules/render_service_base/src/modifier_ng/appearance/render_service_base_src/rs_dynamic_light_up_render_modifier.o
[104/1150] CXX obj/foundation/graphic/graphic_2d/rosen/modules/render_service_base/src/modifier_ng/appearance/render_service_base_src/rs_border_render_modifier.o
[105/1150] CXX obj/foundation/graphic/graphic_2d/rosen/modules/render_service_base/src/modifier_ng/appearance/render_service_base_src/rs_compositing_filter_render_modifier.o
[106/1150] CXX obj/foundation/graphic/graphic_2d/rosen/modules/render_service_base/src/modifier_ng/appearance/render_service_base_src/rs_particle_effect_render_modifier.o
[107/1150] CXX obj/foundation/graphic/graphic_2d/rosen/modules/render_service_base/src/modifier_ng/appearance/render_service_base_src/rs_color_picker_render_modifier.o
[108/1150] CXX obj/foundation/graphic/graphic_2d/rosen/modules/render_service_base/src/modifier_ng/appearance/render_service_base_src/rs_material_filter_render_modifier.o
[109/1150] CXX obj/foundation/graphic/graphic_2d/rosen/modules/render_service_base/src/modifier_ng/appearance/render_service_base_src/rs_mask_render_modifier.o
[110/1150] CXX obj/foundation/graphic/graphic_2d/rosen/modules/render_service_base/src/modifier_ng/appearance/render_service_base_src/rs_outline_render_modifier.o
[111/1150] CXX obj/foundation/graphic/graphic_2d/rosen/modules/render_service_base/src/modifier_ng/appearance/render_service_base_src/rs_pixel_stretch_render_modifier.o
[112/1150] SOLINK ability/ability_runtime/libimage_native_bridge.z.so
[113/1150] CXX obj/foundation/graphic/graphic_2d/rosen/modules/render_service_base/src/modifier_ng/appearance/render_service_base_src/rs_behind_window_filter_render_modifier.o
[114/1150] CXX obj/foundation/graphic/graphic_2d/rosen/modules/render_service_base/src/modifier_ng/appearance/render_service_base_src/rs_background_filter_render_modifier.o
[115/1150] CXX obj/foundation/graphic/graphic_2d/rosen/modules/render_service_base/src/animation/render_service_base_src/rs_render_spring_animation.o
[116/1150] CXX obj/foundation/graphic/graphic_2d/rosen/modules/render_service_base/src/modifier_ng/appearance/render_service_base_src/rs_foreground_filter_render_modifier.o
[117/1150] CXX obj/foundation/graphic/graphic_2d/rosen/modules/render_service_base/src/modifier_ng/appearance/render_service_base_src/rs_material_shader_render_modifier.o
[118/1150] CXX obj/foundation/graphic/graphic_2d/rosen/modules/render_service_base/src/modifier_ng/appearance/render_service_base_src/rs_overlay_ng_shader_render_modifier.o
[119/1150] CXX obj/foundation/graphic/graphic_2d/rosen/modules/render_service_base/src/modifier_ng/appearance/render_service_base_src/rs_shadow_render_modifier.o
[120/1150] SOLINK ability/ability_runtime/libperm_verification.z.so
[121/1150] CXX obj/foundation/graphic/graphic_2d/rosen/modules/render_service_base/src/modifier_ng/appearance/render_service_base_src/rs_hdr_brightness_render_modifier.o
[122/1150] CXX obj/foundation/graphic/graphic_2d/rosen/modules/render_service_base/src/command/render_service_base_src/rs_message_processor.o
[123/1150] CXX obj/foundation/graphic/graphic_2d/rosen/modules/render_service_base/src/modifier_ng/appearance/render_service_base_src/rs_use_effect_render_modifier.o
[124/1150] CXX obj/foundation/graphic/graphic_2d/rosen/modules/render_service_base/src/animation/render_service_base_src/rs_render_path_animation.o
[125/1150] CXX obj/foundation/graphic/graphic_2d/rosen/modules/render_service_base/src/animation/render_service_base_src/rs_render_property_animation.o
[126/1150] SOLINK communication/dsoftbus/libsoftbus_adapter.z.so
[127/1150] CXX obj/foundation/graphic/graphic_2d/rosen/modules/render_service_base/src/modifier_ng/appearance/render_service_base_src/rs_visibility_render_modifier.o
[128/1150] CXX obj/foundation/graphic/graphic_2d/rosen/modules/render_service_base/src/modifier_ng/background/render_service_base_src/rs_background_image_render_modifier.o
[129/1150] CXX obj/foundation/graphic/graphic_2d/rosen/modules/render_service_base/src/modifier_ng/foreground/render_service_base_src/rs_foreground_color_render_modifier.o
[130/1150] CXX obj/foundation/graphic/graphic_2d/rosen/modules/render_service_base/src/modifier_ng/background/render_service_base_src/rs_background_color_render_modifier.o
[131/1150] CXX obj/foundation/graphic/graphic_2d/rosen/modules/render_service_base/src/modifier_ng/background/render_service_base_src/rs_background_shader_render_modifier.o
[132/1150] CXX obj/foundation/graphic/graphic_2d/rosen/modules/render_service_base/src/modifier_ng/appearance/render_service_base_src/rs_use_union_render_modifier.o
[133/1150] CXX obj/foundation/graphic/graphic_2d/rosen/modules/render_service_base/src/modifier_ng/background/render_service_base_src/rs_background_ng_shader_render_modifier.o
[134/1150] CXX obj/foundation/graphic/graphic_2d/rosen/modules/render_service_base/src/animation/render_service_base_src/rs_value_estimator.o
[135/1150] CXX obj/foundation/graphic/graphic_2d/rosen/modules/render_service_base/src/modifier_ng/geometry/render_service_base_src/rs_frame_render_modifier.o
[136/1150] CXX obj/foundation/graphic/graphic_2d/rosen/modules/render_service_base/src/modifier_ng/foreground/render_service_base_src/rs_env_foreground_color_render_modifier.o
[137/1150] CXX obj/foundation/graphic/graphic_2d/rosen/modules/render_service_base/src/modifier_ng/geometry/render_service_base_src/rs_bounds_clip_render_modifier.o
[138/1150] CXX obj/foundation/graphic/graphic_2d/rosen/modules/render_service_base/src/modifier_ng/foreground/render_service_base_src/rs_foreground_shader_render_modifier.o
[139/1150] CXX obj/foundation/graphic/graphic_2d/rosen/modules/render_service_base/src/modifier_ng/geometry/render_service_base_src/rs_bounds_render_modifier.o
[140/1150] CXX obj/foundation/graphic/graphic_2d/rosen/modules/render_service_base/src/modifier_ng/geometry/render_service_base_src/rs_frame_clip_render_modifier.o
[141/1150] CXX obj/foundation/graphic/graphic_2d/rosen/modules/render_service_base/src/modifier_ng/geometry/render_service_base_src/rs_transform_render_modifier.o
[142/1150] CXX obj/foundation/graphic/graphic_2d/rosen/modules/render_service_base/src/command/render_service_base_src/rs_animation_command.o
[143/1150] CXX obj/foundation/graphic/graphic_2d/rosen/modules/render_service_base/src/command/render_service_base_src/rs_canvas_node_command.o
[144/1150] CXX obj/foundation/graphic/graphic_2d/rosen/modules/render_service_base/src/command/render_service_base_src/rs_canvas_drawing_node_command.o
[145/1150] CXX obj/foundation/graphic/graphic_2d/rosen/modules/render_service_base/src/common/render_service_base_src/rs_event_def.o
[146/1150] SOLINK communication/dsoftbus/libFillpSo.open.z.so
[147/1150] CXX obj/foundation/graphic/graphic_2d/rosen/modules/render_service_base/src/common/render_service_base_src/rs_background_thread.o
[148/1150] CXX obj/foundation/graphic/graphic_2d/rosen/modules/render_service_base/src/common/render_service_base_src/rs_exception_check.o
[149/1150] CXX obj/foundation/graphic/graphic_2d/rosen/modules/render_service_base/src/command/render_service_base_src/rs_command_verify_helper.o
[150/1150] CXX obj/foundation/graphic/graphic_2d/rosen/modules/render_service_base/src/offscreen_render/render_service_base_src/rs_offscreen_render_thread.o
[151/1150] CXX obj/foundation/graphic/graphic_2d/rosen/modules/render_service_base/src/common/render_service_base_src/rs_color.o
[152/1150] CXX obj/foundation/graphic/graphic_2d/rosen/modules/render_service_base/src/common/render_service_base_src/rs_common_tools.o
[153/1150] CXX obj/foundation/graphic/graphic_2d/rosen/modules/render_service_base/src/command/render_service_base_src/rs_base_node_command.o
[154/1150] CXX obj/foundation/graphic/graphic_2d/rosen/modules/render_service_base/src/common/render_service_base_src/rs_rectangles_merger.o
[155/1150] CXX obj/foundation/graphic/graphic_2d/rosen/modules/render_service_base/src/common/render_service_base_src/rs_occlusion_region_helper.o
[156/1150] SOLINK communication/dsoftbus/libnstackx_dfile.open.z.so
[157/1150] CXX obj/foundation/graphic/graphic_2d/rosen/modules/render_service_base/src/command/render_service_base_src/rs_node_showing_command.o
[158/1150] CXX obj/foundation/graphic/graphic_2d/rosen/modules/render_service_base/src/modifier/render_service_base_src/rs_render_property.o
[159/1150] CXX obj/foundation/graphic/graphic_2d/rosen/modules/render_service_base/src/command/render_service_base_src/rs_effect_node_command.o
[160/1150] CXX obj/foundation/graphic/graphic_2d/rosen/modules/render_service_base/src/delegate/render_service_base_src/rs_functional_delegate.o
[161/1150] CXX obj/foundation/graphic/graphic_2d/rosen/modules/render_service_base/src/common/render_service_base_src/rs_obj_abs_geometry.o
[162/1150] CXX obj/foundation/graphic/graphic_2d/rosen/modules/render_service_base/src/command/render_service_base_src/rs_frame_rate_linker_command.o
[163/1150] CXX obj/foundation/graphic/graphic_2d/rosen/modules/render_service_base/src/common/render_service_base_src/rs_occlusion_region.o
[164/1150] CXX obj/foundation/graphic/graphic_2d/rosen/modules/render_service_base/src/command/render_service_base_src/rs_ui_director_command.o
[165/1150] CXX obj/foundation/graphic/graphic_2d/rosen/modules/render_service_base/src/common/render_service_base_src/rs_xcollie.o
[166/1150] CXX obj/foundation/graphic/graphic_2d/rosen/modules/render_service_base/src/ipc_callbacks/render_service_base_src/active_screen_id_changed_callback_proxy.o
[167/1150] CXX obj/foundation/graphic/graphic_2d/rosen/modules/render_service_base/src/command/render_service_base_src/rs_union_node_command.o
[168/1150] CXX obj/foundation/graphic/graphic_2d/rosen/modules/render_service_base/src/command/render_service_base_src/rs_display_node_command.o
[169/1150] CXX obj/foundation/graphic/graphic_2d/rosen/modules/render_service_base/src/ipc_callbacks/render_service_base_src/active_screen_id_changed_callback_stub.o
[170/1150] CXX obj/foundation/graphic/graphic_2d/rosen/modules/render_service_base/src/command/render_service_base_src/rs_node_command.o
[171/1150] CXX obj/foundation/graphic/graphic_2d/rosen/modules/render_service_base/src/ipc_callbacks/render_service_base_src/buffer_available_callback_stub.o
[172/1150] CXX obj/foundation/graphic/graphic_2d/rosen/modules/render_service_base/src/ipc_callbacks/render_service_base_src/buffer_available_callback_proxy.o
[173/1150] CXX obj/foundation/graphic/graphic_2d/rosen/modules/render_service_base/src/common/render_service_base_src/rs_special_layer_manager.o
[174/1150] CXX obj/foundation/graphic/graphic_2d/rosen/modules/render_service_base/src/command/render_service_base_src/rs_proxy_node_command.o
[175/1150] SOLINK communication/dsoftbus/libnstackx_ctrl.z.so
[176/1150] CXX obj/foundation/graphic/graphic_2d/rosen/modules/render_service_base/src/ipc_callbacks/render_service_base_src/rs_first_frame_commit_callback_proxy.o
[177/1150] CXX obj/foundation/graphic/graphic_2d/rosen/modules/render_service_base/src/ipc_callbacks/render_service_base_src/hgm_config_change_callback_proxy.o
[178/1150] CXX obj/foundation/graphic/graphic_2d/rosen/modules/render_service_base/src/ipc_callbacks/render_service_base_src/hgm_config_change_callback_stub.o
[179/1150] CXX obj/foundation/graphic/graphic_2d/rosen/modules/render_service_base/src/ipc_callbacks/render_service_base_src/rs_first_frame_commit_callback_stub.o
[180/1150] CXX obj/foundation/graphic/graphic_2d/rosen/modules/render_service_base/src/ipc_callbacks/render_service_base_src/rs_rt_refresh_callback.o
[181/1150] CXX obj/foundation/graphic/graphic_2d/rosen/modules/render_service_base/src/ipc_callbacks/render_service_base_src/buffer_clear_callback_stub.o
[182/1150] CXX obj/foundation/graphic/graphic_2d/rosen/modules/render_service_base/src/ipc_callbacks/render_service_base_src/rs_frame_rate_linker_expected_fps_update_callback_proxy.o
[183/1150] CXX obj/foundation/graphic/graphic_2d/rosen/modules/render_service_base/src/ipc_callbacks/render_service_base_src/buffer_clear_callback_proxy.o
[184/1150] CXX obj/foundation/graphic/graphic_2d/rosen/modules/render_service_base/src/ipc_callbacks/render_service_base_src/rs_exposed_event_callback_proxy.o
[185/1150] CXX obj/foundation/graphic/graphic_2d/rosen/modules/render_service_base/src/ipc_callbacks/render_service_base_src/rs_frame_rate_linker_expected_fps_update_callback_stub.o
[186/1150] CXX obj/foundation/graphic/graphic_2d/rosen/modules/render_service_base/src/ipc_callbacks/render_service_base_src/rs_frame_stability_callback_stub.o
[187/1150] CXX obj/foundation/graphic/graphic_2d/rosen/modules/render_service_base/src/ipc_callbacks/render_service_base_src/rs_frame_stability_callback_proxy.o
[188/1150] SOLINK thirdparty/abseil-cpp/libabsl_strings.z.so
[189/1150] CXX obj/foundation/graphic/graphic_2d/rosen/modules/render_service_base/src/command/render_service_base_src/rs_root_node_command.o
[190/1150] CXX obj/foundation/graphic/graphic_2d/rosen/modules/render_service_base/src/ipc_callbacks/render_service_base_src/rs_exposed_event_callback_stub.o
[191/1150] CXX obj/foundation/graphic/graphic_2d/rosen/modules/render_service_base/src/ipc_callbacks/render_service_base_src/rs_occlusion_change_callback_proxy.o
[192/1150] CXX obj/foundation/graphic/graphic_2d/rosen/modules/render_service_base/src/ipc_callbacks/render_service_base_src/rs_occlusion_change_callback_stub.o
[193/1150] CXX obj/foundation/graphic/graphic_2d/rosen/modules/render_service_base/src/modifier_ng/render_service_base_src/rs_render_modifier_ng.o
[194/1150] SOLINK thirdparty/abseil-cpp/libabsl_symbolize.z.so
[195/1150] CXX obj/foundation/graphic/graphic_2d/rosen/modules/render_service_base/src/ipc_callbacks/render_service_base_src/rs_surface_buffer_callback_proxy.o
[196/1150] CXX obj/foundation/graphic/graphic_2d/rosen/modules/render_service_base/src/command/render_service_base_src/rs_delegate_composite_command.o
[197/1150] CXX obj/foundation/graphic/graphic_2d/rosen/modules/render_service_base/src/ipc_callbacks/render_service_base_src/rs_self_drawing_node_rect_change_callback_proxy.o
[198/1150] CXX obj/foundation/graphic/graphic_2d/rosen/modules/render_service_base/src/ipc_callbacks/render_service_base_src/rs_surface_occlusion_change_callback_stub.o
[199/1150] CXX obj/foundation/graphic/graphic_2d/rosen/modules/render_service_base/src/ipc_callbacks/render_service_base_src/rs_self_drawing_node_rect_change_callback_stub.o
[200/1150] CXX obj/foundation/graphic/graphic_2d/rosen/modules/render_service_base/src/ipc_callbacks/render_service_base_src/rs_surface_buffer_callback.o
[201/1150] CXX obj/foundation/graphic/graphic_2d/rosen/modules/render_service_base/src/ipc_callbacks/render_service_base_src/rs_surface_buffer_callback_stub.o
[202/1150] CXX obj/foundation/graphic/graphic_2d/rosen/modules/render_service_base/src/ipc_callbacks/render_service_base_src/rs_transaction_data_callback_stub.o
[203/1150] CXX obj/foundation/graphic/graphic_2d/rosen/modules/render_service_base/src/ipc_callbacks/render_service_base_src/rs_transaction_data_callback_proxy.o
[204/1150] CXX obj/foundation/graphic/graphic_2d/rosen/modules/render_service_base/src/ipc_callbacks/render_service_base_src/screen_change_callback_proxy.o
[205/1150] CXX obj/foundation/graphic/graphic_2d/rosen/modules/render_service_base/src/ipc_callbacks/render_service_base_src/rs_surface_occlusion_change_callback_proxy.o
[206/1150] SOLINK thirdparty/abseil-cpp/libabsl_time_zone.z.so
[207/1150] CXX obj/foundation/graphic/graphic_2d/rosen/modules/render_service_base/src/ipc_callbacks/render_service_base_src/screen_change_callback_stub.o
[208/1150] CXX obj/foundation/graphic/graphic_2d/rosen/modules/render_service_base/src/memory/render_service_base_src/rs_memory_graphic.o
[209/1150] CXX obj/foundation/graphic/graphic_2d/rosen/modules/render_service_base/src/memory/render_service_base_src/rs_memory_flow_control.o
[210/1150] CXX obj/foundation/graphic/graphic_2d/rosen/modules/render_service_base/src/ipc_callbacks/render_service_base_src/rs_uiextension_callback_proxy.o
[211/1150] CXX obj/foundation/graphic/graphic_2d/rosen/modules/render_service_base/src/ipc_callbacks/render_service_base_src/screen_supported_hdr_formats_callback_stub.o
[212/1150] CXX obj/foundation/graphic/graphic_2d/rosen/modules/render_service_base/src/ipc_callbacks/render_service_base_src/screen_supported_hdr_formats_callback_proxy.o
[213/1150] CXX obj/foundation/graphic/graphic_2d/rosen/modules/render_service_base/src/ipc_callbacks/render_service_base_src/rs_uiextension_callback_stub.o
[214/1150] CXX obj/foundation/graphic/graphic_2d/rosen/modules/render_service_base/src/command/render_service_base_src/rs_surface_node_command.o
[215/1150] CXX obj/foundation/graphic/graphic_2d/rosen/modules/render_service_base/src/ipc_callbacks/render_service_base_src/screen_switching_notify_callback_proxy.o
[216/1150] CXX obj/foundation/graphic/graphic_2d/rosen/modules/render_service_base/src/ipc_callbacks/render_service_base_src/brightness_info_change_callback_proxy.o
[217/1150] CXX obj/foundation/graphic/graphic_2d/rosen/modules/render_service_base/src/ipc_callbacks/render_service_base_src/brightness_info_change_callback_stub.o
[218/1150] CXX obj/foundation/graphic/graphic_2d/rosen/modules/render_service_base/src/ipc_callbacks/render_service_base_src/screen_switching_notify_callback_stub.o
[219/1150] CXX obj/foundation/graphic/graphic_2d/rosen/modules/render_service_base/src/ipc_callbacks/render_service_base_src/surface_capture_callback_stub.o
[220/1150] CXX obj/foundation/graphic/graphic_2d/rosen/modules/render_service_base/src/ipc_callbacks/render_service_base_src/surface_capture_callback_proxy.o
[221/1150] CXX obj/foundation/graphic/graphic_2d/rosen/modules/render_service_base/src/ipc_callbacks/render_service_base_src/rs_application_agent_proxy.o
[222/1150] CXX obj/foundation/graphic/graphic_2d/rosen/modules/render_service_base/src/ipc_callbacks/render_service_base_src/rs_delegate_composite_callback_proxy.o
[223/1150] CXX obj/foundation/graphic/graphic_2d/rosen/modules/render_service_base/src/ipc_callbacks/render_service_base_src/rs_delegate_composite_callback_stub.o
[224/1150] CXX obj/foundation/graphic/graphic_2d/rosen/modules/render_service_base/src/memory/render_service_base_src/rs_tag_tracker.o
[225/1150] CXX obj/foundation/graphic/graphic_2d/rosen/modules/render_service_base/src/ipc_callbacks/dfx/render_service_base_src/rs_dump_callback_proxy.o
[226/1150] CXX obj/foundation/graphic/graphic_2d/rosen/modules/render_service_base/src/ipc_callbacks/dfx/render_service_base_src/rs_dump_callback_stub.o
[227/1150] CXX obj/foundation/graphic/graphic_2d/rosen/modules/render_service_base/src/ipc_security/render_service_base_src/rs_ipc_interface_code_access_verifier_base.o
[228/1150] SOLINK security/dlp_permission_service/libdlp_permission_common_interface.z.so
[229/1150] CXX obj/foundation/graphic/graphic_2d/rosen/modules/render_service_base/src/memory/render_service_base_src/rs_memory_snapshot.o
[230/1150] CXX obj/foundation/graphic/graphic_2d/rosen/modules/render_service_base/src/ipc_callbacks/render_service_base_src/rs_application_agent_stub.o
[231/1150] CXX obj/foundation/graphic/graphic_2d/rosen/modules/render_service_base/src/memory/render_service_base_src/rs_pixelmap_fd_track.o
[232/1150] CXX obj/foundation/graphic/graphic_2d/rosen/modules/render_service_base/src/pipeline/render_service_base_src/rs_draw_cmd_list.o
[233/1150] CXX obj/foundation/graphic/graphic_2d/rosen/modules/render_service_base/src/pipeline/render_service_base_src/rs_dirty_region_manager.o
[234/1150] CXX obj/foundation/graphic/graphic_2d/rosen/modules/render_service_base/src/memory/render_service_base_src/rs_memory_track.o
[235/1150] CXX obj/foundation/graphic/graphic_2d/rosen/modules/render_service_base/src/pipeline/render_service_base_src/rs_record_cmd_utils.o
[236/1150] CXX obj/foundation/graphic/graphic_2d/rosen/modules/render_service_base/src/pipeline/render_service_base_src/rs_render_display_sync.o
[237/1150] CXX obj/foundation/graphic/graphic_2d/rosen/modules/render_service_base/src/pipeline/render_service_base_src/rs_recording_canvas.o
[238/1150] SOLINK security/dlp_permission_service/libdlp_permission_sdk.z.so
[239/1150] CXX obj/foundation/graphic/graphic_2d/rosen/modules/render_service_base/src/pipeline/render_service_base_src/rs_task_dispatcher.o
[240/1150] CXX obj/foundation/graphic/graphic_2d/rosen/modules/render_service_base/src/pipeline/render_service_base_src/rs_draw_cmd.o
[241/1150] CXX obj/foundation/graphic/graphic_2d/rosen/modules/render_service_base/src/pipeline/render_service_base_src/rs_simple_draw_cmd_list.o
[242/1150] CXX obj/foundation/graphic/graphic_2d/rosen/modules/render_service_base/src/pipeline/render_service_base_src/rs_effect_utils.o
[243/1150] CXX obj/foundation/graphic/graphic_2d/rosen/modules/render_service_base/src/pipeline/render_service_base_src/rs_uni_render_judgement.o
[244/1150] CXX obj/foundation/graphic/graphic_2d/rosen/modules/render_service_base/src/pipeline/render_service_base_src/rs_paint_filter_canvas.o
[245/1150] CXX obj/foundation/graphic/graphic_2d/rosen/modules/render_service_base/src/pipeline/render_service_base_src/rs_surface_handler.o
[246/1150] SOLINK ability/ability_runtime/libmission_info.z.so
[247/1150] CXX obj/foundation/graphic/graphic_2d/rosen/modules/render_service_base/src/command/render_service_base_src/rs_command_factory.o
[248/1150] CXX obj/foundation/graphic/graphic_2d/rosen/modules/render_service_base/src/pipeline/render_service_base_src/rs_context.o
[249/1150] CXX obj/foundation/graphic/graphic_2d/rosen/modules/render_service_base/src/pipeline/render_service_base_src/rs_effect_render_node.o
[250/1150] CXX obj/foundation/graphic/graphic_2d/rosen/modules/render_service_base/src/pipeline/render_service_base_src/rs_surface_buffer_callback_manager.o
[251/1150] CXX obj/foundation/graphic/graphic_2d/rosen/modules/render_service_base/src/pipeline/render_service_base_src/rs_canvas_drawing_render_node.o
[252/1150] CXX obj/foundation/graphic/graphic_2d/rosen/modules/render_service_base/src/pipeline/render_service_base_src/rs_render_node_allocator.o
[253/1150] SOLINK ability/ability_runtime/libsession_handler.z.so
[254/1150] CXX obj/foundation/graphic/graphic_2d/rosen/modules/render_service_base/src/pipeline/render_service_base_src/rs_canvas_render_node.o
[255/1150] CXX obj/foundation/graphic/graphic_2d/rosen/modules/render_service_base/src/pipeline/render_service_base_src/sk_resource_manager.o
[256/1150] CXX obj/foundation/graphic/graphic_2d/rosen/modules/render_service_base/src/pipeline/render_service_base_src/rs_proxy_render_node.o
[257/1150] SOLINK ability/dmsfwk/libcontinuation_manager.z.so
[258/1150] CXX obj/foundation/graphic/graphic_2d/rosen/modules/render_service_base/src/pipeline/render_service_base_src/rs_render_node_gc.o
[259/1150] CXX obj/foundation/graphic/graphic_2d/rosen/modules/render_service_base/src/hpae_base/render_service_base_src/rs_hpae_base_data.o
[260/1150] CXX obj/foundation/graphic/graphic_2d/rosen/modules/render_service_base/src/pipeline/render_service_base_src/rs_root_render_node.o
[261/1150] CXX obj/foundation/graphic/graphic_2d/rosen/modules/render_service_base/src/pipeline/render_service_base_src/rs_logical_display_render_node.o
[262/1150] CXX obj/foundation/graphic/graphic_2d/rosen/modules/render_service_base/src/pipeline/render_service_base_src/rs_ui_render_director.o
[263/1150] CXX obj/foundation/graphic/graphic_2d/rosen/modules/render_service_base/src/hpae_base/render_service_base_src/rs_hpae_hianimation.o
[264/1150] CXX obj/foundation/graphic/graphic_2d/rosen/modules/render_service_base/src/effect/render_service_base_src/rs_render_effect_template.o
[265/1150] CXX obj/foundation/graphic/graphic_2d/rosen/modules/render_service_base/src/hpae_base/render_service_base_src/rs_hpae_ffrt_pattern_manager.o
[266/1150] CXX obj/foundation/graphic/graphic_2d/rosen/modules/render_service_base/src/pipeline/render_service_base_src/rs_surface_render_node_utils.o
[267/1150] CXX obj/foundation/graphic/graphic_2d/rosen/modules/render_service_base/src/pipeline/render_service_base_src/rs_screen_render_node.o
[268/1150] CXX obj/foundation/graphic/graphic_2d/rosen/modules/render_service_base/src/hpae_base/render_service_base_src/rs_hpae_scheduler.o
[269/1150] CXX obj/foundation/graphic/graphic_2d/rosen/modules/render_service_base/src/property/render_service_base_src/rs_point_light_manager.o
[270/1150] CXX obj/foundation/graphic/graphic_2d/rosen/modules/render_service_base/src/property/render_service_base_src/rs_property_trace.o
[271/1150] SOLINK barrierfree/accessibility/libaccessibility_common.z.so
[272/1150] CXX obj/foundation/graphic/graphic_2d/rosen/modules/render_service_base/src/pipeline/render_service_base_src/rs_render_node_map.o
[273/1150] CXX obj/foundation/graphic/graphic_2d/rosen/modules/render_service_base/src/property/render_service_base_src/rs_properties_painter.o
[274/1150] CXX obj/foundation/graphic/graphic_2d/rosen/modules/render_service_base/src/render/render_service_base_src/rs_attraction_effect_filter.o
[275/1150] CXX obj/foundation/graphic/graphic_2d/rosen/modules/render_service_base/src/render/render_service_base_src/rs_color_extract.o
[276/1150] CXX obj/foundation/graphic/graphic_2d/rosen/modules/render_service_base/src/pipeline/render_service_base_src/rs_union_render_node.o
[277/1150] CXX obj/foundation/graphic/graphic_2d/rosen/modules/render_service_base/src/render/render_service_base_src/rs_color_adaptive_filter.o
[278/1150] CXX obj/foundation/graphic/graphic_2d/rosen/modules/render_service_base/src/render/render_service_base_src/rs_color_picker.o
[279/1150] CXX obj/foundation/graphic/graphic_2d/rosen/modules/render_service_base/src/render/render_service_base_src/rs_colorful_shadow_filter.o
[280/1150] CXX obj/foundation/graphic/graphic_2d/rosen/modules/render_service_base/src/render/render_service_base_src/rs_distortion_shader_filter.o
[281/1150] CXX obj/foundation/graphic/graphic_2d/rosen/modules/render_service_base/src/render/render_service_base_src/rs_blur_filter.o
[282/1150] CXX obj/foundation/graphic/graphic_2d/rosen/modules/render_service_base/src/render/render_service_base_src/rs_filter_cache_memory_controller.o
[283/1150] CXX obj/foundation/graphic/graphic_2d/rosen/modules/render_service_base/src/hpae_base/render_service_base_src/rs_hpae_fusion_operator.o
[284/1150] CXX obj/base/hiviewdfx/hiview/base/hiview_base/sys_event.o
[285/1150] CXX obj/foundation/graphic/graphic_2d/rosen/modules/render_service_base/src/render/render_service_base_src/rs_fly_out_shader_filter.o
[286/1150] CXX obj/foundation/graphic/graphic_2d/rosen/modules/render_service_base/src/render/render_service_base_src/rs_border.o
[287/1150] CXX obj/foundation/graphic/graphic_2d/rosen/modules/render_service_base/src/render/render_service_base_src/rs_complex_shader.o
[288/1150] CXX obj/foundation/graphic/graphic_2d/rosen/modules/render_service_base/src/render/render_service_base_src/rs_foreground_effect_filter.o
[289/1150] SOLINK communication/dsoftbus/libsoftbus_utils.z.so
[290/1150] CXX obj/foundation/graphic/graphic_2d/rosen/modules/render_service_base/src/hpae_base/render_service_base_src/rs_hpae_filter_cache_manager.o
[291/1150] CXX obj/foundation/graphic/graphic_2d/rosen/modules/render_service_base/src/render/render_service_base_src/rs_hdr_ui_brightness_filter.o
[292/1150] SOLINK communication/ipc/libipc_napi.z.so
[293/1150] CXX obj/foundation/graphic/graphic_2d/rosen/modules/render_service_base/src/render/render_service_base_src/rs_flow_light_sweep_shader.o
[294/1150] CXX obj/foundation/graphic/graphic_2d/rosen/modules/render_service_base/src/render/render_service_base_src/rs_filter.o
[295/1150] CXX obj/foundation/graphic/graphic_2d/rosen/modules/render_service_base/src/render/render_service_base_src/rs_effect_luminance_manager.o
[296/1150] CXX obj/foundation/graphic/graphic_2d/rosen/modules/render_service_base/src/render/render_service_base_src/rs_light_up_effect_filter.o
[297/1150] CXX obj/foundation/graphic/graphic_2d/rosen/modules/render_service_base/src/effect/render_service_base_src/rs_render_shape_base.o
[298/1150] CXX obj/foundation/graphic/graphic_2d/rosen/modules/render_service_base/src/effect/render_service_base_src/rs_render_mask_base.o
[299/1150] CXX obj/foundation/graphic/graphic_2d/rosen/modules/render_service_base/src/render/render_service_base_src/rs_kawase_blur.o
[300/1150] SOLINK communication/ipc/libdbinder.z.so
[301/1150] CXX obj/foundation/graphic/graphic_2d/rosen/modules/render_service_base/src/pipeline/render_service_base_src/rs_surface_render_node.o
[302/1150] CXX obj/foundation/graphic/graphic_2d/rosen/modules/render_service_base/src/render/render_service_base_src/rs_path.o
[303/1150] CXX obj/foundation/graphic/graphic_2d/rosen/modules/render_service_base/src/render/render_service_base_src/rs_motion_blur_filter.o
[304/1150] CXX obj/foundation/graphic/graphic_2d/rosen/modules/render_service_base/src/pipeline/render_service_base_src/rs_render_node.o
[305/1150] CXX obj/foundation/graphic/graphic_2d/rosen/modules/render_service_base/src/render/render_service_base_src/rs_mask.o
[306/1150] CXX obj/foundation/graphic/graphic_2d/rosen/modules/render_service_base/src/render/render_service_base_src/rs_pixel_map_shader.o
[307/1150] CXX obj/foundation/graphic/graphic_2d/rosen/modules/render_service_base/src/render/render_service_base_src/rs_particles_drawable.o
[308/1150] CXX obj/foundation/graphic/graphic_2d/rosen/modules/render_service_base/src/render/render_service_base_src/rs_material_filter.o
[309/1150] CXX obj/foundation/graphic/graphic_2d/rosen/modules/render_service_base/src/render/render_service_base_src/rs_pixel_map_shader_obj.o
[310/1150] CXX obj/foundation/graphic/graphic_2d/rosen/modules/render_service_base/src/render/render_service_base_src/rs_pixel_map_util.o
[311/1150] SOLINK distributedhardware/device_manager/libdevicemanagerjson.z.so
[312/1150] CXX obj/foundation/graphic/graphic_2d/rosen/modules/render_service_base/src/render/render_service_base_src/rs_render_always_snapshot_filter.o
[313/1150] CXX obj/foundation/graphic/graphic_2d/rosen/modules/render_service_base/src/render/render_service_base_src/rs_render_aibar_filter.o
[314/1150] CXX obj/foundation/graphic/graphic_2d/rosen/modules/render_service_base/src/render/render_service_base_src/rs_render_filter_base.o
[315/1150] CXX obj/foundation/graphic/graphic_2d/rosen/modules/render_service_base/src/render/render_service_base_src/rs_hps_blur.o
[316/1150] CXX obj/foundation/graphic/graphic_2d/rosen/modules/render_service_base/src/property/render_service_base_src/rs_properties.o
[317/1150] CXX obj/foundation/graphic/graphic_2d/rosen/modules/render_service_base/src/render/render_service_base_src/rs_shadow.o
[318/1150] CXX obj/foundation/graphic/graphic_2d/rosen/modules/render_service_base/src/render/render_service_base_src/rs_render_grey_filter.o
[319/1150] CXX obj/foundation/graphic/graphic_2d/rosen/modules/render_service_base/src/transaction/render_service_base_src/rs_hgm_config_data.o
[320/1150] CXX obj/foundation/graphic/graphic_2d/rosen/modules/render_service_base/src/transaction/render_service_base_src/rp_hgm_config_data.o
[321/1150] CXX obj/foundation/graphic/graphic_2d/rosen/modules/render_service_base/src/render/render_service_base_src/rs_image_cache.o
[322/1150] CXX obj/foundation/graphic/graphic_2d/rosen/modules/render_service_base/src/transaction/render_service_base_src/rs_occlusion_data.o
[323/1150] CXX obj/foundation/graphic/graphic_2d/rosen/modules/render_service_base/src/render/render_service_base_src/rs_filter_cache_manager.o
[324/1150] CXX obj/foundation/graphic/graphic_2d/rosen/modules/render_service_base/src/render/render_service_base_src/rs_render_maskcolor_filter.o
[325/1150] CXX obj/foundation/graphic/graphic_2d/rosen/modules/render_service_base/src/render/render_service_base_src/rs_spherize_effect_filter.o
[326/1150] CXX obj/foundation/graphic/graphic_2d/rosen/modules/render_service_base/src/render/render_service_base_src/rs_drawing_filter.o
[327/1150] CXX obj/foundation/graphic/graphic_2d/rosen/modules/render_service_base/src/render/render_service_base_src/rs_skia_filter.o
[328/1150] CXX obj/foundation/graphic/graphic_2d/rosen/modules/render_service_base/src/render/render_service_base_src/rs_high_performance_visual_engine.o
[329/1150] CXX obj/foundation/graphic/graphic_2d/rosen/modules/render_service_base/src/render/render_service_base_src/rs_render_kawase_blur_filter.o
[330/1150] CXX obj/foundation/graphic/graphic_2d/rosen/modules/render_service_base/src/screen_manager/render_service_base_src/rs_screen_data.o
[331/1150] CXX obj/foundation/graphic/graphic_2d/rosen/modules/render_service_base/src/screen_manager/render_service_base_src/rs_screen_capability.o
[332/1150] CXX obj/foundation/graphic/graphic_2d/rosen/modules/render_service_base/src/render/render_service_base_src/rs_render_linear_gradient_blur_filter.o
[333/1150] CXX obj/foundation/graphic/graphic_2d/rosen/modules/render_service_base/src/screen_manager/render_service_base_src/rs_screen_hdr_capability.o
[334/1150] SOLINK filemanagement/app_file_service/libfileuri_native.z.so
[335/1150] CXX obj/foundation/graphic/graphic_2d/rosen/modules/render_service_base/src/render/render_service_base_src/rs_render_light_blur_filter.o
[336/1150] CXX obj/foundation/graphic/graphic_2d/rosen/modules/render_service_base/src/screen_manager/render_service_base_src/rs_screen_mode_info.o
[337/1150] CXX obj/foundation/graphic/graphic_2d/rosen/modules/render_service_base/src/transaction/render_service_base_src/rs_transaction_data_callback_manager.o
[338/1150] CXX obj/foundation/graphic/graphic_2d/rosen/modules/render_service_base/src/screen_manager/render_service_base_src/rs_screen_props.o
[339/1150] CXX obj/foundation/graphic/graphic_2d/rosen/modules/render_service_base/src/render/render_service_base_src/rs_image_base.o
[340/1150] CXX obj/foundation/graphic/graphic_2d/rosen/modules/render_service_base/src/transaction/render_service_base_src/rs_self_drawing_node_rect_data.o
[341/1150] CXX obj/foundation/graphic/graphic_2d/rosen/modules/render_service_base/src/render/render_service_base_src/rs_render_mesa_blur_filter.o
[342/1150] CXX obj/foundation/graphic/graphic_2d/rosen/modules/render_service_base/src/render/render_service_base_src/rs_shader.o
[343/1150] CXX obj/foundation/graphic/graphic_2d/rosen/modules/render_service_base/src/screen_manager/render_service_base_src/rs_virtual_screen_resolution.o
[344/1150] CXX obj/foundation/graphic/graphic_2d/rosen/modules/render_service_base/src/render/render_service_base_src/rs_image.o
[345/1150] CXX obj/foundation/graphic/graphic_2d/rosen/modules/render_service_base/src/gfx/first_frame_notifier/render_service_base_src/rs_first_frame_notifier.o
[346/1150] CXX obj/foundation/graphic/graphic_2d/rosen/modules/render_service_base/src/gfx/fps_info/render_service_base_src/rs_surface_fps.o
[347/1150] CXX obj/foundation/graphic/graphic_2d/rosen/modules/render_service_base/src/transaction/render_service_base_src/rs_uiextension_data.o
[348/1150] CXX obj/foundation/graphic/graphic_2d/rosen/modules/render_service_base/src/gfx/dump/render_service_base_src/rs_dump_manager.o
[349/1150] CXX obj/foundation/graphic/graphic_2d/rosen/modules/render_service_base/src/render/render_service_base_src/rs_render_water_ripple_filter.o
[350/1150] CXX obj/foundation/graphic/graphic_2d/rosen/modules/render_service_base/src/info_collection/render_service_base_src/rs_layer_compose_collection.o
[351/1150] CXX obj/foundation/graphic/graphic_2d/rosen/modules/render_service_base/src/info_collection/render_service_base_src/rs_hardware_compose_disabled_reason_collection.o
[352/1150] CXX obj/foundation/graphic/graphic_2d/rosen/modules/render_service_base/src/info_collection/render_service_base_src/rs_hdr_collection.o
[353/1150] CXX obj/foundation/graphic/graphic_2d/rosen/modules/render_service_base/src/feature/capture/render_service_base_src/rs_ui_capture_helper.o
[354/1150] CXX obj/foundation/graphic/graphic_2d/rosen/modules/render_service_base/src/monitor/render_service_base_src/aps_monitor_impl.o
[355/1150] CXX obj/foundation/graphic/graphic_2d/rosen/modules/render_service_base/src/render/render_service_base_src/rs_typeface_cache.o
[356/1150] CXX obj/foundation/graphic/graphic_2d/rosen/modules/render_service_base/src/feature/color_picker/render_service_base_src/rs_color_picker_thread.o
[357/1150] CXX obj/foundation/graphic/graphic_2d/rosen/modules/render_service_base/src/gfx/fps_info/render_service_base_src/rs_surface_fps_manager.o
[358/1150] CXX obj/foundation/graphic/graphic_2d/rosen/modules/render_service_base/src/info_collection/render_service_base_src/rs_gpu_dirty_region_collection.o
[359/1150] CXX obj/foundation/graphic/graphic_2d/rosen/modules/render_service_base/src/feature/color_picker/render_service_base_src/color_pick_alt_manager.o
[360/1150] CXX obj/foundation/graphic/graphic_2d/rosen/modules/render_service_base/src/feature/color_picker/render_service_base_src/rs_color_picker_manager.o
[361/1150] CXX obj/foundation/graphic/graphic_2d/rosen/modules/render_service_base/src/feature/opinc/render_service_base_src/rs_opinc_root_cache.o
[362/1150] CXX obj/foundation/graphic/graphic_2d/rosen/modules/render_service_base/src/feature/color_picker/render_service_base_src/rs_hetero_color_picker.o
[363/1150] CXX obj/foundation/graphic/graphic_2d/rosen/modules/render_service_base/src/feature/hyper_graphic_manager/render_service_base_src/rs_render_frame_rate_linker_map.o
[364/1150] CXX obj/foundation/graphic/graphic_2d/rosen/modules/render_service_base/src/screen_manager/render_service_base_src/rs_screen_property.o
[365/1150] CXX obj/foundation/graphic/graphic_2d/rosen/modules/render_service_base/src/feature/hyper_graphic_manager/render_service_base_src/rs_render_frame_rate_linker.o
[366/1150] CXX obj/foundation/graphic/graphic_2d/rosen/modules/render_service_base/src/feature/render_group/render_service_base_src/rs_render_group_cache.o
[367/1150] CXX obj/foundation/graphic/graphic_2d/rosen/modules/render_service_base/src/feature/opinc/render_service_base_src/rs_opinc_cache.o
[368/1150] SOLINK window/window_manager/libwindow_scene_common.z.so
[369/1150] CXX obj/foundation/graphic/graphic_2d/rosen/modules/render_service_base/src/feature/hdr/render_service_base_src/rs_colorspace_util.o
[370/1150] CXX obj/foundation/graphic/graphic_2d/rosen/modules/render_service_base/src/feature/render_group/render_service_base_src/rs_render_group_cache_adapter.o
[371/1150] SOLINK thirdparty/abseil-cpp/libabsl_stacktrace.z.so
[372/1150] CXX obj/foundation/graphic/graphic_2d/rosen/modules/render_service_base/src/feature/tunnel_layer/render_service_base_src/rs_tunnel_runtime_state.o
[373/1150] CXX obj/foundation/graphic/graphic_2d/rosen/modules/render_service_base/src/transaction/render_service_base_src/rs_transaction_handler.o
[374/1150] CXX obj/foundation/graphic/graphic_2d/rosen/modules/render_service_base/src/feature/image_detail_enhancer/render_service_base_src/rs_image_detail_enhancer_thread.o
[375/1150] CXX obj/foundation/graphic/graphic_2d/rosen/modules/render_service_base/src/feature/buffer_reclaim/render_service_base_src/rs_buffer_reclaim.o
[376/1150] CXX obj/foundation/graphic/graphic_2d/rosen/modules/render_service_base/src/feature/delegate_composite/render_service_base_src/rs_delegate_composite_params.o
[377/1150] SOLINK thirdparty/abseil-cpp/libabsl_time.z.so
[378/1150] CXX obj/foundation/graphic/graphic_2d/rosen/modules/render_service_base/src/transaction/render_service_base_src/rs_transaction_proxy.o
[379/1150] CXX obj/foundation/graphic/graphic_2d/rosen/modules/render_service_base/src/dirty_region/render_service_base_src/rs_filter_dirty_collector.o
[380/1150] CXX obj/foundation/graphic/graphic_2d/rosen/modules/render_service_base/src/feature/capture/render_service_base_src/rs_capture_pixelmap_manager.o
[381/1150] CXX obj/foundation/graphic/graphic_2d/rosen/modules/render_service_base/src/monitor/render_service_base_src/self_drawing_node_monitor.o
[382/1150] CXX obj/foundation/graphic/graphic_2d/rosen/modules/render_service_base/src/feature/uifirst/render_service_base_src/rs_drawable_updater.o
[383/1150] CXX obj/foundation/graphic/graphic_2d/rosen/modules/render_service_base/src/dirty_region/render_service_base_src/rs_gpu_dirty_collector.o
[384/1150] CXX obj/foundation/graphic/graphic_2d/rosen/modules/render_service_base/src/feature/layer/render_service_base_src/rs_layer_cache_manager_base.o
[385/1150] CXX obj/foundation/graphic/graphic_2d/rosen/modules/render_service_base/src/transaction/render_service_base_src/rs_transaction_data.o
[386/1150] CXX obj/foundation/graphic/graphic_2d/rosen/modules/render_service_base/src/feature/single_frame_composer/render_service_base_src/rs_single_frame_composer.o
[387/1150] CXX obj/foundation/graphic/graphic_2d/rosen/modules/render_service_base/src/feature/opinc/render_service_base_src/rs_opinc_manager.o
[388/1150] CXX obj/foundation/graphic/graphic_2d/rosen/modules/render_service_base/src/feature/color_picker/render_service_base_src/rs_color_picker_utils.o
[389/1150] CXX obj/foundation/graphic/graphic_2d/rosen/modules/render_service_base/src/effect/render_service_base_src/rs_render_filter_base.o
[390/1150] CXX obj/foundation/graphic/graphic_2d/rosen/modules/render_service_base/src/feature/dynamic_layer_skip/render_service_base_src/rs_dynamic_layer_skip_controller.o
[391/1150] CXX obj/foundation/graphic/graphic_2d/rosen/modules/render_service_base/src/gfx/performance/render_service_base_src/rs_perfmonitor_reporter.o
[392/1150] CXX obj/foundation/graphic/graphic_2d/rosen/modules/render_service_base/src/feature/power_off_render_skip/render_service_base_src/rs_power_off_render_controller.o
[393/1150] CXX obj/foundation/graphic/graphic_2d/rosen/modules/render_service_base/src/feature/window_keyframe/render_service_base_src/rs_window_keyframe_render_node.o
[394/1150] CXX obj/foundation/graphic/graphic_2d/rosen/modules/render_service_base/src/dirty_region/render_service_base_src/rs_optimize_canvas_dirty_collector.o
[395/1150] CXX obj/foundation/graphic/graphic_2d/rosen/modules/render_service_base/src/feature/window_keyframe/render_service_base_src/rs_window_keyframe_node_command.o
[396/1150] CXX obj/foundation/graphic/graphic_2d/rosen/modules/render_service_base/src/effect/render_service_base_src/rs_render_shader_base.o
[397/1150] CXX obj/foundation/graphic/graphic_2d/rosen/modules/render_service_base/src/feature/uifirst/render_service_base_src/rs_frame_control.o
[398/1150] SOLINK security/dlp_permission_service/libdlpparse.z.so
[399/1150] CXX obj/foundation/graphic/graphic_2d/rosen/modules/render_service_base/src/drawable/render_service_base_src/rs_color_picker_drawable.o
[400/1150] CXX obj/foundation/graphic/graphic_2d/rosen/modules/render_service_profiler/render_service_base_src/rs_profiler_archive.o
[401/1150] SOLINK ability/ability_runtime/libability_connect_callback_stub.z.so
[402/1150] CXX obj/foundation/graphic/graphic_2d/rosen/modules/render_service_profiler/render_service_base_src/rs_profiler_cache.o
[403/1150] CXX obj/foundation/graphic/graphic_2d/rosen/modules/render_service_base/src/display_engine/render_service_base_src/rs_color_temperature.o
[404/1150] CXX obj/foundation/graphic/graphic_2d/rosen/modules/render_service_base/src/feature/delegate_composite/render_service_base_src/rs_delegate_composite_callback_manager.o
../../foundation/graphic/graphic_2d/rosen/modules/render_service_base/src/feature/delegate_composite/rs_delegate_composite_callback_manager.cpp:255:9: warning: ISO C++ requires field designators to be specified in declaration order; field 'bufferSeqNum' will be initialized after field 'releaseFence' [-Wreorder-init-list]
        .releaseFence = releaseFence,
        ^~~~~~~~~~~~~~~~~~~~~~~~~~~~
../../foundation/graphic/graphic_2d/rosen/modules/render_service_base/src/feature/delegate_composite/rs_delegate_composite_callback_manager.cpp:253:25: note: previous initialization for field 'bufferSeqNum' is here
        .bufferSeqNum = bufferSeqNum,
                        ^~~~~~~~~~~~
../../foundation/graphic/graphic_2d/rosen/modules/render_service_base/src/feature/delegate_composite/rs_delegate_composite_callback_manager.cpp:306:9: warning: ISO C++ requires field designators to be specified in declaration order; field 'bufferSeqNum' will be initialized after field 'releaseFence' [-Wreorder-init-list]
        .releaseFence = releaseFence,
        ^~~~~~~~~~~~~~~~~~~~~~~~~~~~
../../foundation/graphic/graphic_2d/rosen/modules/render_service_base/src/feature/delegate_composite/rs_delegate_composite_callback_manager.cpp:304:25: note: previous initialization for field 'bufferSeqNum' is here
        .bufferSeqNum = buffer->GetSeqNum(),
                        ^~~~~~~~~~~~~~~~~~~
2 warnings generated.
[405/1150] CXX obj/foundation/graphic/graphic_2d/rosen/modules/render_service_base/src/drawable/render_service_base_src/rs_material_shader_drawable.o
[406/1150] STAMP obj/base/hiviewdfx/hiview/framework/native/unified_collection/ucollection_source.inputdeps.stamp
[407/1150] CXX obj/base/hiviewdfx/hiview/framework/native/unified_collection/collector/impl/cpu/device_client/collect_device_client/collect_device_client.o
[408/1150] CXX obj/base/hiviewdfx/hiview/framework/native/unified_collection/collector/impl/cpu/device_client/collect_device_client/process_cpu_data.o
[409/1150] CXX obj/base/hiviewdfx/hiview/framework/native/unified_collection/collector/impl/cpu/device_client/collect_device_client/thread_cpu_data.o
[410/1150] STAMP obj/base/hiviewdfx/hiview/plugins/faultlogger/service/idl/faultlogger_service_ohos_common_with_cfi.inputdeps.stamp
[411/1150] STAMP obj/developtools/profiler/device/plugins/native_daemon/libnative_daemon_client.inputdeps.stamp
[412/1150] CXX obj/foundation/graphic/graphic_2d/rosen/modules/render_service_base/src/transaction/render_service_base_src/rs_buffer_transaction.o
[413/1150] SOLINK ability/dmsfwk/libcommon_sdk.z.so
[414/1150] CXX obj/foundation/graphic/graphic_2d/rosen/modules/render_service_base/src/drawable/render_service_base_src/rs_render_node_shadow_drawable.o
[415/1150] CXX obj/foundation/graphic/graphic_2d/rosen/modules/render_service_base/src/params/render_service_base_src/rs_canvas_drawing_render_params.o
[416/1150] CXX obj/foundation/graphic/graphic_2d/rosen/modules/render_service_base/src/params/render_service_base_src/rs_effect_render_params.o
[417/1150] CXX obj/foundation/graphic/graphic_2d/rosen/modules/render_service_base/src/drawable/render_service_base_src/rs_drawable.o
[418/1150] STAMP obj/foundation/graphic/graphic_2d/rosen/modules/platform/platform.stamp
[419/1150] CXX obj/foundation/communication/wifi/wifi/frameworks/native/src/wifi_sdk/wifi_sa_event.o
[420/1150] STAMP obj/foundation/graphic/graphic_2d/rosen/modules/render_service_client/render_service_client_src.inputdeps.stamp
[421/1150] CXX obj/foundation/graphic/graphic_2d/rosen/modules/render_service_base/src/drawable/render_service_base_src/rs_overlay_ng_shader_drawable.o
[422/1150] CXX obj/foundation/graphic/graphic_2d/rosen/modules/render_service_base/src/params/render_service_base_src/rs_render_params.o
[423/1150] CXX obj/foundation/communication/wifi/wifi/frameworks/native/src/wifi_sdk/wifi_scan.o
[424/1150] CXX obj/foundation/graphic/graphic_2d/rosen/modules/render_service_base/src/drawable/render_service_base_src/rs_misc_drawable.o
[425/1150] CXX obj/foundation/graphic/graphic_2d/rosen/modules/frame_analyzer/src/libframe_analyzer/frame_collector.o
[426/1150] CXX obj/base/hiviewdfx/hiview/framework/native/unified_collection/decorator/ucollection_source/decorator_util.o
[427/1150] CXX obj/foundation/graphic/graphic_2d/rosen/modules/render_service_base/src/drawable/render_service_base_src/rs_property_drawable_foreground.o
[428/1150] CXX obj/foundation/communication/wifi/wifi/frameworks/native/src/wifi_sdk/wifi_scan_callback_stub.o
[429/1150] CXX obj/foundation/graphic/graphic_2d/rosen/modules/render_service_base/src/drawable/render_service_base_src/rs_property_drawable_utils.o
[430/1150] CXX obj/foundation/graphic/graphic_2d/rosen/modules/render_service_profiler/render_service_base_src/rs_profiler_utils.o
[431/1150] CXX obj/base/hiviewdfx/hiview/interfaces/inner_api/unified_collection/utility/src/ucollection_source/io_collector.o
[432/1150] CXX obj/foundation/graphic/graphic_2d/rosen/modules/render_service_base/src/drawable/render_service_base_src/rs_property_drawable.o
[433/1150] CXX obj/foundation/graphic/graphic_2d/rosen/modules/render_service_base/src/params/render_service_base_src/rs_logical_display_render_params.o
[434/1150] CXX obj/foundation/graphic/graphic_2d/rosen/modules/render_frame_trace/src/render_frame_trace/frame_rate_report.o
[435/1150] CXX obj/foundation/graphic/graphic_2d/rosen/modules/render_service_base/src/drawable/render_service_base_src/rs_property_drawable_background.o
[436/1150] CXX obj/base/hiviewdfx/hiview/framework/native/unified_collection/decorator/ucollection_source/decorator.o
[437/1150] CXX obj/foundation/graphic/graphic_2d/rosen/modules/frame_analyzer/src/libframe_analyzer/frame_painter.o
[438/1150] CXX obj/foundation/graphic/graphic_2d/rosen/modules/render_service_base/src/params/render_service_base_src/rs_render_thread_params.o
[439/1150] CXX obj/base/hiviewdfx/hiview/framework/native/unified_collection/collector/ucollection_source/common_util.o
[440/1150] CXX obj/base/hiviewdfx/hiview/framework/native/unified_collection/process/ucollection_source/process_status.o
[441/1150] CXX obj/foundation/graphic/graphic_2d/rosen/modules/render_service_base/src/params/render_service_base_src/rs_screen_render_params.o
[442/1150] CXX obj/base/hiviewdfx/hiview/framework/native/unified_collection/collector/impl/cpu/src/ucollection_source/sys_cpu_usage_collector.o
[443/1150] CXX obj/base/hiviewdfx/hiview/framework/native/unified_collection/decorator/ucollection_source/hiebpf_decorator.o
[444/1150] CXX obj/base/hiviewdfx/hiview/framework/native/unified_collection/collector/impl/graphic/ucollection_source/graphic_memory_collector_impl.o
[445/1150] CXX obj/foundation/graphic/graphic_2d/rosen/modules/render_service_base/src/drawable/render_service_base_src/rs_render_node_drawable_adapter.o
[446/1150] CXX obj/foundation/graphic/graphic_2d/rosen/modules/render_service_base/src/display_engine/render_service_base_src/rs_luminance_control.o
[447/1150] CXX obj/base/hiviewdfx/hiview/framework/native/unified_collection/decorator/ucollection_source/graphic_memory_decorator.o
[448/1150] CXX obj/base/hiviewdfx/hiview/framework/native/unified_collection/collector/impl/hiebpf/ucollection_source/hiebpf_collector_impl.o
[449/1150] CXX obj/base/hiviewdfx/hiview/framework/native/unified_collection/decorator/ucollection_source/network_decorator.o
[450/1150] CXX obj/foundation/graphic/graphic_2d/rosen/modules/render_service_base/src/params/render_service_base_src/rs_surface_render_params.o
[451/1150] CXX obj/base/hiviewdfx/hiview/framework/native/unified_collection/decorator/ucollection_source/unified_collection_stat.o
[452/1150] CXX obj/base/hiviewdfx/hiview/framework/native/unified_collection/collector/impl/network/ucollection_source/network_collector_impl.o
[453/1150] CXX obj/base/hiviewdfx/hiview/interfaces/inner_api/unified_collection/utility/src/ucollection_source/memory_collector.o
[454/1150] CXX obj/base/hiviewdfx/hiview/framework/native/unified_collection/decorator/ucollection_source/gpu_decorator.o
[455/1150] CXX obj/base/hiviewdfx/hiview/framework/native/unified_collection/collector/impl/gpu/ucollection_source/gpu_collector_impl.o
[456/1150] CXX obj/base/hiviewdfx/hiview/framework/native/unified_collection/collector/impl/cpu/calculator/ucollection_source/cpu_calculator.o
[457/1150] CXX obj/base/hiviewdfx/hiview/framework/native/unified_collection/collector/impl/cpu/src/ucollection_source/cpu_collector_impl.o
[458/1150] CXX obj/base/hiviewdfx/hiview/framework/native/unified_collection/collector/impl/cpu/src/ucollection_source/process_state_info_collector.o
[459/1150] CXX obj/base/hiviewdfx/hiview/framework/native/unified_collection/collector/impl/cpu/src/ucollection_source/thread_state_info_collector.o
[460/1150] CXX obj/base/hiviewdfx/hiview/framework/native/unified_collection/collector/impl/cpu/utils/ucollection_source/cpu_util.o
[461/1150] CXX obj/base/hiviewdfx/hiview/framework/native/unified_collection/collector/impl/hilog/ucollection_source/hilog_collector_impl.o
[462/1150] CXX obj/base/hiviewdfx/hiview/framework/native/unified_collection/collector/impl/io/calculator/ucollection_source/io_calculator.o
[463/1150] CXX obj/base/hiviewdfx/hiview/framework/native/unified_collection/decorator/ucollection_source/cpu_decorator.o
[464/1150] STAMP obj/base/hiviewdfx/hiview/plugins/faultlogger/interfaces/cpp/innerkits/faultlogger_client_impl_with_cfi.inputdeps.stamp
[465/1150] CXX obj/base/hiviewdfx/hiview/plugins/faultlogger/service/bdfr_base/export_bdfr_base/export_faultlogger_interface.o
[466/1150] STAMP obj/base/hiviewdfx/hiview/plugins/faultlogger/service/idl/faultlogger_service_impl_with_cfi.inputdeps.stamp
[467/1150] CXX obj/base/hiviewdfx/hiview/framework/native/unified_collection/decorator/ucollection_source/io_decorator.o
[468/1150] CXX obj/base/hiviewdfx/hiview/framework/native/unified_collection/decorator/ucollection_source/hilog_decorator.o
[469/1150] CXX obj/base/hiviewdfx/hiview/framework/native/unified_collection/collector/config/ucollection_source/perf_collect_config.o
[470/1150] CXX obj/base/hiviewdfx/hiview/framework/native/unified_collection/decorator/ucollection_source/memory_decorator.o
[471/1150] CXX obj/foundation/graphic/graphic_2d/rosen/modules/render_service_base/src/transaction/render_service_base_src/transaction.o
[472/1150] STAMP obj/base/hiviewdfx/hiview/plugins/faultlogger/service/page_history/page_history_with_cfi.inputdeps.stamp
[473/1150] CXX obj/base/hiviewdfx/hiview/framework/native/unified_collection/decorator/ucollection_source/wm_decorator.o
[474/1150] CXX obj/base/hiviewdfx/hiview/plugins/faultlogger/service/idl/src/faultlogger_service_ohos_common_with_cfi/faultlog_info_ohos.o
[475/1150] CXX obj/base/hiviewdfx/hiview/framework/native/unified_collection/collector/impl/wm/ucollection_source/wm_collector_impl.o
[476/1150] CXX obj/foundation/graphic/graphic_2d/rosen/modules/render_service_profiler/render_service_base_src/rs_profiler_pixelmap.o
[477/1150] CXX obj/base/hiviewdfx/hiview/framework/native/unified_collection/decorator/ucollection_source/thermal_decorator.o
[478/1150] CXX obj/base/hiviewdfx/hiview/framework/native/unified_collection/decorator/ucollection_source/perf_decorator.o
[479/1150] CXX obj/base/hiviewdfx/hiview/plugins/faultlogger/service/idl/src/faultlogger_service_ohos_common_with_cfi/faultlog_query_result_proxy.o
[480/1150] CXX obj/base/hiviewdfx/hiview/framework/native/unified_collection/collector/impl/trace/strategy/src/ucollection_source/trace_strategy_factory.o
[481/1150] CXX obj/base/hiviewdfx/hiview/plugins/faultlogger/service/idl/src/faultlogger_service_ohos_common_with_cfi/faultlog_query_result_stub.o
[482/1150] CXX obj/base/hiviewdfx/hiview/framework/native/unified_collection/collector/impl/trace/ucollection_source/trace_collector_impl.o
[483/1150] CXX obj/base/hiviewdfx/hiview/framework/native/unified_collection/collector/impl/perf/ucollection_source/perf_collector_impl.o
[484/1150] CXX obj/developtools/profiler/device/plugins/native_daemon/native_memory_profiler_sa/src/libnative_daemon_client/native_memory_profiler_sa_callback_proxy.o
[485/1150] CXX obj/developtools/profiler/device/plugins/native_daemon/native_memory_profiler_sa/src/libnative_daemon_client/native_memory_profiler_sa_callback_stub.o
[486/1150] CXX obj/base/hiviewdfx/hiview/plugins/faultlogger/service/idl/src/faultlogger_service_ohos_common_with_cfi/faultlogger_service_proxy.o
[487/1150] CXX obj/base/hiviewdfx/hiview/plugins/faultlogger/service/idl/src/faultlogger_service_ohos_common_with_cfi/faultlogger_service_stub.o
[488/1150] CXX obj/base/hiviewdfx/hiview/framework/native/unified_collection/collector/impl/memory/utils/ucollection_source/memory_utils.o
[489/1150] CXX obj/base/hiviewdfx/hiview/framework/native/unified_collection/collector/impl/trace/ucollection_source/trace_utils.o
[490/1150] CXX obj/base/hiviewdfx/hiview/framework/native/unified_collection/collector/impl/io/ucollection_source/io_collector_impl.o
[491/1150] CXX obj/base/hiviewdfx/hiview/framework/native/unified_collection/decorator/ucollection_source/trace_decorator.o
[492/1150] SOLINK communication/dsoftbus/libsoftbus_client.z.so
[493/1150] CXX obj/developtools/profiler/device/plugins/native_daemon/native_memory_profiler_sa/src/libnative_daemon_client/native_memory_profiler_sa_config.o
[494/1150] CXX obj/base/hiviewdfx/hiview/framework/native/unified_collection/collector/impl/trace/strategy/src/ucollection_source/trace_handler.o
[495/1150] CXX obj/base/hiviewdfx/hiview/framework/native/unified_collection/collector/impl/trace/strategy/src/ucollection_source/trace_strategy.o
[496/1150] CXX obj/foundation/graphic/graphic_2d/rosen/modules/render_service_profiler/render_service_base_src/rs_profiler_dump.o
[497/1150] CXX obj/developtools/profiler/device/plugins/native_daemon/native_memory_profiler_sa/src/libnative_daemon_client/native_memory_profiler_sa_lazyload_callback.o
[498/1150] CXX obj/base/hiviewdfx/hiview/framework/native/unified_collection/collector/impl/thermal/ucollection_source/thermal_collector_impl.o
[499/1150] CXX obj/foundation/graphic/graphic_2d/rosen/modules/render_service_client/core/animation/render_service_client_src/rs_animation_callback.o
[500/1150] CXX obj/developtools/profiler/device/base/src/libnative_daemon_client/schedule_task_manager.o
[501/1150] SOLINK distributeddatamgr/relational_store/libnative_dataability.z.so
[502/1150] CXX obj/developtools/profiler/device/plugins/native_daemon/native_memory_profiler_sa/src/libnative_daemon_client/native_memory_profiler_sa_proxy.o
[503/1150] CXX obj/foundation/graphic/graphic_2d/rosen/modules/render_service_client/core/animation/render_service_client_src/rs_animation_timing_curve.o
[504/1150] CXX obj/base/hiviewdfx/hiview/framework/native/unified_collection/collector/impl/memory/ucollection_source/memory_collector_impl.o
[505/1150] SOLINK distributedhardware/device_manager/libdevicemanagersdk.z.so
[506/1150] CXX obj/foundation/graphic/graphic_2d/rosen/modules/render_service_client/core/modifier/render_service_client_src/rs_cmd_list_image_collector.o
[507/1150] CXX obj/foundation/graphic/graphic_2d/rosen/modules/render_service_profiler/render_service_base_src/rs_profiler_base.o
[508/1150] CXX obj/developtools/profiler/device/plugins/native_daemon/native_memory_profiler_sa/src/libnative_daemon_client/native_memory_profiler_sa_client_manager.o
[509/1150] CXX obj/developtools/profiler/device/base/src/libnative_daemon_client/common.o
[510/1150] SOLINK window/window_manager/libsession_manager_lite.z.so
[511/1150] CXX obj/foundation/graphic/graphic_2d/rosen/modules/render_service_client/core/modifier/render_service_client_src/rs_modifier_manager_map.o
[512/1150] SOLINK thirdparty/abseil-cpp/libabsl_hash.z.so
[513/1150] CXX obj/foundation/graphic/graphic_2d/rosen/modules/render_service_client/core/animation/render_service_client_src/rs_transition.o
[514/1150] CXX obj/foundation/graphic/graphic_2d/rosen/modules/render_service_client/core/animation/render_service_client_src/rs_implicit_animation_param.o
[515/1150] CXX obj/foundation/graphic/graphic_2d/rosen/modules/render_service_client/core/feature/anco_manager/render_service_client_src/rs_ext_node_operation.o
[516/1150] CXX obj/foundation/graphic/graphic_2d/rosen/modules/render_service_client/core/animation/render_service_client_src/rs_interpolating_spring_animation.o
[517/1150] CXX obj/foundation/graphic/graphic_2d/rosen/modules/render_service_client/core/animation/render_service_client_src/rs_curve_animation.o
[518/1150] CXX obj/foundation/graphic/graphic_2d/rosen/modules/render_service_client/core/animation/render_service_client_src/rs_keyframe_animation.o
[519/1150] SOLINK ability/ability_runtime/libdataobs_manager.z.so
[520/1150] CXX obj/foundation/graphic/graphic_2d/rosen/modules/render_service_client/core/animation/render_service_client_src/rs_animation.o
[521/1150] CXX obj/foundation/graphic/graphic_2d/rosen/modules/render_service_client/core/animation/render_service_client_src/rs_property_animation.o
[522/1150] CXX obj/foundation/graphic/graphic_2d/rosen/modules/render_service_client/core/animation/render_service_client_src/rs_interactive_implict_animator.o
[523/1150] CXX obj/foundation/graphic/graphic_2d/rosen/modules/render_service_client/core/animation/render_service_client_src/rs_transition_effect.o
[524/1150] CXX obj/foundation/graphic/graphic_2d/rosen/modules/render_service_client/core/animation/render_service_client_src/rs_path_animation.o
[525/1150] SOLINK ability/dmsfwk/libdistributed_extension_sa.z.so
[526/1150] CXX obj/foundation/graphic/graphic_2d/rosen/modules/render_service_client/core/animation/render_service_client_src/rs_spring_animation.o
[527/1150] CXX obj/foundation/graphic/graphic_2d/rosen/modules/render_service_client/core/animation/render_service_client_src/rs_particle_animation.o
[528/1150] CXX obj/foundation/graphic/graphic_2d/rosen/modules/render_service_client/core/animation/render_service_client_src/rs_implicit_animator.o
[529/1150] CXX obj/foundation/graphic/graphic_2d/rosen/modules/render_service_client/core/modifier/render_service_client_src/rs_modifier_manager.o
[530/1150] CXX obj/foundation/graphic/graphic_2d/rosen/modules/render_service_client/core/feature/composite_layer/render_service_client_src/rs_composite_layer_utils.o
[531/1150] CXX obj/foundation/graphic/graphic_2d/rosen/modules/render_service_client/core/modifier/render_service_client_src/rs_modifier_extractor.o
[532/1150] CXX obj/foundation/graphic/graphic_2d/rosen/modules/render_service_client/core/feature/ui_capture/render_service_client_src/rs_divided_ui_capture.o
[533/1150] CXX obj/foundation/graphic/graphic_2d/rosen/modules/render_service_client/core/modifier/render_service_client_src/rs_showing_properties_freezer.o
[534/1150] CXX obj/foundation/graphic/graphic_2d/rosen/modules/render_service_client/core/modifier_ng/appearance/render_service_client_src/rs_behind_window_filter_modifier.o
[535/1150] CXX obj/foundation/graphic/graphic_2d/rosen/modules/render_service_client/core/modifier_ng/appearance/render_service_client_src/rs_background_filter_modifier.o
[536/1150] CXX obj/foundation/graphic/graphic_2d/rosen/modules/render_service_client/core/animation/render_service_client_src/rs_symbol_animation.o
[537/1150] CXX obj/foundation/graphic/graphic_2d/rosen/modules/render_service_client/core/modifier_ng/appearance/render_service_client_src/rs_alpha_modifier.o
[538/1150] CXX obj/foundation/graphic/graphic_2d/rosen/modules/render_service_client/core/modifier_ng/appearance/render_service_client_src/rs_color_picker_modifier.o
[539/1150] SOLINK deviceprofile/device_info_manager/libdistributed_device_profile_common.z.so
[540/1150] CXX obj/foundation/graphic/graphic_2d/rosen/modules/render_service_client/core/modifier_ng/appearance/render_service_client_src/rs_dynamic_light_up_modifier.o
[541/1150] CXX obj/foundation/graphic/graphic_2d/rosen/modules/render_service_client/core/modifier_ng/appearance/render_service_client_src/rs_mask_modifier.o
[542/1150] CXX obj/foundation/graphic/graphic_2d/rosen/modules/render_service_client/core/modifier_ng/appearance/render_service_client_src/rs_material_filter_modifier.o
[543/1150] CXX obj/foundation/graphic/graphic_2d/rosen/modules/render_service_client/core/modifier_ng/appearance/render_service_client_src/rs_material_shader_modifier.o
[544/1150] CXX obj/foundation/graphic/graphic_2d/rosen/modules/render_service_client/core/modifier_ng/appearance/render_service_client_src/rs_blend_modifier.o
[545/1150] CXX obj/foundation/graphic/graphic_2d/rosen/modules/render_service_client/core/modifier_ng/appearance/render_service_client_src/rs_hdr_brightness_modifier.o
[546/1150] CXX obj/foundation/graphic/graphic_2d/rosen/modules/render_service_client/core/modifier_ng/appearance/render_service_client_src/rs_border_modifier.o
[547/1150] CXX obj/foundation/graphic/graphic_2d/rosen/modules/render_service_client/core/modifier_ng/appearance/render_service_client_src/rs_compositing_filter_modifier.o
[548/1150] CXX obj/foundation/graphic/graphic_2d/rosen/modules/render_service_client/core/modifier_ng/appearance/render_service_client_src/rs_foreground_filter_modifier.o
[549/1150] CXX obj/foundation/graphic/graphic_2d/rosen/modules/render_service_client/core/modifier_ng/appearance/render_service_client_src/rs_pixel_stretch_modifier.o
[550/1150] CXX obj/foundation/graphic/graphic_2d/rosen/modules/render_service_client/core/modifier_ng/appearance/render_service_client_src/rs_particle_effect_modifier.o
[551/1150] CXX obj/foundation/graphic/graphic_2d/rosen/modules/render_service_client/core/modifier_ng/appearance/render_service_client_src/rs_use_effect_modifier.o
[552/1150] CXX obj/foundation/graphic/graphic_2d/rosen/modules/render_service_client/core/modifier_ng/appearance/render_service_client_src/rs_outline_modifier.o
[553/1150] CXX obj/foundation/graphic/graphic_2d/rosen/modules/render_service_client/core/modifier_ng/appearance/render_service_client_src/rs_overlay_ng_shader_modifier.o
[554/1150] CXX obj/foundation/graphic/graphic_2d/rosen/modules/render_service_client/core/modifier_ng/appearance/render_service_client_src/rs_shadow_modifier.o
[555/1150] CXX obj/foundation/graphic/graphic_2d/rosen/modules/render_service_client/core/modifier_ng/appearance/render_service_client_src/rs_use_union_modifier.o
[556/1150] CXX obj/foundation/graphic/graphic_2d/rosen/modules/render_service_client/core/modifier_ng/appearance/render_service_client_src/rs_visibility_modifier.o
[557/1150] CXX obj/foundation/graphic/graphic_2d/rosen/modules/render_service_client/core/modifier_ng/background/render_service_client_src/rs_background_image_modifier.o
[558/1150] CXX obj/foundation/graphic/graphic_2d/rosen/modules/render_service_client/core/modifier_ng/background/render_service_client_src/rs_background_ng_shader_modifier.o
[559/1150] CXX obj/foundation/graphic/graphic_2d/rosen/modules/render_service_client/core/modifier_ng/custom/render_service_client_src/rs_background_style_modifier.o
[560/1150] CXX obj/foundation/graphic/graphic_2d/rosen/modules/render_service_client/core/modifier_ng/background/render_service_client_src/rs_background_shader_modifier.o
[561/1150] CXX obj/foundation/graphic/graphic_2d/rosen/modules/render_service_client/core/modifier_ng/custom/render_service_client_src/rs_content_style_modifier.o
[562/1150] CXX obj/foundation/graphic/graphic_2d/rosen/modules/render_service_client/core/modifier_ng/background/render_service_client_src/rs_background_color_modifier.o
[563/1150] CXX obj/foundation/graphic/graphic_2d/rosen/modules/render_service_client/core/modifier_ng/custom/render_service_client_src/rs_foreground_style_modifier.o
[564/1150] CXX obj/foundation/graphic/graphic_2d/rosen/modules/render_service_client/core/modifier_ng/custom/render_service_client_src/rs_node_modifier.o
[565/1150] CXX obj/foundation/graphic/graphic_2d/rosen/modules/render_service_client/core/modifier_ng/custom/render_service_client_src/rs_transition_style_modifier.o
[566/1150] CXX obj/foundation/graphic/graphic_2d/rosen/modules/render_service_client/core/modifier/render_service_client_src/rs_property.o
[567/1150] CXX obj/foundation/graphic/graphic_2d/rosen/modules/render_service_client/core/modifier_ng/foreground/render_service_client_src/rs_foreground_shader_modifier.o
[568/1150] CXX obj/foundation/graphic/graphic_2d/rosen/modules/render_service_client/core/render_thread/jank_detector/render_service_client_src/rs_jank_detector.o
[569/1150] CXX obj/foundation/graphic/graphic_2d/rosen/modules/render_service_client/core/modifier_ng/foreground/render_service_client_src/rs_env_foreground_color_modifier.o
[570/1150] CXX obj/foundation/graphic/graphic_2d/rosen/modules/render_service_client/core/modifier_ng/custom/render_service_client_src/rs_custom_modifier.o
[571/1150] CXX obj/foundation/graphic/graphic_2d/rosen/modules/render_service_client/core/render_thread/render_service_client_src/rs_render_thread_util.o
[572/1150] CXX obj/foundation/graphic/graphic_2d/rosen/modules/render_service_client/core/modifier_ng/foreground/render_service_client_src/rs_foreground_color_modifier.o
[573/1150] CXX obj/foundation/graphic/graphic_2d/rosen/modules/render_service_client/core/modifier_ng/geometry/render_service_client_src/rs_bounds_modifier.o
[574/1150] CXX obj/foundation/graphic/graphic_2d/rosen/modules/render_service_client/core/modifier_ng/overlay/render_service_client_src/rs_overlay_style_modifier.o
[575/1150] CXX obj/foundation/graphic/graphic_2d/rosen/modules/render_service_client/core/modifier_ng/geometry/render_service_client_src/rs_bounds_clip_modifier.o
[576/1150] CXX obj/foundation/graphic/graphic_2d/rosen/modules/render_service_client/core/modifier_ng/geometry/render_service_client_src/rs_frame_modifier.o
[577/1150] CXX obj/foundation/graphic/graphic_2d/rosen/modules/render_service_client/core/modifier_ng/shadow_modifier/render_service_client_src/rs_bounds_shadow_modifier.o
[578/1150] CXX obj/foundation/graphic/graphic_2d/rosen/modules/render_service_client/core/modifier_ng/geometry/render_service_client_src/rs_frame_clip_modifier.o
[579/1150] CXX obj/foundation/graphic/graphic_2d/rosen/modules/render_service_client/core/modifier_ng/render_service_client_src/rs_modifier_ng.o
[580/1150] CXX obj/foundation/graphic/graphic_2d/rosen/modules/render_service_client/core/modifier_ng/shadow_modifier/render_service_client_src/rs_frame_shadow_modifier.o
[581/1150] CXX obj/foundation/graphic/graphic_2d/rosen/modules/render_service_client/core/render_thread/render_service_client_src/rs_render_thread_stats.o
[582/1150] CXX obj/foundation/graphic/graphic_2d/rosen/modules/render_service_client/core/pipeline/render_service_client_src/rs_node_map.o
[583/1150] CXX obj/foundation/graphic/graphic_2d/rosen/modules/render_service_client/core/transaction/render_service_client_src/rs_sync_transaction_handler.o
[584/1150] CXX obj/foundation/graphic/graphic_2d/rosen/modules/render_service_client/core/modifier_ng/geometry/render_service_client_src/rs_transform_modifier.o
[585/1150] CXX obj/foundation/graphic/graphic_2d/rosen/modules/render_service_client/core/pipeline/render_service_client_src/rs_node_map_v2.o
[586/1150] CXX obj/foundation/graphic/graphic_2d/rosen/modules/render_service_client/core/transaction/render_service_client_src/rs_render_thread_client.o
[587/1150] CXX obj/foundation/graphic/graphic_2d/rosen/modules/render_service_client/core/transaction/render_service_client_src/rs_sync_transaction_controller.o
[588/1150] CXX obj/foundation/graphic/graphic_2d/rosen/modules/render_service_client/core/transaction/render_service_client_src/rs_application_agent_impl.o
[589/1150] CXX obj/foundation/graphic/graphic_2d/rosen/modules/render_service_client/core/transaction/render_service_client_src/rs_transaction.o
[590/1150] CXX obj/foundation/graphic/graphic_2d/rosen/modules/render_service_client/core/transaction/render_service_client_src/rs_interfaces.o
[591/1150] CXX obj/foundation/graphic/graphic_2d/rosen/modules/render_service_client/core/render_thread/render_service_client_src/rs_render_thread_visitor.o
[592/1150] CXX obj/foundation/graphic/graphic_2d/rosen/modules/render_service_client/core/feature/hyper_graphic_manager/render_service_client_src/rs_frame_rate_linker.o
[593/1150] CXX obj/foundation/graphic/graphic_2d/rosen/modules/render_service_client/core/transaction/render_service_client_src/rs_render_interface.o
[594/1150] CXX obj/foundation/graphic/graphic_2d/rosen/modules/render_service_client/core/feature/hyper_graphic_manager/render_service_client_src/rs_frame_rate_policy.o
[595/1150] CXX obj/foundation/graphic/graphic_2d/rosen/modules/render_service_client/core/feature/window_keyframe/render_service_client_src/rs_window_keyframe_node.o
[596/1150] CXX obj/foundation/graphic/graphic_2d/rosen/modules/render_service_client/core/ui/render_service_client_src/rs_callback_register.o
[597/1150] CXX obj/foundation/graphic/graphic_2d/rosen/modules/render_service_client/core/ui/render_service_client_src/rs_depth_node.o
[598/1150] CXX obj/foundation/graphic/graphic_2d/rosen/modules/render_service_client/core/feature/delegate_composite/render_service_client_src/rs_delegate_composite_listener.o
[599/1150] CXX obj/foundation/graphic/graphic_2d/rosen/modules/render_service_client/core/feature/delegate_composite/render_service_client_src/rs_delegate_composite_buffer_manager.o
[600/1150] CXX obj/foundation/graphic/graphic_2d/rosen/modules/render_service_client/core/feature/hyper_graphic_manager/render_service_client_src/rs_ui_display_soloist.o
[601/1150] CXX obj/foundation/graphic/graphic_2d/rosen/modules/render_service_client/core/pipeline/render_service_client_src/rs_render_thread.o
[602/1150] CXX obj/foundation/graphic/graphic_2d/rosen/modules/render_service_client/core/ui/render_service_client_src/rs_effect_node.o
[603/1150] CXX obj/foundation/graphic/graphic_2d/rosen/modules/render_service_client/core/ui/render_service_client_src/rs_canvas_node.o
[604/1150] CXX obj/foundation/graphic/graphic_2d/rosen/modules/render_service_client/core/ui_effect/effect/src/render_service_client_src/visual_effect_unmarshalling_singleton.o
[605/1150] SOLINK arkcompiler/runtime_core/libarkruntime.so
[606/1150] CXX obj/foundation/graphic/graphic_2d/rosen/modules/render_service_client/core/ui/render_service_client_src/rs_display_node.o
[607/1150] CXX obj/foundation/graphic/graphic_2d/rosen/modules/render_service_client/core/ui/render_service_client_src/rs_canvas_drawing_node.o
[608/1150] CXX obj/foundation/graphic/graphic_2d/rosen/modules/render_service_client/core/ui_effect/effect/src/render_service_client_src/visual_effect_para.o
[609/1150] CXX obj/foundation/graphic/graphic_2d/rosen/modules/render_service_client/core/ui_effect/effect/src/render_service_client_src/visual_effect.o
[610/1150] CXX obj/foundation/graphic/graphic_2d/rosen/modules/render_service_client/core/ui_effect/filter/src/render_service_client_src/filter_frosted_glass_blur_para.o
[611/1150] SOLINK thirdparty/abseil-cpp/libabsl_container.z.so
[612/1150] CXX obj/foundation/graphic/graphic_2d/rosen/modules/render_service_client/core/ui_effect/filter/src/render_service_client_src/filter_content_light_para.o
[613/1150] CXX obj/foundation/graphic/graphic_2d/rosen/modules/render_service_client/core/ui_effect/filter/src/render_service_client_src/filter_mask_transition_para.o
[614/1150] CXX obj/foundation/graphic/graphic_2d/rosen/modules/render_service_client/core/ui_effect/filter/src/render_service_client_src/filter_direction_light_para.o
[615/1150] CXX obj/foundation/graphic/graphic_2d/rosen/modules/render_service_client/core/ui_effect/filter/src/render_service_client_src/filter_para.o
[616/1150] CXX obj/foundation/graphic/graphic_2d/rosen/modules/render_service_client/core/ui/render_service_client_src/rs_surface_extractor.o
[617/1150] CXX obj/foundation/graphic/graphic_2d/rosen/modules/render_service_client/core/ui_effect/filter/src/render_service_client_src/filter_displacement_distort_para.o
[618/1150] CXX obj/foundation/graphic/graphic_2d/rosen/modules/render_service_client/core/ui_effect/filter/src/render_service_client_src/filter_dispersion_para.o
[619/1150] CXX obj/foundation/graphic/graphic_2d/rosen/modules/render_service_client/core/ui/render_service_client_src/rs_root_node.o
[620/1150] CXX obj/foundation/graphic/graphic_2d/rosen/modules/render_service_client/core/ui/render_service_client_src/rs_proxy_node.o
[621/1150] CXX obj/foundation/graphic/graphic_2d/rosen/modules/render_service_client/core/ui_effect/mask/src/render_service_client_src/mask_para.o
[622/1150] CXX obj/foundation/graphic/graphic_2d/rosen/modules/render_service_client/core/ui_effect/filter/src/render_service_client_src/filter_unmarshalling_singleton.o
[623/1150] CXX obj/foundation/graphic/graphic_2d/rosen/modules/render_service_client/core/ui_effect/mask/src/render_service_client_src/mask_unmarshalling_singleton.o
[624/1150] CXX obj/foundation/graphic/graphic_2d/rosen/modules/render_service_client/core/ui_effect/filter/src/render_service_client_src/filter_frosted_glass_para.o
[625/1150] CXX obj/foundation/graphic/graphic_2d/rosen/modules/render_service_client/core/ui/render_service_client_src/rs_texture_export.o
[626/1150] CXX obj/foundation/graphic/graphic_2d/rosen/modules/render_service_client/core/ui_effect/filter/src/render_service_client_src/filter_water_ripple_para.o
[627/1150] CXX obj/foundation/graphic/graphic_2d/rosen/modules/render_service_client/core/ui_effect/filter/src/render_service_client_src/filter.o
[628/1150] CXX obj/foundation/graphic/graphic_2d/rosen/modules/render_service_client/core/ui_effect/mask/src/render_service_client_src/mask.o
[629/1150] CXX obj/foundation/graphic/graphic_2d/rosen/modules/render_service_client/core/ui_effect/mask/src/render_service_client_src/image_mask_para.o
[630/1150] SOLINK commonlibrary/ets_utils/libworker.z.so
[631/1150] CXX obj/foundation/graphic/graphic_2d/rosen/modules/render_service_client/core/command_modifier/render_service_client_src/rs_depth_node_command_modifier.o
[632/1150] STAMP obj/base/hiviewdfx/hiview/adapter/plugins/eventservice/service/idl/sys_event_service_ohos.inputdeps.stamp
[633/1150] STAMP obj/base/hiviewdfx/hiview/adapter/service/server/hiview_service_stub.inputdeps.stamp
[634/1150] STAMP obj/base/hiviewdfx/hiview/core/param_update/hiview_param_update.inputdeps.stamp
[635/1150] CXX obj/foundation/graphic/graphic_2d/rosen/modules/render_service_client/core/command_modifier/render_service_client_src/rs_canvas_node_command_modifier.o
[636/1150] CXX obj/base/hiviewdfx/hiview/plugins/faultlogger/interfaces/cpp/innerkits/faultlogger_client_impl_with_cfi/faultlog_info.o
[637/1150] CXX obj/foundation/graphic/graphic_2d/rosen/modules/render_service_client/core/ui/render_service_client_src/rs_ui_context_manager.o
[638/1150] CXX obj/foundation/graphic/graphic_2d/rosen/modules/render_service_client/core/ui_effect/mask/src/render_service_client_src/radial_gradient_mask_para.o
[639/1150] CXX obj/foundation/graphic/graphic_2d/rosen/modules/render_service_client/core/ui_effect/mask/src/render_service_client_src/pixel_map_mask_para.o
[640/1150] STAMP obj/base/hiviewdfx/hiview/plugins/faultlogger/service/faultlogger_service_with_cfi.inputdeps.stamp
[641/1150] CXX obj/foundation/graphic/graphic_2d/rosen/modules/render_service_client/core/command_modifier/render_service_client_src/rs_command_modifier.o
[642/1150] CXX obj/foundation/graphic/graphic_2d/rosen/modules/render_service_client/core/ui_effect/mask/src/render_service_client_src/use_effect_mask_para.o
[643/1150] CXX obj/foundation/graphic/graphic_2d/rosen/modules/render_service_client/core/ui/render_service_client_src/rs_ui_context.o
[644/1150] SOLINK ability/ability_runtime/libconnect_server_manager.z.so
[645/1150] CXX obj/base/hiviewdfx/hiview/plugins/faultlogger/interfaces/cpp/innerkits/impl/faultlogger_client_impl_with_cfi/faultlog_query_result.o
[646/1150] CXX obj/out/rk3568/gen/base/hiviewdfx/hiview/plugins/faultlogger/framework/native/extension/zidl/faultlog_ext_zidl_proxy/fault_log_ext_proxy.o
[647/1150] CXX obj/foundation/graphic/graphic_2d/rosen/modules/render_service_client/core/command_modifier/render_service_client_src/rs_effect_node_command_modifier.o
[648/1150] CXX obj/foundation/graphic/graphic_2d/rosen/modules/render_service_client/core/ui/render_service_client_src/rs_union_node.o
[649/1150] STAMP obj/base/powermgr/power_manager/interfaces/inner_api/powermgr_client.inputdeps.stamp
[650/1150] STAMP obj/foundation/window/window_manager/utils/libwmutil.inputdeps.stamp
[651/1150] CXX obj/base/hiviewdfx/hiview/plugins/faultlogger/interfaces/cpp/innerkits/impl/faultlogger_client_impl_with_cfi/faultlog_query_result_impl.o
[652/1150] CXX obj/base/hiviewdfx/hiview/plugins/faultlogger/service/idl/faultlogger_service_impl_with_cfi/faultlog_query_result_inner.o
[653/1150] CXX obj/foundation/graphic/graphic_2d/rosen/modules/render_service_client/core/command_modifier/render_service_client_src/rs_node_command_modifier.o
[654/1150] CXX obj/base/hiviewdfx/hiview/adapter/plugins/eventservice/service/idl/dfx/src/sys_event_service_ohos/listener_status_monitor.o
[655/1150] CXX obj/foundation/graphic/graphic_2d/rosen/modules/render_service_client/core/command_modifier/render_service_client_src/rs_root_node_command_modifier.o
[656/1150] CXX obj/base/hiviewdfx/hiview/plugins/faultlogger/interfaces/cpp/innerkits/impl/faultlogger_client_impl_with_cfi/faultlogger_client.o
[657/1150] CXX obj/base/hiviewdfx/hiview/plugins/faultlogger/service/idl/faultlogger_service_impl_with_cfi/faultlog_query_result_ohos.o
[658/1150] CXX obj/base/hiviewdfx/hiview/adapter/plugins/eventservice/service/idl/src/sys_event_service_ohos/ash_mem_utils.o
[659/1150] CXX obj/base/hiviewdfx/hiview/plugins/faultlogger/service/page_history/page_history_with_cfi/page_trace_node.o
[660/1150] SOLINK ability/ability_runtime/libjs_environment.z.so
[661/1150] CXX obj/base/hiviewdfx/hiview/plugins/faultlogger/service/page_history/page_history_with_cfi/pages_trace.o
[662/1150] CXX obj/base/hiviewdfx/hiview/plugins/faultlogger/service/page_history/page_history_with_cfi/page_history_manager.o
[663/1150] CXX obj/base/hiviewdfx/hiview/plugins/faultlogger/service/page_history/page_history_with_cfi/page_history_recorder.o
[664/1150] CXX obj/foundation/graphic/graphic_2d/rosen/modules/render_service_client/core/command_modifier/render_service_client_src/rs_window_keyframe_node_command_modifier.o
[665/1150] CXX obj/base/hiviewdfx/hiview/adapter/plugins/eventservice/service/idl/src/sys_event_service_ohos/query_argument.o
[666/1150] CXX obj/base/hiviewdfx/hiview/adapter/plugins/eventlogger/log_catcher/impl/eventlogger_adapter_logcatcher/log_catcher_utils.o
[667/1150] CXX obj/base/hiviewdfx/hiview/plugins/faultlogger/service/idl/faultlogger_service_impl_with_cfi/faultlogger_service_ohos.o
[668/1150] CXX obj/base/hiviewdfx/hiview/adapter/plugins/eventservice/service/idl/dfx/src/sys_event_service_ohos/listener_status_util.o
[669/1150] CXX obj/base/hiviewdfx/hiview/adapter/plugins/eventservice/service/idl/src/sys_event_service_ohos/compliant_event_checker.o
[670/1150] CXX obj/base/hiviewdfx/hiview/adapter/plugins/eventservice/service/idl/src/sys_event_service_ohos/data_publisher_sys_event_callback.o
[671/1150] CXX obj/base/hiviewdfx/hiview/adapter/plugins/eventservice/service/idl/src/sys_event_service_ohos/sys_event_query_rule.o
[672/1150] SOLINK thirdparty/protobuf/libprotobuf_lite.z.so
[673/1150] STAMP obj/base/hiviewdfx/hiview/adapter/service/client/hiview_service_stub_inner.stamp
[674/1150] CXX obj/base/hiviewdfx/hiview/adapter/plugins/eventservice/service/idl/src/sys_event_service_ohos/sys_event_rule.o
[675/1150] CXX obj/base/hiviewdfx/hiview/adapter/plugins/eventservice/service/idl/src/sys_event_service_ohos/data_share_store.o
[676/1150] CXX obj/base/hiviewdfx/hiview/adapter/service/common/src/hiview_service_stub/app_caller_parcelable.o
[677/1150] CXX obj/base/hiviewdfx/hiview/adapter/plugins/eventservice/service/idl/src/sys_event_service_ohos/event_service_base_util.o
[678/1150] CXX obj/base/hiviewdfx/hiview/adapter/service/common/src/hiview_service_stub/graphic_usage_parcelable.o
[679/1150] CXX obj/base/hiviewdfx/hiview/adapter/service/common/src/hiview_service_stub/hiview_file_info.o
[680/1150] CXX obj/base/hiviewdfx/hiview/adapter/plugins/eventservice/service/idl/src/sys_event_service_ohos/data_share_dao.o
[681/1150] CXX obj/foundation/graphic/graphic_2d/rosen/modules/render_service_client/core/ui/render_service_client_src/rs_surface_node.o
[682/1150] STAMP obj/base/hiviewdfx/hiview/core/hiview_core.inputdeps.stamp
[683/1150] CXX obj/base/hiviewdfx/hiview/adapter/service/common/src/hiview_service_stub/trace_param_parcelable.o
[684/1150] CXX obj/base/hiviewdfx/hiview/adapter/service/common/src/hiview_service_stub/memory_caller_parcelable.o
[685/1150] CXX obj/base/hiviewdfx/hiview/adapter/service/common/src/hiview_service_stub/trace_config_parcelable.o
[686/1150] CXX obj/base/hiviewdfx/hiview/adapter/plugins/eventservice/service/idl/src/sys_event_service_ohos/query_sys_event_callback_proxy.o
[687/1150] CXX obj/base/hiviewdfx/hiview/core/param_update/src/hiview_param_update/log_sign_tools.o
[688/1150] STAMP obj/base/hiviewdfx/hiview/plugins/event_store/event_export/event_export_engine.inputdeps.stamp
[689/1150] CXX obj/base/hiviewdfx/hiview/core/platform_config/hiviewplatform_config/hiview_platform_config.o
[690/1150] STAMP obj/base/hiviewdfx/hiview/plugins/eventlogger/log_catcher/log_catcher.inputdeps.stamp
[691/1150] CXX obj/foundation/graphic/graphic_2d/rosen/modules/render_service_client/core/command_modifier/render_service_client_src/rs_surface_node_command_modifier.o
[692/1150] CXX obj/base/hiviewdfx/hiview/adapter/plugins/eventservice/service/idl/src/sys_event_service_ohos/data_share_util.o
[693/1150] CXX obj/base/hiviewdfx/hiview/adapter/plugins/eventservice/service/idl/src/sys_event_service_ohos/running_status_log_util.o
[694/1150] CXX obj/out/rk3568/gen/base/hiviewdfx/hiview/adapter/plugins/eventservice/service/idl/sys_event_service_ohos/sys_event_callback_proxy.o
[695/1150] CXX obj/out/rk3568/gen/base/hiviewdfx/hiview/adapter/plugins/eventservice/service/idl/sys_event_service_ohos/sys_event_service_stub.o
[696/1150] CXX obj/base/hiviewdfx/hiview/adapter/plugins/eventservice/service/idl/src/sys_event_service_ohos/data_publisher.o
[697/1150] STAMP obj/base/hiviewdfx/hiview/plugins/freeze_detector/freeze_detector.inputdeps.stamp
[698/1150] STAMP obj/base/hiviewdfx/hiview/plugins/reliability/bbox_detectors/bbox_detector_with_cfi.inputdeps.stamp
[699/1150] CXX obj/base/hiviewdfx/hiview/plugins/reliability/bbox_detectors/bdfr_base/export_bbox_detectors_base/export_bbox_detectors_interface.o
[700/1150] CXX obj/base/hiviewdfx/hiview/core/param_update/src/hiview_param_update/param_event_manager.o
[701/1150] CXX obj/foundation/graphic/graphic_2d/rosen/modules/render_service_client/core/ui/render_service_client_src/rs_ui_director.o
[702/1150] CXX obj/base/hiviewdfx/hiview/plugins/eventlogger/manager/eventlogger_manager/event_cache_trace.o
[703/1150] CXX obj/base/hiviewdfx/hiview/adapter/service/server/src/hiview_service_stub/hiview_log_config_manager.o
[704/1150] CXX obj/base/hiviewdfx/hiview/plugins/faultlogger/service/dynamic_library_management/faultlogger_service_with_cfi/dynamic_library_handle.o
[705/1150] CXX obj/base/hiviewdfx/hiview/adapter/plugins/eventservice/service/idl/src/sys_event_service_ohos/event_query_wrapper_builder.o
[706/1150] CXX obj/base/hiviewdfx/hiview/core/param_update/src/hiview_param_update/param_reader.o
[707/1150] CXX obj/base/hiviewdfx/hiview/plugins/faultlogger/service/dynamic_library_management/faultlogger_service_with_cfi/dynamic_library_manager.o
[708/1150] CXX obj/base/hiviewdfx/hiview/plugins/faultlogger/service/extension_manager/src/faultlogger_service_with_cfi/faultlog_ext_connection.o
[709/1150] CXX obj/base/hiviewdfx/hiview/core/param_update/src/hiview_param_update/param_manager.o
[710/1150] CXX obj/base/hiviewdfx/hiview/plugins/faultlogger/service/faultlogger_service_with_cfi/faultlog_bootscan_listener.o
[711/1150] CXX obj/base/powermgr/power_manager/frameworks/native/powermgr_client/client_lifecycle.o
[712/1150] CXX obj/base/powermgr/power_manager/frameworks/native/shutdown/powermgr_client/shutdown_client.o
[713/1150] STAMP obj/foundation/window/window_manager/dm_lite/libdm_lite.inputdeps.stamp
[714/1150] CXX obj/base/powermgr/power_manager/services/zidl/src/powermgr_client/ulsr_callback_proxy.o
[715/1150] CXX obj/base/powermgr/power_manager/services/zidl/src/powermgr_client/ulsr_callback_stub.o
[716/1150] CXX obj/base/powermgr/power_manager/frameworks/native/powermgr_client/power_mgr_client.o
[717/1150] CXX obj/base/powermgr/power_manager/services/zidl/src/powermgr_client/power_state_callback_proxy.o
[718/1150] CXX obj/base/hiviewdfx/hiview/adapter/service/server/src/hiview_service_stub/hiview_service_ability.o
[719/1150] CXX obj/base/hiviewdfx/hiview/plugins/faultlogger/service/faultlogger_service_with_cfi/faultlogger.o
[720/1150] CXX obj/base/powermgr/power_manager/services/zidl/src/powermgr_client/power_state_callback_stub.o
[721/1150] CXX obj/base/powermgr/power_manager/frameworks/native/powermgr_client/running_lock.o
[722/1150] CXX obj/base/powermgr/power_manager/services/zidl/src/powermgr_client/screen_off_pre_callback_proxy.o
[723/1150] CXX obj/foundation/graphic/graphic_2d/rosen/modules/render_service_client/core/ui_effect/property/src/render_service_client_src/rs_ui_color_gradient_filter.o
[724/1150] CXX obj/base/powermgr/power_manager/services/zidl/src/powermgr_client/takeover_suspend_callback_proxy.o
[725/1150] CXX obj/base/powermgr/power_manager/services/zidl/src/powermgr_client/screen_off_pre_callback_stub.o
[726/1150] CXX obj/base/powermgr/power_manager/services/zidl/src/powermgr_client/takeover_suspend_callback_stub.o
[727/1150] CXX obj/base/hiviewdfx/hiview/adapter/plugins/eventservice/service/idl/src/sys_event_service_ohos/sys_event_service_ohos.o
[728/1150] CXX obj/out/rk3568/gen/base/powermgr/power_manager/interfaces/inner_api/powermgr_client/power_mgr_proxy.o
[729/1150] CXX obj/foundation/window/window_manager/utils/src/libwmutil/ffrt_serial_queue_helper.o
[730/1150] CXX obj/foundation/window/window_manager/utils/src/libwmutil/dms_reporter.o
[731/1150] CXX obj/base/hiviewdfx/hiview/plugins/faultlogger/service/extension_manager/src/faultlogger_service_with_cfi/faultlog_ext_conn_manager.o
[732/1150] CXX obj/foundation/window/window_manager/utils/src/libwmutil/dm_virtual_screen_option.o
[733/1150] STAMP obj/foundation/window/window_manager/wm/libwm_lite.inputdeps.stamp
[734/1150] STAMP obj/base/hiviewdfx/hidumper/services/hidumperservice_cpu_source.inputdeps.stamp
[735/1150] CXX obj/foundation/window/window_manager/utils/src/libwmutil/ffrt_queue_helper.o
[736/1150] CXX obj/foundation/graphic/graphic_2d/rosen/modules/render_service_client/core/ui_effect/property/src/render_service_client_src/rs_ui_mask_to_para.o
[737/1150] CXX obj/foundation/window/window_manager/utils/src/libwmutil/collaborator_dll_manager.o
[738/1150] CXX obj/foundation/window/window_manager/utils/src/libwmutil/floating_ball_report.o
[739/1150] CXX obj/foundation/window/window_manager/utils/src/libwmutil/persistent_storage.o
[740/1150] CXX obj/foundation/window/window_manager/utils/src/libwmutil/surface_reader_handler_impl.o
[741/1150] CXX obj/out/rk3568/gen/base/hiviewdfx/hidumper/services/zidl_cpu_service/hidumper_cpu_service_stub.o
[742/1150] STAMP obj/base/hiviewdfx/hiview/plugins/event_store/sys_event_store.inputdeps.stamp
[743/1150] CXX obj/foundation/window/window_manager/utils/src/libwmutil/surface_reader.o
[744/1150] CXX obj/base/hiviewdfx/hiview/core/hiview_core/plugin_bundle.o
[745/1150] CXX obj/base/hiviewdfx/hiview/adapter/service/hiview_service_adapter/hiview_service_adapter.o
[746/1150] CXX obj/foundation/window/window_manager/utils/src/libwmutil/pip_report.o
[747/1150] CXX obj/foundation/window/window_manager/utils/src/libwmutil/task_sequence_process.o
[748/1150] CXX obj/base/hiviewdfx/hiview/adapter/plugins/eventservice/service/sys_event_service_adapter/sys_event_service_adapter.o
[749/1150] CXX obj/base/hiviewdfx/hiview/core/bundle_config/hiview_core/plugin_bundle_config.o
[750/1150] CXX obj/foundation/window/window_manager/utils/src/libwmutil/perform_reporter.o
[751/1150] CXX obj/foundation/graphic/graphic_2d/rosen/modules/render_service_client/core/ui_effect/property/src/render_service_client_src/rs_ui_filter_to_para.o
[752/1150] CXX obj/foundation/window/window_manager/utils/src/libwmutil/permission.o
[753/1150] CXX obj/base/hiviewdfx/hiview/plugins/event_store/event_export/config/event_export_engine/export_config_parser.o
[754/1150] SOLINK ability/ability_runtime/libruntime.z.so
[755/1150] CXX obj/foundation/window/window_manager/utils/src/libwmutil/sys_cap_util.o
[756/1150] CXX obj/base/hiviewdfx/hiview/plugins/event_store/event_export/config/event_export_engine/export_config_manager.o
[757/1150] CXX obj/foundation/graphic/graphic_2d/rosen/modules/render_service_client/core/ui/render_service_client_src/rs_node.o
[758/1150] CXX obj/foundation/window/window_manager/utils/src/libwmutil/window_property.o
[759/1150] CXX obj/foundation/window/window_manager/utils/src/libwmutil/window_transition_info.o
[760/1150] CXX obj/base/hiviewdfx/hiview/plugins/event_store/event_export/task/export/event_export_engine/event_write_strategy_factory.o
[761/1150] CXX obj/base/hiviewdfx/hiview/plugins/event_store/event_export/database/event_export_engine/export_db_manager.o
[762/1150] CXX obj/base/hiviewdfx/hiview/plugins/event_store/event_export/task/export/event_export_engine/export_file_writer.o
[763/1150] CXX obj/base/hiviewdfx/hiview/plugins/event_store/event_export/config/event_export_engine/export_event_list_parser.o
[764/1150] CXX obj/base/hiviewdfx/hiview/plugins/event_store/event_export/task/expire/event_export_engine/event_expire_task.o
[765/1150] CXX obj/base/hiviewdfx/hiview/plugins/event_store/event_export/task/expire/event_export_engine/event_delete_handler.o
[766/1150] STAMP obj/base/hiviewdfx/hiview/plugins/event_validator/event_validator.inputdeps.stamp
[767/1150] STAMP obj/base/hiviewdfx/hiview/plugins/eventlogger/eventlogger.inputdeps.stamp
[768/1150] CXX obj/base/hiviewdfx/hiview/core/hiview_core/plugin_config.o
[769/1150] CXX obj/base/hiviewdfx/hiview/plugins/event_store/event_export/database/adapter/event_export_engine/export_db_storage.o
[770/1150] CXX obj/base/hiviewdfx/hiview/plugins/event_store/event_export/event_export_engine/event_export_engine.o
[771/1150] CXX obj/base/hiviewdfx/hiview/plugins/event_store/event_export/task/event_export_engine/export_base_task.o
[772/1150] CXX obj/base/hiviewdfx/hiview/plugins/event_store/event_export/task/export/event_export_engine/event_write_handler.o
[773/1150] CXX obj/base/hiviewdfx/hiview/plugins/event_store/event_export/task/export/event_export_engine/event_export_util.o
[774/1150] CXX obj/base/hiviewdfx/hiview/plugins/event_store/event_export/task/event_export_engine/export_dir_creator.o
[775/1150] CXX obj/base/hiviewdfx/hiview/plugins/event_store/event_export/task/export/event_export_engine/export_json_file_builder.o
[776/1150] CXX obj/base/hiviewdfx/hiview/plugins/event_store/event_export/task/export/event_export_engine/export_event_packager.o
[777/1150] CXX obj/base/hiviewdfx/hiview/plugins/eventlogger/log_catcher/log_catcher/event_log_catcher.o
[778/1150] CXX obj/base/hiviewdfx/hiview/plugins/event_store/event_export/task/expire/event_export_engine/event_scan_handler.o
[779/1150] CXX obj/base/hiviewdfx/hiview/plugins/event_store/event_export/task/export/event_export_engine/event_export_task.o
[780/1150] CXX obj/base/hiviewdfx/hiview/plugins/eventlogger/config/eventlogger_config/event_logger_config.o
[781/1150] CXX obj/base/hiviewdfx/hiview/plugins/eventlogger/log_catcher/log_catcher/summary_log_info_catcher.o
[782/1150] CXX obj/base/hiviewdfx/hiview/plugins/event_store/event_export/task/export/event_export_engine/event_read_handler.o
[783/1150] CXX obj/base/hiviewdfx/hiview/plugins/eventlogger/log_catcher/log_catcher/shell_catcher.o
[784/1150] CXX obj/base/hiviewdfx/hiview/plugins/eventlogger/log_catcher/log_catcher/binder_catcher.o
[785/1150] CXX obj/base/hiviewdfx/hiview/plugins/event_store/event_export/task/trigger/event_export_engine/trigger_export_task.o
[786/1150] SOLINK distributeddatamgr/preferences/libnative_preferences.z.so
[787/1150] CXX obj/base/hiviewdfx/hiview/plugins/eventlogger/log_catcher/log_catcher/cpu_core_info_catcher.o
[788/1150] CXX obj/base/hiviewdfx/hiview/plugins/eventlogger/log_catcher/log_catcher/light_hilog_catcher.o
[789/1150] CXX obj/base/hiviewdfx/hiview/plugins/eventlogger/log_catcher/log_catcher/ffrt_catcher.o
[790/1150] CXX obj/base/hiviewdfx/hiview/plugins/eventlogger/log_catcher/log_catcher/open_stacktrace_catcher.o
[791/1150] CXX obj/base/hiviewdfx/hiview/core/hiview_core/hiview_platform.o
[792/1150] STAMP obj/base/hiviewdfx/hiview/plugins/performance/xperf_service/interfaces/inner_api/xperfservice_client/xperfservice_stub.inputdeps.stamp
[793/1150] CXX obj/base/hiviewdfx/hiview/plugins/event_store/event_export/task/export/event_export_engine/write_zip_file_strategy.o
[794/1150] CXX obj/base/hiviewdfx/hiview/plugins/freeze_detector/freeze_detector/freeze_common.o
[795/1150] STAMP obj/base/hiviewdfx/hiview/plugins/reliability/bbox_detectors/bdfr_base/bbox_detectors_base_src.inputdeps.stamp
[796/1150] STAMP obj/base/hiviewdfx/hiview/plugins/sysevent_source/sysevent_source.inputdeps.stamp
[797/1150] STAMP obj/base/hiviewdfx/hiview/plugins/unified_collector/unified_collector.inputdeps.stamp
[798/1150] STAMP obj/base/hiviewdfx/hiview/plugins/usage_event_report/usage_event_report.inputdeps.stamp
[799/1150] STAMP obj/base/hiviewdfx/hiview/utility/common_utils/hiview_reliability_common_utils_with_cfi.inputdeps.stamp
[800/1150] STAMP obj/base/hiviewdfx/hiview/utility/smart_parser/smart_parser.inputdeps.stamp
[801/1150] STAMP obj/base/hiviewdfx/hiview/utility/smart_parser/smart_parser_with_cfi.inputdeps.stamp
[802/1150] STAMP obj/foundation/resourceschedule/device_usage_statistics/usagestatsinner.inputdeps.stamp
[803/1150] SOLINK ability/ability_runtime/libability_runtime_error_util.z.so
[804/1150] CXX obj/base/hiviewdfx/hiview/plugins/event_store/event_export/event_export_engine/trigger_export_engine.o
[805/1150] CXX obj/foundation/window/window_manager/utils/src/libwmutil/rs_adapter.o
[806/1150] CXX obj/foundation/window/window_manager/utils/src/libwmutil/surface_draw.o
[807/1150] CXX obj/base/hiviewdfx/hiview/plugins/freeze_detector/freeze_detector/watch_point.o
[808/1150] CXX obj/base/hiviewdfx/hiview/plugins/freeze_detector/freeze_detector/get_ratio_utils.o
[809/1150] CXX obj/base/hiviewdfx/hiview/plugins/freeze_detector/freeze_detector/db_helper.o
[810/1150] SOLINK thirdparty/icu/libicu.so
[811/1150] CXX obj/base/hiviewdfx/hiview/plugins/reliability/bbox_detectors/bbox_detector_with_cfi/bbox_event_recorder.o
[812/1150] CXX obj/base/hiviewdfx/hiview/plugins/freeze_detector/freeze_detector/rule_cluster.o
[813/1150] CXX obj/base/hiviewdfx/hiview/plugins/eventlogger/log_catcher/log_catcher/peer_binder_catcher.o
[814/1150] CXX obj/base/hiviewdfx/hiview/plugins/eventlogger/log_catcher/log_catcher/dmesg_catcher.o
[815/1150] CXX obj/base/hiviewdfx/hiview/plugins/freeze_detector/freeze_detector/resolver.o
[816/1150] CXX obj/base/hiviewdfx/hiview/plugins/freeze_detector/freeze_detector/freeze_detector_plugin.o
[817/1150] CXX obj/foundation/window/window_manager/dm/src/zidl/libdm_lite/display_manager_agent_stub.o
[818/1150] CXX obj/foundation/window/window_manager/dm_lite/src/libdm_lite/display_lite.o
[819/1150] SOLINK ability/ability_runtime/libwantagent_manager.z.so
[820/1150] CXX obj/base/hiviewdfx/hidumper/services/native/src/hidumperservice_cpu_source/dump_cpu_data.o
[821/1150] STAMP obj/base/hiviewdfx/hidumper/services/zidl_cpu_service.stamp
[822/1150] CXX obj/foundation/window/window_manager/dm_lite/src/libdm_lite/display_manager_adapter_lite.o
[823/1150] CXX obj/foundation/window/window_manager/utils/src/libwmutil/vsync_station.o
[824/1150] CXX obj/foundation/window/window_manager/dm_lite/src/libdm_lite/display_manager_lite_proxy.o
[825/1150] CXX obj/base/hiviewdfx/hiview/plugins/reliability/bbox_detectors/bbox_detector_with_cfi/bbox_detector_plugin.o
[826/1150] CXX obj/base/hiviewdfx/hiview/plugins/freeze_detector/freeze_detector/freeze_manager.o
[827/1150] CXX obj/base/hiviewdfx/hiview/plugins/event_store/store/sys_event_store/sys_event_db_mgr.o
[828/1150] CXX obj/base/hiviewdfx/hiview/plugins/freeze_detector/freeze_detector/vendor.o
[829/1150] CXX obj/foundation/window/window_manager/dm_lite/src/libdm_lite/display_manager_lite_proxy_idl.o
[830/1150] SOLINK thirdparty/libphonenumber/libphonenumber_standard.z.so
[831/1150] CXX obj/base/hiviewdfx/hiview/plugins/eventlogger/log_catcher/log_catcher/thermal_info_catcher.o
[832/1150] CXX obj/foundation/window/window_manager/dm_lite/src/libdm_lite/screen_manager_lite.o
[833/1150] CXX obj/foundation/window/window_manager/dm_lite/src/libdm_lite/display_manager_lite.o
[834/1150] CXX obj/foundation/window/window_manager/utils/src/libwm_lite/window_visibility_info.o
[835/1150] CXX obj/base/hiviewdfx/hiview/plugins/eventlogger/log_catcher/log_catcher/memory_catcher.o
[836/1150] STAMP obj/base/hiviewdfx/hiview/plugins/faultlogger/service/bdfr_base/bdfr_base.inputdeps.stamp
[837/1150] STAMP obj/base/hiviewdfx/hiview/plugins/performance/xperformance.inputdeps.stamp
[838/1150] STAMP obj/base/hiviewdfx/hiview/plugins/performance/perfmonitor/libperfmonitor.inputdeps.stamp
[839/1150] CXX obj/foundation/window/window_manager/wm/src/libwm_lite/window_manager_agent_lite.o
[840/1150] CXX obj/base/hiviewdfx/hiview/plugins/event_validator/control/config/event_validator/daily_config.o
[841/1150] CXX obj/base/hiviewdfx/hidumper/services/native/src/hidumperservice_cpu_source/dump_manager_cpu_service.o
[842/1150] CXX obj/base/hiviewdfx/hiview/plugins/event_validator/event_validator/event_delayed_util.o
[843/1150] CXX obj/base/hiviewdfx/hiview/plugins/event_validator/control/event_validator/daily_controller.o
[844/1150] CXX obj/base/hiviewdfx/hiview/plugins/event_validator/control/db/event_validator/daily_db_helper.o
[845/1150] CXX obj/base/hiviewdfx/hiview/plugins/event_validator/event_validator/event_param_watcher.o
[846/1150] CXX obj/out/rk3568/gen/base/hiviewdfx/hiview/plugins/performance/xperf_service/interfaces/inner_api/xperfservice_client/xperfservice_stub/audio_jank_callback_proxy.o
[847/1150] STAMP obj/base/hiviewdfx/hiview/plugins/performance/xperf_service/services/xperfservice_server.inputdeps.stamp
[848/1150] CXX obj/base/hiviewdfx/hiview/plugins/event_validator/event_validator/event_period_info_util.o
[849/1150] CXX obj/foundation/window/window_manager/wm/src/libwm_lite/window_option.o
[850/1150] CXX obj/foundation/graphic/graphic_2d/rosen/modules/render_service_client/core/ui_effect/property/src/render_service_client_src/rs_ui_shape_base.o
[851/1150] CXX obj/base/hiviewdfx/hiview/plugins/eventlogger/eventlogger/event_logger_util.o
[852/1150] CXX obj/foundation/window/window_manager/wm/src/zidl/libwm_lite/window_manager_agent_stub.o
[853/1150] CXX obj/base/hiviewdfx/hiview/plugins/eventlogger/eventlogger/event_focus_listener.o
[854/1150] CXX obj/base/hiviewdfx/hiview/plugins/eventlogger/log_catcher/log_catcher/event_log_task.o
[855/1150] CXX obj/out/rk3568/gen/base/hiviewdfx/hiview/plugins/performance/xperf_service/interfaces/inner_api/xperfservice_client/xperfservice_stub/video_jank_callback_proxy.o
[856/1150] CXX obj/base/hiviewdfx/hiview/plugins/sys_dispatcher/sys_dispatcher/sys_dispatcher.o
[857/1150] CXX obj/out/rk3568/gen/base/hiviewdfx/hiview/plugins/performance/xperf_service/interfaces/inner_api/xperfservice_client/xperfservice_stub/xperf_service_proxy.o
[858/1150] SOLINK ability/ability_runtime/libwantagent_innerkits.z.so
[859/1150] CXX obj/out/rk3568/gen/base/hiviewdfx/hiview/plugins/performance/xperf_service/interfaces/inner_api/xperfservice_client/xperfservice_stub/video_state_callback_proxy.o
[860/1150] CXX obj/out/rk3568/gen/base/hiviewdfx/hiview/plugins/performance/xperf_service/interfaces/inner_api/xperfservice_client/xperfservice_stub/audio_jank_callback_stub.o
[861/1150] CXX obj/base/hiviewdfx/hiview/plugins/event_validator/event_validator/event_validator.o
[862/1150] CXX obj/base/hiviewdfx/hiview/plugins/sysevent_source/sysevent_source/event_server.o
../../base/hiviewdfx/hiview/plugins/sysevent_source/event_server.cpp:277:35: warning: comparison of integers of different signs: 'int32_t' (aka 'int') and 'unsigned int' [-Wsign-compare]
        (!hasBbox_ && dataByteCnt != (len - sizeof(struct Header) - 1))) { // extra bytes in kernel write
                      ~~~~~~~~~~~ ^   ~~~~~~~~~~~~~~~~~~~~~~~~~~~~~~~
1 warning generated.
[863/1150] CXX obj/foundation/window/window_manager/wm/src/libwm_lite/window_adapter_lite.o
[864/1150] CXX obj/out/rk3568/gen/base/hiviewdfx/hiview/plugins/performance/xperf_service/interfaces/inner_api/xperfservice_client/xperfservice_stub/video_state_callback_stub.o
[865/1150] CXX obj/out/rk3568/gen/base/hiviewdfx/hiview/plugins/performance/xperf_service/interfaces/inner_api/xperfservice_client/xperfservice_stub/xperf_service_stub.o
[866/1150] CXX obj/out/rk3568/gen/base/hiviewdfx/hiview/plugins/performance/xperf_service/interfaces/inner_api/xperfservice_client/xperfservice_stub/video_jank_callback_stub.o
[867/1150] SOLINK thirdparty/openssl/libssl_openssl.z.so
[868/1150] CXX obj/base/hiviewdfx/hiview/plugins/reliability/bbox_detectors/bdfr_base/bbox_detectors_base_src/panic_error_info_handle.o
[869/1150] CXX obj/base/hiviewdfx/hiview/plugins/event_validator/event_validator/event_verify_util.o
[870/1150] CXX obj/base/hiviewdfx/hiview/plugins/reliability/bbox_detectors/bdfr_base/bbox_detectors_base_src/hisysevent_util.o
[871/1150] CXX obj/base/hiviewdfx/hiview/plugins/unified_collector/task/unified_collector/dump_trace_controller.o
[872/1150] CXX obj/base/hiviewdfx/hiview/plugins/event_store/sys_event_store/sys_event_store.o
[873/1150] CXX obj/base/hiviewdfx/hiview/plugins/unified_collector/observer/unified_collector/uc_render_state_observer.o
[874/1150] CXX obj/foundation/graphic/graphic_2d/rosen/modules/render_service_client/core/ui_effect/property/src/render_service_client_src/rs_ui_mask_base.o
[875/1150] CXX obj/base/hiviewdfx/hiview/plugins/unified_collector/task/unified_collector/cpu_collection_task.o
[876/1150] CXX obj/base/hiviewdfx/hiview/plugins/sysevent_source/sysevent_source/sysevent_source.o
[877/1150] CXX obj/base/hiviewdfx/hiview/plugins/unified_collector/observer/unified_collector/uc_app_state_observer.o
[878/1150] CXX obj/base/hiviewdfx/hiview/plugins/reliability/bbox_detectors/bdfr_base/bbox_detectors_base_src/panic_report_recovery.o
[879/1150] CXX obj/base/hiviewdfx/hiview/plugins/unified_collector/observer/unified_collector/uc_system_ability_listener.o
[880/1150] CXX obj/base/hiviewdfx/hiview/plugins/unified_collector/power/unified_collector/power_status_manager.o
[881/1150] CXX obj/base/hiviewdfx/hiview/plugins/sysevent_source/sysevent_source/monitor_config.o
[882/1150] CXX obj/base/hiviewdfx/hiview/plugins/unified_collector/observer/unified_collector/uc_telemetry_callback.o
[883/1150] CXX obj/base/hiviewdfx/hiview/plugins/unified_collector/observer/unified_collector/uc_observer_mgr.o
[884/1150] STAMP obj/base/hiviewdfx/hiview/plugins/usage_event_report/service/usage_report.inputdeps.stamp
[885/1150] CXX obj/base/hiviewdfx/hiview/plugins/usage_event_report/cache/usage_event_report/json_parser.o
[886/1150] CXX obj/base/hiviewdfx/hiview/plugins/sysevent_source/sysevent_source/platform_monitor.o
[887/1150] CXX obj/base/hiviewdfx/hiview/plugins/usage_event_report/service/factory/usage_event_report/sys_usage_event_factory.o
[888/1150] CXX obj/foundation/window/window_manager/wm/src/libwm_lite/window_manager_lite.o
[889/1150] CXX obj/base/hiviewdfx/hiview/plugins/unified_collector/storage/unified_collector/cpu_storage.o
[890/1150] CXX obj/base/hiviewdfx/hiview/plugins/usage_event_report/event/usage_event_report/sys_usage_event.o
[891/1150] CXX obj/base/hiviewdfx/hiview/plugins/usage_event_report/cache/usage_event_report/usage_event_cacher.o
[892/1150] SOLINK resourceschedule/background_task_mgr/libbgtaskmgr_innerkits.z.so
[893/1150] CXX obj/base/hiviewdfx/hiview/plugins/usage_event_report/cache/usage_event_report/event_db_helper.o
[894/1150] CXX obj/base/hiviewdfx/hiview/utility/smart_parser/rule/smart_parser/rule.o
[895/1150] CXX obj/base/hiviewdfx/hiview/utility/smart_parser/smart_parser/smart_parser.o
[896/1150] CXX obj/base/hiviewdfx/hiview/plugins/unified_collector/observer/unified_collector/uc_telemetry_listener.o
[897/1150] CXX obj/base/hiviewdfx/hiview/utility/common_utils/hiview_reliability_common_utils_with_cfi/calc_fingerprint.o
[898/1150] CXX obj/base/hiviewdfx/hiview/plugins/usage_event_report/fold/event/usage_event_report/fold_app_usage_event.o
[899/1150] CXX obj/base/hiviewdfx/hiview/plugins/reliability/bbox_detectors/bdfr_base/bbox_detectors_base_src/bbox_detectors_base.o
[900/1150] CXX obj/base/hiviewdfx/hiview/plugins/usage_event_report/idl/usage_event_report/hiview_shutdown_callback.o
[901/1150] SOLINK ability/ability_runtime/libapplication_image_observer_manager.z.so
[902/1150] CXX obj/base/hiviewdfx/hiview/plugins/usage_event_report/fold/util/usage_event_report/fold_common_utils.o
[903/1150] CXX obj/base/hiviewdfx/hiview/plugins/unified_collector/unified_collector/unified_collector.o
[904/1150] SOLINK distributeddatamgr/kv_store/libdistributeddb.z.so
[905/1150] CXX obj/base/hiviewdfx/hiview/plugins/usage_event_report/fold/usage_event_report/usage_fold_event_report.o
[906/1150] CXX obj/base/hiviewdfx/hiview/plugins/usage_event_report/fold/cache/usage_event_report/fold_event_cacher.o
[907/1150] CXX obj/base/hiviewdfx/hiview/utility/smart_parser/rule/smart_parser/compose_rule.o
[908/1150] CXX obj/base/hiviewdfx/hiview/utility/common_utils/hiview_reliability_common_utils_with_cfi/log_parse.o
[909/1150] CXX obj/base/hiviewdfx/hiview/plugins/usage_event_report/usage_event_report/usage_event_report.o
[910/1150] CXX obj/foundation/resourceschedule/device_usage_statistics/interfaces/innerkits/src/usagestatsinner/bundle_active_event_stats.o
[911/1150] CXX obj/foundation/resourceschedule/device_usage_statistics/interfaces/innerkits/src/usagestatsinner/bundle_active_form_record.o
[912/1150] CXX obj/foundation/resourceschedule/device_usage_statistics/interfaces/innerkits/src/usagestatsinner/bundle_active_module_record.o
[913/1150] CXX obj/foundation/resourceschedule/device_usage_statistics/interfaces/innerkits/src/usagestatsinner/bundle_active_package_stats.o
[914/1150] CXX obj/foundation/resourceschedule/device_usage_statistics/interfaces/innerkits/src/usagestatsinner/bundle_active_high_frequency_period.o
[915/1150] SOLINK ability/ability_runtime/libability_deps_wrapper.z.so
[916/1150] CXX obj/foundation/resourceschedule/device_usage_statistics/interfaces/innerkits/src/usagestatsinner/app_group_callback_info.o
[917/1150] CXX obj/base/hiviewdfx/hiview/utility/smart_parser/rule/smart_parser_with_cfi/compose_rule.o
[918/1150] CXX obj/base/hiviewdfx/hiview/plugins/privacy_controller/privacy_controller/privacy_controller.o
[919/1150] CXX obj/base/hiviewdfx/hiview/utility/smart_parser/smart_parser_with_cfi/smart_parser.o
[920/1150] CXX obj/base/hiviewdfx/hiview/utility/smart_parser/rule/smart_parser_with_cfi/rule.o
[921/1150] CXX obj/foundation/resourceschedule/device_usage_statistics/interfaces/innerkits/src/usagestatsinner/bundle_active_event.o
[922/1150] CXX obj/base/hiviewdfx/hiview/plugins/usage_event_report/fold/cache/usage_event_report/fold_app_usage_event_factory.o
[923/1150] CXX obj/base/hiviewdfx/hiview/utility/smart_parser/feature_analysis/smart_parser/log_util.o
[924/1150] CXX obj/base/hiviewdfx/hiview/utility/smart_parser/feature_analysis/smart_parser/feature_analysis.o
[925/1150] CXX obj/base/hiviewdfx/hiview/utility/common_utils/hiview_reliability_common_utils_with_cfi/tbox.o
[926/1150] CXX obj/base/hiviewdfx/hiview/utility/smart_parser/feature_analysis/smart_parser_with_cfi/log_util.o
[927/1150] CXX obj/foundation/resourceschedule/device_usage_statistics/interfaces/innerkits/src/usagestatsinner/bundle_active_client.o
[928/1150] CXX obj/out/rk3568/gen/foundation/resourceschedule/device_usage_statistics/usagestatsinner/app_group_callback_proxy.o
[929/1150] CXX obj/out/rk3568/gen/foundation/resourceschedule/device_usage_statistics/usagestatsinner/app_group_callback_stub.o
[930/1150] CXX obj/base/hiviewdfx/hiview/utility/smart_parser/rule/smart_parser/extract_rule.o
[931/1150] CXX obj/out/rk3568/gen/foundation/resourceschedule/device_usage_statistics/usagestatsinner/bundle_active_service_stub.o
[932/1150] CXX obj/out/rk3568/gen/foundation/resourceschedule/device_usage_statistics/usagestatsinner/bundle_active_service_proxy.o
[933/1150] CXX obj/base/hiviewdfx/hiview/utility/smart_parser/feature_analysis/smart_parser_with_cfi/feature_analysis.o
[934/1150] SOLINK distributeddatamgr/kv_store/libdistributeddata_client_sync.z.so
[935/1150] CXX obj/base/hiviewdfx/hiview/hiview/main.o
[936/1150] CXX obj/base/hiviewdfx/hiview/utility/smart_parser/rule/smart_parser_with_cfi/extract_rule.o
[937/1150] CXX obj/base/hiviewdfx/hiview/plugins/faultlogger/service/bdfr_base/base/bdfr_base/faultlog_event_ipc.o
[938/1150] CXX obj/base/hiviewdfx/hiview/plugins/usage_event_report/fold/cache/usage_event_report/fold_app_usage_db_helper.o
[939/1150] SOLINK ability/ability_runtime/libextension_manager.z.so
[940/1150] CXX obj/base/hiviewdfx/hiview/plugins/faultlogger/service/bdfr_base/base/bdfr_base/faultlog_event_factory.o
[941/1150] CXX obj/base/hiviewdfx/hiview/plugins/faultlogger/service/bdfr_base/event/js_cj_error/bdfr_base/faultlog_error_reporter.o
[942/1150] CXX obj/base/hiviewdfx/hiview/plugins/faultlogger/service/bdfr_base/base/bdfr_base/faultlog_event_interface.o
[943/1150] CXX obj/base/hiviewdfx/hiview/plugins/crash_validator/libcrashvalidator/crash_validator.o
[944/1150] CXX obj/base/hiviewdfx/hiview/plugins/faultlogger/service/bdfr_base/event/freeze/bdfr_base/freeze_json_generator.o
[945/1150] SOLINK communication/ipc/librpc.z.so
[946/1150] CXX obj/base/hiviewdfx/hiview/plugins/faultlogger/service/bdfr_base/fault_file/bdfr_base/faultlog_bootscan.o
[947/1150] SOLINK graphic/graphic_2d/libsocketpair.z.so
[948/1150] CXX obj/base/hiviewdfx/hiview/plugins/faultlogger/service/bdfr_base/sanitizer_collector/bdfr_base/sanitizer_telemetry.o
[949/1150] STAMP obj/foundation/graphic/graphic_2d/utils/socketpair.stamp
[950/1150] CXX obj/base/hiviewdfx/hiview/plugins/faultlogger/service/bdfr_base/fault_file/bdfr_base/faultlog_manager.o
[951/1150] CXX obj/base/hiviewdfx/hiview/plugins/faultlogger/service/bdfr_base/fault_file/bdfr_base/faultlog_formatter.o
[952/1150] CXX obj/base/hiviewdfx/hiview/plugins/faultlogger/service/bdfr_base/event/cpp_crash/bdfr_base/faultlog_cppcrash.o
[953/1150] CXX obj/base/hiviewdfx/hiview/plugins/faultlogger/service/bdfr_base/event/js_cj_error/bdfr_base/faultlog_cjerror.o
[954/1150] CXX obj/base/hiviewdfx/hiview/plugins/faultlogger/service/bdfr_base/utils/bdfr_base/faultlog_hilog_helper.o
[955/1150] CXX obj/base/hiviewdfx/hiview/plugins/faultlogger/service/bdfr_base/event/freeze/bdfr_base/faultlog_freeze.o
[956/1150] CXX obj/base/hiviewdfx/hiview/plugins/faultlogger/service/bdfr_base/event/page_info/bdfr_base/faultlog_page_info.o
[957/1150] CXX obj/base/hiviewdfx/hiview/plugins/faultlogger/service/bdfr_base/fault_file/bdfr_base/faultlog_database.o
[958/1150] CXX obj/base/hiviewdfx/hiview/plugins/faultlogger/service/bdfr_base/event/rust_panic/bdfr_base/faultlog_rust_panic.o
[959/1150] CXX obj/base/hiviewdfx/hiview/plugins/faultlogger/service/bdfr_base/utils/bdfr_base/log_analyzer.o
[960/1150] CXX obj/base/hiviewdfx/hiview/plugins/performance/context/xperformance/BaseContext.o
[961/1150] CXX obj/base/hiviewdfx/hiview/plugins/eventlogger/eventlogger/event_logger.o
[962/1150] CXX obj/base/hiviewdfx/hiview/plugins/performance/reporter/adapter/xperformance/AppStartReporterAdapter.o
[963/1150] CXX obj/base/hiviewdfx/hiview/plugins/performance/monitor/xperformance/DefaultMonitor.o
[964/1150] CXX obj/base/hiviewdfx/hiview/plugins/performance/executor/xperformance/ThrExecutor.o
[965/1150] CXX obj/base/hiviewdfx/hiview/plugins/performance/context/xperformance/NormalContext.o
[966/1150] CXX obj/base/hiviewdfx/hiview/plugins/performance/executor/xperformance/ThrTaskContainer.o
[967/1150] CXX obj/base/hiviewdfx/hiview/plugins/performance/monitor/xperformance/AppLaunchMonitor.o
[968/1150] CXX obj/base/hiviewdfx/hiview/plugins/performance/reporter/adapter/xperformance/JankAnimatorReporterAdapter.o
[969/1150] CXX obj/base/hiviewdfx/hiview/plugins/performance/monitor/xperformance/JankAnimatorMonitor.o
[970/1150] CXX obj/base/hiviewdfx/hiview/plugins/performance/persistence/xperformance/AppLaunchSceneDbAdapter.o
[971/1150] CXX obj/base/hiviewdfx/hiview/plugins/performance/xperformance/XperfPlugin.o
[972/1150] CXX obj/base/hiviewdfx/hiview/plugins/performance/reporter/adapter/xperformance/SimpleAppStartReporterAdapter.o
[973/1150] CXX obj/base/hiviewdfx/hiview/plugins/faultlogger/service/bdfr_base/bdfr_base/faultlogger_base.o
[974/1150] CXX obj/base/hiviewdfx/hiview/plugins/performance/reporter/event_poster/xperformance/EventsPoster.o
[975/1150] CXX obj/base/hiviewdfx/hiview/plugins/faultlogger/service/bdfr_base/fault_file/bdfr_base/faultlog_dump.o
[976/1150] CXX obj/base/hiviewdfx/hiview/plugins/faultlogger/service/bdfr_base/base/bdfr_base/faultlog_event_pipeline.o
[977/1150] CXX obj/base/hiviewdfx/hiview/plugins/faultlogger/service/bdfr_base/utils/bdfr_base/faultlog_util.o
[978/1150] CXX obj/base/hiviewdfx/hiview/plugins/performance/scene_data_processor/xperformance/SceneDataMapDbAdapter.o
[979/1150] CXX obj/base/hiviewdfx/hiview/plugins/performance/scene_data_processor/xperformance/AnimatorSceneDataProcessor.o
[980/1150] CXX obj/base/hiviewdfx/hiview/plugins/performance/scene_data_processor/xperformance/AppLaunchSceneDataProcessor.o
[981/1150] CXX obj/base/hiviewdfx/hiview/plugins/performance/timer/xperformance/AppTimerAdapter.o
[982/1150] CXX obj/base/hiviewdfx/hiview/plugins/performance/perfmonitor/common/event_builder/libperfmonitor/xperf_event_reporter.o
[983/1150] CXX obj/base/hiviewdfx/hiview/plugins/performance/timer/xperformance/SceneTimerOhImpl.o
[984/1150] STAMP obj/base/hiviewdfx/hiview/plugins/performance/xperf_service/interfaces/inner_api/xperfservice_client/xperfservice_stub.stamp
[985/1150] CXX obj/base/hiviewdfx/hiview/plugins/performance/perfmonitor/common/libperfmonitor/perf_trace.o
[986/1150] CXX obj/base/hiviewdfx/hiview/plugins/performance/perfmonitor/common/event_builder/libperfmonitor/xperf_event_builder.o
[987/1150] CXX obj/base/hiviewdfx/hiview/plugins/faultlogger/service/bdfr_base/event/js_cj_error/bdfr_base/faultlog_jserror.o
[988/1150] CXX obj/base/hiviewdfx/hiview/plugins/performance/reporter/infrastructure/xperformance/JankAnimatorReporter.o
[989/1150] CXX obj/base/hiviewdfx/hiview/plugins/performance/reporter/infrastructure/xperformance/AppStartReporter.o
[990/1150] CXX obj/base/hiviewdfx/hiview/plugins/performance/perfmonitor/common/libperfmonitor/perf_model.o
[991/1150] CXX obj/base/hiviewdfx/hiview/plugins/performance/xperf_service/common/src/xperfservice_server/perf_utils.o
[992/1150] CXX obj/base/hiviewdfx/hiview/plugins/faultlogger/service/bdfr_base/utils/bdfr_base/faultlog_bundle_util.o
[993/1150] CXX obj/base/hiviewdfx/hiview/plugins/performance/perfmonitor/src/libperfmonitor/perf_utils.o
[994/1150] CXX obj/base/hiviewdfx/hiview/plugins/performance/xperf_service/services/common/src/xperfservice_server/xperf_parser.o
[995/1150] CXX obj/base/hiviewdfx/hiview/plugins/performance/xperf_service/common/src/xperfservice_server/perf_trace.o
[996/1150] CXX obj/base/hiviewdfx/hiview/plugins/performance/xperf_service/services/core/src/xperfservice_server/xperf_service.o
[997/1150] CXX obj/base/hiviewdfx/hiview/plugins/performance/xperf_service/services/framework/xperf_dispatcher/src/xperfservice_server/event_parser_manager.o
[998/1150] CXX obj/base/hiviewdfx/hiview/plugins/performance/perfmonitor/load_complete/src/libperfmonitor/collect_strategy.o
[999/1150] CXX obj/base/hiviewdfx/hiview/plugins/performance/xperf_service/services/framework/xperf_dispatcher/src/xperfservice_server/xperf_monitor_manager.o
[1000/1150] CXX obj/base/hiviewdfx/hiview/plugins/performance/xperf_service/services/framework/xperf_monitor/src/xperfservice_server/user_action_monitor.o
[1001/1150] CXX obj/base/hiviewdfx/hiview/plugins/performance/xperf_service/services/core/src/xperfservice_server/xperf_register_manager.o
[1002/1150] CXX obj/base/hiviewdfx/hiview/plugins/performance/xperf_service/services/framework/xperf_dispatcher/src/xperfservice_server/xperf_dispatcher.o
[1003/1150] CXX obj/base/hiviewdfx/hiview/plugins/performance/xperf_service/services/framework/xperf_monitor/src/xperfservice_server/avcodec_perf_monitor.o
[1004/1150] CXX obj/base/hiviewdfx/hiview/plugins/faultlogger/service/bdfr_base/event/sanitizer/bdfr_base/faultlog_sanitizer.o
[1005/1150] CXX obj/base/hiviewdfx/hiview/plugins/performance/xperf_service/services/framework/xperf_parser/src/xperfservice_server/audio_event_parser.o
[1006/1150] SOLINK barrierfree/accessibility/libaccessibility_interface.z.so
[1007/1150] CXX obj/base/hiviewdfx/hiview/plugins/performance/xperf_service/services/framework/xperf_monitor/src/xperfservice_server/video_jank_monitor.o
[1008/1150] CXX obj/base/hiviewdfx/hiview/plugins/performance/xperf_service/services/framework/xperf_parser/src/xperfservice_server/network_event_parser.o
[1009/1150] CXX obj/base/hiviewdfx/hiview/plugins/performance/xperf_service/services/framework/xperf_parser/src/xperfservice_server/avcodec_event_parser.o
[1010/1150] CXX obj/base/hiviewdfx/hiview/plugins/performance/xperf_service/services/framework/xperf_monitor/src/xperfservice_server/video_play_latency_monitor.o
[1011/1150] CXX obj/base/hiviewdfx/hiview/plugins/performance/xperf_service/services/framework/xperf_parser/src/xperfservice_server/perf_event_parser.o
[1012/1150] SOLINK resourceschedule/qos_manager/libconcurrent_task_client.z.so
[1013/1150] CXX obj/base/hiviewdfx/hiview/plugins/performance/xperf_service/services/framework/xperf_parser/src/xperfservice_server/rs_event_parser.o
[1014/1150] CXX obj/base/hiviewdfx/hiview/plugins/performance/xperf_service/services/framework/xperf_monitor/src/xperfservice_server/video_xperf_monitor.o
[1015/1150] CXX obj/base/hiviewdfx/hiview/service/hiview_service/hiview_service.o
[1016/1150] CXX obj/base/hiviewdfx/hiview/plugins/performance/xperf_service/services/framework/xperf_storage/src/xperfservice_server/user_action_storage.o
[1017/1150] CXX obj/base/hiviewdfx/hiview/plugins/performance/xperf_service/services/framework/xperf_monitor/src/xperfservice_server/passthrough_monitor.o
[1018/1150] SOLINK hiviewdfx/hitrace/libhitrace_option.so
[1019/1150] CXX obj/base/hiviewdfx/hiview/plugins/performance/xperf_service/services/xperfservice_server/xperf_service_interfaces.o
[1020/1150] AR obj/base/hiviewdfx/hitrace/frameworks/trace_factory/libtrace_source_factory.a
[1021/1150] AR obj/base/hiviewdfx/hitrace/frameworks/tracedump_executor/libtracedump_executor.a
[1022/1150] CXX obj/base/hiviewdfx/hiview/plugins/performance/xperf_service/services/server/src/xperfservice_server/xperf_service_server.o
[1023/1150] CXX obj/base/hiviewdfx/hiview/plugins/performance/xperf_service/services/xperfservice_server/xperf_service_main.o
[1024/1150] CXX obj/base/hiviewdfx/hiview/plugins/performance/perfmonitor/src/libperfmonitor/input_monitor.o
[1025/1150] CXX obj/base/hiviewdfx/hiview/plugins/performance/perfmonitor/src/libperfmonitor/surface_monitor.o
[1026/1150] CXX obj/base/hiviewdfx/hiview/plugins/usage_event_report/cache/usage_report/json_parser.o
[1027/1150] CXX obj/base/hiviewdfx/hiview/plugins/performance/perfmonitor/interfaces/inner_api/src/libperfmonitor/perf_monitor_adapter.o
[1028/1150] CXX obj/base/hiviewdfx/hiview/plugins/performance/perfmonitor/src/libperfmonitor/jank_frame_monitor.o
[1029/1150] SOLINK hiviewdfx/hiview/libxperfservice_client.z.so
[1030/1150] CXX obj/base/hiviewdfx/hiview/plugins/performance/perfmonitor/src/libperfmonitor/white_block_monitor.o
[1031/1150] CXX obj/base/hiviewdfx/hiview/plugins/usage_event_report/cache/usage_report/usage_event_cacher.o
[1032/1150] CXX obj/base/hiviewdfx/hiview/plugins/usage_event_report/event/usage_report/sys_usage_event.o
[1033/1150] CXX obj/base/hiviewdfx/hiview/plugins/performance/perfmonitor/load_complete/src/libperfmonitor/collect_states.o
[1034/1150] CXX obj/base/hiviewdfx/hiview/plugins/usage_event_report/event/usage_report/app_usage_event.o
[1035/1150] CXX obj/base/hiviewdfx/hiview/plugins/performance/xperf_service/services/framework/xperf_reporter/src/xperfservice_server/play_latency_reporter.o
[1036/1150] CXX obj/base/hiviewdfx/hiview/plugins/usage_event_report/service/factory/usage_report/sys_usage_event_factory.o
[1037/1150] CXX obj/base/hiviewdfx/hiview/plugins/usage_event_report/cache/usage_report/event_db_helper.o
[1038/1150] SOLINK barrierfree/accessibility/libaccessibilityconfig.z.so
[1039/1150] CXX obj/base/hiviewdfx/hiview/utility/analysis_faultlog/analysis_faultlog/analysis_faultlog.o
[1040/1150] CXX obj/base/hiviewdfx/hiview/plugins/performance/perfmonitor/src/libperfmonitor/animator_monitor.o
[1041/1150] CXX obj/base/hiviewdfx/hiview/plugins/performance/perfmonitor/src/libperfmonitor/load_complete_monitor.o
[1042/1150] CXX obj/base/hiviewdfx/hiview/plugins/usage_event_report/service/usage_report/main.o
[1043/1150] CXX obj/base/hiviewdfx/hiview/plugins/usage_event_report/service/usage_report/usage_event_report_service.o
[1044/1150] SOLINK graphic/graphic_2d/libvsync.z.so
[1045/1150] STAMP obj/foundation/graphic/graphic_2d/rosen/modules/render_service_base/src/platform/ohos/rosen_ohos_sources.stamp
[1046/1150] STAMP obj/foundation/graphic/graphic_2d/rosen/modules/render_service_base/src/platform/ohos/ohos.stamp
[1047/1150] STAMP obj/foundation/graphic/graphic_2d/rosen/modules/render_service_base/src/platform/platform.stamp
[1048/1150] CXX obj/base/hiviewdfx/hiview/plugins/usage_event_report/service/factory/usage_report/app_usage_event_factory.o
[1049/1150] RUST rlib thirdparty/rust_cxx/libcxx.rlib
[1050/1150] CXX obj/base/hiviewdfx/hiview/plugins/performance/perfmonitor/src/libperfmonitor/perf_reporter.o
[1051/1150] CXX obj/base/hiviewdfx/hiview/plugins/performance/xperf_service/services/framework/xperf_reporter/src/xperfservice_server/load_complete_reporter.o
[1052/1150] CXX obj/base/hiviewdfx/hiview/plugins/performance/perfmonitor/src/libperfmonitor/scene_monitor.o
[1053/1150] SOLINK hiviewdfx/hitrace/libhitrace_dump.z.so
[1054/1150] RUST staticlib obj/foundation/graphic/graphic_2d/rosen/modules/render_service_base/libparticle_cxx_rust.a
[1055/1150] CXX obj/base/hiviewdfx/hiview/plugins/performance/xperf_service/services/framework/xperf_reporter/src/xperfservice_server/video_reporter.o
[1056/1150] CXX obj/foundation/graphic/graphic_2d/rosen/modules/render_service_client/core/ui_effect/property/src/render_service_client_src/rs_ui_filter_base.o
[1057/1150] SOLINK ability/ability_runtime/libability_manager.z.so
[1058/1150] SOLINK resourceschedule/memmgr/libmemmgrclient.z.so
[1059/1150] SOLINK ability/dmsfwk/libdistributed_sdk.z.so
[1060/1150] SOLINK graphic/graphics_effect/libgraphics_effect.z.so
[1061/1150] SOLINK global/i18n/libintl_util.z.so
[1062/1150] SOLINK thirdparty/lz4/liblz4_shared.z.so
[1063/1150] STAMP obj/foundation/graphic/graphic_2d/rosen/modules/render_service_base/render_service_base_src.stamp
[1064/1150] CXX obj/foundation/graphic/graphic_2d/rosen/modules/render_service_client/core/ui_effect/property/src/render_service_client_src/rs_ui_shader_base.o
[1065/1150] SOLINK distributeddatamgr/kv_store/libdistributeddata_inner.z.so
[1066/1150] SOLINK ability/ability_runtime/libapp_context.z.so
[1067/1150] SOLINK communication/wifi/libwifi_utils.z.so
[1068/1150] SOLINK resourceschedule/frame_aware_sched/libframe_trace_intf.z.so
[1069/1150] STAMP obj/foundation/graphic/graphic_2d/rosen/modules/render_frame_trace/render_frame_trace.stamp
[1070/1150] SOLINK powermgr/thermal_manager/libthermalsrv_client.z.so
[1071/1150] SOLINK developtools/hiperf/libhiperf_client.z.so
[1072/1150] SOLINK distributeddatamgr/data_share/libdatashare_common.z.so
[1073/1150] SOLINK graphic/graphic_2d/libframe_analyzer.z.so
[1074/1150] SOLINK communication/wifi/libwifi_sdk.z.so
[1075/1150] SOLINK distributeddatamgr/data_share/libdatashare_consumer.z.so
[1076/1150] STAMP obj/base/hiviewdfx/hiview/base/utility/hiview_utility.stamp
[1077/1150] STAMP obj/base/hiviewdfx/hiview/base/running_status_logger/running_status_logger_source.stamp
[1078/1150] STAMP obj/base/hiviewdfx/hiview/utility/common_utils/hiview_reliability_common_utils.stamp
[1079/1150] STAMP obj/base/hiviewdfx/hiview/base/event_publish/hiview_event_publish.stamp
[1080/1150] STAMP obj/base/hiviewdfx/hiview/base/event_report/hiview_event_report.stamp
[1081/1150] STAMP obj/base/hiviewdfx/hiview/base/logstore/log_store.stamp
[1082/1150] STAMP obj/base/hiviewdfx/hiview/base/event_store/event_store_source.stamp
[1083/1150] STAMP obj/base/hiviewdfx/hiview/base/hiview_base.stamp
[1084/1150] SOLINK developtools/hiprofiler/libnative_daemon_client.z.so
[1085/1150] SOLINK hiviewdfx/hiview/libhiviewbase.z.so
[1086/1150] STAMP obj/base/hiviewdfx/hiview/framework/native/unified_collection/trace_manager/trace_manager_source.stamp
[1087/1150] STAMP obj/base/hiviewdfx/hiview/framework/native/unified_collection/collector/impl/cpu/device_client/collect_device_client.stamp
[1088/1150] STAMP obj/base/hiviewdfx/hiview/plugins/faultlogger/service/idl/faultlogger_service_ohos_common_with_cfi.stamp
[1089/1150] STAMP obj/base/hiviewdfx/hiview/plugins/faultlogger/framework/native/extension/zidl/faultlog_ext_zidl_proxy.stamp
[1090/1150] STAMP obj/base/hiviewdfx/hiview/plugins/faultlogger/service/page_history/page_history_with_cfi.stamp
[1091/1150] STAMP obj/base/hiviewdfx/hiview/adapter/plugins/eventservice/service/idl/sys_event_service_ohos.stamp
[1092/1150] STAMP obj/base/hiviewdfx/hiview/core/param_update/hiview_param_update.stamp
[1093/1150] STAMP obj/base/hiviewdfx/hiview/core/platform_config/hiviewplatform_config.stamp
[1094/1150] STAMP obj/base/hiviewdfx/hiview/plugins/event_store/event_export/event_export_engine.stamp
[1095/1150] STAMP obj/base/hiviewdfx/hiview/plugins/privacy_controller/privacy_controller.stamp
[1096/1150] STAMP obj/base/hiviewdfx/hiview/plugins/eventlogger/config/eventlogger_config.stamp
[1097/1150] STAMP obj/base/hiviewdfx/hiview/plugins/reliability/bbox_detectors/bdfr_base/bbox_detectors_base_src.stamp
[1098/1150] STAMP obj/base/hiviewdfx/hiview/utility/common_utils/hiview_reliability_common_utils_with_cfi.stamp
[1099/1150] STAMP obj/base/hiviewdfx/hiview/utility/smart_parser/smart_parser.stamp
[1100/1150] STAMP obj/base/hiviewdfx/hiview/plugins/faultlogger/interfaces/cpp/innerkits/faultlogger_client_impl_with_cfi.stamp
[1101/1150] AR obj/base/hiviewdfx/hiview/plugins/faultlogger/service/bdfr_base/libexport_bdfr_base.a
[1102/1150] STAMP obj/base/hiviewdfx/hiview/utility/smart_parser/smart_parser_with_cfi.stamp
[1103/1150] STAMP obj/base/hiviewdfx/hiview/core/hiview_core.stamp
[1104/1150] STAMP obj/base/hiviewdfx/hiview/plugins/faultlogger/service/idl/faultlogger_service_impl_with_cfi.stamp
[1105/1150] STAMP obj/base/hiviewdfx/hiview/plugins/event_store/sys_event_store.stamp
[1106/1150] STAMP obj/base/hiviewdfx/hiview/plugins/event_validator/event_validator.stamp
[1107/1150] AR obj/base/hiviewdfx/hiview/plugins/reliability/bbox_detectors/bdfr_base/libexport_bbox_detectors_base.a
[1108/1150] STAMP obj/base/hiviewdfx/hiview/plugins/reliability/bbox_detectors/bbox_detector_with_cfi.stamp
[1109/1150] SOLINK hiviewdfx/faultloggerd/libjson_stack_formatter.z.so
[1110/1150] STAMP obj/base/hiviewdfx/hiview/adapter/plugins/eventlogger/log_catcher/eventlogger_adapter_logcatcher.stamp
[1111/1150] SOLINK hiviewdfx/hiview/libtrace_manager.z.so
[1112/1150] STAMP obj/base/hiviewdfx/hiview/framework/native/unified_collection/ucollection_source.stamp
[1113/1150] SOLINK graphic/graphic_2d/librender_service_base.z.so
[1114/1150] STAMP obj/foundation/graphic/graphic_2d/rosen/modules/render_service_client/render_service_client_src.stamp
[1115/1150] SOLINK hiviewdfx/hiview/libfaultlogger.z.so
[1116/1150] SOLINK hiviewdfx/hiview/libucollection_utility.z.so
[1117/1150] STAMP obj/base/hiviewdfx/hiview/adapter/service/server/hiview_service_stub.stamp
[1118/1150] STAMP obj/base/hiviewdfx/hiview/plugins/faultlogger/service/faultlogger_service_with_cfi.stamp
[1119/1150] STAMP obj/base/hiviewdfx/hiview/plugins/eventlogger/manager/eventlogger_manager.stamp
[1120/1150] STAMP obj/base/hiviewdfx/hiview/adapter/service/hiview_service_adapter.stamp
[1121/1150] STAMP obj/base/hiviewdfx/hiview/plugins/eventlogger/log_catcher/log_catcher.stamp
[1122/1150] STAMP obj/base/hiviewdfx/hiview/service/hiview_service.stamp
[1123/1150] SOLINK powermgr/power_manager/libpowermgr_client.z.so
[1124/1150] STAMP obj/base/hiviewdfx/hiview/plugins/freeze_detector/freeze_detector.stamp
[1125/1150] STAMP obj/base/hiviewdfx/hiview/plugins/unified_collector/unified_collector.stamp
[1126/1150] SOLINK hiviewdfx/hiview/libsys_event_service_adapter.z.so
[1127/1150] STAMP obj/base/hiviewdfx/hiview/plugins/sys_dispatcher/sys_dispatcher.stamp
[1128/1150] STAMP obj/base/hiviewdfx/hiview/plugins/sysevent_source/sysevent_source.stamp
[1129/1150] SOLINK resourceschedule/device_usage_statistics/libusagestatsutils.z.so
[1130/1150] SOLINK window/window_manager/libwm_lite.z.so
[1131/1150] STAMP obj/base/hiviewdfx/hiview/plugins/eventlogger/eventlogger.stamp
[1132/1150] SOLINK hiviewdfx/faultloggerd/libcrash_exception.z.so
[1133/1150] SOLINK hiviewdfx/hidumper/libhidumperservice_cpu_source.z.so
[1134/1150] SOLINK hiviewdfx/hiview/libbdfr.z.so
[1135/1150] SOLINK resourceschedule/device_usage_statistics/libusagestatsinner.z.so
[1136/1150] SOLINK graphic/graphic_2d/librender_service_client.z.so
[1137/1150] SOLINK hiviewdfx/hiview/libcrashvalidator.z.so
[1138/1150] SOLINK window/window_manager/libwmutil.z.so
[1139/1150] LINK hiviewdfx/hiview/hiview
[1140/1150] SOLINK window/window_manager/libdm_lite.z.so
[1141/1150] STAMP obj/base/hiviewdfx/hiview/plugins/usage_event_report/usage_event_report.stamp
[1142/1150] SOLINK hiviewdfx/hiview/libeventloggerso.z.so
[1143/1150] SOLINK hiviewdfx/hiview/libxperformance.z.so
[1144/1150] SOLINK hiviewdfx/hiview/libbdfr_base.z.so
[1145/1150] SOLINK hiviewdfx/hiview/libperfmonitor.z.so
[1146/1150] SOLINK hiviewdfx/hiview/libxperfservice_server.z.so
[1147/1150] LINK hiviewdfx/hiview/usage_report
[1148/1150] LINK hiviewdfx/hiview/analysis_faultlog
[1149/1150] SOLINK hiviewdfx/hiview/libadft.z.so
[1150/1150] STAMP obj/base/hiviewdfx/hiview/hiview_package.stamp
EXIT=0
结束: Wed Jul 15 00:34:42 CST 2026
=== appfreeze_manager.o ===
-rw-r--r-- 1 maplestory maplestory 2886936 Jul 15 00:22 obj/foundation/ability/ability_runtime/services/appdfr/src/app_manager/appfreeze_manager.o
=== 我们代码的错误 ===
=== FAILED 数 ===
0
