subsystem	component	repository_path	build_file	line	target_type	target_name	target_label	category	mapping_method
hiviewdfx	api_metrics	base/hiviewdfx/hiviewdfx_api_metrics	base/hiviewdfx/hiviewdfx_api_metrics/BUILD.gn	16	config	manager_config	//base/hiviewdfx/hiviewdfx_api_metrics:manager_config	build-support	bundle-prefix
hiviewdfx	api_metrics	base/hiviewdfx/hiviewdfx_api_metrics	base/hiviewdfx/hiviewdfx_api_metrics/BUILD.gn	23	ohos_shared_library	histogrammanager	//base/hiviewdfx/hiviewdfx_api_metrics:histogrammanager	production	bundle-prefix
hiviewdfx	blackbox_lite	base/hiviewdfx/blackbox_lite	base/hiviewdfx/blackbox_lite/BUILD.gn	16	static_library	blackbox_lite	//base/hiviewdfx/blackbox_lite:blackbox_lite	production	bundle-prefix
hiviewdfx	faultloggerd	base/hiviewdfx/faultloggerd	base/hiviewdfx/faultloggerd/BUILD.gn	15	group	faultloggerd_targets	//base/hiviewdfx/faultloggerd:faultloggerd_targets	aggregate-codegen	bundle-prefix
hiviewdfx	faultloggerd	base/hiviewdfx/faultloggerd	base/hiviewdfx/faultloggerd/BUILD.gn	46	group	faultloggerd_tests	//base/hiviewdfx/faultloggerd:faultloggerd_tests	test	bundle-prefix
hiviewdfx	faultloggerd	base/hiviewdfx/faultloggerd	base/hiviewdfx/faultloggerd/common/build/BUILD.gn	18	config	coverage_flags	//base/hiviewdfx/faultloggerd/common/build:coverage_flags	build-support	bundle-prefix
hiviewdfx	faultloggerd	base/hiviewdfx/faultloggerd	base/hiviewdfx/faultloggerd/common/cppcrash_formatter/BUILD.gn	22	config	cppcrash_formatter_src_config	//base/hiviewdfx/faultloggerd/common/cppcrash_formatter:cppcrash_formatter_src_config	build-support	bundle-prefix
hiviewdfx	faultloggerd	base/hiviewdfx/faultloggerd	base/hiviewdfx/faultloggerd/common/cppcrash_formatter/BUILD.gn	34	source_set	cppcrash_formatter_src	//base/hiviewdfx/faultloggerd/common/cppcrash_formatter:cppcrash_formatter_src	production	bundle-prefix
hiviewdfx	faultloggerd	base/hiviewdfx/faultloggerd	base/hiviewdfx/faultloggerd/common/cppcrash_formatter/BUILD.gn	47	config	cppcrash_formatter_src_config	//base/hiviewdfx/faultloggerd/common/cppcrash_formatter:cppcrash_formatter_src_config	build-support	bundle-prefix
hiviewdfx	faultloggerd	base/hiviewdfx/faultloggerd	base/hiviewdfx/faultloggerd/common/cppcrash_formatter/BUILD.gn	58	ohos_source_set	cppcrash_formatter_src	//base/hiviewdfx/faultloggerd/common/cppcrash_formatter:cppcrash_formatter_src	production	bundle-prefix
hiviewdfx	faultloggerd	base/hiviewdfx/faultloggerd	base/hiviewdfx/faultloggerd/common/cppcrash_formatter/BUILD.gn	70	ohos_source_set	cppcrash_formatter_src_cfi	//base/hiviewdfx/faultloggerd/common/cppcrash_formatter:cppcrash_formatter_src_cfi	production	bundle-prefix
hiviewdfx	faultloggerd	base/hiviewdfx/faultloggerd	base/hiviewdfx/faultloggerd/common/cutil/BUILD.gn	17	static_library	dfx_cutil	//base/hiviewdfx/faultloggerd/common/cutil:dfx_cutil	production	bundle-prefix
hiviewdfx	faultloggerd	base/hiviewdfx/faultloggerd	base/hiviewdfx/faultloggerd/common/cutil/BUILD.gn	27	config	dfx_cutil_config	//base/hiviewdfx/faultloggerd/common/cutil:dfx_cutil_config	build-support	bundle-prefix
hiviewdfx	faultloggerd	base/hiviewdfx/faultloggerd	base/hiviewdfx/faultloggerd/common/cutil/BUILD.gn	35	ohos_static_library	dfx_cutil	//base/hiviewdfx/faultloggerd/common/cutil:dfx_cutil	production	bundle-prefix
hiviewdfx	faultloggerd	base/hiviewdfx/faultloggerd	base/hiviewdfx/faultloggerd/common/cutil/BUILD.gn	43	ohos_static_library	dfx_cutil_cfi	//base/hiviewdfx/faultloggerd/common/cutil:dfx_cutil_cfi	production	bundle-prefix
hiviewdfx	faultloggerd	base/hiviewdfx/faultloggerd	base/hiviewdfx/faultloggerd/common/dfxlog/BUILD.gn	17	config	dfx_log_config	//base/hiviewdfx/faultloggerd/common/dfxlog:dfx_log_config	build-support	bundle-prefix
hiviewdfx	faultloggerd	base/hiviewdfx/faultloggerd	base/hiviewdfx/faultloggerd/common/dfxlog/BUILD.gn	30	static_library	dfx_hilog	//base/hiviewdfx/faultloggerd/common/dfxlog:dfx_hilog	production	bundle-prefix
hiviewdfx	faultloggerd	base/hiviewdfx/faultloggerd	base/hiviewdfx/faultloggerd/common/dfxlog/BUILD.gn	35	config	dfx_log_config	//base/hiviewdfx/faultloggerd/common/dfxlog:dfx_log_config	build-support	bundle-prefix
hiviewdfx	faultloggerd	base/hiviewdfx/faultloggerd	base/hiviewdfx/faultloggerd/common/dfxlog/BUILD.gn	43	ohos_static_library	dfx_hilog	//base/hiviewdfx/faultloggerd/common/dfxlog:dfx_hilog	production	bundle-prefix
hiviewdfx	faultloggerd	base/hiviewdfx/faultloggerd	base/hiviewdfx/faultloggerd/common/dfxlog/BUILD.gn	53	ohos_static_library	dfx_hilog_cfi	//base/hiviewdfx/faultloggerd/common/dfxlog:dfx_hilog_cfi	production	bundle-prefix
hiviewdfx	faultloggerd	base/hiviewdfx/faultloggerd	base/hiviewdfx/faultloggerd/common/dfxutil/BUILD.gn	25	static_library	dfx_util	//base/hiviewdfx/faultloggerd/common/dfxutil:dfx_util	production	bundle-prefix
hiviewdfx	faultloggerd	base/hiviewdfx/faultloggerd	base/hiviewdfx/faultloggerd/common/dfxutil/BUILD.gn	42	config	dfx_util_config	//base/hiviewdfx/faultloggerd/common/dfxutil:dfx_util_config	build-support	bundle-prefix
hiviewdfx	faultloggerd	base/hiviewdfx/faultloggerd	base/hiviewdfx/faultloggerd/common/dfxutil/BUILD.gn	59	ohos_static_library	dfx_util	//base/hiviewdfx/faultloggerd/common/dfxutil:dfx_util	production	bundle-prefix
hiviewdfx	faultloggerd	base/hiviewdfx/faultloggerd	base/hiviewdfx/faultloggerd/common/dfxutil/BUILD.gn	73	ohos_shared_library	libdfx_util	//base/hiviewdfx/faultloggerd/common/dfxutil:libdfx_util	production	bundle-prefix
hiviewdfx	faultloggerd	base/hiviewdfx/faultloggerd	base/hiviewdfx/faultloggerd/common/dfxutil/BUILD.gn	96	ohos_static_library	dfx_util_static	//base/hiviewdfx/faultloggerd/common/dfxutil:dfx_util_static	production	bundle-prefix
hiviewdfx	faultloggerd	base/hiviewdfx/faultloggerd	base/hiviewdfx/faultloggerd/common/dfxutil/BUILD.gn	112	ohos_static_library	dfx_util_host	//base/hiviewdfx/faultloggerd/common/dfxutil:dfx_util_host	production	bundle-prefix
hiviewdfx	faultloggerd	base/hiviewdfx/faultloggerd	base/hiviewdfx/faultloggerd/common/trace/BUILD.gn	16	config	dfx_trace_config	//base/hiviewdfx/faultloggerd/common/trace:dfx_trace_config	build-support	bundle-prefix
hiviewdfx	faultloggerd	base/hiviewdfx/faultloggerd	base/hiviewdfx/faultloggerd/common/trace/BUILD.gn	20	source_set	dfx_trace_dlsym	//base/hiviewdfx/faultloggerd/common/trace:dfx_trace_dlsym	production	bundle-prefix
hiviewdfx	faultloggerd	base/hiviewdfx/faultloggerd	base/hiviewdfx/faultloggerd/common/trace/BUILD.gn	25	source_set	dfx_trace	//base/hiviewdfx/faultloggerd/common/trace:dfx_trace	production	bundle-prefix
hiviewdfx	faultloggerd	base/hiviewdfx/faultloggerd	base/hiviewdfx/faultloggerd/common/trace/BUILD.gn	30	config	dfx_trace_config	//base/hiviewdfx/faultloggerd/common/trace:dfx_trace_config	build-support	bundle-prefix
hiviewdfx	faultloggerd	base/hiviewdfx/faultloggerd	base/hiviewdfx/faultloggerd/common/trace/BUILD.gn	34	ohos_source_set	dfx_trace_dlsym	//base/hiviewdfx/faultloggerd/common/trace:dfx_trace_dlsym	production	bundle-prefix
hiviewdfx	faultloggerd	base/hiviewdfx/faultloggerd	base/hiviewdfx/faultloggerd/common/trace/BUILD.gn	50	ohos_source_set	dfx_trace_dlsym_cfi	//base/hiviewdfx/faultloggerd/common/trace:dfx_trace_dlsym_cfi	production	bundle-prefix
hiviewdfx	faultloggerd	base/hiviewdfx/faultloggerd	base/hiviewdfx/faultloggerd/common/trace/BUILD.gn	71	ohos_source_set	dfx_trace_dlsym_static	//base/hiviewdfx/faultloggerd/common/trace:dfx_trace_dlsym_static	production	bundle-prefix
hiviewdfx	faultloggerd	base/hiviewdfx/faultloggerd	base/hiviewdfx/faultloggerd/common/trace/BUILD.gn	87	ohos_source_set	dfx_trace	//base/hiviewdfx/faultloggerd/common/trace:dfx_trace	production	bundle-prefix
hiviewdfx	faultloggerd	base/hiviewdfx/faultloggerd	base/hiviewdfx/faultloggerd/common/trace/BUILD.gn	100	ohos_source_set	dfx_trace_cfi	//base/hiviewdfx/faultloggerd/common/trace:dfx_trace_cfi	production	bundle-prefix
hiviewdfx	faultloggerd	base/hiviewdfx/faultloggerd	base/hiviewdfx/faultloggerd/example/BUILD.gn	19	executable	dumpcatcherdemo	//base/hiviewdfx/faultloggerd/example:dumpcatcherdemo	test	bundle-prefix
hiviewdfx	faultloggerd	base/hiviewdfx/faultloggerd	base/hiviewdfx/faultloggerd/example/BUILD.gn	46	config	dumpcatcherdemo_config	//base/hiviewdfx/faultloggerd/example:dumpcatcherdemo_config	build-support	bundle-prefix
hiviewdfx	faultloggerd	base/hiviewdfx/faultloggerd	base/hiviewdfx/faultloggerd/example/BUILD.gn	56	ohos_executable	dumpcatcherdemo	//base/hiviewdfx/faultloggerd/example:dumpcatcherdemo	test	bundle-prefix
hiviewdfx	faultloggerd	base/hiviewdfx/faultloggerd	base/hiviewdfx/faultloggerd/frameworks/allocator/BUILD.gn	19	config	dfx_allocator_config	//base/hiviewdfx/faultloggerd/frameworks/allocator:dfx_allocator_config	build-support	bundle-prefix
hiviewdfx	faultloggerd	base/hiviewdfx/faultloggerd	base/hiviewdfx/faultloggerd/frameworks/allocator/BUILD.gn	28	ohos_source_set	dfx_allocator_src	//base/hiviewdfx/faultloggerd/frameworks/allocator:dfx_allocator_src	production	bundle-prefix
hiviewdfx	faultloggerd	base/hiviewdfx/faultloggerd	base/hiviewdfx/faultloggerd/frameworks/allocator/BUILD.gn	49	ohos_source_set	dfx_allocator_src_cfi	//base/hiviewdfx/faultloggerd/frameworks/allocator:dfx_allocator_src_cfi	production	bundle-prefix
hiviewdfx	faultloggerd	base/hiviewdfx/faultloggerd	base/hiviewdfx/faultloggerd/frameworks/limited/BUILD.gn	17	config	dfx_limited_config	//base/hiviewdfx/faultloggerd/frameworks/limited:dfx_limited_config	build-support	bundle-prefix
hiviewdfx	faultloggerd	base/hiviewdfx/faultloggerd	base/hiviewdfx/faultloggerd/frameworks/limited/BUILD.gn	26	ohos_source_set	dfx_limited_src	//base/hiviewdfx/faultloggerd/frameworks/limited:dfx_limited_src	production	bundle-prefix
hiviewdfx	faultloggerd	base/hiviewdfx/faultloggerd	base/hiviewdfx/faultloggerd/frameworks/limited/BUILD.gn	43	ohos_source_set	dfx_limited_src_cfi	//base/hiviewdfx/faultloggerd/frameworks/limited:dfx_limited_src_cfi	production	bundle-prefix
hiviewdfx	faultloggerd	base/hiviewdfx/faultloggerd	base/hiviewdfx/faultloggerd/frameworks/localhandler/BUILD.gn	22	config	dfx_local_handler_config	//base/hiviewdfx/faultloggerd/frameworks/localhandler:dfx_local_handler_config	build-support	bundle-prefix
hiviewdfx	faultloggerd	base/hiviewdfx/faultloggerd	base/hiviewdfx/faultloggerd/frameworks/localhandler/BUILD.gn	34	ohos_source_set	dfx_local_handler_src	//base/hiviewdfx/faultloggerd/frameworks/localhandler:dfx_local_handler_src	production	bundle-prefix
hiviewdfx	faultloggerd	base/hiviewdfx/faultloggerd	base/hiviewdfx/faultloggerd/frameworks/localhandler/BUILD.gn	62	ohos_source_set	dfx_local_handler_src_cfi	//base/hiviewdfx/faultloggerd/frameworks/localhandler:dfx_local_handler_src_cfi	production	bundle-prefix
hiviewdfx	faultloggerd	base/hiviewdfx/faultloggerd	base/hiviewdfx/faultloggerd/interfaces/innerkits/async_stack/BUILD.gn	17	shared_library	libasync_stack	//base/hiviewdfx/faultloggerd/interfaces/innerkits/async_stack:libasync_stack	production	bundle-prefix
hiviewdfx	faultloggerd	base/hiviewdfx/faultloggerd	base/hiviewdfx/faultloggerd/interfaces/innerkits/async_stack/BUILD.gn	21	config	async_stack_config	//base/hiviewdfx/faultloggerd/interfaces/innerkits/async_stack:async_stack_config	build-support	bundle-prefix
hiviewdfx	faultloggerd	base/hiviewdfx/faultloggerd	base/hiviewdfx/faultloggerd/interfaces/innerkits/async_stack/BUILD.gn	32	ohos_shared_library	libasync_stack	//base/hiviewdfx/faultloggerd/interfaces/innerkits/async_stack:libasync_stack	production	bundle-prefix
hiviewdfx	faultloggerd	base/hiviewdfx/faultloggerd	base/hiviewdfx/faultloggerd/interfaces/innerkits/backtrace/BUILD.gn	26	shared_library	libbacktrace_local	//base/hiviewdfx/faultloggerd/interfaces/innerkits/backtrace:libbacktrace_local	production	bundle-prefix
hiviewdfx	faultloggerd	base/hiviewdfx/faultloggerd	base/hiviewdfx/faultloggerd/interfaces/innerkits/backtrace/BUILD.gn	57	static_library	backtrace_local	//base/hiviewdfx/faultloggerd/interfaces/innerkits/backtrace:backtrace_local	production	bundle-prefix
hiviewdfx	faultloggerd	base/hiviewdfx/faultloggerd	base/hiviewdfx/faultloggerd/interfaces/innerkits/backtrace/BUILD.gn	61	config	dfx_backtrace_config	//base/hiviewdfx/faultloggerd/interfaces/innerkits/backtrace:dfx_backtrace_config	build-support	bundle-prefix
hiviewdfx	faultloggerd	base/hiviewdfx/faultloggerd	base/hiviewdfx/faultloggerd/interfaces/innerkits/backtrace/BUILD.gn	79	ohos_shared_library	libbacktrace_local	//base/hiviewdfx/faultloggerd/interfaces/innerkits/backtrace:libbacktrace_local	production	bundle-prefix
hiviewdfx	faultloggerd	base/hiviewdfx/faultloggerd	base/hiviewdfx/faultloggerd/interfaces/innerkits/backtrace/BUILD.gn	123	ohos_static_library	backtrace_local	//base/hiviewdfx/faultloggerd/interfaces/innerkits/backtrace:backtrace_local	production	bundle-prefix
hiviewdfx	faultloggerd	base/hiviewdfx/faultloggerd	base/hiviewdfx/faultloggerd/interfaces/innerkits/crash_exception/BUILD.gn	19	shared_library	crash_exception	//base/hiviewdfx/faultloggerd/interfaces/innerkits/crash_exception:crash_exception	production	bundle-prefix
hiviewdfx	faultloggerd	base/hiviewdfx/faultloggerd	base/hiviewdfx/faultloggerd/interfaces/innerkits/crash_exception/BUILD.gn	36	config	crash_exception_config	//base/hiviewdfx/faultloggerd/interfaces/innerkits/crash_exception:crash_exception_config	build-support	bundle-prefix
hiviewdfx	faultloggerd	base/hiviewdfx/faultloggerd	base/hiviewdfx/faultloggerd/interfaces/innerkits/crash_exception/BUILD.gn	45	ohos_shared_library	crash_exception	//base/hiviewdfx/faultloggerd/interfaces/innerkits/crash_exception:crash_exception	production	bundle-prefix
hiviewdfx	faultloggerd	base/hiviewdfx/faultloggerd	base/hiviewdfx/faultloggerd/interfaces/innerkits/dump_catcher/BUILD.gn	24	shared_library	libdfx_dumpcatcher	//base/hiviewdfx/faultloggerd/interfaces/innerkits/dump_catcher:libdfx_dumpcatcher	production	bundle-prefix
hiviewdfx	faultloggerd	base/hiviewdfx/faultloggerd	base/hiviewdfx/faultloggerd/interfaces/innerkits/dump_catcher/BUILD.gn	59	config	dfx_dump_catcher_config	//base/hiviewdfx/faultloggerd/interfaces/innerkits/dump_catcher:dfx_dump_catcher_config	build-support	bundle-prefix
hiviewdfx	faultloggerd	base/hiviewdfx/faultloggerd	base/hiviewdfx/faultloggerd/interfaces/innerkits/dump_catcher/BUILD.gn	67	ohos_shared_library	libdfx_dumpcatcher	//base/hiviewdfx/faultloggerd/interfaces/innerkits/dump_catcher:libdfx_dumpcatcher	production	bundle-prefix
hiviewdfx	faultloggerd	base/hiviewdfx/faultloggerd	base/hiviewdfx/faultloggerd/interfaces/innerkits/faultloggerd_client/BUILD.gn	17	shared_library	libfaultloggerd	//base/hiviewdfx/faultloggerd/interfaces/innerkits/faultloggerd_client:libfaultloggerd	production	bundle-prefix
hiviewdfx	faultloggerd	base/hiviewdfx/faultloggerd	base/hiviewdfx/faultloggerd/interfaces/innerkits/faultloggerd_client/BUILD.gn	55	config	faultloggerd_client_config	//base/hiviewdfx/faultloggerd/interfaces/innerkits/faultloggerd_client:faultloggerd_client_config	build-support	bundle-prefix
hiviewdfx	faultloggerd	base/hiviewdfx/faultloggerd	base/hiviewdfx/faultloggerd/interfaces/innerkits/faultloggerd_client/BUILD.gn	64	ohos_shared_library	libfaultloggerd	//base/hiviewdfx/faultloggerd/interfaces/innerkits/faultloggerd_client:libfaultloggerd	production	bundle-prefix
hiviewdfx	faultloggerd	base/hiviewdfx/faultloggerd	base/hiviewdfx/faultloggerd/interfaces/innerkits/formatter/BUILD.gn	16	shared_library	libjson_stack_formatter	//base/hiviewdfx/faultloggerd/interfaces/innerkits/formatter:libjson_stack_formatter	production	bundle-prefix
hiviewdfx	faultloggerd	base/hiviewdfx/faultloggerd	base/hiviewdfx/faultloggerd/interfaces/innerkits/formatter/BUILD.gn	20	config	json_stack_formatter_config	//base/hiviewdfx/faultloggerd/interfaces/innerkits/formatter:json_stack_formatter_config	build-support	bundle-prefix
hiviewdfx	faultloggerd	base/hiviewdfx/faultloggerd	base/hiviewdfx/faultloggerd/interfaces/innerkits/formatter/BUILD.gn	26	ohos_shared_library	libjson_stack_formatter	//base/hiviewdfx/faultloggerd/interfaces/innerkits/formatter:libjson_stack_formatter	production	bundle-prefix
hiviewdfx	faultloggerd	base/hiviewdfx/faultloggerd	base/hiviewdfx/faultloggerd/interfaces/innerkits/procinfo/BUILD.gn	17	shared_library	libdfx_procinfo	//base/hiviewdfx/faultloggerd/interfaces/innerkits/procinfo:libdfx_procinfo	production	bundle-prefix
hiviewdfx	faultloggerd	base/hiviewdfx/faultloggerd	base/hiviewdfx/faultloggerd/interfaces/innerkits/procinfo/BUILD.gn	40	config	dfx_procinfo_config	//base/hiviewdfx/faultloggerd/interfaces/innerkits/procinfo:dfx_procinfo_config	build-support	bundle-prefix
hiviewdfx	faultloggerd	base/hiviewdfx/faultloggerd	base/hiviewdfx/faultloggerd/interfaces/innerkits/procinfo/BUILD.gn	46	ohos_shared_library	libdfx_procinfo	//base/hiviewdfx/faultloggerd/interfaces/innerkits/procinfo:libdfx_procinfo	production	bundle-prefix
hiviewdfx	faultloggerd	base/hiviewdfx/faultloggerd	base/hiviewdfx/faultloggerd/interfaces/innerkits/procinfo/BUILD.gn	93	ohos_static_library	dfx_procinfo_static	//base/hiviewdfx/faultloggerd/interfaces/innerkits/procinfo:dfx_procinfo_static	production	bundle-prefix
hiviewdfx	faultloggerd	base/hiviewdfx/faultloggerd	base/hiviewdfx/faultloggerd/interfaces/innerkits/sigdump_handler/BUILD.gn	17	static_library	dfx_sigdump_handler	//base/hiviewdfx/faultloggerd/interfaces/innerkits/sigdump_handler:dfx_sigdump_handler	production	bundle-prefix
hiviewdfx	faultloggerd	base/hiviewdfx/faultloggerd	base/hiviewdfx/faultloggerd/interfaces/innerkits/sigdump_handler/BUILD.gn	22	config	dfx_sigdump_handler_config	//base/hiviewdfx/faultloggerd/interfaces/innerkits/sigdump_handler:dfx_sigdump_handler_config	build-support	bundle-prefix
hiviewdfx	faultloggerd	base/hiviewdfx/faultloggerd	base/hiviewdfx/faultloggerd/interfaces/innerkits/sigdump_handler/BUILD.gn	30	ohos_static_library	dfx_sigdump_handler	//base/hiviewdfx/faultloggerd/interfaces/innerkits/sigdump_handler:dfx_sigdump_handler	production	bundle-prefix
hiviewdfx	faultloggerd	base/hiviewdfx/faultloggerd	base/hiviewdfx/faultloggerd/interfaces/innerkits/signal_handler/BUILD.gn	17	shared_library	dfx_signalhandler	//base/hiviewdfx/faultloggerd/interfaces/innerkits/signal_handler:dfx_signalhandler	production	bundle-prefix
hiviewdfx	faultloggerd	base/hiviewdfx/faultloggerd	base/hiviewdfx/faultloggerd/interfaces/innerkits/signal_handler/BUILD.gn	47	config	dfx_signal_handler_config	//base/hiviewdfx/faultloggerd/interfaces/innerkits/signal_handler:dfx_signal_handler_config	build-support	bundle-prefix
hiviewdfx	faultloggerd	base/hiviewdfx/faultloggerd	base/hiviewdfx/faultloggerd/interfaces/innerkits/signal_handler/BUILD.gn	55	ohos_shared_library	dfx_signalhandler	//base/hiviewdfx/faultloggerd/interfaces/innerkits/signal_handler:dfx_signalhandler	production	bundle-prefix
hiviewdfx	faultloggerd	base/hiviewdfx/faultloggerd	base/hiviewdfx/faultloggerd/interfaces/innerkits/stack_printer/BUILD.gn	17	shared_library	libstack_printer	//base/hiviewdfx/faultloggerd/interfaces/innerkits/stack_printer:libstack_printer	production	bundle-prefix
hiviewdfx	faultloggerd	base/hiviewdfx/faultloggerd	base/hiviewdfx/faultloggerd/interfaces/innerkits/stack_printer/BUILD.gn	21	config	stack_printer_config	//base/hiviewdfx/faultloggerd/interfaces/innerkits/stack_printer:stack_printer_config	build-support	bundle-prefix
hiviewdfx	faultloggerd	base/hiviewdfx/faultloggerd	base/hiviewdfx/faultloggerd/interfaces/innerkits/stack_printer/BUILD.gn	27	ohos_shared_library	libstack_printer	//base/hiviewdfx/faultloggerd/interfaces/innerkits/stack_printer:libstack_printer	production	bundle-prefix
hiviewdfx	faultloggerd	base/hiviewdfx/faultloggerd	base/hiviewdfx/faultloggerd/interfaces/innerkits/unwinder/BUILD.gn	59	config	ohos_lite_config	//base/hiviewdfx/faultloggerd/interfaces/innerkits/unwinder:ohos_lite_config	build-support	bundle-prefix
hiviewdfx	faultloggerd	base/hiviewdfx/faultloggerd	base/hiviewdfx/faultloggerd/interfaces/innerkits/unwinder/BUILD.gn	66	shared_library	libunwinder	//base/hiviewdfx/faultloggerd/interfaces/innerkits/unwinder:libunwinder	production	bundle-prefix
hiviewdfx	faultloggerd	base/hiviewdfx/faultloggerd	base/hiviewdfx/faultloggerd/interfaces/innerkits/unwinder/BUILD.gn	100	static_library	libunwinder_static	//base/hiviewdfx/faultloggerd/interfaces/innerkits/unwinder:libunwinder_static	production	bundle-prefix
hiviewdfx	faultloggerd	base/hiviewdfx/faultloggerd	base/hiviewdfx/faultloggerd/interfaces/innerkits/unwinder/BUILD.gn	129	static_library	unwinder_host	//base/hiviewdfx/faultloggerd/interfaces/innerkits/unwinder:unwinder_host	production	bundle-prefix
hiviewdfx	faultloggerd	base/hiviewdfx/faultloggerd	base/hiviewdfx/faultloggerd/interfaces/innerkits/unwinder/BUILD.gn	133	config	dfx_unwinder_config	//base/hiviewdfx/faultloggerd/interfaces/innerkits/unwinder:dfx_unwinder_config	build-support	bundle-prefix
hiviewdfx	faultloggerd	base/hiviewdfx/faultloggerd	base/hiviewdfx/faultloggerd/interfaces/innerkits/unwinder/BUILD.gn	155	config	mixstack_config	//base/hiviewdfx/faultloggerd/interfaces/innerkits/unwinder:mixstack_config	build-support	bundle-prefix
hiviewdfx	faultloggerd	base/hiviewdfx/faultloggerd	base/hiviewdfx/faultloggerd/interfaces/innerkits/unwinder/BUILD.gn	161	config	lzma_config	//base/hiviewdfx/faultloggerd/interfaces/innerkits/unwinder:lzma_config	build-support	bundle-prefix
hiviewdfx	faultloggerd	base/hiviewdfx/faultloggerd	base/hiviewdfx/faultloggerd/interfaces/innerkits/unwinder/BUILD.gn	167	ohos_shared_library	libunwinder	//base/hiviewdfx/faultloggerd/interfaces/innerkits/unwinder:libunwinder	production	bundle-prefix
hiviewdfx	faultloggerd	base/hiviewdfx/faultloggerd	base/hiviewdfx/faultloggerd/interfaces/innerkits/unwinder/BUILD.gn	225	ohos_static_library	libunwinder_static	//base/hiviewdfx/faultloggerd/interfaces/innerkits/unwinder:libunwinder_static	production	bundle-prefix
hiviewdfx	faultloggerd	base/hiviewdfx/faultloggerd	base/hiviewdfx/faultloggerd/interfaces/innerkits/unwinder/BUILD.gn	260	ohos_static_library	libunwinder_base	//base/hiviewdfx/faultloggerd/interfaces/innerkits/unwinder:libunwinder_base	production	bundle-prefix
hiviewdfx	faultloggerd	base/hiviewdfx/faultloggerd	base/hiviewdfx/faultloggerd/interfaces/innerkits/unwinder/BUILD.gn	295	ohos_source_set	libunwinder_src	//base/hiviewdfx/faultloggerd/interfaces/innerkits/unwinder:libunwinder_src	production	bundle-prefix
hiviewdfx	faultloggerd	base/hiviewdfx/faultloggerd	base/hiviewdfx/faultloggerd/interfaces/innerkits/unwinder/BUILD.gn	334	config	unwinder_host_config	//base/hiviewdfx/faultloggerd/interfaces/innerkits/unwinder:unwinder_host_config	build-support	bundle-prefix
hiviewdfx	faultloggerd	base/hiviewdfx/faultloggerd	base/hiviewdfx/faultloggerd/interfaces/innerkits/unwinder/BUILD.gn	357	ohos_static_library	unwinder_host	//base/hiviewdfx/faultloggerd/interfaces/innerkits/unwinder:unwinder_host	production	bundle-prefix
hiviewdfx	faultloggerd	base/hiviewdfx/faultloggerd	base/hiviewdfx/faultloggerd/interfaces/rust/BUILD.gn	16	group	faultloggerd_rust	//base/hiviewdfx/faultloggerd/interfaces/rust:faultloggerd_rust	aggregate-codegen	bundle-prefix
hiviewdfx	faultloggerd	base/hiviewdfx/faultloggerd	base/hiviewdfx/faultloggerd/interfaces/rust/panic_handler/BUILD.gn	17	group	panic_handler	//base/hiviewdfx/faultloggerd/interfaces/rust/panic_handler:panic_handler	aggregate-codegen	bundle-prefix
hiviewdfx	faultloggerd	base/hiviewdfx/faultloggerd	base/hiviewdfx/faultloggerd/interfaces/rust/panic_handler/BUILD.gn	21	ohos_rust_shared_library	panic_handler	//base/hiviewdfx/faultloggerd/interfaces/rust/panic_handler:panic_handler	production	bundle-prefix
hiviewdfx	faultloggerd	base/hiviewdfx/faultloggerd	base/hiviewdfx/faultloggerd/interfaces/rust/rustc_demangle/BUILD.gn	16	ohos_rust_shared_ffi	rustc_demangle	//base/hiviewdfx/faultloggerd/interfaces/rust/rustc_demangle:rustc_demangle	production	bundle-prefix
hiviewdfx	faultloggerd	base/hiviewdfx/faultloggerd	base/hiviewdfx/faultloggerd/interfaces/rust/stacktrace/BUILD.gn	16	ohos_rust_shared_library	stacktrace_rust	//base/hiviewdfx/faultloggerd/interfaces/rust/stacktrace:stacktrace_rust	production	bundle-prefix
hiviewdfx	faultloggerd	base/hiviewdfx/faultloggerd	base/hiviewdfx/faultloggerd/services/BUILD.gn	27	copy	faultlogger.cfg	//base/hiviewdfx/faultloggerd/services:faultlogger.cfg	aggregate-codegen	bundle-prefix
hiviewdfx	faultloggerd	base/hiviewdfx/faultloggerd	base/hiviewdfx/faultloggerd/services/BUILD.gn	32	copy	faultlogger.conf	//base/hiviewdfx/faultloggerd/services:faultlogger.conf	aggregate-codegen	bundle-prefix
hiviewdfx	faultloggerd	base/hiviewdfx/faultloggerd	base/hiviewdfx/faultloggerd/services/BUILD.gn	37	executable	faultloggerd	//base/hiviewdfx/faultloggerd/services:faultloggerd	production	bundle-prefix
hiviewdfx	faultloggerd	base/hiviewdfx/faultloggerd	base/hiviewdfx/faultloggerd/services/BUILD.gn	93	config	faultloggerd_config	//base/hiviewdfx/faultloggerd/services:faultloggerd_config	build-support	bundle-prefix
hiviewdfx	faultloggerd	base/hiviewdfx/faultloggerd	base/hiviewdfx/faultloggerd/services/BUILD.gn	109	ohos_prebuilt_etc	faultloggerd.cfg	//base/hiviewdfx/faultloggerd/services:faultloggerd.cfg	production	bundle-prefix
hiviewdfx	faultloggerd	base/hiviewdfx/faultloggerd	base/hiviewdfx/faultloggerd/services/BUILD.gn	125	ohos_prebuilt_etc	faultloggerd_config.json	//base/hiviewdfx/faultloggerd/services:faultloggerd_config.json	production	bundle-prefix
hiviewdfx	faultloggerd	base/hiviewdfx/faultloggerd	base/hiviewdfx/faultloggerd/services/BUILD.gn	131	ohos_prebuilt_etc	faultloggerd.para	//base/hiviewdfx/faultloggerd/services:faultloggerd.para	production	bundle-prefix
hiviewdfx	faultloggerd	base/hiviewdfx/faultloggerd	base/hiviewdfx/faultloggerd/services/BUILD.gn	138	ohos_prebuilt_etc	faultloggerd.para.dac	//base/hiviewdfx/faultloggerd/services:faultloggerd.para.dac	production	bundle-prefix
hiviewdfx	faultloggerd	base/hiviewdfx/faultloggerd	base/hiviewdfx/faultloggerd/services/BUILD.gn	145	ohos_prebuilt_etc	faultlogger.conf	//base/hiviewdfx/faultloggerd/services:faultlogger.conf	production	bundle-prefix
hiviewdfx	faultloggerd	base/hiviewdfx/faultloggerd	base/hiviewdfx/faultloggerd/services/BUILD.gn	151	ohos_prebuilt_etc	fault_coredump.json	//base/hiviewdfx/faultloggerd/services:fault_coredump.json	production	bundle-prefix
hiviewdfx	faultloggerd	base/hiviewdfx/faultloggerd	base/hiviewdfx/faultloggerd/services/BUILD.gn	157	ohos_executable	faultloggerd	//base/hiviewdfx/faultloggerd/services:faultloggerd	production	bundle-prefix
hiviewdfx	faultloggerd	base/hiviewdfx/faultloggerd	base/hiviewdfx/faultloggerd/services/snapshot/BUILD.gn	16	ohos_shared_library	kernel_snapshot	//base/hiviewdfx/faultloggerd/services/snapshot:kernel_snapshot	production	bundle-prefix
hiviewdfx	faultloggerd	base/hiviewdfx/faultloggerd	base/hiviewdfx/faultloggerd/test/benchmarktest/BUILD.gn	16	group	benchmarktest	//base/hiviewdfx/faultloggerd/test/benchmarktest:benchmarktest	test	bundle-prefix
hiviewdfx	faultloggerd	base/hiviewdfx/faultloggerd	base/hiviewdfx/faultloggerd/test/benchmarktest/unwinder/BUILD.gn	22	ohos_benchmarktest	UnwinderBenchmarkTest	//base/hiviewdfx/faultloggerd/test/benchmarktest/unwinder:UnwinderBenchmarkTest	test	bundle-prefix
hiviewdfx	faultloggerd	base/hiviewdfx/faultloggerd	base/hiviewdfx/faultloggerd/test/benchmarktest/unwinder/BUILD.gn	63	group	benchmarktest	//base/hiviewdfx/faultloggerd/test/benchmarktest/unwinder:benchmarktest	test	bundle-prefix
hiviewdfx	faultloggerd	base/hiviewdfx/faultloggerd	base/hiviewdfx/faultloggerd/test/benchmarktest/unwindstack/BUILD.gn	25	ohos_benchmarktest	UnwindStackBenchmarkTest	//base/hiviewdfx/faultloggerd/test/benchmarktest/unwindstack:UnwindStackBenchmarkTest	test	bundle-prefix
hiviewdfx	faultloggerd	base/hiviewdfx/faultloggerd	base/hiviewdfx/faultloggerd/test/benchmarktest/unwindstack/BUILD.gn	74	group	benchmarktest	//base/hiviewdfx/faultloggerd/test/benchmarktest/unwindstack:benchmarktest	test	bundle-prefix
hiviewdfx	faultloggerd	base/hiviewdfx/faultloggerd	base/hiviewdfx/faultloggerd/test/BUILD.gn	22	group	faultloggerd_benchmarktest	//base/hiviewdfx/faultloggerd/test:faultloggerd_benchmarktest	test	bundle-prefix
hiviewdfx	faultloggerd	base/hiviewdfx/faultloggerd	base/hiviewdfx/faultloggerd/test/BUILD.gn	29	group	faultloggerd_moduletest	//base/hiviewdfx/faultloggerd/test:faultloggerd_moduletest	test	bundle-prefix
hiviewdfx	faultloggerd	base/hiviewdfx/faultloggerd	base/hiviewdfx/faultloggerd/test/BUILD.gn	36	group	faultloggerd_systemtest	//base/hiviewdfx/faultloggerd/test:faultloggerd_systemtest	test	bundle-prefix
hiviewdfx	faultloggerd	base/hiviewdfx/faultloggerd	base/hiviewdfx/faultloggerd/test/BUILD.gn	43	group	faultloggerd_funchook	//base/hiviewdfx/faultloggerd/test:faultloggerd_funchook	test	bundle-prefix
hiviewdfx	faultloggerd	base/hiviewdfx/faultloggerd	base/hiviewdfx/faultloggerd/test/BUILD.gn	50	group	faultloggerd_fuzzertest	//base/hiviewdfx/faultloggerd/test:faultloggerd_fuzzertest	test	bundle-prefix
hiviewdfx	faultloggerd	base/hiviewdfx/faultloggerd	base/hiviewdfx/faultloggerd/test/BUILD.gn	57	group	faultloggerd_unittest	//base/hiviewdfx/faultloggerd/test:faultloggerd_unittest	test	bundle-prefix
hiviewdfx	faultloggerd	base/hiviewdfx/faultloggerd	base/hiviewdfx/faultloggerd/test/funchook/BUILD.gn	20	config	dfx_sighook_config	//base/hiviewdfx/faultloggerd/test/funchook:dfx_sighook_config	build-support	bundle-prefix
hiviewdfx	faultloggerd	base/hiviewdfx/faultloggerd	base/hiviewdfx/faultloggerd/test/funchook/BUILD.gn	29	ohos_shared_library	dfxsighook	//base/hiviewdfx/faultloggerd/test/funchook:dfxsighook	test	bundle-prefix
hiviewdfx	faultloggerd	base/hiviewdfx/faultloggerd	base/hiviewdfx/faultloggerd/test/funchook/BUILD.gn	49	ohos_shared_library	dfxexithook	//base/hiviewdfx/faultloggerd/test/funchook:dfxexithook	test	bundle-prefix
hiviewdfx	faultloggerd	base/hiviewdfx/faultloggerd	base/hiviewdfx/faultloggerd/test/funchook/BUILD.gn	66	ohos_unittest	DfxFuncHookUnitTest	//base/hiviewdfx/faultloggerd/test/funchook:DfxFuncHookUnitTest	test	bundle-prefix
hiviewdfx	faultloggerd	base/hiviewdfx/faultloggerd	base/hiviewdfx/faultloggerd/test/funchook/BUILD.gn	99	group	dfxfunchook	//base/hiviewdfx/faultloggerd/test/funchook:dfxfunchook	test	bundle-prefix
hiviewdfx	faultloggerd	base/hiviewdfx/faultloggerd	base/hiviewdfx/faultloggerd/test/fuzztest/BUILD.gn	16	group	fuzztest	//base/hiviewdfx/faultloggerd/test/fuzztest:fuzztest	test	bundle-prefix
hiviewdfx	faultloggerd	base/hiviewdfx/faultloggerd	base/hiviewdfx/faultloggerd/test/fuzztest/faultloggerddumpcatcher_fuzzer/BUILD.gn	27	ohos_fuzztest	FaultloggerdDumpCatcherFuzzTest	//base/hiviewdfx/faultloggerd/test/fuzztest/faultloggerddumpcatcher_fuzzer:FaultloggerdDumpCatcherFuzzTest	test	bundle-prefix
hiviewdfx	faultloggerd	base/hiviewdfx/faultloggerd	base/hiviewdfx/faultloggerd/test/fuzztest/faultloggerddumpcatcher_fuzzer/BUILD.gn	47	group	fuzzDumpCatcherTest	//base/hiviewdfx/faultloggerd/test/fuzztest/faultloggerddumpcatcher_fuzzer:fuzzDumpCatcherTest	test	bundle-prefix
hiviewdfx	faultloggerd	base/hiviewdfx/faultloggerd	base/hiviewdfx/faultloggerd/test/fuzztest/faultloggerdserver/BUILD.gn	14	group	fuzzServerTest	//base/hiviewdfx/faultloggerd/test/fuzztest/faultloggerdserver:fuzzServerTest	test	bundle-prefix
hiviewdfx	faultloggerd	base/hiviewdfx/faultloggerd	base/hiviewdfx/faultloggerd/test/fuzztest/faultloggerdserver/dumpstatsservice_fuzzer/BUILD.gn	18	ohos_fuzztest	DumpStatsServiceFuzzTest	//base/hiviewdfx/faultloggerd/test/fuzztest/faultloggerdserver/dumpstatsservice_fuzzer:DumpStatsServiceFuzzTest	test	bundle-prefix
hiviewdfx	faultloggerd	base/hiviewdfx/faultloggerd	base/hiviewdfx/faultloggerd/test/fuzztest/faultloggerdserver/exceptionreportservice_fuzzer/BUILD.gn	18	ohos_fuzztest	ExceptionReportServiceFuzzTest	//base/hiviewdfx/faultloggerd/test/fuzztest/faultloggerdserver/exceptionreportservice_fuzzer:ExceptionReportServiceFuzzTest	test	bundle-prefix
hiviewdfx	faultloggerd	base/hiviewdfx/faultloggerd	base/hiviewdfx/faultloggerd/test/fuzztest/faultloggerdserver/faultloggerdclient_fuzzer/BUILD.gn	18	ohos_fuzztest	FaultloggerdClientFuzzTest	//base/hiviewdfx/faultloggerd/test/fuzztest/faultloggerdserver/faultloggerdclient_fuzzer:FaultloggerdClientFuzzTest	test	bundle-prefix
hiviewdfx	faultloggerd	base/hiviewdfx/faultloggerd	base/hiviewdfx/faultloggerd/test/fuzztest/faultloggerdserver/faultloggerdcoredump_fuzzer/BUILD.gn	18	ohos_fuzztest	FaultloggerdCoredumpFuzzTest	//base/hiviewdfx/faultloggerd/test/fuzztest/faultloggerdserver/faultloggerdcoredump_fuzzer:FaultloggerdCoredumpFuzzTest	test	bundle-prefix
hiviewdfx	faultloggerd	base/hiviewdfx/faultloggerd	base/hiviewdfx/faultloggerd/test/fuzztest/faultloggerdserver/faultloggerdserver_fuzzer/BUILD.gn	18	ohos_fuzztest	FaultloggerdServerFuzzTest	//base/hiviewdfx/faultloggerd/test/fuzztest/faultloggerdserver/faultloggerdserver_fuzzer:FaultloggerdServerFuzzTest	test	bundle-prefix
hiviewdfx	faultloggerd	base/hiviewdfx/faultloggerd	base/hiviewdfx/faultloggerd/test/fuzztest/faultloggerdserver/filedescservice_fuzzer/BUILD.gn	18	ohos_fuzztest	FileDescServiceFuzzTest	//base/hiviewdfx/faultloggerd/test/fuzztest/faultloggerdserver/filedescservice_fuzzer:FileDescServiceFuzzTest	test	bundle-prefix
hiviewdfx	faultloggerd	base/hiviewdfx/faultloggerd	base/hiviewdfx/faultloggerd/test/fuzztest/faultloggerdserver/filemanager_fuzzer/BUILD.gn	18	ohos_fuzztest	FileManagerFuzzTest	//base/hiviewdfx/faultloggerd/test/fuzztest/faultloggerdserver/filemanager_fuzzer:FileManagerFuzzTest	test	bundle-prefix
hiviewdfx	faultloggerd	base/hiviewdfx/faultloggerd	base/hiviewdfx/faultloggerd/test/fuzztest/faultloggerdserver/litedump_fuzzer/BUILD.gn	18	ohos_fuzztest	LitedumpFuzzTest	//base/hiviewdfx/faultloggerd/test/fuzztest/faultloggerdserver/litedump_fuzzer:LitedumpFuzzTest	test	bundle-prefix
hiviewdfx	faultloggerd	base/hiviewdfx/faultloggerd	base/hiviewdfx/faultloggerd/test/fuzztest/faultloggerdserver/pipeservice_fuzzer/BUILD.gn	18	ohos_fuzztest	PipeServiceFuzzTest	//base/hiviewdfx/faultloggerd/test/fuzztest/faultloggerdserver/pipeservice_fuzzer:PipeServiceFuzzTest	test	bundle-prefix
hiviewdfx	faultloggerd	base/hiviewdfx/faultloggerd	base/hiviewdfx/faultloggerd/test/fuzztest/faultloggerdserver/sdkdumpservice_fuzzer/BUILD.gn	18	ohos_fuzztest	SdkDumpServiceFuzzTest	//base/hiviewdfx/faultloggerd/test/fuzztest/faultloggerdserver/sdkdumpservice_fuzzer:SdkDumpServiceFuzzTest	test	bundle-prefix
hiviewdfx	faultloggerd	base/hiviewdfx/faultloggerd	base/hiviewdfx/faultloggerd/test/fuzztest/faultloggerdunwinder_fuzzer/BUILD.gn	27	ohos_fuzztest	FaultloggerdUnwinderFuzzTest	//base/hiviewdfx/faultloggerd/test/fuzztest/faultloggerdunwinder_fuzzer:FaultloggerdUnwinderFuzzTest	test	bundle-prefix
hiviewdfx	faultloggerd	base/hiviewdfx/faultloggerd	base/hiviewdfx/faultloggerd/test/fuzztest/faultloggerdunwinder_fuzzer/BUILD.gn	54	group	fuzzUnwinderTest	//base/hiviewdfx/faultloggerd/test/fuzztest/faultloggerdunwinder_fuzzer:fuzzUnwinderTest	test	bundle-prefix
hiviewdfx	faultloggerd	base/hiviewdfx/faultloggerd	base/hiviewdfx/faultloggerd/test/moduletest/BUILD.gn	16	config	module_private_config	//base/hiviewdfx/faultloggerd/test/moduletest:module_private_config	build-support	bundle-prefix
hiviewdfx	faultloggerd	base/hiviewdfx/faultloggerd	base/hiviewdfx/faultloggerd/test/moduletest/BUILD.gn	31	unittest	FaultloggerdModuleTest	//base/hiviewdfx/faultloggerd/test/moduletest:FaultloggerdModuleTest	test	bundle-prefix
hiviewdfx	faultloggerd	base/hiviewdfx/faultloggerd	base/hiviewdfx/faultloggerd/test/moduletest/BUILD.gn	45	group	moduletest	//base/hiviewdfx/faultloggerd/test/moduletest:moduletest	test	bundle-prefix
hiviewdfx	faultloggerd	base/hiviewdfx/faultloggerd	base/hiviewdfx/faultloggerd/test/moduletest/BUILD.gn	56	ohos_moduletest	FaultloggerdModuleTest	//base/hiviewdfx/faultloggerd/test/moduletest:FaultloggerdModuleTest	test	bundle-prefix
hiviewdfx	faultloggerd	base/hiviewdfx/faultloggerd	base/hiviewdfx/faultloggerd/test/moduletest/BUILD.gn	75	group	moduletest	//base/hiviewdfx/faultloggerd/test/moduletest:moduletest	test	bundle-prefix
hiviewdfx	faultloggerd	base/hiviewdfx/faultloggerd	base/hiviewdfx/faultloggerd/test/resource/BUILD.gn	16	ohos_js_unittest	FaultloggerdJsTest	//base/hiviewdfx/faultloggerd/test/resource:FaultloggerdJsTest	test	bundle-prefix
hiviewdfx	faultloggerd	base/hiviewdfx/faultloggerd	base/hiviewdfx/faultloggerd/test/resource/BUILD.gn	21	ohos_js_assets	faultloggerdjs_assets	//base/hiviewdfx/faultloggerd/test/resource:faultloggerdjs_assets	test	bundle-prefix
hiviewdfx	faultloggerd	base/hiviewdfx/faultloggerd	base/hiviewdfx/faultloggerd/test/resource/BUILD.gn	26	group	unittest	//base/hiviewdfx/faultloggerd/test/resource:unittest	test	bundle-prefix
hiviewdfx	faultloggerd	base/hiviewdfx/faultloggerd	base/hiviewdfx/faultloggerd/test/systemtest/BUILD.gn	21	unittest	test_faultloggerd	//base/hiviewdfx/faultloggerd/test/systemtest:test_faultloggerd	test	bundle-prefix
hiviewdfx	faultloggerd	base/hiviewdfx/faultloggerd	base/hiviewdfx/faultloggerd/test/systemtest/BUILD.gn	55	group	systemtest	//base/hiviewdfx/faultloggerd/test/systemtest:systemtest	test	bundle-prefix
hiviewdfx	faultloggerd	base/hiviewdfx/faultloggerd	base/hiviewdfx/faultloggerd/test/systemtest/BUILD.gn	64	config	module_private_config	//base/hiviewdfx/faultloggerd/test/systemtest:module_private_config	build-support	bundle-prefix
hiviewdfx	faultloggerd	base/hiviewdfx/faultloggerd	base/hiviewdfx/faultloggerd/test/systemtest/BUILD.gn	81	ohos_systemtest	test_faultloggerd	//base/hiviewdfx/faultloggerd/test/systemtest:test_faultloggerd	test	bundle-prefix
hiviewdfx	faultloggerd	base/hiviewdfx/faultloggerd	base/hiviewdfx/faultloggerd/test/systemtest/BUILD.gn	115	group	systemtest	//base/hiviewdfx/faultloggerd/test/systemtest:systemtest	test	bundle-prefix
hiviewdfx	faultloggerd	base/hiviewdfx/faultloggerd	base/hiviewdfx/faultloggerd/test/unittest/async_stack/BUILD.gn	20	ohos_unittest	async_stack_test	//base/hiviewdfx/faultloggerd/test/unittest/async_stack:async_stack_test	test	bundle-prefix
hiviewdfx	faultloggerd	base/hiviewdfx/faultloggerd	base/hiviewdfx/faultloggerd/test/unittest/async_stack/BUILD.gn	49	group	unittest	//base/hiviewdfx/faultloggerd/test/unittest/async_stack:unittest	test	bundle-prefix
hiviewdfx	faultloggerd	base/hiviewdfx/faultloggerd	base/hiviewdfx/faultloggerd/test/unittest/backtrace/BUILD.gn	20	ohos_unittest	backtrace_utils_test	//base/hiviewdfx/faultloggerd/test/unittest/backtrace:backtrace_utils_test	test	bundle-prefix
hiviewdfx	faultloggerd	base/hiviewdfx/faultloggerd	base/hiviewdfx/faultloggerd/test/unittest/backtrace/BUILD.gn	45	ohos_unittest	backtrace_local_test	//base/hiviewdfx/faultloggerd/test/unittest/backtrace:backtrace_local_test	test	bundle-prefix
hiviewdfx	faultloggerd	base/hiviewdfx/faultloggerd	base/hiviewdfx/faultloggerd/test/unittest/backtrace/BUILD.gn	76	ohos_unittest	backtrace_utils_test_static	//base/hiviewdfx/faultloggerd/test/unittest/backtrace:backtrace_utils_test_static	test	bundle-prefix
hiviewdfx	faultloggerd	base/hiviewdfx/faultloggerd	base/hiviewdfx/faultloggerd/test/unittest/backtrace/BUILD.gn	104	ohos_unittest	backtrace_local_test_static	//base/hiviewdfx/faultloggerd/test/unittest/backtrace:backtrace_local_test_static	test	bundle-prefix
hiviewdfx	faultloggerd	base/hiviewdfx/faultloggerd	base/hiviewdfx/faultloggerd/test/unittest/backtrace/BUILD.gn	137	group	unittest	//base/hiviewdfx/faultloggerd/test/unittest/backtrace:unittest	test	bundle-prefix
hiviewdfx	faultloggerd	base/hiviewdfx/faultloggerd	base/hiviewdfx/faultloggerd/test/unittest/BUILD.gn	16	group	unittest	//base/hiviewdfx/faultloggerd/test/unittest:unittest	test	bundle-prefix
hiviewdfx	faultloggerd	base/hiviewdfx/faultloggerd	base/hiviewdfx/faultloggerd/test/unittest/common/BUILD.gn	21	unittest	test_common	//base/hiviewdfx/faultloggerd/test/unittest/common:test_common	test	bundle-prefix
hiviewdfx	faultloggerd	base/hiviewdfx/faultloggerd	base/hiviewdfx/faultloggerd/test/unittest/common/BUILD.gn	46	group	unittest	//base/hiviewdfx/faultloggerd/test/unittest/common:unittest	test	bundle-prefix
hiviewdfx	faultloggerd	base/hiviewdfx/faultloggerd	base/hiviewdfx/faultloggerd/test/unittest/common/BUILD.gn	55	config	module_private_config	//base/hiviewdfx/faultloggerd/test/unittest/common:module_private_config	build-support	bundle-prefix
hiviewdfx	faultloggerd	base/hiviewdfx/faultloggerd	base/hiviewdfx/faultloggerd/test/unittest/common/BUILD.gn	74	ohos_unittest	test_common	//base/hiviewdfx/faultloggerd/test/unittest/common:test_common	test	bundle-prefix
hiviewdfx	faultloggerd	base/hiviewdfx/faultloggerd	base/hiviewdfx/faultloggerd/test/unittest/common/BUILD.gn	100	ohos_unittest	test_param	//base/hiviewdfx/faultloggerd/test/unittest/common:test_param	test	bundle-prefix
hiviewdfx	faultloggerd	base/hiviewdfx/faultloggerd	base/hiviewdfx/faultloggerd/test/unittest/common/BUILD.gn	124	ohos_unittest	test_smartfd	//base/hiviewdfx/faultloggerd/test/unittest/common:test_smartfd	test	bundle-prefix
hiviewdfx	faultloggerd	base/hiviewdfx/faultloggerd	base/hiviewdfx/faultloggerd/test/unittest/common/BUILD.gn	136	group	unittest	//base/hiviewdfx/faultloggerd/test/unittest/common:unittest	test	bundle-prefix
hiviewdfx	faultloggerd	base/hiviewdfx/faultloggerd	base/hiviewdfx/faultloggerd/test/unittest/coredump/BUILD.gn	20	group	unittest	//base/hiviewdfx/faultloggerd/test/unittest/coredump:unittest	test	bundle-prefix
hiviewdfx	faultloggerd	base/hiviewdfx/faultloggerd	base/hiviewdfx/faultloggerd/test/unittest/coredump/BUILD.gn	27	config	module_private_config	//base/hiviewdfx/faultloggerd/test/unittest/coredump:module_private_config	build-support	bundle-prefix
hiviewdfx	faultloggerd	base/hiviewdfx/faultloggerd	base/hiviewdfx/faultloggerd/test/unittest/coredump/BUILD.gn	44	ohos_unittest	test_coredump	//base/hiviewdfx/faultloggerd/test/unittest/coredump:test_coredump	test	bundle-prefix
hiviewdfx	faultloggerd	base/hiviewdfx/faultloggerd	base/hiviewdfx/faultloggerd/test/unittest/coredump/BUILD.gn	95	group	unittest	//base/hiviewdfx/faultloggerd/test/unittest/coredump:unittest	test	bundle-prefix
hiviewdfx	faultloggerd	base/hiviewdfx/faultloggerd	base/hiviewdfx/faultloggerd/test/unittest/crash_exception/BUILD.gn	20	group	unittest	//base/hiviewdfx/faultloggerd/test/unittest/crash_exception:unittest	test	bundle-prefix
hiviewdfx	faultloggerd	base/hiviewdfx/faultloggerd	base/hiviewdfx/faultloggerd/test/unittest/crash_exception/BUILD.gn	27	config	module_private_config	//base/hiviewdfx/faultloggerd/test/unittest/crash_exception:module_private_config	build-support	bundle-prefix
hiviewdfx	faultloggerd	base/hiviewdfx/faultloggerd	base/hiviewdfx/faultloggerd/test/unittest/crash_exception/BUILD.gn	35	ohos_unittest	test_crash_exception	//base/hiviewdfx/faultloggerd/test/unittest/crash_exception:test_crash_exception	test	bundle-prefix
hiviewdfx	faultloggerd	base/hiviewdfx/faultloggerd	base/hiviewdfx/faultloggerd/test/unittest/crash_exception/BUILD.gn	59	group	unittest	//base/hiviewdfx/faultloggerd/test/unittest/crash_exception:unittest	test	bundle-prefix
hiviewdfx	faultloggerd	base/hiviewdfx/faultloggerd	base/hiviewdfx/faultloggerd/test/unittest/dump_catcher/BUILD.gn	21	unittest	test_dumpcatcher	//base/hiviewdfx/faultloggerd/test/unittest/dump_catcher:test_dumpcatcher	test	bundle-prefix
hiviewdfx	faultloggerd	base/hiviewdfx/faultloggerd	base/hiviewdfx/faultloggerd/test/unittest/dump_catcher/BUILD.gn	52	group	unittest	//base/hiviewdfx/faultloggerd/test/unittest/dump_catcher:unittest	test	bundle-prefix
hiviewdfx	faultloggerd	base/hiviewdfx/faultloggerd	base/hiviewdfx/faultloggerd/test/unittest/dump_catcher/BUILD.gn	61	ohos_unittest	test_dumpcatcher	//base/hiviewdfx/faultloggerd/test/unittest/dump_catcher:test_dumpcatcher	test	bundle-prefix
hiviewdfx	faultloggerd	base/hiviewdfx/faultloggerd	base/hiviewdfx/faultloggerd/test/unittest/dump_catcher/BUILD.gn	110	ohos_unittest	test_liteperf	//base/hiviewdfx/faultloggerd/test/unittest/dump_catcher:test_liteperf	test	bundle-prefix
hiviewdfx	faultloggerd	base/hiviewdfx/faultloggerd	base/hiviewdfx/faultloggerd/test/unittest/dump_catcher/BUILD.gn	138	group	unittest	//base/hiviewdfx/faultloggerd/test/unittest/dump_catcher:unittest	test	bundle-prefix
hiviewdfx	faultloggerd	base/hiviewdfx/faultloggerd	base/hiviewdfx/faultloggerd/test/unittest/faultloggerd/BUILD.gn	22	unittest	test_service	//base/hiviewdfx/faultloggerd/test/unittest/faultloggerd:test_service	test	bundle-prefix
hiviewdfx	faultloggerd	base/hiviewdfx/faultloggerd	base/hiviewdfx/faultloggerd/test/unittest/faultloggerd/BUILD.gn	76	group	unittest	//base/hiviewdfx/faultloggerd/test/unittest/faultloggerd:unittest	test	bundle-prefix
hiviewdfx	faultloggerd	base/hiviewdfx/faultloggerd	base/hiviewdfx/faultloggerd/test/unittest/faultloggerd/BUILD.gn	85	ohos_unittest	test_service	//base/hiviewdfx/faultloggerd/test/unittest/faultloggerd:test_service	test	bundle-prefix
hiviewdfx	faultloggerd	base/hiviewdfx/faultloggerd	base/hiviewdfx/faultloggerd/test/unittest/faultloggerd/BUILD.gn	147	group	unittest	//base/hiviewdfx/faultloggerd/test/unittest/faultloggerd:unittest	test	bundle-prefix
hiviewdfx	faultloggerd	base/hiviewdfx/faultloggerd	base/hiviewdfx/faultloggerd/test/unittest/formatter/BUILD.gn	20	group	unittest	//base/hiviewdfx/faultloggerd/test/unittest/formatter:unittest	test	bundle-prefix
hiviewdfx	faultloggerd	base/hiviewdfx/faultloggerd	base/hiviewdfx/faultloggerd/test/unittest/formatter/BUILD.gn	27	ohos_unittest	dfx_json_formatter_test	//base/hiviewdfx/faultloggerd/test/unittest/formatter:dfx_json_formatter_test	test	bundle-prefix
hiviewdfx	faultloggerd	base/hiviewdfx/faultloggerd	base/hiviewdfx/faultloggerd/test/unittest/formatter/BUILD.gn	58	ohos_unittest	cppcrash_formatter_test	//base/hiviewdfx/faultloggerd/test/unittest/formatter:cppcrash_formatter_test	test	bundle-prefix
hiviewdfx	faultloggerd	base/hiviewdfx/faultloggerd	base/hiviewdfx/faultloggerd/test/unittest/formatter/BUILD.gn	87	group	unittest	//base/hiviewdfx/faultloggerd/test/unittest/formatter:unittest	test	bundle-prefix
hiviewdfx	faultloggerd	base/hiviewdfx/faultloggerd	base/hiviewdfx/faultloggerd/test/unittest/kernel_snapshot/BUILD.gn	20	group	unittest	//base/hiviewdfx/faultloggerd/test/unittest/kernel_snapshot:unittest	test	bundle-prefix
hiviewdfx	faultloggerd	base/hiviewdfx/faultloggerd	base/hiviewdfx/faultloggerd/test/unittest/kernel_snapshot/BUILD.gn	29	ohos_unittest	test_kernel_snapshot	//base/hiviewdfx/faultloggerd/test/unittest/kernel_snapshot:test_kernel_snapshot	test	bundle-prefix
hiviewdfx	faultloggerd	base/hiviewdfx/faultloggerd	base/hiviewdfx/faultloggerd/test/unittest/kernel_snapshot/BUILD.gn	71	group	unittest	//base/hiviewdfx/faultloggerd/test/unittest/kernel_snapshot:unittest	test	bundle-prefix
hiviewdfx	faultloggerd	base/hiviewdfx/faultloggerd	base/hiviewdfx/faultloggerd/test/unittest/local_handler/BUILD.gn	20	group	unittest	//base/hiviewdfx/faultloggerd/test/unittest/local_handler:unittest	test	bundle-prefix
hiviewdfx	faultloggerd	base/hiviewdfx/faultloggerd	base/hiviewdfx/faultloggerd/test/unittest/local_handler/BUILD.gn	29	config	module_test_localhandler_config	//base/hiviewdfx/faultloggerd/test/unittest/local_handler:module_test_localhandler_config	build-support	bundle-prefix
hiviewdfx	faultloggerd	base/hiviewdfx/faultloggerd	base/hiviewdfx/faultloggerd/test/unittest/local_handler/BUILD.gn	40	ohos_unittest	test_localhandler	//base/hiviewdfx/faultloggerd/test/unittest/local_handler:test_localhandler	test	bundle-prefix
hiviewdfx	faultloggerd	base/hiviewdfx/faultloggerd	base/hiviewdfx/faultloggerd/test/unittest/local_handler/BUILD.gn	66	group	unittest	//base/hiviewdfx/faultloggerd/test/unittest/local_handler:unittest	test	bundle-prefix
hiviewdfx	faultloggerd	base/hiviewdfx/faultloggerd	base/hiviewdfx/faultloggerd/test/unittest/minidump/BUILD.gn	20	group	unittest	//base/hiviewdfx/faultloggerd/test/unittest/minidump:unittest	test	bundle-prefix
hiviewdfx	faultloggerd	base/hiviewdfx/faultloggerd	base/hiviewdfx/faultloggerd/test/unittest/minidump/BUILD.gn	29	ohos_unittest	test_minidump	//base/hiviewdfx/faultloggerd/test/unittest/minidump:test_minidump	test	bundle-prefix
hiviewdfx	faultloggerd	base/hiviewdfx/faultloggerd	base/hiviewdfx/faultloggerd/test/unittest/minidump/BUILD.gn	61	group	unittest	//base/hiviewdfx/faultloggerd/test/unittest/minidump:unittest	test	bundle-prefix
hiviewdfx	faultloggerd	base/hiviewdfx/faultloggerd	base/hiviewdfx/faultloggerd/test/unittest/panic_handler/BUILD.gn	20	group	unittest	//base/hiviewdfx/faultloggerd/test/unittest/panic_handler:unittest	test	bundle-prefix
hiviewdfx	faultloggerd	base/hiviewdfx/faultloggerd	base/hiviewdfx/faultloggerd/test/unittest/panic_handler/BUILD.gn	27	ohos_unittest	test_panic_handler	//base/hiviewdfx/faultloggerd/test/unittest/panic_handler:test_panic_handler	test	bundle-prefix
hiviewdfx	faultloggerd	base/hiviewdfx/faultloggerd	base/hiviewdfx/faultloggerd/test/unittest/panic_handler/BUILD.gn	59	group	unittest	//base/hiviewdfx/faultloggerd/test/unittest/panic_handler:unittest	test	bundle-prefix
hiviewdfx	faultloggerd	base/hiviewdfx/faultloggerd	base/hiviewdfx/faultloggerd/test/unittest/process_dump/BUILD.gn	20	config	unittest_private_config	//base/hiviewdfx/faultloggerd/test/unittest/process_dump:unittest_private_config	build-support	bundle-prefix
hiviewdfx	faultloggerd	base/hiviewdfx/faultloggerd	base/hiviewdfx/faultloggerd/test/unittest/process_dump/BUILD.gn	25	unittest	test_processdump	//base/hiviewdfx/faultloggerd/test/unittest/process_dump:test_processdump	test	bundle-prefix
hiviewdfx	faultloggerd	base/hiviewdfx/faultloggerd	base/hiviewdfx/faultloggerd/test/unittest/process_dump/BUILD.gn	63	group	unittest	//base/hiviewdfx/faultloggerd/test/unittest/process_dump:unittest	test	bundle-prefix
hiviewdfx	faultloggerd	base/hiviewdfx/faultloggerd	base/hiviewdfx/faultloggerd/test/unittest/process_dump/BUILD.gn	72	config	module_private_config	//base/hiviewdfx/faultloggerd/test/unittest/process_dump:module_private_config	build-support	bundle-prefix
hiviewdfx	faultloggerd	base/hiviewdfx/faultloggerd	base/hiviewdfx/faultloggerd/test/unittest/process_dump/BUILD.gn	94	ohos_unittest	test_processdump	//base/hiviewdfx/faultloggerd/test/unittest/process_dump:test_processdump	test	bundle-prefix
hiviewdfx	faultloggerd	base/hiviewdfx/faultloggerd	base/hiviewdfx/faultloggerd/test/unittest/process_dump/BUILD.gn	188	group	unittest	//base/hiviewdfx/faultloggerd/test/unittest/process_dump:unittest	test	bundle-prefix
hiviewdfx	faultloggerd	base/hiviewdfx/faultloggerd	base/hiviewdfx/faultloggerd/test/unittest/procinfo/BUILD.gn	21	unittest	test_procinfo	//base/hiviewdfx/faultloggerd/test/unittest/procinfo:test_procinfo	test	bundle-prefix
hiviewdfx	faultloggerd	base/hiviewdfx/faultloggerd	base/hiviewdfx/faultloggerd/test/unittest/procinfo/BUILD.gn	47	group	unittest	//base/hiviewdfx/faultloggerd/test/unittest/procinfo:unittest	test	bundle-prefix
hiviewdfx	faultloggerd	base/hiviewdfx/faultloggerd	base/hiviewdfx/faultloggerd/test/unittest/procinfo/BUILD.gn	56	config	module_private_config	//base/hiviewdfx/faultloggerd/test/unittest/procinfo:module_private_config	build-support	bundle-prefix
hiviewdfx	faultloggerd	base/hiviewdfx/faultloggerd	base/hiviewdfx/faultloggerd/test/unittest/procinfo/BUILD.gn	67	ohos_unittest	test_procinfo	//base/hiviewdfx/faultloggerd/test/unittest/procinfo:test_procinfo	test	bundle-prefix
hiviewdfx	faultloggerd	base/hiviewdfx/faultloggerd	base/hiviewdfx/faultloggerd/test/unittest/procinfo/BUILD.gn	88	group	unittest	//base/hiviewdfx/faultloggerd/test/unittest/procinfo:unittest	test	bundle-prefix
hiviewdfx	faultloggerd	base/hiviewdfx/faultloggerd	base/hiviewdfx/faultloggerd/test/unittest/rustc_demangle/BUILD.gn	20	group	unittest	//base/hiviewdfx/faultloggerd/test/unittest/rustc_demangle:unittest	test	bundle-prefix
hiviewdfx	faultloggerd	base/hiviewdfx/faultloggerd	base/hiviewdfx/faultloggerd/test/unittest/rustc_demangle/BUILD.gn	27	config	module_private_config	//base/hiviewdfx/faultloggerd/test/unittest/rustc_demangle:module_private_config	build-support	bundle-prefix
hiviewdfx	faultloggerd	base/hiviewdfx/faultloggerd	base/hiviewdfx/faultloggerd/test/unittest/rustc_demangle/BUILD.gn	36	ohos_unittest	test_demangle	//base/hiviewdfx/faultloggerd/test/unittest/rustc_demangle:test_demangle	test	bundle-prefix
hiviewdfx	faultloggerd	base/hiviewdfx/faultloggerd	base/hiviewdfx/faultloggerd/test/unittest/rustc_demangle/BUILD.gn	53	group	unittest	//base/hiviewdfx/faultloggerd/test/unittest/rustc_demangle:unittest	test	bundle-prefix
hiviewdfx	faultloggerd	base/hiviewdfx/faultloggerd	base/hiviewdfx/faultloggerd/test/unittest/sigdump_handler/BUILD.gn	20	group	unittest	//base/hiviewdfx/faultloggerd/test/unittest/sigdump_handler:unittest	test	bundle-prefix
hiviewdfx	faultloggerd	base/hiviewdfx/faultloggerd	base/hiviewdfx/faultloggerd/test/unittest/sigdump_handler/BUILD.gn	29	config	module_test_sigdump_handler_config	//base/hiviewdfx/faultloggerd/test/unittest/sigdump_handler:module_test_sigdump_handler_config	build-support	bundle-prefix
hiviewdfx	faultloggerd	base/hiviewdfx/faultloggerd	base/hiviewdfx/faultloggerd/test/unittest/sigdump_handler/BUILD.gn	40	ohos_unittest	test_sigdump_handler	//base/hiviewdfx/faultloggerd/test/unittest/sigdump_handler:test_sigdump_handler	test	bundle-prefix
hiviewdfx	faultloggerd	base/hiviewdfx/faultloggerd	base/hiviewdfx/faultloggerd/test/unittest/sigdump_handler/BUILD.gn	66	group	unittest	//base/hiviewdfx/faultloggerd/test/unittest/sigdump_handler:unittest	test	bundle-prefix
hiviewdfx	faultloggerd	base/hiviewdfx/faultloggerd	base/hiviewdfx/faultloggerd/test/unittest/signal_handler/BUILD.gn	20	group	unittest	//base/hiviewdfx/faultloggerd/test/unittest/signal_handler:unittest	test	bundle-prefix
hiviewdfx	faultloggerd	base/hiviewdfx/faultloggerd	base/hiviewdfx/faultloggerd/test/unittest/signal_handler/BUILD.gn	29	config	module_test_signal_config	//base/hiviewdfx/faultloggerd/test/unittest/signal_handler:module_test_signal_config	build-support	bundle-prefix
hiviewdfx	faultloggerd	base/hiviewdfx/faultloggerd	base/hiviewdfx/faultloggerd/test/unittest/signal_handler/BUILD.gn	40	ohos_unittest	test_signalhandler	//base/hiviewdfx/faultloggerd/test/unittest/signal_handler:test_signalhandler	test	bundle-prefix
hiviewdfx	faultloggerd	base/hiviewdfx/faultloggerd	base/hiviewdfx/faultloggerd/test/unittest/signal_handler/BUILD.gn	73	ohos_unittest	test_signalchain	//base/hiviewdfx/faultloggerd/test/unittest/signal_handler:test_signalchain	test	bundle-prefix
hiviewdfx	faultloggerd	base/hiviewdfx/faultloggerd	base/hiviewdfx/faultloggerd/test/unittest/signal_handler/BUILD.gn	94	ohos_unittest	test_safe_reader	//base/hiviewdfx/faultloggerd/test/unittest/signal_handler:test_safe_reader	test	bundle-prefix
hiviewdfx	faultloggerd	base/hiviewdfx/faultloggerd	base/hiviewdfx/faultloggerd/test/unittest/signal_handler/BUILD.gn	117	group	unittest	//base/hiviewdfx/faultloggerd/test/unittest/signal_handler:unittest	test	bundle-prefix
hiviewdfx	faultloggerd	base/hiviewdfx/faultloggerd	base/hiviewdfx/faultloggerd/test/unittest/stack_printer/BUILD.gn	20	ohos_unittest	stack_printer_test	//base/hiviewdfx/faultloggerd/test/unittest/stack_printer:stack_printer_test	test	bundle-prefix
hiviewdfx	faultloggerd	base/hiviewdfx/faultloggerd	base/hiviewdfx/faultloggerd/test/unittest/stack_printer/BUILD.gn	38	group	unittest	//base/hiviewdfx/faultloggerd/test/unittest/stack_printer:unittest	test	bundle-prefix
hiviewdfx	faultloggerd	base/hiviewdfx/faultloggerd	base/hiviewdfx/faultloggerd/test/unittest/stacktrace_rust/BUILD.gn	20	group	unittest	//base/hiviewdfx/faultloggerd/test/unittest/stacktrace_rust:unittest	test	bundle-prefix
hiviewdfx	faultloggerd	base/hiviewdfx/faultloggerd	base/hiviewdfx/faultloggerd/test/unittest/stacktrace_rust/BUILD.gn	27	ohos_rust_unittest	rust_stacktrace_test	//base/hiviewdfx/faultloggerd/test/unittest/stacktrace_rust:rust_stacktrace_test	test	bundle-prefix
hiviewdfx	faultloggerd	base/hiviewdfx/faultloggerd	base/hiviewdfx/faultloggerd/test/unittest/stacktrace_rust/BUILD.gn	33	group	unittest	//base/hiviewdfx/faultloggerd/test/unittest/stacktrace_rust:unittest	test	bundle-prefix
hiviewdfx	faultloggerd	base/hiviewdfx/faultloggerd	base/hiviewdfx/faultloggerd/test/unittest/unwind/BUILD.gn	19	ohos_unittest	test_unwind	//base/hiviewdfx/faultloggerd/test/unittest/unwind:test_unwind	test	bundle-prefix
hiviewdfx	faultloggerd	base/hiviewdfx/faultloggerd	base/hiviewdfx/faultloggerd/test/unittest/unwind/BUILD.gn	70	ohos_unittest	test_unwind_pac	//base/hiviewdfx/faultloggerd/test/unittest/unwind:test_unwind_pac	test	bundle-prefix
hiviewdfx	faultloggerd	base/hiviewdfx/faultloggerd	base/hiviewdfx/faultloggerd/test/unittest/unwind/BUILD.gn	96	ohos_unittest	test_unwind_separate_code	//base/hiviewdfx/faultloggerd/test/unittest/unwind:test_unwind_separate_code	test	bundle-prefix
hiviewdfx	faultloggerd	base/hiviewdfx/faultloggerd	base/hiviewdfx/faultloggerd/test/unittest/unwind/BUILD.gn	122	ohos_unittest	test_exidx	//base/hiviewdfx/faultloggerd/test/unittest/unwind:test_exidx	test	bundle-prefix
hiviewdfx	faultloggerd	base/hiviewdfx/faultloggerd	base/hiviewdfx/faultloggerd/test/unittest/unwind/BUILD.gn	170	ohos_unittest	test_dwarf	//base/hiviewdfx/faultloggerd/test/unittest/unwind:test_dwarf	test	bundle-prefix
hiviewdfx	faultloggerd	base/hiviewdfx/faultloggerd	base/hiviewdfx/faultloggerd/test/unittest/unwind/BUILD.gn	203	ohos_unittest	test_unwind_supporting	//base/hiviewdfx/faultloggerd/test/unittest/unwind:test_unwind_supporting	test	bundle-prefix
hiviewdfx	faultloggerd	base/hiviewdfx/faultloggerd	base/hiviewdfx/faultloggerd/test/unittest/unwind/BUILD.gn	230	ohos_unittest	test_reader	//base/hiviewdfx/faultloggerd/test/unittest/unwind:test_reader	test	bundle-prefix
hiviewdfx	faultloggerd	base/hiviewdfx/faultloggerd	base/hiviewdfx/faultloggerd/test/unittest/unwind/BUILD.gn	250	group	unittest	//base/hiviewdfx/faultloggerd/test/unittest/unwind:unittest	test	bundle-prefix
hiviewdfx	faultloggerd	base/hiviewdfx/faultloggerd	base/hiviewdfx/faultloggerd/test/utils/BUILD.gn	32	static_library	dfx_test_util	//base/hiviewdfx/faultloggerd/test/utils:dfx_test_util	test	bundle-prefix
hiviewdfx	faultloggerd	base/hiviewdfx/faultloggerd	base/hiviewdfx/faultloggerd/test/utils/BUILD.gn	46	static_library	faultloggerd_test_src	//base/hiviewdfx/faultloggerd/test/utils:faultloggerd_test_src	test	bundle-prefix
hiviewdfx	faultloggerd	base/hiviewdfx/faultloggerd	base/hiviewdfx/faultloggerd/test/utils/BUILD.gn	90	ohos_static_library	dfx_test_util	//base/hiviewdfx/faultloggerd/test/utils:dfx_test_util	test	bundle-prefix
hiviewdfx	faultloggerd	base/hiviewdfx/faultloggerd	base/hiviewdfx/faultloggerd/test/utils/BUILD.gn	127	config	faultloggerd_config	//base/hiviewdfx/faultloggerd/test/utils:faultloggerd_config	build-support	bundle-prefix
hiviewdfx	faultloggerd	base/hiviewdfx/faultloggerd	base/hiviewdfx/faultloggerd/test/utils/BUILD.gn	142	ohos_static_library	faultloggerd_test_src	//base/hiviewdfx/faultloggerd/test/utils:faultloggerd_test_src	test	bundle-prefix
hiviewdfx	faultloggerd	base/hiviewdfx/faultloggerd	base/hiviewdfx/faultloggerd/tools/crash_validator/BUILD.gn	18	ohos_executable	crashvalidator	//base/hiviewdfx/faultloggerd/tools/crash_validator:crashvalidator	test	bundle-prefix
hiviewdfx	faultloggerd	base/hiviewdfx/faultloggerd	base/hiviewdfx/faultloggerd/tools/crash_validator/BUILD.gn	70	group	crash_validator	//base/hiviewdfx/faultloggerd/tools/crash_validator:crash_validator	test	bundle-prefix
hiviewdfx	faultloggerd	base/hiviewdfx/faultloggerd	base/hiviewdfx/faultloggerd/tools/crasher_c/BUILD.gn	17	executable	crasher_c	//base/hiviewdfx/faultloggerd/tools/crasher_c:crasher_c	test	bundle-prefix
hiviewdfx	faultloggerd	base/hiviewdfx/faultloggerd	base/hiviewdfx/faultloggerd/tools/crasher_c/BUILD.gn	36	config	crasher_config	//base/hiviewdfx/faultloggerd/tools/crasher_c:crasher_config	build-support	bundle-prefix
hiviewdfx	faultloggerd	base/hiviewdfx/faultloggerd	base/hiviewdfx/faultloggerd/tools/crasher_c/BUILD.gn	50	ohos_executable	crasher_c	//base/hiviewdfx/faultloggerd/tools/crasher_c:crasher_c	test	bundle-prefix
hiviewdfx	faultloggerd	base/hiviewdfx/faultloggerd	base/hiviewdfx/faultloggerd/tools/crasher_cpp/BUILD.gn	17	executable	crasher_cpp	//base/hiviewdfx/faultloggerd/tools/crasher_cpp:crasher_cpp	test	bundle-prefix
hiviewdfx	faultloggerd	base/hiviewdfx/faultloggerd	base/hiviewdfx/faultloggerd/tools/crasher_cpp/BUILD.gn	42	config	crasher_config	//base/hiviewdfx/faultloggerd/tools/crasher_cpp:crasher_config	build-support	bundle-prefix
hiviewdfx	faultloggerd	base/hiviewdfx/faultloggerd	base/hiviewdfx/faultloggerd/tools/crasher_cpp/BUILD.gn	65	ohos_executable	crasher_cpp	//base/hiviewdfx/faultloggerd/tools/crasher_cpp:crasher_cpp	test	bundle-prefix
hiviewdfx	faultloggerd	base/hiviewdfx/faultloggerd	base/hiviewdfx/faultloggerd/tools/dump_catcher/BUILD.gn	17	executable	dumpcatcher	//base/hiviewdfx/faultloggerd/tools/dump_catcher:dumpcatcher	production	bundle-prefix
hiviewdfx	faultloggerd	base/hiviewdfx/faultloggerd	base/hiviewdfx/faultloggerd/tools/dump_catcher/BUILD.gn	44	config	dumpcatcher_config	//base/hiviewdfx/faultloggerd/tools/dump_catcher:dumpcatcher_config	build-support	bundle-prefix
hiviewdfx	faultloggerd	base/hiviewdfx/faultloggerd	base/hiviewdfx/faultloggerd/tools/dump_catcher/BUILD.gn	56	ohos_executable	dumpcatcher	//base/hiviewdfx/faultloggerd/tools/dump_catcher:dumpcatcher	production	bundle-prefix
hiviewdfx	faultloggerd	base/hiviewdfx/faultloggerd	base/hiviewdfx/faultloggerd/tools/panic_maker/BUILD.gn	18	group	panic_maker	//base/hiviewdfx/faultloggerd/tools/panic_maker:panic_maker	aggregate-codegen	bundle-prefix
hiviewdfx	faultloggerd	base/hiviewdfx/faultloggerd	base/hiviewdfx/faultloggerd/tools/panic_maker/BUILD.gn	22	ohos_rust_executable	rustpanic_maker	//base/hiviewdfx/faultloggerd/tools/panic_maker:rustpanic_maker	production	bundle-prefix
hiviewdfx	faultloggerd	base/hiviewdfx/faultloggerd	base/hiviewdfx/faultloggerd/tools/panic_maker/BUILD.gn	34	group	panic_maker	//base/hiviewdfx/faultloggerd/tools/panic_maker:panic_maker	aggregate-codegen	bundle-prefix
hiviewdfx	faultloggerd	base/hiviewdfx/faultloggerd	base/hiviewdfx/faultloggerd/tools/process_dump/BUILD.gn	40	config	processdump_config	//base/hiviewdfx/faultloggerd/tools/process_dump:processdump_config	build-support	bundle-prefix
hiviewdfx	faultloggerd	base/hiviewdfx/faultloggerd	base/hiviewdfx/faultloggerd/tools/process_dump/BUILD.gn	72	source_set	process_info_src	//base/hiviewdfx/faultloggerd/tools/process_dump:process_info_src	production	bundle-prefix
hiviewdfx	faultloggerd	base/hiviewdfx/faultloggerd	base/hiviewdfx/faultloggerd/tools/process_dump/BUILD.gn	91	executable	processdump	//base/hiviewdfx/faultloggerd/tools/process_dump:processdump	production	bundle-prefix
hiviewdfx	faultloggerd	base/hiviewdfx/faultloggerd	base/hiviewdfx/faultloggerd/tools/process_dump/BUILD.gn	119	config	processdump_config	//base/hiviewdfx/faultloggerd/tools/process_dump:processdump_config	build-support	bundle-prefix
hiviewdfx	faultloggerd	base/hiviewdfx/faultloggerd	base/hiviewdfx/faultloggerd/tools/process_dump/BUILD.gn	169	ohos_source_set	process_info_src	//base/hiviewdfx/faultloggerd/tools/process_dump:process_info_src	production	bundle-prefix
hiviewdfx	faultloggerd	base/hiviewdfx/faultloggerd	base/hiviewdfx/faultloggerd/tools/process_dump/BUILD.gn	214	ohos_executable	processdump	//base/hiviewdfx/faultloggerd/tools/process_dump:processdump	production	bundle-prefix
hiviewdfx	faultloggerd	base/hiviewdfx/faultloggerd	base/hiviewdfx/faultloggerd/tools/process_dump/minidump_parser/BUILD.gn	17	config	minidump_config	//base/hiviewdfx/faultloggerd/tools/process_dump/minidump_parser:minidump_config	build-support	bundle-prefix
hiviewdfx	faultloggerd	base/hiviewdfx/faultloggerd	base/hiviewdfx/faultloggerd/tools/process_dump/minidump_parser/BUILD.gn	26	ohos_source_set	minidump_parser	//base/hiviewdfx/faultloggerd/tools/process_dump/minidump_parser:minidump_parser	production	bundle-prefix
hiviewdfx	faultloggerd	base/hiviewdfx/faultloggerd	base/hiviewdfx/faultloggerd/tools/process_dump/minidump_parser/BUILD.gn	56	ohos_source_set	minidump_parser_cfi	//base/hiviewdfx/faultloggerd/tools/process_dump/minidump_parser:minidump_parser_cfi	production	bundle-prefix
hiviewdfx	hiappevent	base/hiviewdfx/hiappevent	base/hiviewdfx/hiappevent/frameworks/cj/ffi/BUILD.gn	16	ohos_shared_library	cj_hiappevent_ffi	//base/hiviewdfx/hiappevent/frameworks/cj/ffi:cj_hiappevent_ffi	production	bundle-prefix
hiviewdfx	hiappevent	base/hiviewdfx/hiappevent	base/hiviewdfx/hiappevent/frameworks/ets/ani/BUILD.gn	16	group	ani_hiappevent_package	//base/hiviewdfx/hiappevent/frameworks/ets/ani:ani_hiappevent_package	aggregate-codegen	bundle-prefix
hiviewdfx	hiappevent	base/hiviewdfx/hiappevent	base/hiviewdfx/hiappevent/frameworks/ets/ani/hiappevent/BUILD.gn	17	ohos_shared_library	hiappevent_ani	//base/hiviewdfx/hiappevent/frameworks/ets/ani/hiappevent:hiappevent_ani	production	bundle-prefix
hiviewdfx	hiappevent	base/hiviewdfx/hiappevent	base/hiviewdfx/hiappevent/frameworks/ets/ani/hiappevent/BUILD.gn	48	generate_static_abc	hiappevent	//base/hiviewdfx/hiappevent/frameworks/ets/ani/hiappevent:hiappevent	aggregate-codegen	bundle-prefix
hiviewdfx	hiappevent	base/hiviewdfx/hiappevent	base/hiviewdfx/hiappevent/frameworks/ets/ani/hiappevent/BUILD.gn	55	ohos_prebuilt_etc	hiappevent_etc	//base/hiviewdfx/hiappevent/frameworks/ets/ani/hiappevent:hiappevent_etc	production	bundle-prefix
hiviewdfx	hiappevent	base/hiviewdfx/hiappevent	base/hiviewdfx/hiappevent/frameworks/js/napi/BUILD.gn	16	ohos_shared_library	hiappevent	//base/hiviewdfx/hiappevent/frameworks/js/napi:hiappevent	production	bundle-prefix
hiviewdfx	hiappevent	base/hiviewdfx/hiappevent	base/hiviewdfx/hiappevent/frameworks/js/napi/BUILD.gn	44	ohos_shared_library	hiappevent_v9	//base/hiviewdfx/hiappevent/frameworks/js/napi:hiappevent_v9	production	bundle-prefix
hiviewdfx	hiappevent	base/hiviewdfx/hiappevent	base/hiviewdfx/hiappevent/frameworks/native/libhiappevent/BUILD.gn	17	config	libhiappevent_source_config	//base/hiviewdfx/hiappevent/frameworks/native/libhiappevent:libhiappevent_source_config	build-support	bundle-prefix
hiviewdfx	hiappevent	base/hiviewdfx/hiappevent	base/hiviewdfx/hiappevent/frameworks/native/libhiappevent/BUILD.gn	27	ohos_shared_library	libhiappevent_base	//base/hiviewdfx/hiappevent/frameworks/native/libhiappevent:libhiappevent_base	production	bundle-prefix
hiviewdfx	hiappevent	base/hiviewdfx/hiappevent	base/hiviewdfx/hiappevent/frameworks/native/libhiappevent/cache/BUILD.gn	16	config	hiappevent_cache_config	//base/hiviewdfx/hiappevent/frameworks/native/libhiappevent/cache:hiappevent_cache_config	build-support	bundle-prefix
hiviewdfx	hiappevent	base/hiviewdfx/hiappevent	base/hiviewdfx/hiappevent/frameworks/native/libhiappevent/cache/BUILD.gn	24	ohos_source_set	hiappevent_cache	//base/hiviewdfx/hiappevent/frameworks/native/libhiappevent/cache:hiappevent_cache	production	bundle-prefix
hiviewdfx	hiappevent	base/hiviewdfx/hiappevent	base/hiviewdfx/hiappevent/frameworks/native/libhiappevent/cleaner/BUILD.gn	16	config	hiappevent_cleaner_config	//base/hiviewdfx/hiappevent/frameworks/native/libhiappevent/cleaner:hiappevent_cleaner_config	build-support	bundle-prefix
hiviewdfx	hiappevent	base/hiviewdfx/hiappevent	base/hiviewdfx/hiappevent/frameworks/native/libhiappevent/cleaner/BUILD.gn	21	ohos_source_set	hiappevent_cleaner	//base/hiviewdfx/hiappevent/frameworks/native/libhiappevent/cleaner:hiappevent_cleaner	production	bundle-prefix
hiviewdfx	hiappevent	base/hiviewdfx/hiappevent	base/hiviewdfx/hiappevent/frameworks/native/libhiappevent/observer/BUILD.gn	16	config	hiappevent_watcher_config	//base/hiviewdfx/hiappevent/frameworks/native/libhiappevent/observer:hiappevent_watcher_config	build-support	bundle-prefix
hiviewdfx	hiappevent	base/hiviewdfx/hiappevent	base/hiviewdfx/hiappevent/frameworks/native/libhiappevent/observer/BUILD.gn	26	ohos_source_set	hiappevent_observer	//base/hiviewdfx/hiappevent/frameworks/native/libhiappevent/observer:hiappevent_observer	production	bundle-prefix
hiviewdfx	hiappevent	base/hiviewdfx/hiappevent	base/hiviewdfx/hiappevent/frameworks/native/libhiappevent/policy/BUILD.gn	16	config	hiappevent_policy_config	//base/hiviewdfx/hiappevent/frameworks/native/libhiappevent/policy:hiappevent_policy_config	build-support	bundle-prefix
hiviewdfx	hiappevent	base/hiviewdfx/hiappevent	base/hiviewdfx/hiappevent/frameworks/native/libhiappevent/policy/BUILD.gn	21	ohos_source_set	hiappevent_policy	//base/hiviewdfx/hiappevent/frameworks/native/libhiappevent/policy:hiappevent_policy	production	bundle-prefix
hiviewdfx	hiappevent	base/hiviewdfx/hiappevent	base/hiviewdfx/hiappevent/frameworks/native/libhiappevent/stat/BUILD.gn	16	config	hiappevent_stat_config	//base/hiviewdfx/hiappevent/frameworks/native/libhiappevent/stat:hiappevent_stat_config	build-support	bundle-prefix
hiviewdfx	hiappevent	base/hiviewdfx/hiappevent	base/hiviewdfx/hiappevent/frameworks/native/libhiappevent/stat/BUILD.gn	25	ohos_source_set	hiappevent_stat	//base/hiviewdfx/hiappevent/frameworks/native/libhiappevent/stat:hiappevent_stat	production	bundle-prefix
hiviewdfx	hiappevent	base/hiviewdfx/hiappevent	base/hiviewdfx/hiappevent/frameworks/native/libhiappevent/utility/BUILD.gn	17	config	hiappevent_utility_config	//base/hiviewdfx/hiappevent/frameworks/native/libhiappevent/utility:hiappevent_utility_config	build-support	bundle-prefix
hiviewdfx	hiappevent	base/hiviewdfx/hiappevent	base/hiviewdfx/hiappevent/frameworks/native/libhiappevent/utility/BUILD.gn	27	ohos_source_set	hiappevent_utility	//base/hiviewdfx/hiappevent/frameworks/native/libhiappevent/utility:hiappevent_utility	production	bundle-prefix
hiviewdfx	hiappevent	base/hiviewdfx/hiappevent	base/hiviewdfx/hiappevent/frameworks/native/ndk/BUILD.gn	18	config	hiappevent_ndk_config	//base/hiviewdfx/hiappevent/frameworks/native/ndk:hiappevent_ndk_config	build-support	bundle-prefix
hiviewdfx	hiappevent	base/hiviewdfx/hiappevent	base/hiviewdfx/hiappevent/frameworks/native/ndk/BUILD.gn	23	ohos_shared_library	hiappevent_ndk	//base/hiviewdfx/hiappevent/frameworks/native/ndk:hiappevent_ndk	production	bundle-prefix
hiviewdfx	hiappevent	base/hiviewdfx/hiappevent	base/hiviewdfx/hiappevent/interfaces/native/inner_api/BUILD.gn	15	config	hiappevent_innerapi_config	//base/hiviewdfx/hiappevent/interfaces/native/inner_api:hiappevent_innerapi_config	build-support	bundle-prefix
hiviewdfx	hiappevent	base/hiviewdfx/hiappevent	base/hiviewdfx/hiappevent/interfaces/native/inner_api/BUILD.gn	20	ohos_shared_library	hiappevent_innerapi	//base/hiviewdfx/hiappevent/interfaces/native/inner_api:hiappevent_innerapi	production	bundle-prefix
hiviewdfx	hiappevent	base/hiviewdfx/hiappevent	base/hiviewdfx/hiappevent/test/BUILD.gn	20	config	hiappevent_config_test	//base/hiviewdfx/hiappevent/test:hiappevent_config_test	build-support	bundle-prefix
hiviewdfx	hiappevent	base/hiviewdfx/hiappevent	base/hiviewdfx/hiappevent/test/BUILD.gn	37	ohos_unittest	HiAppEventApiMetricTest	//base/hiviewdfx/hiappevent/test:HiAppEventApiMetricTest	test	bundle-prefix
hiviewdfx	hiappevent	base/hiviewdfx/hiappevent	base/hiviewdfx/hiappevent/test/BUILD.gn	99	ohos_unittest	HiAppEventAppEventTest	//base/hiviewdfx/hiappevent/test:HiAppEventAppEventTest	test	bundle-prefix
hiviewdfx	hiappevent	base/hiviewdfx/hiappevent	base/hiviewdfx/hiappevent/test/BUILD.gn	119	ohos_unittest	HiAppEventCacheTest	//base/hiviewdfx/hiappevent/test:HiAppEventCacheTest	test	bundle-prefix
hiviewdfx	hiappevent	base/hiviewdfx/hiappevent	base/hiviewdfx/hiappevent/test/BUILD.gn	170	ohos_unittest	HiAppEventInnerApiTest	//base/hiviewdfx/hiappevent/test:HiAppEventInnerApiTest	test	bundle-prefix
hiviewdfx	hiappevent	base/hiviewdfx/hiappevent	base/hiviewdfx/hiappevent/test/BUILD.gn	195	ohos_unittest	HiAppEventNativeTest	//base/hiviewdfx/hiappevent/test:HiAppEventNativeTest	test	bundle-prefix
hiviewdfx	hiappevent	base/hiviewdfx/hiappevent	base/hiviewdfx/hiappevent/test/BUILD.gn	222	ohos_unittest	HiAppEventObserverTest	//base/hiviewdfx/hiappevent/test:HiAppEventObserverTest	test	bundle-prefix
hiviewdfx	hiappevent	base/hiviewdfx/hiappevent	base/hiviewdfx/hiappevent/test/BUILD.gn	285	ohos_unittest	HiAppEventPolicyTest	//base/hiviewdfx/hiappevent/test:HiAppEventPolicyTest	test	bundle-prefix
hiviewdfx	hiappevent	base/hiviewdfx/hiappevent	base/hiviewdfx/hiappevent/test/BUILD.gn	324	ohos_unittest	HiAppEventUserInfoTest	//base/hiviewdfx/hiappevent/test:HiAppEventUserInfoTest	test	bundle-prefix
hiviewdfx	hiappevent	base/hiviewdfx/hiappevent	base/hiviewdfx/hiappevent/test/BUILD.gn	336	ohos_unittest	HiAppEventUtilityTest	//base/hiviewdfx/hiappevent/test:HiAppEventUtilityTest	test	bundle-prefix
hiviewdfx	hiappevent	base/hiviewdfx/hiappevent	base/hiviewdfx/hiappevent/test/BUILD.gn	355	ohos_unittest	HiAppEventVerifyTest	//base/hiviewdfx/hiappevent/test:HiAppEventVerifyTest	test	bundle-prefix
hiviewdfx	hiappevent	base/hiviewdfx/hiappevent	base/hiviewdfx/hiappevent/test/BUILD.gn	367	ohos_unittest	HiAppEventWatcherTest	//base/hiviewdfx/hiappevent/test:HiAppEventWatcherTest	test	bundle-prefix
hiviewdfx	hiappevent	base/hiviewdfx/hiappevent	base/hiviewdfx/hiappevent/test/BUILD.gn	381	ohos_unittest	HiAppEventBaseVariantTest	//base/hiviewdfx/hiappevent/test:HiAppEventBaseVariantTest	test	bundle-prefix
hiviewdfx	hiappevent	base/hiviewdfx/hiappevent	base/hiviewdfx/hiappevent/test/BUILD.gn	391	group	unittest	//base/hiviewdfx/hiappevent/test:unittest	test	bundle-prefix
hiviewdfx	hiappevent	base/hiviewdfx/hiappevent	base/hiviewdfx/hiappevent/test/processor/BUILD.gn	15	ohos_shared_library	test_processor	//base/hiviewdfx/hiappevent/test/processor:test_processor	test	bundle-prefix
hiviewdfx	hiappevent	base/hiviewdfx/hiappevent	base/hiviewdfx/hiappevent/test/unittest/common/napi/BUILD.gn	18	ohos_js_unittest	HiAppEventJsTest	//base/hiviewdfx/hiappevent/test/unittest/common/napi:HiAppEventJsTest	test	bundle-prefix
hiviewdfx	hiappevent	base/hiviewdfx/hiappevent	base/hiviewdfx/hiappevent/test/unittest/common/napi/BUILD.gn	25	group	unittest	//base/hiviewdfx/hiappevent/test/unittest/common/napi:unittest	test	bundle-prefix
hiviewdfx	hichecker	base/hiviewdfx/hichecker	base/hiviewdfx/hichecker/frameworks/native/BUILD.gn	16	ohos_source_set	libhichecker_source	//base/hiviewdfx/hichecker/frameworks/native:libhichecker_source	production	bundle-prefix
hiviewdfx	hichecker	base/hiviewdfx/hichecker	base/hiviewdfx/hichecker/interfaces/ets/ani/BUILD.gn	16	group	ani_hichecker_package	//base/hiviewdfx/hichecker/interfaces/ets/ani:ani_hichecker_package	aggregate-codegen	bundle-prefix
hiviewdfx	hichecker	base/hiviewdfx/hichecker	base/hiviewdfx/hichecker/interfaces/ets/ani/hichecker/BUILD.gn	17	ohos_shared_library	hichecker_ani	//base/hiviewdfx/hichecker/interfaces/ets/ani/hichecker:hichecker_ani	production	bundle-prefix
hiviewdfx	hichecker	base/hiviewdfx/hichecker	base/hiviewdfx/hichecker/interfaces/ets/ani/hichecker/BUILD.gn	35	generate_static_abc	hichecker	//base/hiviewdfx/hichecker/interfaces/ets/ani/hichecker:hichecker	aggregate-codegen	bundle-prefix
hiviewdfx	hichecker	base/hiviewdfx/hichecker	base/hiviewdfx/hichecker/interfaces/ets/ani/hichecker/BUILD.gn	42	ohos_prebuilt_etc	hichecker_etc	//base/hiviewdfx/hichecker/interfaces/ets/ani/hichecker:hichecker_etc	production	bundle-prefix
hiviewdfx	hichecker	base/hiviewdfx/hichecker	base/hiviewdfx/hichecker/interfaces/js/kits/napi/BUILD.gn	17	config	hichecker_js_source_config	//base/hiviewdfx/hichecker/interfaces/js/kits/napi:hichecker_js_source_config	build-support	bundle-prefix
hiviewdfx	hichecker	base/hiviewdfx/hichecker	base/hiviewdfx/hichecker/interfaces/js/kits/napi/BUILD.gn	23	ohos_shared_library	hichecker	//base/hiviewdfx/hichecker/interfaces/js/kits/napi:hichecker	production	bundle-prefix
hiviewdfx	hichecker	base/hiviewdfx/hichecker	base/hiviewdfx/hichecker/interfaces/js/kits/napi/js_leak_watcher/BUILD.gn	22	es2abc_gen_abc	gen_js_leak_watcher_abc	//base/hiviewdfx/hichecker/interfaces/js/kits/napi/js_leak_watcher:gen_js_leak_watcher_abc	production	bundle-prefix
hiviewdfx	hichecker	base/hiviewdfx/hichecker	base/hiviewdfx/hichecker/interfaces/js/kits/napi/js_leak_watcher/BUILD.gn	30	gen_js_obj	js_leak_watcher_js	//base/hiviewdfx/hichecker/interfaces/js/kits/napi/js_leak_watcher:js_leak_watcher_js	aggregate-codegen	bundle-prefix
hiviewdfx	hichecker	base/hiviewdfx/hichecker	base/hiviewdfx/hichecker/interfaces/js/kits/napi/js_leak_watcher/BUILD.gn	35	gen_js_obj	js_leak_watcher_abc	//base/hiviewdfx/hichecker/interfaces/js/kits/napi/js_leak_watcher:js_leak_watcher_abc	aggregate-codegen	bundle-prefix
hiviewdfx	hichecker	base/hiviewdfx/hichecker	base/hiviewdfx/hichecker/interfaces/js/kits/napi/js_leak_watcher/BUILD.gn	43	ohos_shared_library	jsleakwatcher	//base/hiviewdfx/hichecker/interfaces/js/kits/napi/js_leak_watcher:jsleakwatcher	production	bundle-prefix
hiviewdfx	hichecker	base/hiviewdfx/hichecker	base/hiviewdfx/hichecker/interfaces/js/kits/napi/js_leak_watcher/BUILD.gn	63	ohos_shared_library	jsleakwatchernative	//base/hiviewdfx/hichecker/interfaces/js/kits/napi/js_leak_watcher:jsleakwatchernative	production	bundle-prefix
hiviewdfx	hichecker	base/hiviewdfx/hichecker	base/hiviewdfx/hichecker/interfaces/native/innerkits/BUILD.gn	17	config	hichecker_native_config	//base/hiviewdfx/hichecker/interfaces/native/innerkits:hichecker_native_config	build-support	bundle-prefix
hiviewdfx	hichecker	base/hiviewdfx/hichecker	base/hiviewdfx/hichecker/interfaces/native/innerkits/BUILD.gn	23	ohos_prebuilt_etc	hichecker.para	//base/hiviewdfx/hichecker/interfaces/native/innerkits:hichecker.para	production	bundle-prefix
hiviewdfx	hichecker	base/hiviewdfx/hichecker	base/hiviewdfx/hichecker/interfaces/native/innerkits/BUILD.gn	34	ohos_prebuilt_etc	hichecker.para.dac	//base/hiviewdfx/hichecker/interfaces/native/innerkits:hichecker.para.dac	production	bundle-prefix
hiviewdfx	hichecker	base/hiviewdfx/hichecker	base/hiviewdfx/hichecker/interfaces/native/innerkits/BUILD.gn	45	group	hichecker_etc	//base/hiviewdfx/hichecker/interfaces/native/innerkits:hichecker_etc	aggregate-codegen	bundle-prefix
hiviewdfx	hichecker	base/hiviewdfx/hichecker	base/hiviewdfx/hichecker/interfaces/native/innerkits/BUILD.gn	52	ohos_shared_library	libhichecker	//base/hiviewdfx/hichecker/interfaces/native/innerkits:libhichecker	production	bundle-prefix
hiviewdfx	hichecker	base/hiviewdfx/hichecker	base/hiviewdfx/hichecker/test/BUILD.gn	18	config	hichecker_config_test	//base/hiviewdfx/hichecker/test:hichecker_config_test	build-support	bundle-prefix
hiviewdfx	hichecker	base/hiviewdfx/hichecker	base/hiviewdfx/hichecker/test/BUILD.gn	27	ohos_unittest	HiCheckerNativeTest	//base/hiviewdfx/hichecker/test:HiCheckerNativeTest	test	bundle-prefix
hiviewdfx	hichecker	base/hiviewdfx/hichecker	base/hiviewdfx/hichecker/test/BUILD.gn	37	config	js_leak_watcher_config_test	//base/hiviewdfx/hichecker/test:js_leak_watcher_config_test	build-support	bundle-prefix
hiviewdfx	hichecker	base/hiviewdfx/hichecker	base/hiviewdfx/hichecker/test/BUILD.gn	49	ohos_unittest	JsLeakWatcherNapiTest	//base/hiviewdfx/hichecker/test:JsLeakWatcherNapiTest	test	bundle-prefix
hiviewdfx	hichecker	base/hiviewdfx/hichecker	base/hiviewdfx/hichecker/test/BUILD.gn	78	ohos_unittest	JsLeakWatcherTsTest	//base/hiviewdfx/hichecker/test:JsLeakWatcherTsTest	test	bundle-prefix
hiviewdfx	hichecker	base/hiviewdfx/hichecker	base/hiviewdfx/hichecker/test/BUILD.gn	106	group	unittest	//base/hiviewdfx/hichecker/test:unittest	test	bundle-prefix
hiviewdfx	hichecker	base/hiviewdfx/hichecker	base/hiviewdfx/hichecker/test/BUILD.gn	119	ohos_fuzztest	HicheckerFuzzTest	//base/hiviewdfx/hichecker/test:HicheckerFuzzTest	test	bundle-prefix
hiviewdfx	hichecker	base/hiviewdfx/hichecker	base/hiviewdfx/hichecker/test/BUILD.gn	130	group	hichecker_fuzztest	//base/hiviewdfx/hichecker/test:hichecker_fuzztest	test	bundle-prefix
hiviewdfx	hicollie	base/hiviewdfx/hicollie	base/hiviewdfx/hicollie/frameworks/app/BUILD.gn	16	config	app_hicollie_include	//base/hiviewdfx/hicollie/frameworks/app:app_hicollie_include	build-support	bundle-prefix
hiviewdfx	hicollie	base/hiviewdfx/hicollie	base/hiviewdfx/hicollie/frameworks/app/BUILD.gn	27	ohos_source_set	libapp_hicollie_source	//base/hiviewdfx/hicollie/frameworks/app:libapp_hicollie_source	production	bundle-prefix
hiviewdfx	hicollie	base/hiviewdfx/hicollie	base/hiviewdfx/hicollie/frameworks/app/test/unittest/BUILD.gn	21	config	module_private_config	//base/hiviewdfx/hicollie/frameworks/app/test/unittest:module_private_config	build-support	bundle-prefix
hiviewdfx	hicollie	base/hiviewdfx/hicollie	base/hiviewdfx/hicollie/frameworks/app/test/unittest/BUILD.gn	31	ohos_unittest	AppWatchdogInnerTest	//base/hiviewdfx/hicollie/frameworks/app/test/unittest:AppWatchdogInnerTest	test	bundle-prefix
hiviewdfx	hicollie	base/hiviewdfx/hicollie	base/hiviewdfx/hicollie/frameworks/app/test/unittest/BUILD.gn	50	ohos_unittest	AppWatchdogTest	//base/hiviewdfx/hicollie/frameworks/app/test/unittest:AppWatchdogTest	test	bundle-prefix
hiviewdfx	hicollie	base/hiviewdfx/hicollie	base/hiviewdfx/hicollie/frameworks/app/test/unittest/BUILD.gn	68	ohos_unittest	AppWatchdogUtilsTest	//base/hiviewdfx/hicollie/frameworks/app/test/unittest:AppWatchdogUtilsTest	test	bundle-prefix
hiviewdfx	hicollie	base/hiviewdfx/hicollie	base/hiviewdfx/hicollie/frameworks/app/test/unittest/BUILD.gn	88	group	unittest	//base/hiviewdfx/hicollie/frameworks/app/test/unittest:unittest	test	bundle-prefix
hiviewdfx	hicollie	base/hiviewdfx/hicollie	base/hiviewdfx/hicollie/frameworks/native/BUILD.gn	16	config	hicollie_include	//base/hiviewdfx/hicollie/frameworks/native:hicollie_include	build-support	bundle-prefix
hiviewdfx	hicollie	base/hiviewdfx/hicollie	base/hiviewdfx/hicollie/frameworks/native/BUILD.gn	27	ohos_source_set	libhicollie_source	//base/hiviewdfx/hicollie/frameworks/native:libhicollie_source	production	bundle-prefix
hiviewdfx	hicollie	base/hiviewdfx/hicollie	base/hiviewdfx/hicollie/frameworks/native/BUILD.gn	106	group	libhicollie	//base/hiviewdfx/hicollie/frameworks/native:libhicollie	aggregate-codegen	bundle-prefix
hiviewdfx	hicollie	base/hiviewdfx/hicollie	base/hiviewdfx/hicollie/frameworks/native/test/BUILD.gn	19	group	moduletest	//base/hiviewdfx/hicollie/frameworks/native/test:moduletest	test	bundle-prefix
hiviewdfx	hicollie	base/hiviewdfx/hicollie	base/hiviewdfx/hicollie/frameworks/native/test/moduletest/common/BUILD.gn	20	config	module_private_config	//base/hiviewdfx/hicollie/frameworks/native/test/moduletest/common:module_private_config	build-support	bundle-prefix
hiviewdfx	hicollie	base/hiviewdfx/hicollie	base/hiviewdfx/hicollie/frameworks/native/test/moduletest/common/BUILD.gn	34	ohos_moduletest	XCollieTimeoutModuleTest	//base/hiviewdfx/hicollie/frameworks/native/test/moduletest/common:XCollieTimeoutModuleTest	test	bundle-prefix
hiviewdfx	hicollie	base/hiviewdfx/hicollie	base/hiviewdfx/hicollie/frameworks/native/test/moduletest/common/BUILD.gn	60	group	moduletest	//base/hiviewdfx/hicollie/frameworks/native/test/moduletest/common:moduletest	test	bundle-prefix
hiviewdfx	hicollie	base/hiviewdfx/hicollie	base/hiviewdfx/hicollie/frameworks/native/test/unittest/common/BUILD.gn	21	config	module_private_config	//base/hiviewdfx/hicollie/frameworks/native/test/unittest/common:module_private_config	build-support	bundle-prefix
hiviewdfx	hicollie	base/hiviewdfx/hicollie	base/hiviewdfx/hicollie/frameworks/native/test/unittest/common/BUILD.gn	33	ohos_unittest	XCollieUnitTest	//base/hiviewdfx/hicollie/frameworks/native/test/unittest/common:XCollieUnitTest	test	bundle-prefix
hiviewdfx	hicollie	base/hiviewdfx/hicollie	base/hiviewdfx/hicollie/frameworks/native/test/unittest/common/BUILD.gn	54	ohos_unittest	IpcFullUnitTest	//base/hiviewdfx/hicollie/frameworks/native/test/unittest/common:IpcFullUnitTest	test	bundle-prefix
hiviewdfx	hicollie	base/hiviewdfx/hicollie	base/hiviewdfx/hicollie/frameworks/native/test/unittest/common/BUILD.gn	77	ohos_unittest	WatchdogUnitTest	//base/hiviewdfx/hicollie/frameworks/native/test/unittest/common:WatchdogUnitTest	test	bundle-prefix
hiviewdfx	hicollie	base/hiviewdfx/hicollie	base/hiviewdfx/hicollie/frameworks/native/test/unittest/common/BUILD.gn	104	ohos_unittest	WatchdogInnerUnitTest	//base/hiviewdfx/hicollie/frameworks/native/test/unittest/common:WatchdogInnerUnitTest	test	bundle-prefix
hiviewdfx	hicollie	base/hiviewdfx/hicollie	base/hiviewdfx/hicollie/frameworks/native/test/unittest/common/BUILD.gn	139	ohos_unittest	WatchdogInnerTaskTest	//base/hiviewdfx/hicollie/frameworks/native/test/unittest/common:WatchdogInnerTaskTest	test	bundle-prefix
hiviewdfx	hicollie	base/hiviewdfx/hicollie	base/hiviewdfx/hicollie/frameworks/native/test/unittest/common/BUILD.gn	174	ohos_unittest	HandlerCheckerTest	//base/hiviewdfx/hicollie/frameworks/native/test/unittest/common:HandlerCheckerTest	test	bundle-prefix
hiviewdfx	hicollie	base/hiviewdfx/hicollie	base/hiviewdfx/hicollie/frameworks/native/test/unittest/common/BUILD.gn	200	ohos_unittest	WatchdogTaskTest	//base/hiviewdfx/hicollie/frameworks/native/test/unittest/common:WatchdogTaskTest	test	bundle-prefix
hiviewdfx	hicollie	base/hiviewdfx/hicollie	base/hiviewdfx/hicollie/frameworks/native/test/unittest/common/BUILD.gn	232	ohos_unittest	ThreadSamplerTest	//base/hiviewdfx/hicollie/frameworks/native/test/unittest/common:ThreadSamplerTest	test	bundle-prefix
hiviewdfx	hicollie	base/hiviewdfx/hicollie	base/hiviewdfx/hicollie/frameworks/native/test/unittest/common/BUILD.gn	258	ohos_unittest	XCollieFfrtTaskTest	//base/hiviewdfx/hicollie/frameworks/native/test/unittest/common:XCollieFfrtTaskTest	test	bundle-prefix
hiviewdfx	hicollie	base/hiviewdfx/hicollie	base/hiviewdfx/hicollie/frameworks/native/test/unittest/common/BUILD.gn	283	ohos_unittest	XcollieMgrTest	//base/hiviewdfx/hicollie/frameworks/native/test/unittest/common:XcollieMgrTest	test	bundle-prefix
hiviewdfx	hicollie	base/hiviewdfx/hicollie	base/hiviewdfx/hicollie/frameworks/native/test/unittest/common/BUILD.gn	300	group	unittest	//base/hiviewdfx/hicollie/frameworks/native/test/unittest/common:unittest	test	bundle-prefix
hiviewdfx	hicollie	base/hiviewdfx/hicollie	base/hiviewdfx/hicollie/frameworks/native/thread_sampler/BUILD.gn	17	config	thread_sampler_config	//base/hiviewdfx/hicollie/frameworks/native/thread_sampler:thread_sampler_config	build-support	bundle-prefix
hiviewdfx	hicollie	base/hiviewdfx/hicollie	base/hiviewdfx/hicollie/frameworks/native/thread_sampler/BUILD.gn	23	ohos_shared_library	libthread_sampler	//base/hiviewdfx/hicollie/frameworks/native/thread_sampler:libthread_sampler	production	bundle-prefix
hiviewdfx	hicollie	base/hiviewdfx/hicollie	base/hiviewdfx/hicollie/frameworks/native/thread_sampler/BUILD.gn	64	ohos_static_library	libthread_sampler_static	//base/hiviewdfx/hicollie/frameworks/native/thread_sampler:libthread_sampler_static	production	bundle-prefix
hiviewdfx	hicollie	base/hiviewdfx/hicollie	base/hiviewdfx/hicollie/interfaces/app/BUILD.gn	16	config	libapp_hicollie_pub_config	//base/hiviewdfx/hicollie/interfaces/app:libapp_hicollie_pub_config	build-support	bundle-prefix
hiviewdfx	hicollie	base/hiviewdfx/hicollie	base/hiviewdfx/hicollie/interfaces/app/BUILD.gn	21	ohos_shared_library	libapp_hicollie	//base/hiviewdfx/hicollie/interfaces/app:libapp_hicollie	production	bundle-prefix
hiviewdfx	hicollie	base/hiviewdfx/hicollie	base/hiviewdfx/hicollie/interfaces/native/innerkits/BUILD.gn	17	config	libhicollie_pub_config	//base/hiviewdfx/hicollie/interfaces/native/innerkits:libhicollie_pub_config	build-support	bundle-prefix
hiviewdfx	hicollie	base/hiviewdfx/hicollie	base/hiviewdfx/hicollie/interfaces/native/innerkits/BUILD.gn	29	ohos_shared_library	libhicollie	//base/hiviewdfx/hicollie/interfaces/native/innerkits:libhicollie	production	bundle-prefix
hiviewdfx	hicollie	base/hiviewdfx/hicollie	base/hiviewdfx/hicollie/interfaces/ndk/BUILD.gn	17	ohos_shared_library	ohhicollie	//base/hiviewdfx/hicollie/interfaces/ndk:ohhicollie	production	bundle-prefix
hiviewdfx	hicollie	base/hiviewdfx/hicollie	base/hiviewdfx/hicollie/interfaces/ndk/test/unittest/BUILD.gn	17	ohos_unittest	hicollie_test	//base/hiviewdfx/hicollie/interfaces/ndk/test/unittest:hicollie_test	test	bundle-prefix
hiviewdfx	hicollie	base/hiviewdfx/hicollie	base/hiviewdfx/hicollie/interfaces/ndk/test/unittest/BUILD.gn	36	group	unittest	//base/hiviewdfx/hicollie/interfaces/ndk/test/unittest:unittest	test	bundle-prefix
hiviewdfx	hicollie	base/hiviewdfx/hicollie	base/hiviewdfx/hicollie/interfaces/rust/BUILD.gn	16	ohos_rust_shared_library	hicollie_rust	//base/hiviewdfx/hicollie/interfaces/rust:hicollie_rust	production	bundle-prefix
hiviewdfx	hidumper	base/hiviewdfx/hidumper	base/hiviewdfx/hidumper/BUILD.gn	17	group	bin	//base/hiviewdfx/hidumper:bin	aggregate-codegen	bundle-prefix
hiviewdfx	hidumper	base/hiviewdfx/hidumper	base/hiviewdfx/hidumper/BUILD.gn	20	group	service	//base/hiviewdfx/hidumper:service	aggregate-codegen	bundle-prefix
hiviewdfx	hidumper	base/hiviewdfx/hidumper	base/hiviewdfx/hidumper/frameworks/native/BUILD.gn	16	config	hidumper_include	//base/hiviewdfx/hidumper/frameworks/native:hidumper_include	build-support	bundle-prefix
hiviewdfx	hidumper	base/hiviewdfx/hidumper	base/hiviewdfx/hidumper/frameworks/native/BUILD.gn	28	ohos_source_set	dump_main	//base/hiviewdfx/hidumper/frameworks/native:dump_main	production	bundle-prefix
hiviewdfx	hidumper	base/hiviewdfx/hidumper	base/hiviewdfx/hidumper/frameworks/native/BUILD.gn	168	ohos_source_set	dump_framework	//base/hiviewdfx/hidumper/frameworks/native:dump_framework	production	bundle-prefix
hiviewdfx	hidumper	base/hiviewdfx/hidumper	base/hiviewdfx/hidumper/frameworks/native/BUILD.gn	221	ohos_source_set	hidumperclient_source	//base/hiviewdfx/hidumper/frameworks/native:hidumperclient_source	production	bundle-prefix
hiviewdfx	hidumper	base/hiviewdfx/hidumper	base/hiviewdfx/hidumper/frameworks/native/BUILD.gn	253	ohos_shared_library	hidumperclient	//base/hiviewdfx/hidumper/frameworks/native:hidumperclient	production	bundle-prefix
hiviewdfx	hidumper	base/hiviewdfx/hidumper	base/hiviewdfx/hidumper/frameworks/native/BUILD.gn	262	ohos_executable	hidumper	//base/hiviewdfx/hidumper/frameworks/native:hidumper	production	bundle-prefix
hiviewdfx	hidumper	base/hiviewdfx/hidumper	base/hiviewdfx/hidumper/interfaces/innerkits/BUILD.gn	16	config	dump_usage_config	//base/hiviewdfx/hidumper/interfaces/innerkits:dump_usage_config	build-support	bundle-prefix
hiviewdfx	hidumper	base/hiviewdfx/hidumper	base/hiviewdfx/hidumper/interfaces/innerkits/BUILD.gn	28	ohos_shared_library	lib_dump_usage	//base/hiviewdfx/hidumper/interfaces/innerkits:lib_dump_usage	production	bundle-prefix
hiviewdfx	hidumper	base/hiviewdfx/hidumper	base/hiviewdfx/hidumper/plugins/BUILD.gn	16	config	dumper_plugin_config	//base/hiviewdfx/hidumper/plugins:dumper_plugin_config	build-support	bundle-prefix
hiviewdfx	hidumper	base/hiviewdfx/hidumper	base/hiviewdfx/hidumper/plugins/BUILD.gn	22	ohos_shared_library	hidumper_plugin	//base/hiviewdfx/hidumper/plugins:hidumper_plugin	production	bundle-prefix
hiviewdfx	hidumper	base/hiviewdfx/hidumper	base/hiviewdfx/hidumper/sa_profile/BUILD.gn	18	ohos_sa_profile	hidumper_service_sa_profile	//base/hiviewdfx/hidumper/sa_profile:hidumper_service_sa_profile	production	bundle-prefix
hiviewdfx	hidumper	base/hiviewdfx/hidumper	base/hiviewdfx/hidumper/services/BUILD.gn	17	config	interface_include	//base/hiviewdfx/hidumper/services:interface_include	build-support	bundle-prefix
hiviewdfx	hidumper	base/hiviewdfx/hidumper	base/hiviewdfx/hidumper/services/BUILD.gn	25	config	service_config	//base/hiviewdfx/hidumper/services:service_config	build-support	bundle-prefix
hiviewdfx	hidumper	base/hiviewdfx/hidumper	base/hiviewdfx/hidumper/services/BUILD.gn	29	config	zidl_config	//base/hiviewdfx/hidumper/services:zidl_config	build-support	bundle-prefix
hiviewdfx	hidumper	base/hiviewdfx/hidumper	base/hiviewdfx/hidumper/services/BUILD.gn	33	config	zidl_cpu_config	//base/hiviewdfx/hidumper/services:zidl_cpu_config	build-support	bundle-prefix
hiviewdfx	hidumper	base/hiviewdfx/hidumper	base/hiviewdfx/hidumper/services/BUILD.gn	40	config	hidumper_plugin_config	//base/hiviewdfx/hidumper/services:hidumper_plugin_config	build-support	bundle-prefix
hiviewdfx	hidumper	base/hiviewdfx/hidumper	base/hiviewdfx/hidumper/services/BUILD.gn	44	config	dump_cpu_config	//base/hiviewdfx/hidumper/services:dump_cpu_config	build-support	bundle-prefix
hiviewdfx	hidumper	base/hiviewdfx/hidumper	base/hiviewdfx/hidumper/services/BUILD.gn	58	config	hidumpercpuservice_gen_config	//base/hiviewdfx/hidumper/services:hidumpercpuservice_gen_config	build-support	bundle-prefix
hiviewdfx	hidumper	base/hiviewdfx/hidumper	base/hiviewdfx/hidumper/services/BUILD.gn	62	idl_gen_interface	hidumpercpuservice_interface	//base/hiviewdfx/hidumper/services:hidumpercpuservice_interface	production	bundle-prefix
hiviewdfx	hidumper	base/hiviewdfx/hidumper	base/hiviewdfx/hidumper/services/BUILD.gn	70	ohos_source_set	zidl_client	//base/hiviewdfx/hidumper/services:zidl_client	production	bundle-prefix
hiviewdfx	hidumper	base/hiviewdfx/hidumper	base/hiviewdfx/hidumper/services/BUILD.gn	100	ohos_source_set	zidl_service	//base/hiviewdfx/hidumper/services:zidl_service	production	bundle-prefix
hiviewdfx	hidumper	base/hiviewdfx/hidumper	base/hiviewdfx/hidumper/services/BUILD.gn	124	ohos_source_set	zidl_cpu_service	//base/hiviewdfx/hidumper/services:zidl_cpu_service	production	bundle-prefix
hiviewdfx	hidumper	base/hiviewdfx/hidumper	base/hiviewdfx/hidumper/services/BUILD.gn	153	ohos_shared_library	hidumper_client	//base/hiviewdfx/hidumper/services:hidumper_client	production	bundle-prefix
hiviewdfx	hidumper	base/hiviewdfx/hidumper	base/hiviewdfx/hidumper/services/BUILD.gn	187	ohos_source_set	hidumperservice_source	//base/hiviewdfx/hidumper/services:hidumperservice_source	production	bundle-prefix
hiviewdfx	hidumper	base/hiviewdfx/hidumper	base/hiviewdfx/hidumper/services/BUILD.gn	236	ohos_shared_library	hidumperservice_cpu_source	//base/hiviewdfx/hidumper/services:hidumperservice_cpu_source	production	bundle-prefix
hiviewdfx	hidumper	base/hiviewdfx/hidumper	base/hiviewdfx/hidumper/services/BUILD.gn	290	ohos_source_set	hidumperservice_cpu_source_test	//base/hiviewdfx/hidumper/services:hidumperservice_cpu_source_test	test	bundle-prefix
hiviewdfx	hidumper	base/hiviewdfx/hidumper	base/hiviewdfx/hidumper/services/BUILD.gn	329	ohos_shared_library	hidumperservice	//base/hiviewdfx/hidumper/services:hidumperservice	production	bundle-prefix
hiviewdfx	hidumper	base/hiviewdfx/hidumper	base/hiviewdfx/hidumper/services/BUILD.gn	340	ohos_source_set	hidumpermemory_source	//base/hiviewdfx/hidumper/services:hidumpermemory_source	production	bundle-prefix
hiviewdfx	hidumper	base/hiviewdfx/hidumper	base/hiviewdfx/hidumper/services/BUILD.gn	413	ohos_shared_library	hidumpermemory	//base/hiviewdfx/hidumper/services:hidumpermemory	production	bundle-prefix
hiviewdfx	hidumper	base/hiviewdfx/hidumper	base/hiviewdfx/hidumper/services/BUILD.gn	423	ohos_shared_library	hidumpercpuservice	//base/hiviewdfx/hidumper/services:hidumpercpuservice	production	bundle-prefix
hiviewdfx	hidumper	base/hiviewdfx/hidumper	base/hiviewdfx/hidumper/services/BUILD.gn	436	ohos_prebuilt_etc	hidumper_service.rc	//base/hiviewdfx/hidumper/services:hidumper_service.rc	production	bundle-prefix
hiviewdfx	hidumper	base/hiviewdfx/hidumper	base/hiviewdfx/hidumper/services/BUILD.gn	446	ohos_prebuilt_etc	infos_config	//base/hiviewdfx/hidumper/services:infos_config	production	bundle-prefix
hiviewdfx	hidumper	base/hiviewdfx/hidumper	base/hiviewdfx/hidumper/services/BUILD.gn	456	ohos_prebuilt_etc	task_enable_config	//base/hiviewdfx/hidumper/services:task_enable_config	production	bundle-prefix
hiviewdfx	hidumper	base/hiviewdfx/hidumper	base/hiviewdfx/hidumper/services/BUILD.gn	466	ohos_prebuilt_etc	event_reason_config	//base/hiviewdfx/hidumper/services:event_reason_config	production	bundle-prefix
hiviewdfx	hidumper	base/hiviewdfx/hidumper	base/hiviewdfx/hidumper/test/BUILD.gn	15	group	unittest	//base/hiviewdfx/hidumper/test:unittest	test	bundle-prefix
hiviewdfx	hidumper	base/hiviewdfx/hidumper	base/hiviewdfx/hidumper/test/BUILD.gn	22	group	fuzztest	//base/hiviewdfx/hidumper/test:fuzztest	test	bundle-prefix
hiviewdfx	hidumper	base/hiviewdfx/hidumper	base/hiviewdfx/hidumper/test/fuzztest/client_fuzzer/BUILD.gn	20	ohos_fuzztest	ClientFuzzTest	//base/hiviewdfx/hidumper/test/fuzztest/client_fuzzer:ClientFuzzTest	test	bundle-prefix
hiviewdfx	hidumper	base/hiviewdfx/hidumper	base/hiviewdfx/hidumper/test/fuzztest/client_fuzzer/BUILD.gn	48	group	fuzztest	//base/hiviewdfx/hidumper/test/fuzztest/client_fuzzer:fuzztest	test	bundle-prefix
hiviewdfx	hidumper	base/hiviewdfx/hidumper	base/hiviewdfx/hidumper/test/fuzztest/cpudump_fuzzer/BUILD.gn	18	ohos_fuzztest	CpuDumpFuzzTest	//base/hiviewdfx/hidumper/test/fuzztest/cpudump_fuzzer:CpuDumpFuzzTest	test	bundle-prefix
hiviewdfx	hidumper	base/hiviewdfx/hidumper	base/hiviewdfx/hidumper/test/fuzztest/cpudump_fuzzer/BUILD.gn	31	group	fuzztest	//base/hiviewdfx/hidumper/test/fuzztest/cpudump_fuzzer:fuzztest	test	bundle-prefix
hiviewdfx	hidumper	base/hiviewdfx/hidumper	base/hiviewdfx/hidumper/test/fuzztest/dumpusage_fuzzer/BUILD.gn	20	ohos_fuzztest	DumpUsageFuzzTest	//base/hiviewdfx/hidumper/test/fuzztest/dumpusage_fuzzer:DumpUsageFuzzTest	test	bundle-prefix
hiviewdfx	hidumper	base/hiviewdfx/hidumper	base/hiviewdfx/hidumper/test/fuzztest/dumpusage_fuzzer/BUILD.gn	36	group	fuzztest	//base/hiviewdfx/hidumper/test/fuzztest/dumpusage_fuzzer:fuzztest	test	bundle-prefix
hiviewdfx	hidumper	base/hiviewdfx/hidumper	base/hiviewdfx/hidumper/test/fuzztest/helpdump_fuzzer/BUILD.gn	18	ohos_fuzztest	HelpDumpFuzzTest	//base/hiviewdfx/hidumper/test/fuzztest/helpdump_fuzzer:HelpDumpFuzzTest	test	bundle-prefix
hiviewdfx	hidumper	base/hiviewdfx/hidumper	base/hiviewdfx/hidumper/test/fuzztest/helpdump_fuzzer/BUILD.gn	31	group	fuzztest	//base/hiviewdfx/hidumper/test/fuzztest/helpdump_fuzzer:fuzztest	test	bundle-prefix
hiviewdfx	hidumper	base/hiviewdfx/hidumper	base/hiviewdfx/hidumper/test/fuzztest/ipcdump_fuzzer/BUILD.gn	18	ohos_fuzztest	IpcDumpFuzzTest	//base/hiviewdfx/hidumper/test/fuzztest/ipcdump_fuzzer:IpcDumpFuzzTest	test	bundle-prefix
hiviewdfx	hidumper	base/hiviewdfx/hidumper	base/hiviewdfx/hidumper/test/fuzztest/ipcdump_fuzzer/BUILD.gn	31	group	fuzztest	//base/hiviewdfx/hidumper/test/fuzztest/ipcdump_fuzzer:fuzztest	test	bundle-prefix
hiviewdfx	hidumper	base/hiviewdfx/hidumper	base/hiviewdfx/hidumper/test/fuzztest/memdump_fuzzer/BUILD.gn	18	ohos_fuzztest	MemDumpFuzzTest	//base/hiviewdfx/hidumper/test/fuzztest/memdump_fuzzer:MemDumpFuzzTest	test	bundle-prefix
hiviewdfx	hidumper	base/hiviewdfx/hidumper	base/hiviewdfx/hidumper/test/fuzztest/memdump_fuzzer/BUILD.gn	31	group	fuzztest	//base/hiviewdfx/hidumper/test/fuzztest/memdump_fuzzer:fuzztest	test	bundle-prefix
hiviewdfx	hidumper	base/hiviewdfx/hidumper	base/hiviewdfx/hidumper/test/fuzztest/memjsheapdump_fuzzer/BUILD.gn	18	ohos_fuzztest	MemJsheapDumpFuzzTest	//base/hiviewdfx/hidumper/test/fuzztest/memjsheapdump_fuzzer:MemJsheapDumpFuzzTest	test	bundle-prefix
hiviewdfx	hidumper	base/hiviewdfx/hidumper	base/hiviewdfx/hidumper/test/fuzztest/memjsheapdump_fuzzer/BUILD.gn	31	group	fuzztest	//base/hiviewdfx/hidumper/test/fuzztest/memjsheapdump_fuzzer:fuzztest	test	bundle-prefix
hiviewdfx	hidumper	base/hiviewdfx/hidumper	base/hiviewdfx/hidumper/test/fuzztest/memsmapsdump_fuzzer/BUILD.gn	18	ohos_fuzztest	MemSmapsDumpFuzzTest	//base/hiviewdfx/hidumper/test/fuzztest/memsmapsdump_fuzzer:MemSmapsDumpFuzzTest	test	bundle-prefix
hiviewdfx	hidumper	base/hiviewdfx/hidumper	base/hiviewdfx/hidumper/test/fuzztest/memsmapsdump_fuzzer/BUILD.gn	31	group	fuzztest	//base/hiviewdfx/hidumper/test/fuzztest/memsmapsdump_fuzzer:fuzztest	test	bundle-prefix
hiviewdfx	hidumper	base/hiviewdfx/hidumper	base/hiviewdfx/hidumper/test/fuzztest/netdump_fuzzer/BUILD.gn	18	ohos_fuzztest	NetDumpFuzzTest	//base/hiviewdfx/hidumper/test/fuzztest/netdump_fuzzer:NetDumpFuzzTest	test	bundle-prefix
hiviewdfx	hidumper	base/hiviewdfx/hidumper	base/hiviewdfx/hidumper/test/fuzztest/netdump_fuzzer/BUILD.gn	31	group	fuzztest	//base/hiviewdfx/hidumper/test/fuzztest/netdump_fuzzer:fuzztest	test	bundle-prefix
hiviewdfx	hidumper	base/hiviewdfx/hidumper	base/hiviewdfx/hidumper/test/fuzztest/processdump_fuzzer/BUILD.gn	18	ohos_fuzztest	ProcessDumpFuzzTest	//base/hiviewdfx/hidumper/test/fuzztest/processdump_fuzzer:ProcessDumpFuzzTest	test	bundle-prefix
hiviewdfx	hidumper	base/hiviewdfx/hidumper	base/hiviewdfx/hidumper/test/fuzztest/processdump_fuzzer/BUILD.gn	31	group	fuzztest	//base/hiviewdfx/hidumper/test/fuzztest/processdump_fuzzer:fuzztest	test	bundle-prefix
hiviewdfx	hidumper	base/hiviewdfx/hidumper	base/hiviewdfx/hidumper/test/fuzztest/sadump_fuzzer/BUILD.gn	18	ohos_fuzztest	SADumpFuzzTest	//base/hiviewdfx/hidumper/test/fuzztest/sadump_fuzzer:SADumpFuzzTest	test	bundle-prefix
hiviewdfx	hidumper	base/hiviewdfx/hidumper	base/hiviewdfx/hidumper/test/fuzztest/sadump_fuzzer/BUILD.gn	31	group	fuzztest	//base/hiviewdfx/hidumper/test/fuzztest/sadump_fuzzer:fuzztest	test	bundle-prefix
hiviewdfx	hidumper	base/hiviewdfx/hidumper	base/hiviewdfx/hidumper/test/fuzztest/storagedump_fuzzer/BUILD.gn	18	ohos_fuzztest	StorageDumpFuzzTest	//base/hiviewdfx/hidumper/test/fuzztest/storagedump_fuzzer:StorageDumpFuzzTest	test	bundle-prefix
hiviewdfx	hidumper	base/hiviewdfx/hidumper	base/hiviewdfx/hidumper/test/fuzztest/storagedump_fuzzer/BUILD.gn	31	group	fuzztest	//base/hiviewdfx/hidumper/test/fuzztest/storagedump_fuzzer:fuzztest	test	bundle-prefix
hiviewdfx	hidumper	base/hiviewdfx/hidumper	base/hiviewdfx/hidumper/test/innerkits_test/BUILD.gn	16	config	innerkits_test_config	//base/hiviewdfx/hidumper/test/innerkits_test:innerkits_test_config	build-support	bundle-prefix
hiviewdfx	hidumper	base/hiviewdfx/hidumper	base/hiviewdfx/hidumper/test/innerkits_test/BUILD.gn	22	ohos_executable	innerkits_test	//base/hiviewdfx/hidumper/test/innerkits_test:innerkits_test	test	bundle-prefix
hiviewdfx	hidumper	base/hiviewdfx/hidumper	base/hiviewdfx/hidumper/test/unittest/common/BUILD.gn	22	config	module_private_config	//base/hiviewdfx/hidumper/test/unittest/common:module_private_config	build-support	bundle-prefix
hiviewdfx	hidumper	base/hiviewdfx/hidumper	base/hiviewdfx/hidumper/test/unittest/common/BUILD.gn	53	ohos_unittest	HidumperServiceTest	//base/hiviewdfx/hidumper/test/unittest/common:HidumperServiceTest	test	bundle-prefix
hiviewdfx	hidumper	base/hiviewdfx/hidumper	base/hiviewdfx/hidumper/test/unittest/common/BUILD.gn	82	ohos_unittest	HidumperDataInventoryTest	//base/hiviewdfx/hidumper/test/unittest/common:HidumperDataInventoryTest	test	bundle-prefix
hiviewdfx	hidumper	base/hiviewdfx/hidumper	base/hiviewdfx/hidumper/test/unittest/common/BUILD.gn	115	ohos_unittest	HidumperDumpersTest	//base/hiviewdfx/hidumper/test/unittest/common:HidumperDumpersTest	test	bundle-prefix
hiviewdfx	hidumper	base/hiviewdfx/hidumper	base/hiviewdfx/hidumper/test/unittest/common/BUILD.gn	148	ohos_unittest	StorageInfoTaskTest	//base/hiviewdfx/hidumper/test/unittest/common:StorageInfoTaskTest	test	bundle-prefix
hiviewdfx	hidumper	base/hiviewdfx/hidumper	base/hiviewdfx/hidumper/test/unittest/common/BUILD.gn	170	ohos_unittest	HidumperOutputTest	//base/hiviewdfx/hidumper/test/unittest/common:HidumperOutputTest	test	bundle-prefix
hiviewdfx	hidumper	base/hiviewdfx/hidumper	base/hiviewdfx/hidumper/test/unittest/common/BUILD.gn	190	ohos_unittest	HidumperConfigUtilsTest	//base/hiviewdfx/hidumper/test/unittest/common:HidumperConfigUtilsTest	test	bundle-prefix
hiviewdfx	hidumper	base/hiviewdfx/hidumper	base/hiviewdfx/hidumper/test/unittest/common/BUILD.gn	213	ohos_unittest	MemoryDumperTest	//base/hiviewdfx/hidumper/test/unittest/common:MemoryDumperTest	test	bundle-prefix
hiviewdfx	hidumper	base/hiviewdfx/hidumper	base/hiviewdfx/hidumper/test/unittest/common/BUILD.gn	239	ohos_unittest	HidumperMemoryTest	//base/hiviewdfx/hidumper/test/unittest/common:HidumperMemoryTest	test	bundle-prefix
hiviewdfx	hidumper	base/hiviewdfx/hidumper	base/hiviewdfx/hidumper/test/unittest/common/BUILD.gn	275	ohos_unittest	SADumperTest	//base/hiviewdfx/hidumper/test/unittest/common:SADumperTest	test	bundle-prefix
hiviewdfx	hidumper	base/hiviewdfx/hidumper	base/hiviewdfx/hidumper/test/unittest/common/BUILD.gn	295	ohos_unittest	HidumperPrivacyTest	//base/hiviewdfx/hidumper/test/unittest/common:HidumperPrivacyTest	test	bundle-prefix
hiviewdfx	hidumper	base/hiviewdfx/hidumper	base/hiviewdfx/hidumper/test/unittest/common/BUILD.gn	310	ohos_unittest	HidumperInnerkitsTest	//base/hiviewdfx/hidumper/test/unittest/common:HidumperInnerkitsTest	test	bundle-prefix
hiviewdfx	hidumper	base/hiviewdfx/hidumper	base/hiviewdfx/hidumper/test/unittest/common/BUILD.gn	346	ohos_unittest	GetHeapInfoTest	//base/hiviewdfx/hidumper/test/unittest/common:GetHeapInfoTest	test	bundle-prefix
hiviewdfx	hidumper	base/hiviewdfx/hidumper	base/hiviewdfx/hidumper/test/unittest/common/BUILD.gn	373	ohos_unittest	HidumperManagerTest	//base/hiviewdfx/hidumper/test/unittest/common:HidumperManagerTest	test	bundle-prefix
hiviewdfx	hidumper	base/hiviewdfx/hidumper	base/hiviewdfx/hidumper/test/unittest/common/BUILD.gn	403	ohos_unittest	HidumperCpuServiceTest	//base/hiviewdfx/hidumper/test/unittest/common:HidumperCpuServiceTest	test	bundle-prefix
hiviewdfx	hidumper	base/hiviewdfx/hidumper	base/hiviewdfx/hidumper/test/unittest/common/BUILD.gn	439	ohos_unittest	HidumperClientTest	//base/hiviewdfx/hidumper/test/unittest/common:HidumperClientTest	test	bundle-prefix
hiviewdfx	hidumper	base/hiviewdfx/hidumper	base/hiviewdfx/hidumper/test/unittest/common/BUILD.gn	469	ohos_unittest	HidumperZidlTest	//base/hiviewdfx/hidumper/test/unittest/common:HidumperZidlTest	test	bundle-prefix
hiviewdfx	hidumper	base/hiviewdfx/hidumper	base/hiviewdfx/hidumper/test/unittest/common/BUILD.gn	490	ohos_unittest	DumpCommonUtilsTest	//base/hiviewdfx/hidumper/test/unittest/common:DumpCommonUtilsTest	test	bundle-prefix
hiviewdfx	hidumper	base/hiviewdfx/hidumper	base/hiviewdfx/hidumper/test/unittest/common/BUILD.gn	513	ohos_unittest	EventDumperTest	//base/hiviewdfx/hidumper/test/unittest/common:EventDumperTest	test	bundle-prefix
hiviewdfx	hidumper	base/hiviewdfx/hidumper	base/hiviewdfx/hidumper/test/unittest/common/BUILD.gn	536	ohos_unittest	ZipFileCleanerTest	//base/hiviewdfx/hidumper/test/unittest/common:ZipFileCleanerTest	test	bundle-prefix
hiviewdfx	hidumper	base/hiviewdfx/hidumper	base/hiviewdfx/hidumper/test/unittest/common/BUILD.gn	560	group	unittest	//base/hiviewdfx/hidumper/test/unittest/common:unittest	test	bundle-prefix
hiviewdfx	hidumper	base/hiviewdfx/hidumper	base/hiviewdfx/hidumper/utils/BUILD.gn	16	config	utils_config	//base/hiviewdfx/hidumper/utils:utils_config	build-support	bundle-prefix
hiviewdfx	hidumper	base/hiviewdfx/hidumper	base/hiviewdfx/hidumper/utils/BUILD.gn	20	ohos_source_set	utils	//base/hiviewdfx/hidumper/utils:utils	production	bundle-prefix
hiviewdfx	hidumper_lite	base/hiviewdfx/hidumper_lite	base/hiviewdfx/hidumper_lite/BUILD.gn	16	group	hidumper	//base/hiviewdfx/hidumper_lite:hidumper	aggregate-codegen	bundle-prefix
hiviewdfx	hidumper_lite	base/hiviewdfx/hidumper_lite	base/hiviewdfx/hidumper_lite/lite/BUILD.gn	14	static_library	hidumper_lite	//base/hiviewdfx/hidumper_lite/lite:hidumper_lite	production	bundle-prefix
hiviewdfx	hidumper_lite	base/hiviewdfx/hidumper_lite	base/hiviewdfx/hidumper_lite/mini/BUILD.gn	14	static_library	hidumper_mini	//base/hiviewdfx/hidumper_lite/mini:hidumper_mini	production	bundle-prefix
hiviewdfx	hievent_lite	base/hiviewdfx/hievent_lite	base/hiviewdfx/hievent_lite/BUILD.gn	24	static_library	hievent_lite_static	//base/hiviewdfx/hievent_lite:hievent_lite_static	production	bundle-prefix
hiviewdfx	hievent_lite	base/hiviewdfx/hievent_lite	base/hiviewdfx/hievent_lite/BUILD.gn	53	group	hievent_lite	//base/hiviewdfx/hievent_lite:hievent_lite	aggregate-codegen	bundle-prefix
hiviewdfx	hievent_lite	base/hiviewdfx/hievent_lite	base/hiviewdfx/hievent_lite/command/BUILD.gn	14	static_library	hievent_lite_command	//base/hiviewdfx/hievent_lite/command:hievent_lite_command	production	bundle-prefix
hiviewdfx	hilog	base/hiviewdfx/hilog	base/hiviewdfx/hilog/frameworks/hilog_ndk/BUILD.gn	16	ohos_shared_library	hilog_ndk	//base/hiviewdfx/hilog/frameworks/hilog_ndk:hilog_ndk	production	bundle-prefix
hiviewdfx	hilog	base/hiviewdfx/hilog	base/hiviewdfx/hilog/frameworks/libhilog/BUILD.gn	25	config	libhilog_config	//base/hiviewdfx/hilog/frameworks/libhilog:libhilog_config	build-support	bundle-prefix
hiviewdfx	hilog	base/hiviewdfx/hilog	base/hiviewdfx/hilog/frameworks/libhilog/BUILD.gn	41	template	libhilog_source	//base/hiviewdfx/hilog/frameworks/libhilog:libhilog_source	build-support	bundle-prefix
hiviewdfx	hilog	base/hiviewdfx/hilog	base/hiviewdfx/hilog/interfaces/cj/BUILD.gn	17	ohos_shared_library	cj_hilog_ffi	//base/hiviewdfx/hilog/interfaces/cj:cj_hilog_ffi	production	bundle-prefix
hiviewdfx	hilog	base/hiviewdfx/hilog	base/hiviewdfx/hilog/interfaces/ets/ani/BUILD.gn	16	group	ani_hilog_package	//base/hiviewdfx/hilog/interfaces/ets/ani:ani_hilog_package	aggregate-codegen	bundle-prefix
hiviewdfx	hilog	base/hiviewdfx/hilog	base/hiviewdfx/hilog/interfaces/ets/ani/hilog/BUILD.gn	18	ohos_shared_library	hilog_ani	//base/hiviewdfx/hilog/interfaces/ets/ani/hilog:hilog_ani	production	bundle-prefix
hiviewdfx	hilog	base/hiviewdfx/hilog	base/hiviewdfx/hilog/interfaces/ets/ani/hilog/BUILD.gn	65	generate_static_abc	hilog	//base/hiviewdfx/hilog/interfaces/ets/ani/hilog:hilog	aggregate-codegen	bundle-prefix
hiviewdfx	hilog	base/hiviewdfx/hilog	base/hiviewdfx/hilog/interfaces/ets/ani/hilog/BUILD.gn	72	ohos_prebuilt_etc	hilog_etc	//base/hiviewdfx/hilog/interfaces/ets/ani/hilog:hilog_etc	production	bundle-prefix
hiviewdfx	hilog	base/hiviewdfx/hilog	base/hiviewdfx/hilog/interfaces/js/BUILD.gn	16	group	hilog_napi	//base/hiviewdfx/hilog/interfaces/js:hilog_napi	aggregate-codegen	bundle-prefix
hiviewdfx	hilog	base/hiviewdfx/hilog	base/hiviewdfx/hilog/interfaces/js/kits/napi/BUILD.gn	17	ohos_source_set	libhilognapi_src	//base/hiviewdfx/hilog/interfaces/js/kits/napi:libhilognapi_src	production	bundle-prefix
hiviewdfx	hilog	base/hiviewdfx/hilog	base/hiviewdfx/hilog/interfaces/js/kits/napi/BUILD.gn	70	config	libhilog_js_cfg	//base/hiviewdfx/hilog/interfaces/js/kits/napi:libhilog_js_cfg	build-support	bundle-prefix
hiviewdfx	hilog	base/hiviewdfx/hilog	base/hiviewdfx/hilog/interfaces/js/kits/napi/BUILD.gn	75	ohos_shared_library	libhilognapi	//base/hiviewdfx/hilog/interfaces/js/kits/napi:libhilognapi	production	bundle-prefix
hiviewdfx	hilog	base/hiviewdfx/hilog	base/hiviewdfx/hilog/interfaces/native/innerkits/BUILD.gn	23	config	libhilog_pub_config	//base/hiviewdfx/hilog/interfaces/native/innerkits:libhilog_pub_config	build-support	bundle-prefix
hiviewdfx	hilog	base/hiviewdfx/hilog	base/hiviewdfx/hilog/interfaces/native/innerkits/BUILD.gn	28	group	libhilog_host	//base/hiviewdfx/hilog/interfaces/native/innerkits:libhilog_host	aggregate-codegen	bundle-prefix
hiviewdfx	hilog	base/hiviewdfx/hilog	base/hiviewdfx/hilog/interfaces/native/innerkits/BUILD.gn	33	ohos_shared_library	libhilog	//base/hiviewdfx/hilog/interfaces/native/innerkits:libhilog	production	bundle-prefix
hiviewdfx	hilog	base/hiviewdfx/hilog	base/hiviewdfx/hilog/interfaces/native/innerkits/BUILD.gn	71	template	libhilog	//base/hiviewdfx/hilog/interfaces/native/innerkits:libhilog	build-support	bundle-prefix
hiviewdfx	hilog	base/hiviewdfx/hilog	base/hiviewdfx/hilog/interfaces/native/innerkits/BUILD.gn	125	config	libhilog_base_pub_cfg	//base/hiviewdfx/hilog/interfaces/native/innerkits:libhilog_base_pub_cfg	build-support	bundle-prefix
hiviewdfx	hilog	base/hiviewdfx/hilog	base/hiviewdfx/hilog/interfaces/native/innerkits/BUILD.gn	134	config	libhilog_base_config	//base/hiviewdfx/hilog/interfaces/native/innerkits:libhilog_base_config	build-support	bundle-prefix
hiviewdfx	hilog	base/hiviewdfx/hilog	base/hiviewdfx/hilog/interfaces/native/innerkits/BUILD.gn	158	ohos_static_library	libhilog_base_for_musl	//base/hiviewdfx/hilog/interfaces/native/innerkits:libhilog_base_for_musl	production	bundle-prefix
hiviewdfx	hilog	base/hiviewdfx/hilog	base/hiviewdfx/hilog/interfaces/native/innerkits/BUILD.gn	169	ohos_static_library	libhilog_base	//base/hiviewdfx/hilog/interfaces/native/innerkits:libhilog_base	production	bundle-prefix
hiviewdfx	hilog	base/hiviewdfx/hilog	base/hiviewdfx/hilog/interfaces/native/innerkits/BUILD.gn	198	config	libhilog_snapshot_cfg	//base/hiviewdfx/hilog/interfaces/native/innerkits:libhilog_snapshot_cfg	build-support	bundle-prefix
hiviewdfx	hilog	base/hiviewdfx/hilog	base/hiviewdfx/hilog/interfaces/native/innerkits/BUILD.gn	206	ohos_static_library	libhilog_snapshot	//base/hiviewdfx/hilog/interfaces/native/innerkits:libhilog_snapshot	production	bundle-prefix
hiviewdfx	hilog	base/hiviewdfx/hilog	base/hiviewdfx/hilog/interfaces/rust/BUILD.gn	16	ohos_rust_shared_library	hilog_rust	//base/hiviewdfx/hilog/interfaces/rust:hilog_rust	production	bundle-prefix
hiviewdfx	hilog	base/hiviewdfx/hilog	base/hiviewdfx/hilog/interfaces/rust/BUILD.gn	29	group	rust_hilog_component	//base/hiviewdfx/hilog/interfaces/rust:rust_hilog_component	aggregate-codegen	bundle-prefix
hiviewdfx	hilog	base/hiviewdfx/hilog	base/hiviewdfx/hilog/interfaces/sandbox_log/BUILD.gn	19	config	libsandboxlog_pub_config	//base/hiviewdfx/hilog/interfaces/sandbox_log:libsandboxlog_pub_config	build-support	bundle-prefix
hiviewdfx	hilog	base/hiviewdfx/hilog	base/hiviewdfx/hilog/interfaces/sandbox_log/BUILD.gn	24	config	libsandboxlog_config	//base/hiviewdfx/hilog/interfaces/sandbox_log:libsandboxlog_config	build-support	bundle-prefix
hiviewdfx	hilog	base/hiviewdfx/hilog	base/hiviewdfx/hilog/interfaces/sandbox_log/BUILD.gn	32	ohos_shared_library	libsandboxlog	//base/hiviewdfx/hilog/interfaces/sandbox_log:libsandboxlog	production	bundle-prefix
hiviewdfx	hilog	base/hiviewdfx/hilog	base/hiviewdfx/hilog/platform/BUILD.gn	18	template	libhilog_platform_source	//base/hiviewdfx/hilog/platform:libhilog_platform_source	build-support	bundle-prefix
hiviewdfx	hilog	base/hiviewdfx/hilog	base/hiviewdfx/hilog/services/hilogd/BUILD.gn	16	config	hilogd_config	//base/hiviewdfx/hilog/services/hilogd:hilogd_config	build-support	bundle-prefix
hiviewdfx	hilog	base/hiviewdfx/hilog	base/hiviewdfx/hilog/services/hilogd/BUILD.gn	22	ohos_executable	hilogd	//base/hiviewdfx/hilog/services/hilogd:hilogd	production	bundle-prefix
hiviewdfx	hilog	base/hiviewdfx/hilog	base/hiviewdfx/hilog/services/hilogd/etc/BUILD.gn	16	group	hilogd_etc	//base/hiviewdfx/hilog/services/hilogd/etc:hilogd_etc	aggregate-codegen	bundle-prefix
hiviewdfx	hilog	base/hiviewdfx/hilog	base/hiviewdfx/hilog/services/hilogd/etc/BUILD.gn	24	ohos_prebuilt_etc	hilogd.cfg	//base/hiviewdfx/hilog/services/hilogd/etc:hilogd.cfg	production	bundle-prefix
hiviewdfx	hilog	base/hiviewdfx/hilog	base/hiviewdfx/hilog/services/hilogd/etc/BUILD.gn	35	ohos_prebuilt_etc	hilog.para	//base/hiviewdfx/hilog/services/hilogd/etc:hilog.para	production	bundle-prefix
hiviewdfx	hilog	base/hiviewdfx/hilog	base/hiviewdfx/hilog/services/hilogd/etc/BUILD.gn	46	ohos_prebuilt_etc	hilog.para.dac	//base/hiviewdfx/hilog/services/hilogd/etc:hilog.para.dac	production	bundle-prefix
hiviewdfx	hilog	base/hiviewdfx/hilog	base/hiviewdfx/hilog/services/hilogtool/BUILD.gn	17	config	hilog_config	//base/hiviewdfx/hilog/services/hilogtool:hilog_config	build-support	bundle-prefix
hiviewdfx	hilog	base/hiviewdfx/hilog	base/hiviewdfx/hilog/services/hilogtool/BUILD.gn	23	ohos_executable	hilog	//base/hiviewdfx/hilog/services/hilogtool:hilog	production	bundle-prefix
hiviewdfx	hilog	base/hiviewdfx/hilog	base/hiviewdfx/hilog/test/BUILD.gn	18	config	module_private_config	//base/hiviewdfx/hilog/test:module_private_config	build-support	bundle-prefix
hiviewdfx	hilog	base/hiviewdfx/hilog	base/hiviewdfx/hilog/test/BUILD.gn	22	ohos_moduletest	HiLogNDKTest	//base/hiviewdfx/hilog/test:HiLogNDKTest	test	bundle-prefix
hiviewdfx	hilog	base/hiviewdfx/hilog	base/hiviewdfx/hilog/test/BUILD.gn	48	ohos_moduletest	HiLogNDKZTest	//base/hiviewdfx/hilog/test:HiLogNDKZTest	test	bundle-prefix
hiviewdfx	hilog	base/hiviewdfx/hilog	base/hiviewdfx/hilog/test/BUILD.gn	66	ohos_moduletest	HiLogAdapterTest	//base/hiviewdfx/hilog/test:HiLogAdapterTest	test	bundle-prefix
hiviewdfx	hilog	base/hiviewdfx/hilog	base/hiviewdfx/hilog/test/BUILD.gn	85	group	hilog_moduletest	//base/hiviewdfx/hilog/test:hilog_moduletest	test	bundle-prefix
hiviewdfx	hilog	base/hiviewdfx/hilog	base/hiviewdfx/hilog/test/BUILD.gn	95	group	hilog_unittest	//base/hiviewdfx/hilog/test:hilog_unittest	test	bundle-prefix
hiviewdfx	hilog	base/hiviewdfx/hilog	base/hiviewdfx/hilog/test/BUILD.gn	104	group	fuzztest	//base/hiviewdfx/hilog/test:fuzztest	test	bundle-prefix
hiviewdfx	hilog	base/hiviewdfx/hilog	base/hiviewdfx/hilog/test/fuzztest/hilogclient_fuzzer/BUILD.gn	18	ohos_fuzztest	HiLogClientFuzzTest	//base/hiviewdfx/hilog/test/fuzztest/hilogclient_fuzzer:HiLogClientFuzzTest	test	bundle-prefix
hiviewdfx	hilog	base/hiviewdfx/hilog	base/hiviewdfx/hilog/test/fuzztest/hilogserver_fuzzer/BUILD.gn	18	ohos_fuzztest	HiLogServerFuzzTest	//base/hiviewdfx/hilog/test/fuzztest/hilogserver_fuzzer:HiLogServerFuzzTest	test	bundle-prefix
hiviewdfx	hilog	base/hiviewdfx/hilog	base/hiviewdfx/hilog/test/moduletest/BUILD.gn	18	config	module_private_config	//base/hiviewdfx/hilog/test/moduletest:module_private_config	build-support	bundle-prefix
hiviewdfx	hilog	base/hiviewdfx/hilog	base/hiviewdfx/hilog/test/moduletest/BUILD.gn	22	ohos_moduletest	HilogCommandTest	//base/hiviewdfx/hilog/test/moduletest:HilogCommandTest	test	bundle-prefix
hiviewdfx	hilog	base/hiviewdfx/hilog	base/hiviewdfx/hilog/test/unittest/common/BUILD.gn	18	config	module_private_config	//base/hiviewdfx/hilog/test/unittest/common:module_private_config	build-support	bundle-prefix
hiviewdfx	hilog	base/hiviewdfx/hilog	base/hiviewdfx/hilog/test/unittest/common/BUILD.gn	22	ohos_unittest	HilogToolTest	//base/hiviewdfx/hilog/test/unittest/common:HilogToolTest	test	bundle-prefix
hiviewdfx	hilog	base/hiviewdfx/hilog	base/hiviewdfx/hilog/test/unittest/common/BUILD.gn	38	ohos_unittest	HilogUtilsTest	//base/hiviewdfx/hilog/test/unittest/common:HilogUtilsTest	test	bundle-prefix
hiviewdfx	hilog	base/hiviewdfx/hilog	base/hiviewdfx/hilog/test/unittest/common/BUILD.gn	54	ohos_unittest	HilogPrintTest	//base/hiviewdfx/hilog/test/unittest/common:HilogPrintTest	test	bundle-prefix
hiviewdfx	hilog	base/hiviewdfx/hilog	base/hiviewdfx/hilog/test/utils/BUILD.gn	16	config	test_utils_config	//base/hiviewdfx/hilog/test/utils:test_utils_config	build-support	bundle-prefix
hiviewdfx	hilog	base/hiviewdfx/hilog	base/hiviewdfx/hilog/test/utils/BUILD.gn	21	ohos_source_set	test_utils	//base/hiviewdfx/hilog/test/utils:test_utils	test	bundle-prefix
hiviewdfx	hilog_lite	base/hiviewdfx/hilog_lite	base/hiviewdfx/hilog_lite/command/BUILD.gn	16	config	hilog_command_config	//base/hiviewdfx/hilog_lite/command:hilog_command_config	build-support	bundle-prefix
hiviewdfx	hilog_lite	base/hiviewdfx/hilog_lite	base/hiviewdfx/hilog_lite/command/BUILD.gn	20	lite_library	hilog_command_static	//base/hiviewdfx/hilog_lite/command:hilog_command_static	production	bundle-prefix
hiviewdfx	hilog_lite	base/hiviewdfx/hilog_lite	base/hiviewdfx/hilog_lite/command/BUILD.gn	33	lite_library	hilog_command_shared	//base/hiviewdfx/hilog_lite/command:hilog_command_shared	production	bundle-prefix
hiviewdfx	hilog_lite	base/hiviewdfx/hilog_lite	base/hiviewdfx/hilog_lite/frameworks/featured/BUILD.gn	21	config	hilog_config	//base/hiviewdfx/hilog_lite/frameworks/featured:hilog_config	build-support	bundle-prefix
hiviewdfx	hilog_lite	base/hiviewdfx/hilog_lite	base/hiviewdfx/hilog_lite/frameworks/featured/BUILD.gn	41	group	hilog_static	//base/hiviewdfx/hilog_lite/frameworks/featured:hilog_static	aggregate-codegen	bundle-prefix
hiviewdfx	hilog_lite	base/hiviewdfx/hilog_lite	base/hiviewdfx/hilog_lite/frameworks/featured/BUILD.gn	44	lite_library	hilog_static	//base/hiviewdfx/hilog_lite/frameworks/featured:hilog_static	production	bundle-prefix
hiviewdfx	hilog_lite	base/hiviewdfx/hilog_lite	base/hiviewdfx/hilog_lite/frameworks/featured/BUILD.gn	56	lite_library	hilog_shared	//base/hiviewdfx/hilog_lite/frameworks/featured:hilog_shared	production	bundle-prefix
hiviewdfx	hilog_lite	base/hiviewdfx/hilog_lite	base/hiviewdfx/hilog_lite/frameworks/featured/BUILD.gn	66	group	hilog_shared	//base/hiviewdfx/hilog_lite/frameworks/featured:hilog_shared	aggregate-codegen	bundle-prefix
hiviewdfx	hilog_lite	base/hiviewdfx/hilog_lite	base/hiviewdfx/hilog_lite/frameworks/featured/BUILD.gn	70	ndk_lib	hilog_ndk	//base/hiviewdfx/hilog_lite/frameworks/featured:hilog_ndk	production	bundle-prefix
hiviewdfx	hilog_lite	base/hiviewdfx/hilog_lite	base/hiviewdfx/hilog_lite/frameworks/js/BUILD.gn	22	lite_component	ace_hilog_kits	//base/hiviewdfx/hilog_lite/frameworks/js:ace_hilog_kits	production	bundle-prefix
hiviewdfx	hilog_lite	base/hiviewdfx/hilog_lite	base/hiviewdfx/hilog_lite/frameworks/js/BUILD.gn	26	group	ace_hilog_kits	//base/hiviewdfx/hilog_lite/frameworks/js:ace_hilog_kits	aggregate-codegen	bundle-prefix
hiviewdfx	hilog_lite	base/hiviewdfx/hilog_lite	base/hiviewdfx/hilog_lite/frameworks/js/builtin/BUILD.gn	18	shared_library	ace_kit_hilog	//base/hiviewdfx/hilog_lite/frameworks/js/builtin:ace_kit_hilog	production	bundle-prefix
hiviewdfx	hilog_lite	base/hiviewdfx/hilog_lite	base/hiviewdfx/hilog_lite/frameworks/mini/BUILD.gn	28	config	hilog_lite_config	//base/hiviewdfx/hilog_lite/frameworks/mini:hilog_lite_config	build-support	bundle-prefix
hiviewdfx	hilog_lite	base/hiviewdfx/hilog_lite	base/hiviewdfx/hilog_lite/frameworks/mini/BUILD.gn	37	static_library	hilog_lite_static	//base/hiviewdfx/hilog_lite/frameworks/mini:hilog_lite_static	production	bundle-prefix
hiviewdfx	hilog_lite	base/hiviewdfx/hilog_lite	base/hiviewdfx/hilog_lite/frameworks/mini/BUILD.gn	78	group	hilog_lite	//base/hiviewdfx/hilog_lite/frameworks/mini:hilog_lite	aggregate-codegen	bundle-prefix
hiviewdfx	hilog_lite	base/hiviewdfx/hilog_lite	base/hiviewdfx/hilog_lite/frameworks/mini/BUILD.gn	91	ndk_lib	hilog_lite_ndk	//base/hiviewdfx/hilog_lite/frameworks/mini:hilog_lite_ndk	production	bundle-prefix
hiviewdfx	hilog_lite	base/hiviewdfx/hilog_lite	base/hiviewdfx/hilog_lite/services/apphilogcat/BUILD.gn	27	config	apphilogcat_config	//base/hiviewdfx/hilog_lite/services/apphilogcat:apphilogcat_config	build-support	bundle-prefix
hiviewdfx	hilog_lite	base/hiviewdfx/hilog_lite	base/hiviewdfx/hilog_lite/services/apphilogcat/BUILD.gn	52	static_library	apphilogcat_static	//base/hiviewdfx/hilog_lite/services/apphilogcat:apphilogcat_static	production	bundle-prefix
hiviewdfx	hilog_lite	base/hiviewdfx/hilog_lite	base/hiviewdfx/hilog_lite/services/apphilogcat/BUILD.gn	67	lite_component	apphilogcat	//base/hiviewdfx/hilog_lite/services/apphilogcat:apphilogcat	production	bundle-prefix
hiviewdfx	hilog_lite	base/hiviewdfx/hilog_lite	base/hiviewdfx/hilog_lite/services/apphilogcat/BUILD.gn	73	group	apphilogcat	//base/hiviewdfx/hilog_lite/services/apphilogcat:apphilogcat	aggregate-codegen	bundle-prefix
hiviewdfx	hilog_lite	base/hiviewdfx/hilog_lite	base/hiviewdfx/hilog_lite/services/hilogcat/BUILD.gn	16	static_library	hilogcat_static	//base/hiviewdfx/hilog_lite/services/hilogcat:hilogcat_static	production	bundle-prefix
hiviewdfx	hilog_lite	base/hiviewdfx/hilog_lite	base/hiviewdfx/hilog_lite/services/hilogcat/BUILD.gn	26	lite_component	hilogcat	//base/hiviewdfx/hilog_lite/services/hilogcat:hilogcat	production	bundle-prefix
hiviewdfx	hilog_lite	base/hiviewdfx/hilog_lite	base/hiviewdfx/hilog_lite/test/BUILD.gn	21	group	hilog_lite_test	//base/hiviewdfx/hilog_lite/test:hilog_lite_test	test	bundle-prefix
hiviewdfx	hilog_lite	base/hiviewdfx/hilog_lite	base/hiviewdfx/hilog_lite/test/BUILD.gn	30	unittest	lite_hilog_unittest	//base/hiviewdfx/hilog_lite/test:lite_hilog_unittest	test	bundle-prefix
hiviewdfx	hisysevent	base/hiviewdfx/hisysevent	base/hiviewdfx/hisysevent/adapter/native/idl/BUILD.gn	16	config	sys_event_impl_config	//base/hiviewdfx/hisysevent/adapter/native/idl:sys_event_impl_config	build-support	bundle-prefix
hiviewdfx	hisysevent	base/hiviewdfx/hisysevent	base/hiviewdfx/hisysevent/adapter/native/idl/BUILD.gn	27	idl_gen_interface	sys_event_interface	//base/hiviewdfx/hisysevent/adapter/native/idl:sys_event_interface	production	bundle-prefix
hiviewdfx	hisysevent	base/hiviewdfx/hisysevent	base/hiviewdfx/hisysevent/adapter/native/idl/BUILD.gn	42	ohos_source_set	sys_event_impl_client	//base/hiviewdfx/hisysevent/adapter/native/idl:sys_event_impl_client	production	bundle-prefix
hiviewdfx	hisysevent	base/hiviewdfx/hisysevent	base/hiviewdfx/hisysevent/frameworks/native/BUILD.gn	20	group	hisyseventcat_package	//base/hiviewdfx/hisysevent/frameworks/native:hisyseventcat_package	aggregate-codegen	bundle-prefix
hiviewdfx	hisysevent	base/hiviewdfx/hisysevent	base/hiviewdfx/hisysevent/frameworks/native/BUILD.gn	25	ohos_executable	hisysevent	//base/hiviewdfx/hisysevent/frameworks/native:hisysevent	production	bundle-prefix
hiviewdfx	hisysevent	base/hiviewdfx/hisysevent	base/hiviewdfx/hisysevent/frameworks/native/BUILD.gn	69	group	unittest	//base/hiviewdfx/hisysevent/frameworks/native:unittest	test	bundle-prefix
hiviewdfx	hisysevent	base/hiviewdfx/hisysevent	base/hiviewdfx/hisysevent/frameworks/native/c_wrapper/BUILD.gn	16	ohos_shared_library	hisysevent_c_wrapper	//base/hiviewdfx/hisysevent/frameworks/native/c_wrapper:hisysevent_c_wrapper	production	bundle-prefix
hiviewdfx	hisysevent	base/hiviewdfx/hisysevent	base/hiviewdfx/hisysevent/frameworks/native/test/BUILD.gn	14	group	unittest	//base/hiviewdfx/hisysevent/frameworks/native/test:unittest	test	bundle-prefix
hiviewdfx	hisysevent	base/hiviewdfx/hisysevent	base/hiviewdfx/hisysevent/frameworks/native/test/unittest/common/BUILD.gn	18	group	unittest	//base/hiviewdfx/hisysevent/frameworks/native/test/unittest/common:unittest	test	bundle-prefix
hiviewdfx	hisysevent	base/hiviewdfx/hisysevent	base/hiviewdfx/hisysevent/frameworks/native/test/unittest/common/BUILD.gn	26	config	unittest_config	//base/hiviewdfx/hisysevent/frameworks/native/test/unittest/common:unittest_config	build-support	bundle-prefix
hiviewdfx	hisysevent	base/hiviewdfx/hisysevent	base/hiviewdfx/hisysevent/frameworks/native/test/unittest/common/BUILD.gn	35	ohos_unittest	HiSysEventToolUnitTest	//base/hiviewdfx/hisysevent/frameworks/native/test/unittest/common:HiSysEventToolUnitTest	test	bundle-prefix
hiviewdfx	hisysevent	base/hiviewdfx/hisysevent	base/hiviewdfx/hisysevent/frameworks/native/test/unittest/common/BUILD.gn	65	ohos_unittest	HiSysEventCWrapperTest	//base/hiviewdfx/hisysevent/frameworks/native/test/unittest/common:HiSysEventCWrapperTest	test	bundle-prefix
hiviewdfx	hisysevent	base/hiviewdfx/hisysevent	base/hiviewdfx/hisysevent/frameworks/native/util/BUILD.gn	16	config	hisysevent_util_config	//base/hiviewdfx/hisysevent/frameworks/native/util:hisysevent_util_config	build-support	bundle-prefix
hiviewdfx	hisysevent	base/hiviewdfx/hisysevent	base/hiviewdfx/hisysevent/frameworks/native/util/BUILD.gn	21	ohos_source_set	hisysevent_util	//base/hiviewdfx/hisysevent/frameworks/native/util:hisysevent_util	production	bundle-prefix
hiviewdfx	hisysevent	base/hiviewdfx/hisysevent	base/hiviewdfx/hisysevent/interfaces/ets/ani/BUILD.gn	16	group	ani_hisysevent_package	//base/hiviewdfx/hisysevent/interfaces/ets/ani:ani_hisysevent_package	aggregate-codegen	bundle-prefix
hiviewdfx	hisysevent	base/hiviewdfx/hisysevent	base/hiviewdfx/hisysevent/interfaces/ets/ani/hisysevent/BUILD.gn	17	ohos_shared_library	hisysevent_ani	//base/hiviewdfx/hisysevent/interfaces/ets/ani/hisysevent:hisysevent_ani	production	bundle-prefix
hiviewdfx	hisysevent	base/hiviewdfx/hisysevent	base/hiviewdfx/hisysevent/interfaces/ets/ani/hisysevent/BUILD.gn	47	generate_static_abc	hisysevent	//base/hiviewdfx/hisysevent/interfaces/ets/ani/hisysevent:hisysevent	aggregate-codegen	bundle-prefix
hiviewdfx	hisysevent	base/hiviewdfx/hisysevent	base/hiviewdfx/hisysevent/interfaces/ets/ani/hisysevent/BUILD.gn	54	ohos_prebuilt_etc	hisysevent_etc	//base/hiviewdfx/hisysevent/interfaces/ets/ani/hisysevent:hisysevent_etc	production	bundle-prefix
hiviewdfx	hisysevent	base/hiviewdfx/hisysevent	base/hiviewdfx/hisysevent/interfaces/js/kits/BUILD.gn	16	group	hisysevent_napi_ref	//base/hiviewdfx/hisysevent/interfaces/js/kits:hisysevent_napi_ref	aggregate-codegen	bundle-prefix
hiviewdfx	hisysevent	base/hiviewdfx/hisysevent	base/hiviewdfx/hisysevent/interfaces/js/kits/napi/BUILD.gn	16	ohos_shared_library	hisysevent_napi	//base/hiviewdfx/hisysevent/interfaces/js/kits/napi:hisysevent_napi	production	bundle-prefix
hiviewdfx	hisysevent	base/hiviewdfx/hisysevent	base/hiviewdfx/hisysevent/interfaces/native/innerkits/hisysevent_easy/BUILD.gn	16	config	hisysevent_easy_config	//base/hiviewdfx/hisysevent/interfaces/native/innerkits/hisysevent_easy:hisysevent_easy_config	build-support	bundle-prefix
hiviewdfx	hisysevent	base/hiviewdfx/hisysevent	base/hiviewdfx/hisysevent/interfaces/native/innerkits/hisysevent_easy/BUILD.gn	22	ohos_static_library	libhisysevent_easy	//base/hiviewdfx/hisysevent/interfaces/native/innerkits/hisysevent_easy:libhisysevent_easy	production	bundle-prefix
hiviewdfx	hisysevent	base/hiviewdfx/hisysevent	base/hiviewdfx/hisysevent/interfaces/native/innerkits/hisysevent_manager/BUILD.gn	16	config	hisyseventmanager_config	//base/hiviewdfx/hisysevent/interfaces/native/innerkits/hisysevent_manager:hisyseventmanager_config	build-support	bundle-prefix
hiviewdfx	hisysevent	base/hiviewdfx/hisysevent	base/hiviewdfx/hisysevent/interfaces/native/innerkits/hisysevent_manager/BUILD.gn	27	ohos_shared_library	libhisyseventmanager	//base/hiviewdfx/hisysevent/interfaces/native/innerkits/hisysevent_manager:libhisyseventmanager	production	bundle-prefix
hiviewdfx	hisysevent	base/hiviewdfx/hisysevent	base/hiviewdfx/hisysevent/interfaces/native/innerkits/hisysevent_manager/BUILD.gn	74	ohos_static_library	hisyseventmanager_static_lib_for_tdd	//base/hiviewdfx/hisysevent/interfaces/native/innerkits/hisysevent_manager:hisyseventmanager_static_lib_for_tdd	production	bundle-prefix
hiviewdfx	hisysevent	base/hiviewdfx/hisysevent	base/hiviewdfx/hisysevent/interfaces/native/innerkits/hisysevent/BUILD.gn	24	config	hisysevent_config	//base/hiviewdfx/hisysevent/interfaces/native/innerkits/hisysevent:hisysevent_config	build-support	bundle-prefix
hiviewdfx	hisysevent	base/hiviewdfx/hisysevent	base/hiviewdfx/hisysevent/interfaces/native/innerkits/hisysevent/BUILD.gn	30	ohos_shared_library	libhisysevent	//base/hiviewdfx/hisysevent/interfaces/native/innerkits/hisysevent:libhisysevent	production	bundle-prefix
hiviewdfx	hisysevent	base/hiviewdfx/hisysevent	base/hiviewdfx/hisysevent/interfaces/native/innerkits/hisysevent/BUILD.gn	83	ohos_static_library	hisysevent_static_lib_for_tdd	//base/hiviewdfx/hisysevent/interfaces/native/innerkits/hisysevent:hisysevent_static_lib_for_tdd	production	bundle-prefix
hiviewdfx	hisysevent	base/hiviewdfx/hisysevent	base/hiviewdfx/hisysevent/interfaces/rust/innerkits/BUILD.gn	16	ohos_rust_shared_library	hisysevent_rust	//base/hiviewdfx/hisysevent/interfaces/rust/innerkits:hisysevent_rust	production	bundle-prefix
hiviewdfx	hisysevent	base/hiviewdfx/hisysevent	base/hiviewdfx/hisysevent/test/BUILD.gn	15	group	moduletest	//base/hiviewdfx/hisysevent/test:moduletest	test	bundle-prefix
hiviewdfx	hisysevent	base/hiviewdfx/hisysevent	base/hiviewdfx/hisysevent/test/BUILD.gn	22	group	unittest	//base/hiviewdfx/hisysevent/test:unittest	test	bundle-prefix
hiviewdfx	hisysevent	base/hiviewdfx/hisysevent	base/hiviewdfx/hisysevent/test/BUILD.gn	37	group	fuzztest	//base/hiviewdfx/hisysevent/test:fuzztest	test	bundle-prefix
hiviewdfx	hisysevent	base/hiviewdfx/hisysevent	base/hiviewdfx/hisysevent/test/fuzztest/common/hisysevent_fuzzer/BUILD.gn	16	ohos_fuzztest	HiSysEventFuzzTest	//base/hiviewdfx/hisysevent/test/fuzztest/common/hisysevent_fuzzer:HiSysEventFuzzTest	test	bundle-prefix
hiviewdfx	hisysevent	base/hiviewdfx/hisysevent	base/hiviewdfx/hisysevent/test/fuzztest/common/hisyseventmanager_fuzzer/BUILD.gn	16	ohos_fuzztest	HiSysEventManagerFuzzTest	//base/hiviewdfx/hisysevent/test/fuzztest/common/hisyseventmanager_fuzzer:HiSysEventManagerFuzzTest	test	bundle-prefix
hiviewdfx	hisysevent	base/hiviewdfx/hisysevent	base/hiviewdfx/hisysevent/test/moduletest/common/BUILD.gn	18	config	hisysevent_native_test_config	//base/hiviewdfx/hisysevent/test/moduletest/common:hisysevent_native_test_config	build-support	bundle-prefix
hiviewdfx	hisysevent	base/hiviewdfx/hisysevent	base/hiviewdfx/hisysevent/test/moduletest/common/BUILD.gn	32	ohos_moduletest	HiSysEventAdapterNativeTest	//base/hiviewdfx/hisysevent/test/moduletest/common:HiSysEventAdapterNativeTest	test	bundle-prefix
hiviewdfx	hisysevent	base/hiviewdfx/hisysevent	base/hiviewdfx/hisysevent/test/moduletest/common/BUILD.gn	64	ohos_moduletest	HiSysEventNativeTest	//base/hiviewdfx/hisysevent/test/moduletest/common:HiSysEventNativeTest	test	bundle-prefix
hiviewdfx	hisysevent	base/hiviewdfx/hisysevent	base/hiviewdfx/hisysevent/test/moduletest/common/BUILD.gn	91	ohos_moduletest	HiSysEventCTest	//base/hiviewdfx/hisysevent/test/moduletest/common:HiSysEventCTest	test	bundle-prefix
hiviewdfx	hisysevent	base/hiviewdfx/hisysevent	base/hiviewdfx/hisysevent/test/moduletest/common/BUILD.gn	109	ohos_moduletest	HiSysEventManagerCTest	//base/hiviewdfx/hisysevent/test/moduletest/common:HiSysEventManagerCTest	test	bundle-prefix
hiviewdfx	hisysevent	base/hiviewdfx/hisysevent	base/hiviewdfx/hisysevent/test/moduletest/common/BUILD.gn	133	ohos_moduletest	HiSysEventDelayTest	//base/hiviewdfx/hisysevent/test/moduletest/common:HiSysEventDelayTest	test	bundle-prefix
hiviewdfx	hisysevent	base/hiviewdfx/hisysevent	base/hiviewdfx/hisysevent/test/moduletest/common/BUILD.gn	160	ohos_moduletest	HiSysEventWroteResultCheckTest	//base/hiviewdfx/hisysevent/test/moduletest/common:HiSysEventWroteResultCheckTest	test	bundle-prefix
hiviewdfx	hisysevent	base/hiviewdfx/hisysevent	base/hiviewdfx/hisysevent/test/moduletest/common/BUILD.gn	191	ohos_moduletest	HiSysEventEncodedTest	//base/hiviewdfx/hisysevent/test/moduletest/common:HiSysEventEncodedTest	test	bundle-prefix
hiviewdfx	hisysevent	base/hiviewdfx/hisysevent	base/hiviewdfx/hisysevent/test/moduletest/common/BUILD.gn	215	ohos_moduletest	HiSysEventEasyTest	//base/hiviewdfx/hisysevent/test/moduletest/common:HiSysEventEasyTest	test	bundle-prefix
hiviewdfx	hisysevent	base/hiviewdfx/hisysevent	base/hiviewdfx/hisysevent/test/moduletest/common/BUILD.gn	235	group	moduletest	//base/hiviewdfx/hisysevent/test/moduletest/common:moduletest	test	bundle-prefix
hiviewdfx	hisysevent	base/hiviewdfx/hisysevent	base/hiviewdfx/hisysevent/test/unittest/common/napi/BUILD.gn	18	ohos_js_unittest	HiSysEventJsTest	//base/hiviewdfx/hisysevent/test/unittest/common/napi:HiSysEventJsTest	test	bundle-prefix
hiviewdfx	hisysevent	base/hiviewdfx/hisysevent	base/hiviewdfx/hisysevent/test/unittest/common/permission/BUILD.gn	18	ohos_js_unittest	HiSysEventPermissionJsTest	//base/hiviewdfx/hisysevent/test/unittest/common/permission:HiSysEventPermissionJsTest	test	bundle-prefix
hiviewdfx	hisysevent	base/hiviewdfx/hisysevent	base/hiviewdfx/hisysevent/test/unittest/rust/BUILD.gn	18	ohos_rust_unittest	rust_hisysevent_test	//base/hiviewdfx/hisysevent/test/unittest/rust:rust_hisysevent_test	test	bundle-prefix
hiviewdfx	hitrace	base/hiviewdfx/hitrace	base/hiviewdfx/hitrace/BUILD.gn	17	group	hitrace_all_target	//base/hiviewdfx/hitrace:hitrace_all_target	aggregate-codegen	bundle-prefix
hiviewdfx	hitrace	base/hiviewdfx/hitrace	base/hiviewdfx/hitrace/cmd/BUILD.gn	17	ohos_executable	hitrace	//base/hiviewdfx/hitrace/cmd:hitrace	production	bundle-prefix
hiviewdfx	hitrace	base/hiviewdfx/hitrace	base/hiviewdfx/hitrace/cmd/BUILD.gn	78	group	hitrace_target	//base/hiviewdfx/hitrace/cmd:hitrace_target	aggregate-codegen	bundle-prefix
hiviewdfx	hitrace	base/hiviewdfx/hitrace	base/hiviewdfx/hitrace/common/build/BUILD.gn	18	config	coverage_flags	//base/hiviewdfx/hitrace/common/build:coverage_flags	build-support	bundle-prefix
hiviewdfx	hitrace	base/hiviewdfx/hitrace	base/hiviewdfx/hitrace/config/BUILD.gn	16	ohos_prebuilt_etc	hitrace_tags	//base/hiviewdfx/hitrace/config:hitrace_tags	production	bundle-prefix
hiviewdfx	hitrace	base/hiviewdfx/hitrace	base/hiviewdfx/hitrace/config/BUILD.gn	23	ohos_prebuilt_etc	hitrace.cfg	//base/hiviewdfx/hitrace/config:hitrace.cfg	production	bundle-prefix
hiviewdfx	hitrace	base/hiviewdfx/hitrace	base/hiviewdfx/hitrace/config/BUILD.gn	30	ohos_prebuilt_etc	hitrace_ext.cfg	//base/hiviewdfx/hitrace/config:hitrace_ext.cfg	production	bundle-prefix
hiviewdfx	hitrace	base/hiviewdfx/hitrace	base/hiviewdfx/hitrace/example/BUILD.gn	17	ohos_executable	hitrace_example	//base/hiviewdfx/hitrace/example:hitrace_example	test	bundle-prefix
hiviewdfx	hitrace	base/hiviewdfx/hitrace	base/hiviewdfx/hitrace/example/BUILD.gn	31	ohos_rust_executable	hitrace_example_rust	//base/hiviewdfx/hitrace/example:hitrace_example_rust	test	bundle-prefix
hiviewdfx	hitrace	base/hiviewdfx/hitrace	base/hiviewdfx/hitrace/example/BUILD.gn	42	group	hitrace_example_target	//base/hiviewdfx/hitrace/example:hitrace_example_target	test	bundle-prefix
hiviewdfx	hitrace	base/hiviewdfx/hitrace	base/hiviewdfx/hitrace/frameworks/hitrace_ndk/BUILD.gn	17	ohos_shared_library	hitrace_ndk	//base/hiviewdfx/hitrace/frameworks/hitrace_ndk:hitrace_ndk	production	bundle-prefix
hiviewdfx	hitrace	base/hiviewdfx/hitrace	base/hiviewdfx/hitrace/frameworks/native/BUILD.gn	17	ohos_source_set	hitracechain_source	//base/hiviewdfx/hitrace/frameworks/native:hitracechain_source	production	bundle-prefix
hiviewdfx	hitrace	base/hiviewdfx/hitrace	base/hiviewdfx/hitrace/frameworks/native/c_wrapper/BUILD.gn	16	ohos_shared_library	hitracechain_c_wrapper	//base/hiviewdfx/hitrace/frameworks/native/c_wrapper:hitracechain_c_wrapper	production	bundle-prefix
hiviewdfx	hitrace	base/hiviewdfx/hitrace	base/hiviewdfx/hitrace/frameworks/trace_factory/BUILD.gn	17	ohos_static_library	trace_source_factory	//base/hiviewdfx/hitrace/frameworks/trace_factory:trace_source_factory	production	bundle-prefix
hiviewdfx	hitrace	base/hiviewdfx/hitrace	base/hiviewdfx/hitrace/frameworks/tracedump_executor/BUILD.gn	17	ohos_static_library	tracedump_executor	//base/hiviewdfx/hitrace/frameworks/tracedump_executor:tracedump_executor	production	bundle-prefix
hiviewdfx	hitrace	base/hiviewdfx/hitrace	base/hiviewdfx/hitrace/interfaces/cj/kits/BUILD.gn	16	group	hitrace_ffi	//base/hiviewdfx/hitrace/interfaces/cj/kits:hitrace_ffi	aggregate-codegen	bundle-prefix
hiviewdfx	hitrace	base/hiviewdfx/hitrace	base/hiviewdfx/hitrace/interfaces/cj/kits/ffi/BUILD.gn	17	ohos_shared_library	cj_hitracechain_ffi	//base/hiviewdfx/hitrace/interfaces/cj/kits/ffi:cj_hitracechain_ffi	production	bundle-prefix
hiviewdfx	hitrace	base/hiviewdfx/hitrace	base/hiviewdfx/hitrace/interfaces/cj/kits/ffi/BUILD.gn	42	ohos_shared_library	cj_hitracemeter_ffi	//base/hiviewdfx/hitrace/interfaces/cj/kits/ffi:cj_hitracemeter_ffi	production	bundle-prefix
hiviewdfx	hitrace	base/hiviewdfx/hitrace	base/hiviewdfx/hitrace/interfaces/ets/ani/BUILD.gn	16	group	ani_hitracemeter_package	//base/hiviewdfx/hitrace/interfaces/ets/ani:ani_hitracemeter_package	aggregate-codegen	bundle-prefix
hiviewdfx	hitrace	base/hiviewdfx/hitrace	base/hiviewdfx/hitrace/interfaces/ets/ani/BUILD.gn	26	group	ani_hitracechain_package	//base/hiviewdfx/hitrace/interfaces/ets/ani:ani_hitracechain_package	aggregate-codegen	bundle-prefix
hiviewdfx	hitrace	base/hiviewdfx/hitrace	base/hiviewdfx/hitrace/interfaces/ets/ani/hitracechain/BUILD.gn	18	ohos_shared_library	hitrace_chain_ani	//base/hiviewdfx/hitrace/interfaces/ets/ani/hitracechain:hitrace_chain_ani	production	bundle-prefix
hiviewdfx	hitrace	base/hiviewdfx/hitrace	base/hiviewdfx/hitrace/interfaces/ets/ani/hitracechain/BUILD.gn	47	generate_static_abc	hitrace_chain	//base/hiviewdfx/hitrace/interfaces/ets/ani/hitracechain:hitrace_chain	aggregate-codegen	bundle-prefix
hiviewdfx	hitrace	base/hiviewdfx/hitrace	base/hiviewdfx/hitrace/interfaces/ets/ani/hitracechain/BUILD.gn	54	ohos_prebuilt_etc	hitrace_chain_etc	//base/hiviewdfx/hitrace/interfaces/ets/ani/hitracechain:hitrace_chain_etc	production	bundle-prefix
hiviewdfx	hitrace	base/hiviewdfx/hitrace	base/hiviewdfx/hitrace/interfaces/ets/ani/hitracemeter/BUILD.gn	18	ohos_shared_library	hitrace_meter_ani	//base/hiviewdfx/hitrace/interfaces/ets/ani/hitracemeter:hitrace_meter_ani	production	bundle-prefix
hiviewdfx	hitrace	base/hiviewdfx/hitrace	base/hiviewdfx/hitrace/interfaces/ets/ani/hitracemeter/BUILD.gn	39	generate_static_abc	hitrace_meter	//base/hiviewdfx/hitrace/interfaces/ets/ani/hitracemeter:hitrace_meter	aggregate-codegen	bundle-prefix
hiviewdfx	hitrace	base/hiviewdfx/hitrace	base/hiviewdfx/hitrace/interfaces/ets/ani/hitracemeter/BUILD.gn	46	ohos_prebuilt_etc	hitrace_meter_etc	//base/hiviewdfx/hitrace/interfaces/ets/ani/hitracemeter:hitrace_meter_etc	production	bundle-prefix
hiviewdfx	hitrace	base/hiviewdfx/hitrace	base/hiviewdfx/hitrace/interfaces/js/kits/BUILD.gn	16	group	hitrace_napi	//base/hiviewdfx/hitrace/interfaces/js/kits:hitrace_napi	aggregate-codegen	bundle-prefix
hiviewdfx	hitrace	base/hiviewdfx/hitrace	base/hiviewdfx/hitrace/interfaces/js/kits/napi/BUILD.gn	17	ohos_shared_library	hitracechain_napi	//base/hiviewdfx/hitrace/interfaces/js/kits/napi:hitracechain_napi	production	bundle-prefix
hiviewdfx	hitrace	base/hiviewdfx/hitrace	base/hiviewdfx/hitrace/interfaces/js/kits/napi/BUILD.gn	47	ohos_shared_library	hitracemeter_napi	//base/hiviewdfx/hitrace/interfaces/js/kits/napi:hitracemeter_napi	production	bundle-prefix
hiviewdfx	hitrace	base/hiviewdfx/hitrace	base/hiviewdfx/hitrace/interfaces/js/kits/napi/bytrace_napi/BUILD.gn	17	ohos_shared_library	bytrace	//base/hiviewdfx/hitrace/interfaces/js/kits/napi/bytrace_napi:bytrace	production	bundle-prefix
hiviewdfx	hitrace	base/hiviewdfx/hitrace	base/hiviewdfx/hitrace/interfaces/native/innerkits/BUILD.gn	17	config	libhitrace_pub_config	//base/hiviewdfx/hitrace/interfaces/native/innerkits:libhitrace_pub_config	build-support	bundle-prefix
hiviewdfx	hitrace	base/hiviewdfx/hitrace	base/hiviewdfx/hitrace/interfaces/native/innerkits/BUILD.gn	26	ohos_shared_library	libhitracechain	//base/hiviewdfx/hitrace/interfaces/native/innerkits:libhitracechain	production	bundle-prefix
hiviewdfx	hitrace	base/hiviewdfx/hitrace	base/hiviewdfx/hitrace/interfaces/native/innerkits/BUILD.gn	60	config	hitrace_meter_config	//base/hiviewdfx/hitrace/interfaces/native/innerkits:hitrace_meter_config	build-support	bundle-prefix
hiviewdfx	hitrace	base/hiviewdfx/hitrace	base/hiviewdfx/hitrace/interfaces/native/innerkits/BUILD.gn	68	ohos_static_library	hitrace_inner	//base/hiviewdfx/hitrace/interfaces/native/innerkits:hitrace_inner	production	bundle-prefix
hiviewdfx	hitrace	base/hiviewdfx/hitrace	base/hiviewdfx/hitrace/interfaces/native/innerkits/BUILD.gn	112	config	hitrace_dump_config	//base/hiviewdfx/hitrace/interfaces/native/innerkits:hitrace_dump_config	build-support	bundle-prefix
hiviewdfx	hitrace	base/hiviewdfx/hitrace	base/hiviewdfx/hitrace/interfaces/native/innerkits/BUILD.gn	120	ohos_shared_library	hitrace_dump	//base/hiviewdfx/hitrace/interfaces/native/innerkits:hitrace_dump	production	bundle-prefix
hiviewdfx	hitrace	base/hiviewdfx/hitrace	base/hiviewdfx/hitrace/interfaces/native/innerkits/BUILD.gn	173	ohos_shared_library	hitrace_meter	//base/hiviewdfx/hitrace/interfaces/native/innerkits:hitrace_meter	production	bundle-prefix
hiviewdfx	hitrace	base/hiviewdfx/hitrace	base/hiviewdfx/hitrace/interfaces/native/innerkits/BUILD.gn	215	config	libhitrace_option_config	//base/hiviewdfx/hitrace/interfaces/native/innerkits:libhitrace_option_config	build-support	bundle-prefix
hiviewdfx	hitrace	base/hiviewdfx/hitrace	base/hiviewdfx/hitrace/interfaces/native/innerkits/BUILD.gn	225	ohos_shared_library	libhitrace_option	//base/hiviewdfx/hitrace/interfaces/native/innerkits:libhitrace_option	production	bundle-prefix
hiviewdfx	hitrace	base/hiviewdfx/hitrace	base/hiviewdfx/hitrace/interfaces/native/innerkits/BUILD.gn	256	ohos_prebuilt_etc	hitrace.para	//base/hiviewdfx/hitrace/interfaces/native/innerkits:hitrace.para	production	bundle-prefix
hiviewdfx	hitrace	base/hiviewdfx/hitrace	base/hiviewdfx/hitrace/interfaces/native/innerkits/BUILD.gn	267	ohos_prebuilt_etc	hitrace.para.dac	//base/hiviewdfx/hitrace/interfaces/native/innerkits:hitrace.para.dac	production	bundle-prefix
hiviewdfx	hitrace	base/hiviewdfx/hitrace	base/hiviewdfx/hitrace/interfaces/native/innerkits/BUILD.gn	278	group	hitrace_etc	//base/hiviewdfx/hitrace/interfaces/native/innerkits:hitrace_etc	aggregate-codegen	bundle-prefix
hiviewdfx	hitrace	base/hiviewdfx/hitrace	base/hiviewdfx/hitrace/interfaces/rust/innerkits/hitrace_meter/BUILD.gn	17	ohos_rust_shared_library	hitrace_meter_rust	//base/hiviewdfx/hitrace/interfaces/rust/innerkits/hitrace_meter:hitrace_meter_rust	production	bundle-prefix
hiviewdfx	hitrace	base/hiviewdfx/hitrace	base/hiviewdfx/hitrace/interfaces/rust/innerkits/hitracechain/BUILD.gn	17	ohos_rust_shared_library	hitracechain_rust	//base/hiviewdfx/hitrace/interfaces/rust/innerkits/hitracechain:hitracechain_rust	production	bundle-prefix
hiviewdfx	hitrace	base/hiviewdfx/hitrace	base/hiviewdfx/hitrace/test/BUILD.gn	18	group	hitrace_systemtest	//base/hiviewdfx/hitrace/test:hitrace_systemtest	test	bundle-prefix
hiviewdfx	hitrace	base/hiviewdfx/hitrace	base/hiviewdfx/hitrace/test/BUILD.gn	23	group	hitrace_unittest	//base/hiviewdfx/hitrace/test:hitrace_unittest	test	bundle-prefix
hiviewdfx	hitrace	base/hiviewdfx/hitrace	base/hiviewdfx/hitrace/test/BUILD.gn	52	group	hitrace_fuzztest	//base/hiviewdfx/hitrace/test:hitrace_fuzztest	test	bundle-prefix
hiviewdfx	hitrace	base/hiviewdfx/hitrace	base/hiviewdfx/hitrace/test/fuzztest/BUILD.gn	20	ohos_fuzztest	HitraceCmdFuzzTest	//base/hiviewdfx/hitrace/test/fuzztest:HitraceCmdFuzzTest	test	bundle-prefix
hiviewdfx	hitrace	base/hiviewdfx/hitrace	base/hiviewdfx/hitrace/test/fuzztest/BUILD.gn	38	ohos_fuzztest	HitraceDumpFuzzTest	//base/hiviewdfx/hitrace/test/fuzztest:HitraceDumpFuzzTest	test	bundle-prefix
hiviewdfx	hitrace	base/hiviewdfx/hitrace	base/hiviewdfx/hitrace/test/fuzztest/BUILD.gn	59	ohos_fuzztest	HitraceMeterFuzzTest	//base/hiviewdfx/hitrace/test/fuzztest:HitraceMeterFuzzTest	test	bundle-prefix
hiviewdfx	hitrace	base/hiviewdfx/hitrace	base/hiviewdfx/hitrace/test/fuzztest/BUILD.gn	84	ohos_fuzztest	HitraceOptionFuzzTest	//base/hiviewdfx/hitrace/test/fuzztest:HitraceOptionFuzzTest	test	bundle-prefix
hiviewdfx	hitrace	base/hiviewdfx/hitrace	base/hiviewdfx/hitrace/test/systemtest/BUILD.gn	20	ohos_systemtest	HitraceSystemTest	//base/hiviewdfx/hitrace/test/systemtest:HitraceSystemTest	test	bundle-prefix
hiviewdfx	hitrace	base/hiviewdfx/hitrace	base/hiviewdfx/hitrace/test/unittest/BUILD.gn	20	config	module_private_config	//base/hiviewdfx/hitrace/test/unittest:module_private_config	build-support	bundle-prefix
hiviewdfx	hitrace	base/hiviewdfx/hitrace	base/hiviewdfx/hitrace/test/unittest/BUILD.gn	32	ohos_unittest	HitraceCTest	//base/hiviewdfx/hitrace/test/unittest:HitraceCTest	test	bundle-prefix
hiviewdfx	hitrace	base/hiviewdfx/hitrace	base/hiviewdfx/hitrace/test/unittest/BUILD.gn	65	ohos_unittest	HitraceCppTest	//base/hiviewdfx/hitrace/test/unittest:HitraceCppTest	test	bundle-prefix
hiviewdfx	hitrace	base/hiviewdfx/hitrace	base/hiviewdfx/hitrace/test/unittest/BUILD.gn	98	config	HitraceMeterTest_config	//base/hiviewdfx/hitrace/test/unittest:HitraceMeterTest_config	build-support	bundle-prefix
hiviewdfx	hitrace	base/hiviewdfx/hitrace	base/hiviewdfx/hitrace/test/unittest/BUILD.gn	110	ohos_unittest	HitraceMeterTest	//base/hiviewdfx/hitrace/test/unittest:HitraceMeterTest	test	bundle-prefix
hiviewdfx	hitrace	base/hiviewdfx/hitrace	base/hiviewdfx/hitrace/test/unittest/BUILD.gn	147	config	HitraceMeterNDKTest_config	//base/hiviewdfx/hitrace/test/unittest:HitraceMeterNDKTest_config	build-support	bundle-prefix
hiviewdfx	hitrace	base/hiviewdfx/hitrace	base/hiviewdfx/hitrace/test/unittest/BUILD.gn	161	ohos_unittest	HitraceMeterNDKTest	//base/hiviewdfx/hitrace/test/unittest:HitraceMeterNDKTest	test	bundle-prefix
hiviewdfx	hitrace	base/hiviewdfx/hitrace	base/hiviewdfx/hitrace/test/unittest/BUILD.gn	200	ohos_unittest	HitraceDumpTest	//base/hiviewdfx/hitrace/test/unittest:HitraceDumpTest	test	bundle-prefix
hiviewdfx	hitrace	base/hiviewdfx/hitrace	base/hiviewdfx/hitrace/test/unittest/BUILD.gn	300	ohos_unittest	HitraceAsyncReadTimeoutTest	//base/hiviewdfx/hitrace/test/unittest:HitraceAsyncReadTimeoutTest	test	bundle-prefix
hiviewdfx	hitrace	base/hiviewdfx/hitrace	base/hiviewdfx/hitrace/test/unittest/BUILD.gn	322	ohos_unittest	HitraceAsyncWriteTimeoutTest	//base/hiviewdfx/hitrace/test/unittest:HitraceAsyncWriteTimeoutTest	test	bundle-prefix
hiviewdfx	hitrace	base/hiviewdfx/hitrace	base/hiviewdfx/hitrace/test/unittest/BUILD.gn	344	ohos_unittest	HitraceUtilsTest	//base/hiviewdfx/hitrace/test/unittest:HitraceUtilsTest	test	bundle-prefix
hiviewdfx	hitrace	base/hiviewdfx/hitrace	base/hiviewdfx/hitrace/test/unittest/BUILD.gn	383	ohos_unittest	HitraceEventTest	//base/hiviewdfx/hitrace/test/unittest:HitraceEventTest	test	bundle-prefix
hiviewdfx	hitrace	base/hiviewdfx/hitrace	base/hiviewdfx/hitrace/test/unittest/BUILD.gn	413	config	HitraceMeterFfiTest_config	//base/hiviewdfx/hitrace/test/unittest:HitraceMeterFfiTest_config	build-support	bundle-prefix
hiviewdfx	hitrace	base/hiviewdfx/hitrace	base/hiviewdfx/hitrace/test/unittest/BUILD.gn	426	ohos_unittest	HitraceMeterFfiTest	//base/hiviewdfx/hitrace/test/unittest:HitraceMeterFfiTest	test	bundle-prefix
hiviewdfx	hitrace	base/hiviewdfx/hitrace	base/hiviewdfx/hitrace/test/unittest/BUILD.gn	465	ohos_unittest	HitraceOptionTest	//base/hiviewdfx/hitrace/test/unittest:HitraceOptionTest	test	bundle-prefix
hiviewdfx	hitrace	base/hiviewdfx/hitrace	base/hiviewdfx/hitrace/test/unittest/BUILD.gn	501	ohos_unittest	HitraceCMDTest	//base/hiviewdfx/hitrace/test/unittest:HitraceCMDTest	test	bundle-prefix
hiviewdfx	hitrace	base/hiviewdfx/hitrace	base/hiviewdfx/hitrace/test/unittest/BUILD.gn	558	ohos_unittest	HitraceAgeingTest	//base/hiviewdfx/hitrace/test/unittest:HitraceAgeingTest	test	bundle-prefix
hiviewdfx	hitrace	base/hiviewdfx/hitrace	base/hiviewdfx/hitrace/test/unittest/BUILD.gn	592	ohos_unittest	HitraceChainNDKTest	//base/hiviewdfx/hitrace/test/unittest:HitraceChainNDKTest	test	bundle-prefix
hiviewdfx	hitrace	base/hiviewdfx/hitrace	base/hiviewdfx/hitrace/test/unittest/BUILD.gn	611	ohos_unittest	HitraceFactoryTest	//base/hiviewdfx/hitrace/test/unittest:HitraceFactoryTest	test	bundle-prefix
hiviewdfx	hitrace	base/hiviewdfx/hitrace	base/hiviewdfx/hitrace/test/unittest/BUILD.gn	644	ohos_unittest	HitraceDumpExecutorNewTest	//base/hiviewdfx/hitrace/test/unittest:HitraceDumpExecutorNewTest	test	bundle-prefix
hiviewdfx	hitrace	base/hiviewdfx/hitrace	base/hiviewdfx/hitrace/test/unittest/common/napi/BUILD.gn	18	ohos_js_unittest	HiTraceChainJsTest	//base/hiviewdfx/hitrace/test/unittest/common/napi:HiTraceChainJsTest	test	bundle-prefix
hiviewdfx	hitrace	base/hiviewdfx/hitrace	base/hiviewdfx/hitrace/test/unittest/common/napi/BUILD.gn	27	group	unittest	//base/hiviewdfx/hitrace/test/unittest/common/napi:unittest	test	bundle-prefix
hiviewdfx	hitrace	base/hiviewdfx/hitrace	base/hiviewdfx/hitrace/test/unittest/rust/hitrace_meter/BUILD.gn	19	ohos_rust_unittest	rust_meter_test	//base/hiviewdfx/hitrace/test/unittest/rust/hitrace_meter:rust_meter_test	test	bundle-prefix
hiviewdfx	hitrace	base/hiviewdfx/hitrace	base/hiviewdfx/hitrace/test/unittest/rust/hitrace_meter/c/BUILD.gn	16	ohos_static_library	hitrace_meter_rust_test	//base/hiviewdfx/hitrace/test/unittest/rust/hitrace_meter/c:hitrace_meter_rust_test	test	bundle-prefix
hiviewdfx	hitrace	base/hiviewdfx/hitrace	base/hiviewdfx/hitrace/test/unittest/rust/hitracechain/BUILD.gn	19	ohos_rust_unittest	rust_hitracechain_test	//base/hiviewdfx/hitrace/test/unittest/rust/hitracechain:rust_hitracechain_test	test	bundle-prefix
hiviewdfx	hitrace	base/hiviewdfx/hitrace	base/hiviewdfx/hitrace/test/utils/BUILD.gn	18	ohos_static_library	hitrace_test_utils	//base/hiviewdfx/hitrace/test/utils:hitrace_test_utils	test	bundle-prefix
hiviewdfx	hitrace	base/hiviewdfx/hitrace	base/hiviewdfx/hitrace/utils/BUILD.gn	17	ohos_source_set	hitrace_common_utils	//base/hiviewdfx/hitrace/utils:hitrace_common_utils	production	bundle-prefix
hiviewdfx	hitrace	base/hiviewdfx/hitrace	base/hiviewdfx/hitrace/utils/BUILD.gn	37	ohos_source_set	hitrace_file_utils	//base/hiviewdfx/hitrace/utils:hitrace_file_utils	production	bundle-prefix
hiviewdfx	hitrace	base/hiviewdfx/hitrace	base/hiviewdfx/hitrace/utils/BUILD.gn	56	ohos_source_set	hitrace_json_parser	//base/hiviewdfx/hitrace/utils:hitrace_json_parser	production	bundle-prefix
hiviewdfx	hiview	base/hiviewdfx/hiview	base/hiviewdfx/hiview/adapter/BUILD.gn	15	group	unittest	//base/hiviewdfx/hiview/adapter:unittest	test	bundle-prefix
hiviewdfx	hiview	base/hiviewdfx/hiview	base/hiviewdfx/hiview/adapter/BUILD.gn	20	group	moduletest	//base/hiviewdfx/hiview/adapter:moduletest	test	bundle-prefix
hiviewdfx	hiview	base/hiviewdfx/hiview	base/hiviewdfx/hiview/adapter/plugins/eventlogger/log_catcher/BUILD.gn	16	config	adapter_log_catcher_config	//base/hiviewdfx/hiview/adapter/plugins/eventlogger/log_catcher:adapter_log_catcher_config	build-support	bundle-prefix
hiviewdfx	hiview	base/hiviewdfx/hiview	base/hiviewdfx/hiview/adapter/plugins/eventlogger/log_catcher/BUILD.gn	21	ohos_source_set	eventlogger_adapter_logcatcher	//base/hiviewdfx/hiview/adapter/plugins/eventlogger/log_catcher:eventlogger_adapter_logcatcher	production	bundle-prefix
hiviewdfx	hiview	base/hiviewdfx/hiview	base/hiviewdfx/hiview/adapter/plugins/eventservice/service/BUILD.gn	17	config	sys_event_service_adapter_config	//base/hiviewdfx/hiview/adapter/plugins/eventservice/service:sys_event_service_adapter_config	build-support	bundle-prefix
hiviewdfx	hiview	base/hiviewdfx/hiview	base/hiviewdfx/hiview/adapter/plugins/eventservice/service/BUILD.gn	27	ohos_shared_library	sys_event_service_adapter	//base/hiviewdfx/hiview/adapter/plugins/eventservice/service:sys_event_service_adapter	production	bundle-prefix
hiviewdfx	hiview	base/hiviewdfx/hiview	base/hiviewdfx/hiview/adapter/plugins/eventservice/service/BUILD.gn	60	group	unittest	//base/hiviewdfx/hiview/adapter/plugins/eventservice/service:unittest	test	bundle-prefix
hiviewdfx	hiview	base/hiviewdfx/hiview	base/hiviewdfx/hiview/adapter/plugins/eventservice/service/idl/BUILD.gn	18	config	sys_event_service_ohos_public_config	//base/hiviewdfx/hiview/adapter/plugins/eventservice/service/idl:sys_event_service_ohos_public_config	build-support	bundle-prefix
hiviewdfx	hiview	base/hiviewdfx/hiview	base/hiviewdfx/hiview/adapter/plugins/eventservice/service/idl/BUILD.gn	25	idl_gen_interface	sys_event_service_interface	//base/hiviewdfx/hiview/adapter/plugins/eventservice/service/idl:sys_event_service_interface	production	bundle-prefix
hiviewdfx	hiview	base/hiviewdfx/hiview	base/hiviewdfx/hiview/adapter/plugins/eventservice/service/idl/BUILD.gn	38	ohos_source_set	sys_event_service_ohos	//base/hiviewdfx/hiview/adapter/plugins/eventservice/service/idl:sys_event_service_ohos	production	bundle-prefix
hiviewdfx	hiview	base/hiviewdfx/hiview	base/hiviewdfx/hiview/adapter/plugins/eventservice/service/test/BUILD.gn	19	group	unittest	//base/hiviewdfx/hiview/adapter/plugins/eventservice/service/test:unittest	test	bundle-prefix
hiviewdfx	hiview	base/hiviewdfx/hiview	base/hiviewdfx/hiview/adapter/plugins/eventservice/service/test/BUILD.gn	29	config	unittest_config	//base/hiviewdfx/hiview/adapter/plugins/eventservice/service/test:unittest_config	build-support	bundle-prefix
hiviewdfx	hiview	base/hiviewdfx/hiview	base/hiviewdfx/hiview/adapter/plugins/eventservice/service/test/BUILD.gn	41	ohos_unittest	SysEventServiceOhosUnitTest	//base/hiviewdfx/hiview/adapter/plugins/eventservice/service/test:SysEventServiceOhosUnitTest	test	bundle-prefix
hiviewdfx	hiview	base/hiviewdfx/hiview	base/hiviewdfx/hiview/adapter/plugins/eventservice/service/test/BUILD.gn	75	ohos_unittest	EventCheckerUnitTest	//base/hiviewdfx/hiview/adapter/plugins/eventservice/service/test:EventCheckerUnitTest	test	bundle-prefix
hiviewdfx	hiview	base/hiviewdfx/hiview	base/hiviewdfx/hiview/adapter/plugins/eventservice/service/test/BUILD.gn	103	ohos_unittest	EventServiceAdapterUtilsTest	//base/hiviewdfx/hiview/adapter/plugins/eventservice/service/test:EventServiceAdapterUtilsTest	test	bundle-prefix
hiviewdfx	hiview	base/hiviewdfx/hiview	base/hiviewdfx/hiview/adapter/plugins/eventservice/service/test/BUILD.gn	131	ohos_unittest	ListenerStatusMonitorTest	//base/hiviewdfx/hiview/adapter/plugins/eventservice/service/test:ListenerStatusMonitorTest	test	bundle-prefix
hiviewdfx	hiview	base/hiviewdfx/hiview	base/hiviewdfx/hiview/adapter/service/BUILD.gn	16	config	hiview_service_adapter_config	//base/hiviewdfx/hiview/adapter/service:hiview_service_adapter_config	build-support	bundle-prefix
hiviewdfx	hiview	base/hiviewdfx/hiview	base/hiviewdfx/hiview/adapter/service/BUILD.gn	25	config	hiview_service_adapter_internal_config	//base/hiviewdfx/hiview/adapter/service:hiview_service_adapter_internal_config	build-support	bundle-prefix
hiviewdfx	hiview	base/hiviewdfx/hiview	base/hiviewdfx/hiview/adapter/service/BUILD.gn	31	ohos_source_set	hiview_service_adapter	//base/hiviewdfx/hiview/adapter/service:hiview_service_adapter	production	bundle-prefix
hiviewdfx	hiview	base/hiviewdfx/hiview	base/hiviewdfx/hiview/adapter/service/BUILD.gn	55	group	unittest	//base/hiviewdfx/hiview/adapter/service:unittest	test	bundle-prefix
hiviewdfx	hiview	base/hiviewdfx/hiview	base/hiviewdfx/hiview/adapter/service/BUILD.gn	60	group	fuzztest	//base/hiviewdfx/hiview/adapter/service:fuzztest	test	bundle-prefix
hiviewdfx	hiview	base/hiviewdfx/hiview	base/hiviewdfx/hiview/adapter/service/client/BUILD.gn	18	idl_gen_interface	hiview_service_idl_interface	//base/hiviewdfx/hiview/adapter/service/client:hiview_service_idl_interface	production	bundle-prefix
hiviewdfx	hiview	base/hiviewdfx/hiview	base/hiviewdfx/hiview/adapter/service/client/BUILD.gn	30	config	hiview_service_stub_inner_public_config	//base/hiviewdfx/hiview/adapter/service/client:hiview_service_stub_inner_public_config	build-support	bundle-prefix
hiviewdfx	hiview	base/hiviewdfx/hiview	base/hiviewdfx/hiview/adapter/service/client/BUILD.gn	37	ohos_source_set	hiview_service_stub_inner	//base/hiviewdfx/hiview/adapter/service/client:hiview_service_stub_inner	production	bundle-prefix
hiviewdfx	hiview	base/hiviewdfx/hiview	base/hiviewdfx/hiview/adapter/service/client/BUILD.gn	68	config	hiview_service_proxy_public_config	//base/hiviewdfx/hiview/adapter/service/client:hiview_service_proxy_public_config	build-support	bundle-prefix
hiviewdfx	hiview	base/hiviewdfx/hiview	base/hiviewdfx/hiview/adapter/service/client/BUILD.gn	75	ohos_source_set	hiview_service_proxy	//base/hiviewdfx/hiview/adapter/service/client:hiview_service_proxy	production	bundle-prefix
hiviewdfx	hiview	base/hiviewdfx/hiview	base/hiviewdfx/hiview/adapter/service/client/BUILD.gn	114	config	hiview_service_ability_config	//base/hiviewdfx/hiview/adapter/service/client:hiview_service_ability_config	build-support	bundle-prefix
hiviewdfx	hiview	base/hiviewdfx/hiview	base/hiviewdfx/hiview/adapter/service/client/BUILD.gn	126	ohos_source_set	hiview_service_impl_for_unified_collection	//base/hiviewdfx/hiview/adapter/service/client:hiview_service_impl_for_unified_collection	production	bundle-prefix
hiviewdfx	hiview	base/hiviewdfx/hiview	base/hiviewdfx/hiview/adapter/service/server/BUILD.gn	17	config	hiview_service_stub_public_config	//base/hiviewdfx/hiview/adapter/service/server:hiview_service_stub_public_config	build-support	bundle-prefix
hiviewdfx	hiview	base/hiviewdfx/hiview	base/hiviewdfx/hiview/adapter/service/server/BUILD.gn	28	ohos_source_set	hiview_service_stub	//base/hiviewdfx/hiview/adapter/service/server:hiview_service_stub	production	bundle-prefix
hiviewdfx	hiview	base/hiviewdfx/hiview	base/hiviewdfx/hiview/adapter/service/test/BUILD.gn	18	group	unittest	//base/hiviewdfx/hiview/adapter/service/test:unittest	test	bundle-prefix
hiviewdfx	hiview	base/hiviewdfx/hiview	base/hiviewdfx/hiview/adapter/service/test/BUILD.gn	26	config	unittest_config	//base/hiviewdfx/hiview/adapter/service/test:unittest_config	build-support	bundle-prefix
hiviewdfx	hiview	base/hiviewdfx/hiview	base/hiviewdfx/hiview/adapter/service/test/BUILD.gn	39	ohos_unittest	HiviewSATest	//base/hiviewdfx/hiview/adapter/service/test:HiviewSATest	test	bundle-prefix
hiviewdfx	hiview	base/hiviewdfx/hiview	base/hiviewdfx/hiview/adapter/service/test/BUILD.gn	61	ohos_unittest	AdapterLoglibraryAbilityTest	//base/hiviewdfx/hiview/adapter/service/test:AdapterLoglibraryAbilityTest	test	bundle-prefix
hiviewdfx	hiview	base/hiviewdfx/hiview	base/hiviewdfx/hiview/adapter/service/test/fuzztest/hiviewlogconfigmanager_fuzzer/BUILD.gn	17	ohos_fuzztest	HiviewLogConfigManagerFuzzTest	//base/hiviewdfx/hiview/adapter/service/test/fuzztest/hiviewlogconfigmanager_fuzzer:HiviewLogConfigManagerFuzzTest	test	bundle-prefix
hiviewdfx	hiview	base/hiviewdfx/hiview	base/hiviewdfx/hiview/adapter/service/test/fuzztest/hiviewserviceabilitystub_fuzzer/BUILD.gn	17	ohos_fuzztest	HiviewServiceAbilityStubFuzzTest	//base/hiviewdfx/hiview/adapter/service/test/fuzztest/hiviewserviceabilitystub_fuzzer:HiviewServiceAbilityStubFuzzTest	test	bundle-prefix
hiviewdfx	hiview	base/hiviewdfx/hiview	base/hiviewdfx/hiview/base/BUILD.gn	16	config	hiview_base_config	//base/hiviewdfx/hiview/base:hiview_base_config	build-support	bundle-prefix
hiviewdfx	hiview	base/hiviewdfx/hiview	base/hiviewdfx/hiview/base/BUILD.gn	36	config	logger_config	//base/hiviewdfx/hiview/base:logger_config	build-support	bundle-prefix
hiviewdfx	hiview	base/hiviewdfx/hiview	base/hiviewdfx/hiview/base/BUILD.gn	42	ohos_source_set	logger	//base/hiviewdfx/hiview/base:logger	production	bundle-prefix
hiviewdfx	hiview	base/hiviewdfx/hiview	base/hiviewdfx/hiview/base/BUILD.gn	51	ohos_source_set	hiview_base	//base/hiviewdfx/hiview/base:hiview_base	production	bundle-prefix
hiviewdfx	hiview	base/hiviewdfx/hiview	base/hiviewdfx/hiview/base/BUILD.gn	98	ohos_shared_library	hiviewbase	//base/hiviewdfx/hiview/base:hiviewbase	production	bundle-prefix
hiviewdfx	hiview	base/hiviewdfx/hiview	base/hiviewdfx/hiview/base/BUILD.gn	111	ohos_static_library	hiviewbase_static_lib_for_tdd	//base/hiviewdfx/hiview/base:hiviewbase_static_lib_for_tdd	production	bundle-prefix
hiviewdfx	hiview	base/hiviewdfx/hiview	base/hiviewdfx/hiview/base/event_publish/BUILD.gn	17	config	hiview_event_publish_config	//base/hiviewdfx/hiview/base/event_publish:hiview_event_publish_config	build-support	bundle-prefix
hiviewdfx	hiview	base/hiviewdfx/hiview	base/hiviewdfx/hiview/base/event_publish/BUILD.gn	23	ohos_source_set	hiview_event_publish	//base/hiviewdfx/hiview/base/event_publish:hiview_event_publish	production	bundle-prefix
hiviewdfx	hiview	base/hiviewdfx/hiview	base/hiviewdfx/hiview/base/event_publish/test/BUILD.gn	19	group	unittest	//base/hiviewdfx/hiview/base/event_publish/test:unittest	test	bundle-prefix
hiviewdfx	hiview	base/hiviewdfx/hiview	base/hiviewdfx/hiview/base/event_publish/test/BUILD.gn	24	config	hiview_event_publish_config_test	//base/hiviewdfx/hiview/base/event_publish/test:hiview_event_publish_config_test	build-support	bundle-prefix
hiviewdfx	hiview	base/hiviewdfx/hiview	base/hiviewdfx/hiview/base/event_publish/test/BUILD.gn	34	ohos_unittest	EventPublishTest	//base/hiviewdfx/hiview/base/event_publish/test:EventPublishTest	test	bundle-prefix
hiviewdfx	hiview	base/hiviewdfx/hiview	base/hiviewdfx/hiview/base/event_publish/test/resource/BUILD.gn	19	ohos_js_unittest	EventPublishJsTest	//base/hiviewdfx/hiview/base/event_publish/test/resource:EventPublishJsTest	test	bundle-prefix
hiviewdfx	hiview	base/hiviewdfx/hiview	base/hiviewdfx/hiview/base/event_publish/test/resource/BUILD.gn	25	group	unittest	//base/hiviewdfx/hiview/base/event_publish/test/resource:unittest	test	bundle-prefix
hiviewdfx	hiview	base/hiviewdfx/hiview	base/hiviewdfx/hiview/base/event_raw/BUILD.gn	17	config	hiview_event_raw_base_config	//base/hiviewdfx/hiview/base/event_raw:hiview_event_raw_base_config	build-support	bundle-prefix
hiviewdfx	hiview	base/hiviewdfx/hiview	base/hiviewdfx/hiview/base/event_raw/BUILD.gn	23	ohos_source_set	hiview_event_raw_base	//base/hiviewdfx/hiview/base/event_raw:hiview_event_raw_base	production	bundle-prefix
hiviewdfx	hiview	base/hiviewdfx/hiview	base/hiviewdfx/hiview/base/event_raw/BUILD.gn	43	config	hiview_event_raw_decode_config	//base/hiviewdfx/hiview/base/event_raw:hiview_event_raw_decode_config	build-support	bundle-prefix
hiviewdfx	hiview	base/hiviewdfx/hiview	base/hiviewdfx/hiview/base/event_raw/BUILD.gn	49	ohos_source_set	hiview_event_raw_decode	//base/hiviewdfx/hiview/base/event_raw:hiview_event_raw_decode	production	bundle-prefix
hiviewdfx	hiview	base/hiviewdfx/hiview	base/hiviewdfx/hiview/base/event_raw/BUILD.gn	73	config	hiview_event_raw_encode_config	//base/hiviewdfx/hiview/base/event_raw:hiview_event_raw_encode_config	build-support	bundle-prefix
hiviewdfx	hiview	base/hiviewdfx/hiview	base/hiviewdfx/hiview/base/event_raw/BUILD.gn	79	ohos_source_set	hiview_event_raw_encode	//base/hiviewdfx/hiview/base/event_raw:hiview_event_raw_encode	production	bundle-prefix
hiviewdfx	hiview	base/hiviewdfx/hiview	base/hiviewdfx/hiview/base/event_raw/test/BUILD.gn	19	group	unittest	//base/hiviewdfx/hiview/base/event_raw/test:unittest	test	bundle-prefix
hiviewdfx	hiview	base/hiviewdfx/hiview	base/hiviewdfx/hiview/base/event_raw/test/BUILD.gn	27	config	event_raw_base_config_test	//base/hiviewdfx/hiview/base/event_raw/test:event_raw_base_config_test	build-support	bundle-prefix
hiviewdfx	hiview	base/hiviewdfx/hiview	base/hiviewdfx/hiview/base/event_raw/test/BUILD.gn	35	ohos_unittest	EventRawBaseTest	//base/hiviewdfx/hiview/base/event_raw/test:EventRawBaseTest	test	bundle-prefix
hiviewdfx	hiview	base/hiviewdfx/hiview	base/hiviewdfx/hiview/base/event_raw/test/BUILD.gn	59	config	event_raw_encoded_and_decoded_config_test	//base/hiviewdfx/hiview/base/event_raw/test:event_raw_encoded_and_decoded_config_test	build-support	bundle-prefix
hiviewdfx	hiview	base/hiviewdfx/hiview	base/hiviewdfx/hiview/base/event_raw/test/BUILD.gn	67	ohos_unittest	EventRawEncodedAndDecodedTest	//base/hiviewdfx/hiview/base/event_raw/test:EventRawEncodedAndDecodedTest	test	bundle-prefix
hiviewdfx	hiview	base/hiviewdfx/hiview	base/hiviewdfx/hiview/base/event_report/BUILD.gn	17	config	hiview_event_report_config	//base/hiviewdfx/hiview/base/event_report:hiview_event_report_config	build-support	bundle-prefix
hiviewdfx	hiview	base/hiviewdfx/hiview	base/hiviewdfx/hiview/base/event_report/BUILD.gn	28	ohos_source_set	hiview_event_report	//base/hiviewdfx/hiview/base/event_report:hiview_event_report	production	bundle-prefix
hiviewdfx	hiview	base/hiviewdfx/hiview	base/hiviewdfx/hiview/base/event_report/test/BUILD.gn	19	group	unittest	//base/hiviewdfx/hiview/base/event_report/test:unittest	test	bundle-prefix
hiviewdfx	hiview	base/hiviewdfx/hiview	base/hiviewdfx/hiview/base/event_report/test/BUILD.gn	24	config	event_report_config_test	//base/hiviewdfx/hiview/base/event_report/test:event_report_config_test	build-support	bundle-prefix
hiviewdfx	hiview	base/hiviewdfx/hiview	base/hiviewdfx/hiview/base/event_report/test/BUILD.gn	38	ohos_unittest	EventReportUnitTest	//base/hiviewdfx/hiview/base/event_report/test:EventReportUnitTest	test	bundle-prefix
hiviewdfx	hiview	base/hiviewdfx/hiview	base/hiviewdfx/hiview/base/event_store/BUILD.gn	16	config	event_store_config	//base/hiviewdfx/hiview/base/event_store:event_store_config	build-support	bundle-prefix
hiviewdfx	hiview	base/hiviewdfx/hiview	base/hiviewdfx/hiview/base/event_store/BUILD.gn	28	config	event_store_private_config	//base/hiviewdfx/hiview/base/event_store:event_store_private_config	build-support	bundle-prefix
hiviewdfx	hiview	base/hiviewdfx/hiview	base/hiviewdfx/hiview/base/event_store/BUILD.gn	35	ohos_source_set	event_store_source	//base/hiviewdfx/hiview/base/event_store:event_store_source	production	bundle-prefix
hiviewdfx	hiview	base/hiviewdfx/hiview	base/hiviewdfx/hiview/base/event_store/config/BUILD.gn	15	config	event_store_config_config	//base/hiviewdfx/hiview/base/event_store/config:event_store_config_config	build-support	bundle-prefix
hiviewdfx	hiview	base/hiviewdfx/hiview	base/hiviewdfx/hiview/base/event_store/config/BUILD.gn	21	ohos_prebuilt_etc	event_store_config.cfg	//base/hiviewdfx/hiview/base/event_store/config:event_store_config.cfg	production	bundle-prefix
hiviewdfx	hiview	base/hiviewdfx/hiview	base/hiviewdfx/hiview/base/event_store/config/BUILD.gn	28	ohos_source_set	event_store_config_source	//base/hiviewdfx/hiview/base/event_store/config:event_store_config_source	production	bundle-prefix
hiviewdfx	hiview	base/hiviewdfx/hiview	base/hiviewdfx/hiview/base/event_store/test/BUILD.gn	18	group	unittest	//base/hiviewdfx/hiview/base/event_store/test:unittest	test	bundle-prefix
hiviewdfx	hiview	base/hiviewdfx/hiview	base/hiviewdfx/hiview/base/event_store/test/BUILD.gn	33	config	sys_event_dao_config_test	//base/hiviewdfx/hiview/base/event_store/test:sys_event_dao_config_test	build-support	bundle-prefix
hiviewdfx	hiview	base/hiviewdfx/hiview	base/hiviewdfx/hiview/base/event_store/test/BUILD.gn	44	ohos_unittest	EventStoreConfigTest	//base/hiviewdfx/hiview/base/event_store/test:EventStoreConfigTest	test	bundle-prefix
hiviewdfx	hiview	base/hiviewdfx/hiview	base/hiviewdfx/hiview/base/event_store/test/BUILD.gn	61	ohos_unittest	SysEventDocLruCacheTest	//base/hiviewdfx/hiview/base/event_store/test:SysEventDocLruCacheTest	test	bundle-prefix
hiviewdfx	hiview	base/hiviewdfx/hiview	base/hiviewdfx/hiview/base/event_store/test/BUILD.gn	78	ohos_unittest	SysEventDaoTest	//base/hiviewdfx/hiview/base/event_store/test:SysEventDaoTest	test	bundle-prefix
hiviewdfx	hiview	base/hiviewdfx/hiview	base/hiviewdfx/hiview/base/event_store/test/BUILD.gn	101	ohos_unittest	SysEventRepeatTest	//base/hiviewdfx/hiview/base/event_store/test:SysEventRepeatTest	test	bundle-prefix
hiviewdfx	hiview	base/hiviewdfx/hiview	base/hiviewdfx/hiview/base/event_store/test/BUILD.gn	121	ohos_unittest	SysEventDatabaseTest	//base/hiviewdfx/hiview/base/event_store/test:SysEventDatabaseTest	test	bundle-prefix
hiviewdfx	hiview	base/hiviewdfx/hiview	base/hiviewdfx/hiview/base/event_store/test/BUILD.gn	142	config	sys_event_store_utility_test_config_test	//base/hiviewdfx/hiview/base/event_store/test:sys_event_store_utility_test_config_test	build-support	bundle-prefix
hiviewdfx	hiview	base/hiviewdfx/hiview	base/hiviewdfx/hiview/base/event_store/test/BUILD.gn	160	ohos_unittest	SysEventStoreUtilityTest	//base/hiviewdfx/hiview/base/event_store/test:SysEventStoreUtilityTest	test	bundle-prefix
hiviewdfx	hiview	base/hiviewdfx/hiview	base/hiviewdfx/hiview/base/event_store/test/BUILD.gn	183	ohos_unittest	SysEventDocTest	//base/hiviewdfx/hiview/base/event_store/test:SysEventDocTest	test	bundle-prefix
hiviewdfx	hiview	base/hiviewdfx/hiview	base/hiviewdfx/hiview/base/event_store/test/BUILD.gn	206	ohos_unittest	SysEventSequenceMgrTest	//base/hiviewdfx/hiview/base/event_store/test:SysEventSequenceMgrTest	test	bundle-prefix
hiviewdfx	hiview	base/hiviewdfx/hiview	base/hiviewdfx/hiview/base/event_store/test/BUILD.gn	226	config	sys_event_backup_test_config	//base/hiviewdfx/hiview/base/event_store/test:sys_event_backup_test_config	build-support	bundle-prefix
hiviewdfx	hiview	base/hiviewdfx/hiview	base/hiviewdfx/hiview/base/event_store/test/BUILD.gn	232	ohos_unittest	SysEventBackupTest	//base/hiviewdfx/hiview/base/event_store/test:SysEventBackupTest	test	bundle-prefix
hiviewdfx	hiview	base/hiviewdfx/hiview	base/hiviewdfx/hiview/base/event_store/utility/BUILD.gn	16	config	event_store_utility_config	//base/hiviewdfx/hiview/base/event_store/utility:event_store_utility_config	build-support	bundle-prefix
hiviewdfx	hiview	base/hiviewdfx/hiview	base/hiviewdfx/hiview/base/event_store/utility/BUILD.gn	31	ohos_source_set	event_store_utility_source	//base/hiviewdfx/hiview/base/event_store/utility:event_store_utility_source	production	bundle-prefix
hiviewdfx	hiview	base/hiviewdfx/hiview	base/hiviewdfx/hiview/base/logstore/BUILD.gn	16	config	log_store_config	//base/hiviewdfx/hiview/base/logstore:log_store_config	build-support	bundle-prefix
hiviewdfx	hiview	base/hiviewdfx/hiview	base/hiviewdfx/hiview/base/logstore/BUILD.gn	24	ohos_source_set	log_store	//base/hiviewdfx/hiview/base/logstore:log_store	production	bundle-prefix
hiviewdfx	hiview	base/hiviewdfx/hiview	base/hiviewdfx/hiview/base/logstore/test/BUILD.gn	19	group	unittest	//base/hiviewdfx/hiview/base/logstore/test:unittest	test	bundle-prefix
hiviewdfx	hiview	base/hiviewdfx/hiview	base/hiviewdfx/hiview/base/logstore/test/BUILD.gn	24	config	log_store_config_test	//base/hiviewdfx/hiview/base/logstore/test:log_store_config_test	build-support	bundle-prefix
hiviewdfx	hiview	base/hiviewdfx/hiview	base/hiviewdfx/hiview/base/logstore/test/BUILD.gn	35	ohos_unittest	LogStoreUnitTest	//base/hiviewdfx/hiview/base/logstore/test:LogStoreUnitTest	test	bundle-prefix
hiviewdfx	hiview	base/hiviewdfx/hiview	base/hiviewdfx/hiview/base/running_status_logger/BUILD.gn	17	config	running_status_logger_config	//base/hiviewdfx/hiview/base/running_status_logger:running_status_logger_config	build-support	bundle-prefix
hiviewdfx	hiview	base/hiviewdfx/hiview	base/hiviewdfx/hiview/base/running_status_logger/BUILD.gn	30	config	running_status_logger_private_config	//base/hiviewdfx/hiview/base/running_status_logger:running_status_logger_private_config	build-support	bundle-prefix
hiviewdfx	hiview	base/hiviewdfx/hiview	base/hiviewdfx/hiview/base/running_status_logger/BUILD.gn	37	ohos_source_set	running_status_logger_source	//base/hiviewdfx/hiview/base/running_status_logger:running_status_logger_source	production	bundle-prefix
hiviewdfx	hiview	base/hiviewdfx/hiview	base/hiviewdfx/hiview/base/running_status_logger/test/BUILD.gn	19	group	unittest	//base/hiviewdfx/hiview/base/running_status_logger/test:unittest	test	bundle-prefix
hiviewdfx	hiview	base/hiviewdfx/hiview	base/hiviewdfx/hiview/base/running_status_logger/test/BUILD.gn	24	config	running_status_logger_config_test	//base/hiviewdfx/hiview/base/running_status_logger/test:running_status_logger_config_test	build-support	bundle-prefix
hiviewdfx	hiview	base/hiviewdfx/hiview	base/hiviewdfx/hiview/base/running_status_logger/test/BUILD.gn	32	ohos_unittest	RunningStatusLoggerTest	//base/hiviewdfx/hiview/base/running_status_logger/test:RunningStatusLoggerTest	test	bundle-prefix
hiviewdfx	hiview	base/hiviewdfx/hiview	base/hiviewdfx/hiview/base/test/BUILD.gn	18	group	unittest	//base/hiviewdfx/hiview/base/test:unittest	test	bundle-prefix
hiviewdfx	hiview	base/hiviewdfx/hiview	base/hiviewdfx/hiview/base/test/BUILD.gn	41	config	unittest_config	//base/hiviewdfx/hiview/base/test:unittest_config	build-support	bundle-prefix
hiviewdfx	hiview	base/hiviewdfx/hiview	base/hiviewdfx/hiview/base/test/BUILD.gn	47	ohos_unittest	EventLoopTest	//base/hiviewdfx/hiview/base/test:EventLoopTest	test	bundle-prefix
hiviewdfx	hiview	base/hiviewdfx/hiview	base/hiviewdfx/hiview/base/test/BUILD.gn	62	ohos_unittest	PluginFactoryTest	//base/hiviewdfx/hiview/base/test:PluginFactoryTest	test	bundle-prefix
hiviewdfx	hiview	base/hiviewdfx/hiview	base/hiviewdfx/hiview/base/test/BUILD.gn	80	ohos_unittest	PluginPipelineTest	//base/hiviewdfx/hiview/base/test:PluginPipelineTest	test	bundle-prefix
hiviewdfx	hiview	base/hiviewdfx/hiview	base/hiviewdfx/hiview/base/test/BUILD.gn	106	ohos_unittest	SysEventTest	//base/hiviewdfx/hiview/base/test:SysEventTest	test	bundle-prefix
hiviewdfx	hiview	base/hiviewdfx/hiview	base/hiviewdfx/hiview/base/test/BUILD.gn	121	ohos_unittest	PluginTest	//base/hiviewdfx/hiview/base/test:PluginTest	test	bundle-prefix
hiviewdfx	hiview	base/hiviewdfx/hiview	base/hiviewdfx/hiview/base/test/BUILD.gn	136	ohos_unittest	EventBaseTest	//base/hiviewdfx/hiview/base/test:EventBaseTest	test	bundle-prefix
hiviewdfx	hiview	base/hiviewdfx/hiview	base/hiviewdfx/hiview/base/test/BUILD.gn	151	ohos_unittest	DispatchRuleParserTest	//base/hiviewdfx/hiview/base/test:DispatchRuleParserTest	test	bundle-prefix
hiviewdfx	hiview	base/hiviewdfx/hiview	base/hiviewdfx/hiview/base/test/BUILD.gn	166	ohos_unittest	ParseConfigTest	//base/hiviewdfx/hiview/base/test:ParseConfigTest	test	bundle-prefix
hiviewdfx	hiview	base/hiviewdfx/hiview	base/hiviewdfx/hiview/base/test/BUILD.gn	183	ohos_unittest	EventJsonParserTest	//base/hiviewdfx/hiview/base/test:EventJsonParserTest	test	bundle-prefix
hiviewdfx	hiview	base/hiviewdfx/hiview	base/hiviewdfx/hiview/base/test/BUILD.gn	203	ohos_unittest	DomainJsonParserTest	//base/hiviewdfx/hiview/base/test:DomainJsonParserTest	test	bundle-prefix
hiviewdfx	hiview	base/hiviewdfx/hiview	base/hiviewdfx/hiview/base/utility/BUILD.gn	16	config	hiview_utils_config	//base/hiviewdfx/hiview/base/utility:hiview_utils_config	build-support	bundle-prefix
hiviewdfx	hiview	base/hiviewdfx/hiview	base/hiviewdfx/hiview/base/utility/BUILD.gn	25	ohos_source_set	hiview_utility	//base/hiviewdfx/hiview/base/utility:hiview_utility	production	bundle-prefix
hiviewdfx	hiview	base/hiviewdfx/hiview	base/hiviewdfx/hiview/base/utility/test/BUILD.gn	19	group	unittest	//base/hiviewdfx/hiview/base/utility/test:unittest	test	bundle-prefix
hiviewdfx	hiview	base/hiviewdfx/hiview	base/hiviewdfx/hiview/base/utility/test/BUILD.gn	29	config	base_utility_config_test	//base/hiviewdfx/hiview/base/utility/test:base_utility_config_test	build-support	bundle-prefix
hiviewdfx	hiview	base/hiviewdfx/hiview	base/hiviewdfx/hiview/base/utility/test/BUILD.gn	40	ohos_unittest	BaseUtilityUnitTest	//base/hiviewdfx/hiview/base/utility/test:BaseUtilityUnitTest	test	bundle-prefix
hiviewdfx	hiview	base/hiviewdfx/hiview	base/hiviewdfx/hiview/base/utility/test/BUILD.gn	59	ohos_unittest	SystemServiceOhosUnitTest	//base/hiviewdfx/hiview/base/utility/test:SystemServiceOhosUnitTest	test	bundle-prefix
hiviewdfx	hiview	base/hiviewdfx/hiview	base/hiviewdfx/hiview/base/utility/test/BUILD.gn	78	ohos_unittest	AdapterUtilityOhosTest	//base/hiviewdfx/hiview/base/utility/test:AdapterUtilityOhosTest	test	bundle-prefix
hiviewdfx	hiview	base/hiviewdfx/hiview	base/hiviewdfx/hiview/base/utility/test/BUILD.gn	104	ohos_unittest	BundleUtilTest	//base/hiviewdfx/hiview/base/utility/test:BundleUtilTest	test	bundle-prefix
hiviewdfx	hiview	base/hiviewdfx/hiview	base/hiviewdfx/hiview/BUILD.gn	31	action	gen_plugin_config	//base/hiviewdfx/hiview:gen_plugin_config	aggregate-codegen	bundle-prefix
hiviewdfx	hiview	base/hiviewdfx/hiview	base/hiviewdfx/hiview/BUILD.gn	60	action	copy_plugin_config	//base/hiviewdfx/hiview:copy_plugin_config	aggregate-codegen	bundle-prefix
hiviewdfx	hiview	base/hiviewdfx/hiview	base/hiviewdfx/hiview/BUILD.gn	72	ohos_prebuilt_etc	plugin_config	//base/hiviewdfx/hiview:plugin_config	production	bundle-prefix
hiviewdfx	hiview	base/hiviewdfx/hiview	base/hiviewdfx/hiview/BUILD.gn	81	ohos_executable	hiview	//base/hiviewdfx/hiview:hiview	production	bundle-prefix
hiviewdfx	hiview	base/hiviewdfx/hiview	base/hiviewdfx/hiview/BUILD.gn	116	group	hiview_package	//base/hiviewdfx/hiview:hiview_package	aggregate-codegen	bundle-prefix
hiviewdfx	hiview	base/hiviewdfx/hiview	base/hiviewdfx/hiview/BUILD.gn	144	group	hiview_test_package	//base/hiviewdfx/hiview:hiview_test_package	test	bundle-prefix
hiviewdfx	hiview	base/hiviewdfx/hiview	base/hiviewdfx/hiview/core/BUILD.gn	16	ohos_prebuilt_etc	plugin_bundle.json	//base/hiviewdfx/hiview/core:plugin_bundle.json	production	bundle-prefix
hiviewdfx	hiview	base/hiviewdfx/hiview	base/hiviewdfx/hiview/core/BUILD.gn	23	config	hiview_core_config	//base/hiviewdfx/hiview/core:hiview_core_config	build-support	bundle-prefix
hiviewdfx	hiview	base/hiviewdfx/hiview	base/hiviewdfx/hiview/core/BUILD.gn	37	ohos_source_set	hiview_core	//base/hiviewdfx/hiview/core:hiview_core	production	bundle-prefix
hiviewdfx	hiview	base/hiviewdfx/hiview	base/hiviewdfx/hiview/core/BUILD.gn	82	ohos_source_set	hiview_core_for_test	//base/hiviewdfx/hiview/core:hiview_core_for_test	test	bundle-prefix
hiviewdfx	hiview	base/hiviewdfx/hiview	base/hiviewdfx/hiview/core/BUILD.gn	116	group	unittest	//base/hiviewdfx/hiview/core:unittest	test	bundle-prefix
hiviewdfx	hiview	base/hiviewdfx/hiview	base/hiviewdfx/hiview/core/BUILD.gn	121	group	moduletest	//base/hiviewdfx/hiview/core:moduletest	test	bundle-prefix
hiviewdfx	hiview	base/hiviewdfx/hiview	base/hiviewdfx/hiview/core/param_update/BUILD.gn	16	config	hiview_param_update_config	//base/hiviewdfx/hiview/core/param_update:hiview_param_update_config	build-support	bundle-prefix
hiviewdfx	hiview	base/hiviewdfx/hiview	base/hiviewdfx/hiview/core/param_update/BUILD.gn	25	ohos_prebuilt_etc	hiviewparam_update	//base/hiviewdfx/hiview/core/param_update:hiviewparam_update	production	bundle-prefix
hiviewdfx	hiview	base/hiviewdfx/hiview	base/hiviewdfx/hiview/core/param_update/BUILD.gn	32	ohos_source_set	hiview_param_update	//base/hiviewdfx/hiview/core/param_update:hiview_param_update	production	bundle-prefix
hiviewdfx	hiview	base/hiviewdfx/hiview	base/hiviewdfx/hiview/core/param_update/BUILD.gn	67	ohos_source_set	hiview_param_update_for_tdd	//base/hiviewdfx/hiview/core/param_update:hiview_param_update_for_tdd	production	bundle-prefix
hiviewdfx	hiview	base/hiviewdfx/hiview	base/hiviewdfx/hiview/core/platform_config/BUILD.gn	16	config	hiview_platform_config_config	//base/hiviewdfx/hiview/core/platform_config:hiview_platform_config_config	build-support	bundle-prefix
hiviewdfx	hiview	base/hiviewdfx/hiview	base/hiviewdfx/hiview/core/platform_config/BUILD.gn	21	ohos_prebuilt_etc	hiview_platform_config	//base/hiviewdfx/hiview/core/platform_config:hiview_platform_config	production	bundle-prefix
hiviewdfx	hiview	base/hiviewdfx/hiview	base/hiviewdfx/hiview/core/platform_config/BUILD.gn	28	ohos_source_set	hiviewplatform_config	//base/hiviewdfx/hiview/core/platform_config:hiviewplatform_config	production	bundle-prefix
hiviewdfx	hiview	base/hiviewdfx/hiview	base/hiviewdfx/hiview/core/platform_config/BUILD.gn	50	ohos_source_set	hiviewplatform_config_for_tdd	//base/hiviewdfx/hiview/core/platform_config:hiviewplatform_config_for_tdd	production	bundle-prefix
hiviewdfx	hiview	base/hiviewdfx/hiview	base/hiviewdfx/hiview/core/test/BUILD.gn	17	group	unittest	//base/hiviewdfx/hiview/core/test:unittest	test	bundle-prefix
hiviewdfx	hiview	base/hiviewdfx/hiview	base/hiviewdfx/hiview/core/test/BUILD.gn	29	config	unittest_config	//base/hiviewdfx/hiview/core/test:unittest_config	build-support	bundle-prefix
hiviewdfx	hiview	base/hiviewdfx/hiview	base/hiviewdfx/hiview/core/test/BUILD.gn	41	ohos_unittest	PlatformConfigTest	//base/hiviewdfx/hiview/core/test:PlatformConfigTest	test	bundle-prefix
hiviewdfx	hiview	base/hiviewdfx/hiview	base/hiviewdfx/hiview/core/test/BUILD.gn	62	ohos_unittest	PluginPlatformTest	//base/hiviewdfx/hiview/core/test:PluginPlatformTest	test	bundle-prefix
hiviewdfx	hiview	base/hiviewdfx/hiview	base/hiviewdfx/hiview/core/test/BUILD.gn	95	ohos_unittest	PluginBundleTest	//base/hiviewdfx/hiview/core/test:PluginBundleTest	test	bundle-prefix
hiviewdfx	hiview	base/hiviewdfx/hiview	base/hiviewdfx/hiview/core/test/BUILD.gn	119	ohos_unittest	EventDispatchQueueTest	//base/hiviewdfx/hiview/core/test:EventDispatchQueueTest	test	bundle-prefix
hiviewdfx	hiview	base/hiviewdfx/hiview	base/hiviewdfx/hiview/core/test/BUILD.gn	140	ohos_unittest	HiviewPlatformConfigTest	//base/hiviewdfx/hiview/core/test:HiviewPlatformConfigTest	test	bundle-prefix
hiviewdfx	hiview	base/hiviewdfx/hiview	base/hiviewdfx/hiview/core/test/BUILD.gn	161	ohos_unittest	ParamUpdateTest	//base/hiviewdfx/hiview/core/test:ParamUpdateTest	test	bundle-prefix
hiviewdfx	hiview	base/hiviewdfx/hiview	base/hiviewdfx/hiview/framework/native/unified_collection/BUILD.gn	17	config	ucollection_source_config	//base/hiviewdfx/hiview/framework/native/unified_collection:ucollection_source_config	build-support	bundle-prefix
hiviewdfx	hiview	base/hiviewdfx/hiview	base/hiviewdfx/hiview/framework/native/unified_collection/BUILD.gn	127	config	ucollection_test_config	//base/hiviewdfx/hiview/framework/native/unified_collection:ucollection_test_config	build-support	bundle-prefix
hiviewdfx	hiview	base/hiviewdfx/hiview	base/hiviewdfx/hiview/framework/native/unified_collection/BUILD.gn	146	ohos_source_set	ucollection_source	//base/hiviewdfx/hiview/framework/native/unified_collection:ucollection_source	production	bundle-prefix
hiviewdfx	hiview	base/hiviewdfx/hiview	base/hiviewdfx/hiview/framework/native/unified_collection/BUILD.gn	346	ohos_source_set	memory_collector_empty_source	//base/hiviewdfx/hiview/framework/native/unified_collection:memory_collector_empty_source	production	bundle-prefix
hiviewdfx	hiview	base/hiviewdfx/hiview	base/hiviewdfx/hiview/framework/native/unified_collection/BUILD.gn	363	ohos_source_set	cpu_collector_empty_source	//base/hiviewdfx/hiview/framework/native/unified_collection:cpu_collector_empty_source	production	bundle-prefix
hiviewdfx	hiview	base/hiviewdfx/hiview	base/hiviewdfx/hiview/framework/native/unified_collection/BUILD.gn	380	group	unittest	//base/hiviewdfx/hiview/framework/native/unified_collection:unittest	test	bundle-prefix
hiviewdfx	hiview	base/hiviewdfx/hiview	base/hiviewdfx/hiview/framework/native/unified_collection/collector/config/test/unittest/BUILD.gn	16	config	perf_collect_config_test_config	//base/hiviewdfx/hiview/framework/native/unified_collection/collector/config/test/unittest:perf_collect_config_test_config	build-support	bundle-prefix
hiviewdfx	hiview	base/hiviewdfx/hiview	base/hiviewdfx/hiview/framework/native/unified_collection/collector/config/test/unittest/BUILD.gn	29	ohos_unittest	PerfCollectConfigUnitTest	//base/hiviewdfx/hiview/framework/native/unified_collection/collector/config/test/unittest:PerfCollectConfigUnitTest	test	bundle-prefix
hiviewdfx	hiview	base/hiviewdfx/hiview	base/hiviewdfx/hiview/framework/native/unified_collection/collector/impl/cpu/device_client/BUILD.gn	17	config	collect_device_client_config	//base/hiviewdfx/hiview/framework/native/unified_collection/collector/impl/cpu/device_client:collect_device_client_config	build-support	bundle-prefix
hiviewdfx	hiview	base/hiviewdfx/hiview	base/hiviewdfx/hiview/framework/native/unified_collection/collector/impl/cpu/device_client/BUILD.gn	25	ohos_source_set	collect_device_client	//base/hiviewdfx/hiview/framework/native/unified_collection/collector/impl/cpu/device_client:collect_device_client	production	bundle-prefix
hiviewdfx	hiview	base/hiviewdfx/hiview	base/hiviewdfx/hiview/framework/native/unified_collection/collector/impl/memory/utils/test/unittest/BUILD.gn	16	config	memory_utils_test_config	//base/hiviewdfx/hiview/framework/native/unified_collection/collector/impl/memory/utils/test/unittest:memory_utils_test_config	build-support	bundle-prefix
hiviewdfx	hiview	base/hiviewdfx/hiview	base/hiviewdfx/hiview/framework/native/unified_collection/collector/impl/memory/utils/test/unittest/BUILD.gn	28	ohos_unittest	MemoryUtilsUnitTest	//base/hiviewdfx/hiview/framework/native/unified_collection/collector/impl/memory/utils/test/unittest:MemoryUtilsUnitTest	test	bundle-prefix
hiviewdfx	hiview	base/hiviewdfx/hiview	base/hiviewdfx/hiview/framework/native/unified_collection/collector/impl/trace/test/BUILD.gn	16	config	trace_unified_collection_test_config	//base/hiviewdfx/hiview/framework/native/unified_collection/collector/impl/trace/test:trace_unified_collection_test_config	build-support	bundle-prefix
hiviewdfx	hiview	base/hiviewdfx/hiview	base/hiviewdfx/hiview/framework/native/unified_collection/collector/impl/trace/test/BUILD.gn	36	ohos_unittest	TraceUtilsTest	//base/hiviewdfx/hiview/framework/native/unified_collection/collector/impl/trace/test:TraceUtilsTest	test	bundle-prefix
hiviewdfx	hiview	base/hiviewdfx/hiview	base/hiviewdfx/hiview/framework/native/unified_collection/collector/impl/trace/test/BUILD.gn	61	ohos_unittest	TraceStrategyTest	//base/hiviewdfx/hiview/framework/native/unified_collection/collector/impl/trace/test:TraceStrategyTest	test	bundle-prefix
hiviewdfx	hiview	base/hiviewdfx/hiview	base/hiviewdfx/hiview/framework/native/unified_collection/collector/impl/trace/test/BUILD.gn	102	ohos_unittest	TraceStrategyExTest	//base/hiviewdfx/hiview/framework/native/unified_collection/collector/impl/trace/test:TraceStrategyExTest	test	bundle-prefix
hiviewdfx	hiview	base/hiviewdfx/hiview	base/hiviewdfx/hiview/framework/native/unified_collection/collector/impl/trace/test/BUILD.gn	143	ohos_unittest	TraceImplTest	//base/hiviewdfx/hiview/framework/native/unified_collection/collector/impl/trace/test:TraceImplTest	test	bundle-prefix
hiviewdfx	hiview	base/hiviewdfx/hiview	base/hiviewdfx/hiview/framework/native/unified_collection/collector/test/BUILD.gn	16	config	common_util_test_config	//base/hiviewdfx/hiview/framework/native/unified_collection/collector/test:common_util_test_config	build-support	bundle-prefix
hiviewdfx	hiview	base/hiviewdfx/hiview	base/hiviewdfx/hiview/framework/native/unified_collection/collector/test/BUILD.gn	31	ohos_unittest	CommonUtilTest	//base/hiviewdfx/hiview/framework/native/unified_collection/collector/test:CommonUtilTest	test	bundle-prefix
hiviewdfx	hiview	base/hiviewdfx/hiview	base/hiviewdfx/hiview/framework/native/unified_collection/decorator/test/BUILD.gn	16	config	decorator_test_config	//base/hiviewdfx/hiview/framework/native/unified_collection/decorator/test:decorator_test_config	build-support	bundle-prefix
hiviewdfx	hiview	base/hiviewdfx/hiview	base/hiviewdfx/hiview/framework/native/unified_collection/decorator/test/BUILD.gn	28	ohos_unittest	DecoratorUnitTest	//base/hiviewdfx/hiview/framework/native/unified_collection/decorator/test:DecoratorUnitTest	test	bundle-prefix
hiviewdfx	hiview	base/hiviewdfx/hiview	base/hiviewdfx/hiview/framework/native/unified_collection/graphic_memory/BUILD.gn	17	config	libgraphic_memory_config	//base/hiviewdfx/hiview/framework/native/unified_collection/graphic_memory:libgraphic_memory_config	build-support	bundle-prefix
hiviewdfx	hiview	base/hiviewdfx/hiview	base/hiviewdfx/hiview/framework/native/unified_collection/graphic_memory/BUILD.gn	22	ohos_shared_library	libgraphic_memory	//base/hiviewdfx/hiview/framework/native/unified_collection/graphic_memory:libgraphic_memory	production	bundle-prefix
hiviewdfx	hiview	base/hiviewdfx/hiview	base/hiviewdfx/hiview/framework/native/unified_collection/trace_manager/BUILD.gn	17	config	trace_manager_config	//base/hiviewdfx/hiview/framework/native/unified_collection/trace_manager:trace_manager_config	build-support	bundle-prefix
hiviewdfx	hiview	base/hiviewdfx/hiview	base/hiviewdfx/hiview/framework/native/unified_collection/trace_manager/BUILD.gn	30	ohos_prebuilt_etc	trace_quota_config.json	//base/hiviewdfx/hiview/framework/native/unified_collection/trace_manager:trace_quota_config.json	production	bundle-prefix
hiviewdfx	hiview	base/hiviewdfx/hiview	base/hiviewdfx/hiview/framework/native/unified_collection/trace_manager/BUILD.gn	37	ohos_source_set	trace_manager_source	//base/hiviewdfx/hiview/framework/native/unified_collection/trace_manager:trace_manager_source	production	bundle-prefix
hiviewdfx	hiview	base/hiviewdfx/hiview	base/hiviewdfx/hiview/framework/native/unified_collection/trace_manager/BUILD.gn	84	ohos_shared_library	libtrace_manager	//base/hiviewdfx/hiview/framework/native/unified_collection/trace_manager:libtrace_manager	production	bundle-prefix
hiviewdfx	hiview	base/hiviewdfx/hiview	base/hiviewdfx/hiview/framework/native/unified_collection/trace_manager/test/BUILD.gn	16	config	trace_manager_test_config	//base/hiviewdfx/hiview/framework/native/unified_collection/trace_manager/test:trace_manager_test_config	build-support	bundle-prefix
hiviewdfx	hiview	base/hiviewdfx/hiview	base/hiviewdfx/hiview/framework/native/unified_collection/trace_manager/test/BUILD.gn	37	ohos_unittest	TraceManagerTest	//base/hiviewdfx/hiview/framework/native/unified_collection/trace_manager/test:TraceManagerTest	test	bundle-prefix
hiviewdfx	hiview	base/hiviewdfx/hiview	base/hiviewdfx/hiview/hiretrieval/BUILD.gn	16	group	hiretrieval_packages	//base/hiviewdfx/hiview/hiretrieval:hiretrieval_packages	aggregate-codegen	bundle-prefix
hiviewdfx	hiview	base/hiviewdfx/hiview	base/hiviewdfx/hiview/hiretrieval/BUILD.gn	25	group	unittest	//base/hiviewdfx/hiview/hiretrieval:unittest	test	bundle-prefix
hiviewdfx	hiview	base/hiviewdfx/hiview	base/hiviewdfx/hiview/hiretrieval/frameworks/BUILD.gn	16	config	hiretrieval_config	//base/hiviewdfx/hiview/hiretrieval/frameworks:hiretrieval_config	build-support	bundle-prefix
hiviewdfx	hiview	base/hiviewdfx/hiview	base/hiviewdfx/hiview/hiretrieval/frameworks/BUILD.gn	22	ohos_shared_library	libhiretrieval	//base/hiviewdfx/hiview/hiretrieval/frameworks:libhiretrieval	production	bundle-prefix
hiviewdfx	hiview	base/hiviewdfx/hiview	base/hiviewdfx/hiview/hiretrieval/frameworks/test/BUILD.gn	19	group	unittest	//base/hiviewdfx/hiview/hiretrieval/frameworks/test:unittest	test	bundle-prefix
hiviewdfx	hiview	base/hiviewdfx/hiview	base/hiviewdfx/hiview/hiretrieval/frameworks/test/BUILD.gn	27	config	hiretrieval_unittest_config	//base/hiviewdfx/hiview/hiretrieval/frameworks/test:hiretrieval_unittest_config	build-support	bundle-prefix
hiviewdfx	hiview	base/hiviewdfx/hiview	base/hiviewdfx/hiview/hiretrieval/frameworks/test/BUILD.gn	38	ohos_unittest	HiRetrievalDynamicLoaderUnitTest	//base/hiviewdfx/hiview/hiretrieval/frameworks/test:HiRetrievalDynamicLoaderUnitTest	test	bundle-prefix
hiviewdfx	hiview	base/hiviewdfx/hiview	base/hiviewdfx/hiview/hiretrieval/frameworks/test/BUILD.gn	54	ohos_unittest	HiRetrievalMgrUnitTest	//base/hiviewdfx/hiview/hiretrieval/frameworks/test:HiRetrievalMgrUnitTest	test	bundle-prefix
hiviewdfx	hiview	base/hiviewdfx/hiview	base/hiviewdfx/hiview/hiretrieval/interfaces/common/BUILD.gn	17	config	hiretrieval_common_config	//base/hiviewdfx/hiview/hiretrieval/interfaces/common:hiretrieval_common_config	build-support	bundle-prefix
hiviewdfx	hiview	base/hiviewdfx/hiview	base/hiviewdfx/hiview/hiretrieval/interfaces/common/BUILD.gn	26	ohos_source_set	hiretrieval_common_set	//base/hiviewdfx/hiview/hiretrieval/interfaces/common:hiretrieval_common_set	production	bundle-prefix
hiviewdfx	hiview	base/hiviewdfx/hiview	base/hiviewdfx/hiview/hiretrieval/interfaces/ets/ani/BUILD.gn	18	config	libhiretrieval_ani_config	//base/hiviewdfx/hiview/hiretrieval/interfaces/ets/ani:libhiretrieval_ani_config	build-support	bundle-prefix
hiviewdfx	hiview	base/hiviewdfx/hiview	base/hiviewdfx/hiview/hiretrieval/interfaces/ets/ani/BUILD.gn	24	ohos_shared_library	libhiretrieval_ani	//base/hiviewdfx/hiview/hiretrieval/interfaces/ets/ani:libhiretrieval_ani	production	bundle-prefix
hiviewdfx	hiview	base/hiviewdfx/hiview	base/hiviewdfx/hiview/hiretrieval/interfaces/ets/ani/BUILD.gn	61	generate_static_abc	hiretrieval	//base/hiviewdfx/hiview/hiretrieval/interfaces/ets/ani:hiretrieval	aggregate-codegen	bundle-prefix
hiviewdfx	hiview	base/hiviewdfx/hiview	base/hiviewdfx/hiview/hiretrieval/interfaces/ets/ani/BUILD.gn	71	ohos_prebuilt_etc	hiretrieval_etc	//base/hiviewdfx/hiview/hiretrieval/interfaces/ets/ani:hiretrieval_etc	production	bundle-prefix
hiviewdfx	hiview	base/hiviewdfx/hiview	base/hiviewdfx/hiview/hiretrieval/interfaces/js/napi/BUILD.gn	17	config	hiretrieval_napi_config	//base/hiviewdfx/hiview/hiretrieval/interfaces/js/napi:hiretrieval_napi_config	build-support	bundle-prefix
hiviewdfx	hiview	base/hiviewdfx/hiview	base/hiviewdfx/hiview/hiretrieval/interfaces/js/napi/BUILD.gn	23	ohos_shared_library	libhiretrieval_napi	//base/hiviewdfx/hiview/hiretrieval/interfaces/js/napi:libhiretrieval_napi	production	bundle-prefix
hiviewdfx	hiview	base/hiviewdfx/hiview	base/hiviewdfx/hiview/hiretrieval/interfaces/test/unittest/common/BUILD.gn	16	group	unittest	//base/hiviewdfx/hiview/hiretrieval/interfaces/test/unittest/common:unittest	test	bundle-prefix
hiviewdfx	hiview	base/hiviewdfx/hiview	base/hiviewdfx/hiview/hiretrieval/interfaces/test/unittest/common/napi/BUILD.gn	18	ohos_js_unittest	HiRetrievalJsUnitTest	//base/hiviewdfx/hiview/hiretrieval/interfaces/test/unittest/common/napi:HiRetrievalJsUnitTest	test	bundle-prefix
hiviewdfx	hiview	base/hiviewdfx/hiview	base/hiviewdfx/hiview/interfaces/ets/ani/BUILD.gn	16	group	ani_loglibrary_package	//base/hiviewdfx/hiview/interfaces/ets/ani:ani_loglibrary_package	aggregate-codegen	bundle-prefix
hiviewdfx	hiview	base/hiviewdfx/hiview	base/hiviewdfx/hiview/interfaces/ets/ani/loglibrary/BUILD.gn	18	ohos_shared_library	loglibrary_ani	//base/hiviewdfx/hiview/interfaces/ets/ani/loglibrary:loglibrary_ani	production	bundle-prefix
hiviewdfx	hiview	base/hiviewdfx/hiview	base/hiviewdfx/hiview/interfaces/ets/ani/loglibrary/BUILD.gn	63	generate_static_abc	loglibrary	//base/hiviewdfx/hiview/interfaces/ets/ani/loglibrary:loglibrary	aggregate-codegen	bundle-prefix
hiviewdfx	hiview	base/hiviewdfx/hiview	base/hiviewdfx/hiview/interfaces/ets/ani/loglibrary/BUILD.gn	70	ohos_prebuilt_etc	loglibrary_etc	//base/hiviewdfx/hiview/interfaces/ets/ani/loglibrary:loglibrary_etc	production	bundle-prefix
hiviewdfx	hiview	base/hiviewdfx/hiview	base/hiviewdfx/hiview/interfaces/inner_api/unified_collection/client/BUILD.gn	17	config	ucollection_client_config	//base/hiviewdfx/hiview/interfaces/inner_api/unified_collection/client:ucollection_client_config	build-support	bundle-prefix
hiviewdfx	hiview	base/hiviewdfx/hiview	base/hiviewdfx/hiview/interfaces/inner_api/unified_collection/client/BUILD.gn	27	ohos_shared_library	libucollection_client	//base/hiviewdfx/hiview/interfaces/inner_api/unified_collection/client:libucollection_client	production	bundle-prefix
hiviewdfx	hiview	base/hiviewdfx/hiview	base/hiviewdfx/hiview/interfaces/inner_api/unified_collection/client/src/BUILD.gn	17	config	ucolletciton_client_source_config	//base/hiviewdfx/hiview/interfaces/inner_api/unified_collection/client/src:ucolletciton_client_source_config	build-support	bundle-prefix
hiviewdfx	hiview	base/hiviewdfx/hiview	base/hiviewdfx/hiview/interfaces/inner_api/unified_collection/client/src/BUILD.gn	27	ohos_source_set	ucollection_client_source	//base/hiviewdfx/hiview/interfaces/inner_api/unified_collection/client/src:ucollection_client_source	production	bundle-prefix
hiviewdfx	hiview	base/hiviewdfx/hiview	base/hiviewdfx/hiview/interfaces/inner_api/unified_collection/utility/BUILD.gn	17	config	ucolletciton_utility_config	//base/hiviewdfx/hiview/interfaces/inner_api/unified_collection/utility:ucolletciton_utility_config	build-support	bundle-prefix
hiviewdfx	hiview	base/hiviewdfx/hiview	base/hiviewdfx/hiview/interfaces/inner_api/unified_collection/utility/BUILD.gn	26	ohos_shared_library	libucollection_utility	//base/hiviewdfx/hiview/interfaces/inner_api/unified_collection/utility:libucollection_utility	production	bundle-prefix
hiviewdfx	hiview	base/hiviewdfx/hiview	base/hiviewdfx/hiview/interfaces/inner_api/unified_collection/utility/BUILD.gn	45	config	ucolletciton_graphic_config	//base/hiviewdfx/hiview/interfaces/inner_api/unified_collection/utility:ucolletciton_graphic_config	build-support	bundle-prefix
hiviewdfx	hiview	base/hiviewdfx/hiview	base/hiviewdfx/hiview/interfaces/inner_api/unified_collection/utility/BUILD.gn	57	ohos_shared_library	libucollection_graphic	//base/hiviewdfx/hiview/interfaces/inner_api/unified_collection/utility:libucollection_graphic	production	bundle-prefix
hiviewdfx	hiview	base/hiviewdfx/hiview	base/hiviewdfx/hiview/interfaces/inner_api/unified_collection/utility/BUILD.gn	80	ohos_static_library	trace_strategy_for_tdd	//base/hiviewdfx/hiview/interfaces/inner_api/unified_collection/utility:trace_strategy_for_tdd	production	bundle-prefix
hiviewdfx	hiview	base/hiviewdfx/hiview	base/hiviewdfx/hiview/interfaces/inner_api/xpower_event/BUILD.gn	17	config	xpower_event_config	//base/hiviewdfx/hiview/interfaces/inner_api/xpower_event:xpower_event_config	build-support	bundle-prefix
hiviewdfx	hiview	base/hiviewdfx/hiview	base/hiviewdfx/hiview/interfaces/inner_api/xpower_event/BUILD.gn	22	ohos_shared_library	libxpower_event	//base/hiviewdfx/hiview/interfaces/inner_api/xpower_event:libxpower_event	production	bundle-prefix
hiviewdfx	hiview	base/hiviewdfx/hiview	base/hiviewdfx/hiview/interfaces/inner_api/xpower_event/BUILD.gn	39	ohos_shared_library	libxpower_event_js	//base/hiviewdfx/hiview/interfaces/inner_api/xpower_event:libxpower_event_js	production	bundle-prefix
hiviewdfx	hiview	base/hiviewdfx/hiview	base/hiviewdfx/hiview/interfaces/js/napi/BUILD.gn	17	ohos_shared_library	loglibrary_napi	//base/hiviewdfx/hiview/interfaces/js/napi:loglibrary_napi	production	bundle-prefix
hiviewdfx	hiview	base/hiviewdfx/hiview	base/hiviewdfx/hiview/interfaces/js/napi/BUILD.gn	58	group	unittest	//base/hiviewdfx/hiview/interfaces/js/napi:unittest	test	bundle-prefix
hiviewdfx	hiview	base/hiviewdfx/hiview	base/hiviewdfx/hiview/interfaces/js/napi/test/BUILD.gn	18	group	unittest	//base/hiviewdfx/hiview/interfaces/js/napi/test:unittest	test	bundle-prefix
hiviewdfx	hiview	base/hiviewdfx/hiview	base/hiviewdfx/hiview/interfaces/js/napi/test/BUILD.gn	26	config	unittest_config	//base/hiviewdfx/hiview/interfaces/js/napi/test:unittest_config	build-support	bundle-prefix
hiviewdfx	hiview	base/hiviewdfx/hiview	base/hiviewdfx/hiview/interfaces/js/napi/test/BUILD.gn	41	ohos_unittest	InterfaceJsNapiTest	//base/hiviewdfx/hiview/interfaces/js/napi/test:InterfaceJsNapiTest	test	bundle-prefix
hiviewdfx	hiview	base/hiviewdfx/hiview	base/hiviewdfx/hiview/interfaces/js/napi/test/BUILD.gn	59	ohos_unittest	LoglibraryAgentTest	//base/hiviewdfx/hiview/interfaces/js/napi/test:LoglibraryAgentTest	test	bundle-prefix
hiviewdfx	hiview	base/hiviewdfx/hiview	base/hiviewdfx/hiview/plugins/BUILD.gn	17	group	unittest	//base/hiviewdfx/hiview/plugins:unittest	test	bundle-prefix
hiviewdfx	hiview	base/hiviewdfx/hiview	base/hiviewdfx/hiview/plugins/BUILD.gn	33	group	moduletest	//base/hiviewdfx/hiview/plugins:moduletest	test	bundle-prefix
hiviewdfx	hiview	base/hiviewdfx/hiview	base/hiviewdfx/hiview/plugins/BUILD.gn	43	group	fuzztest	//base/hiviewdfx/hiview/plugins:fuzztest	test	bundle-prefix
hiviewdfx	hiview	base/hiviewdfx/hiview	base/hiviewdfx/hiview/plugins/crash_validator/BUILD.gn	17	config	crash_validator_config	//base/hiviewdfx/hiview/plugins/crash_validator:crash_validator_config	build-support	bundle-prefix
hiviewdfx	hiview	base/hiviewdfx/hiview	base/hiviewdfx/hiview/plugins/crash_validator/BUILD.gn	27	ohos_prebuilt_etc	crashvalidator_plugin_config	//base/hiviewdfx/hiview/plugins/crash_validator:crashvalidator_plugin_config	test	bundle-prefix
hiviewdfx	hiview	base/hiviewdfx/hiview	base/hiviewdfx/hiview/plugins/crash_validator/BUILD.gn	34	ohos_shared_library	libcrashvalidator	//base/hiviewdfx/hiview/plugins/crash_validator:libcrashvalidator	test	bundle-prefix
hiviewdfx	hiview	base/hiviewdfx/hiview	base/hiviewdfx/hiview/plugins/crash_validator/BUILD.gn	61	group	unittest	//base/hiviewdfx/hiview/plugins/crash_validator:unittest	test	bundle-prefix
hiviewdfx	hiview	base/hiviewdfx/hiview	base/hiviewdfx/hiview/plugins/crash_validator/BUILD.gn	66	group	moduletest	//base/hiviewdfx/hiview/plugins/crash_validator:moduletest	test	bundle-prefix
hiviewdfx	hiview	base/hiviewdfx/hiview	base/hiviewdfx/hiview/plugins/event_store/BUILD.gn	17	config	sys_event_store_config	//base/hiviewdfx/hiview/plugins/event_store:sys_event_store_config	build-support	bundle-prefix
hiviewdfx	hiview	base/hiviewdfx/hiview	base/hiviewdfx/hiview/plugins/event_store/BUILD.gn	25	ohos_source_set	sys_event_store	//base/hiviewdfx/hiview/plugins/event_store:sys_event_store	production	bundle-prefix
hiviewdfx	hiview	base/hiviewdfx/hiview	base/hiviewdfx/hiview/plugins/event_store/BUILD.gn	61	group	unittest	//base/hiviewdfx/hiview/plugins/event_store:unittest	test	bundle-prefix
hiviewdfx	hiview	base/hiviewdfx/hiview	base/hiviewdfx/hiview/plugins/event_store/BUILD.gn	66	group	moduletest	//base/hiviewdfx/hiview/plugins/event_store:moduletest	test	bundle-prefix
hiviewdfx	hiview	base/hiviewdfx/hiview	base/hiviewdfx/hiview/plugins/event_store/event_export/BUILD.gn	17	config	event_export_engine_config	//base/hiviewdfx/hiview/plugins/event_store/event_export:event_export_engine_config	build-support	bundle-prefix
hiviewdfx	hiview	base/hiviewdfx/hiview	base/hiviewdfx/hiview/plugins/event_store/event_export/BUILD.gn	28	ohos_source_set	event_export_engine	//base/hiviewdfx/hiview/plugins/event_store/event_export:event_export_engine	production	bundle-prefix
hiviewdfx	hiview	base/hiviewdfx/hiview	base/hiviewdfx/hiview/plugins/event_store/event_export/test/BUILD.gn	19	group	unittest	//base/hiviewdfx/hiview/plugins/event_store/event_export/test:unittest	test	bundle-prefix
hiviewdfx	hiview	base/hiviewdfx/hiview	base/hiviewdfx/hiview/plugins/event_store/event_export/test/BUILD.gn	30	config	event_export_config_test_config	//base/hiviewdfx/hiview/plugins/event_store/event_export/test:event_export_config_test_config	build-support	bundle-prefix
hiviewdfx	hiview	base/hiviewdfx/hiview	base/hiviewdfx/hiview/plugins/event_store/event_export/test/BUILD.gn	38	ohos_unittest	EventExportConfigTest	//base/hiviewdfx/hiview/plugins/event_store/event_export/test:EventExportConfigTest	test	bundle-prefix
hiviewdfx	hiview	base/hiviewdfx/hiview	base/hiviewdfx/hiview/plugins/event_store/event_export/test/BUILD.gn	62	config	event_db_mgr_test_config	//base/hiviewdfx/hiview/plugins/event_store/event_export/test:event_db_mgr_test_config	build-support	bundle-prefix
hiviewdfx	hiview	base/hiviewdfx/hiview	base/hiviewdfx/hiview/plugins/event_store/event_export/test/BUILD.gn	70	ohos_unittest	EventExportDbMgrTest	//base/hiviewdfx/hiview/plugins/event_store/event_export/test:EventExportDbMgrTest	test	bundle-prefix
hiviewdfx	hiview	base/hiviewdfx/hiview	base/hiviewdfx/hiview/plugins/event_store/event_export/test/BUILD.gn	91	config	event_export_mgr_test_config	//base/hiviewdfx/hiview/plugins/event_store/event_export/test:event_export_mgr_test_config	build-support	bundle-prefix
hiviewdfx	hiview	base/hiviewdfx/hiview	base/hiviewdfx/hiview/plugins/event_store/event_export/test/BUILD.gn	99	ohos_unittest	EventExportMgrTest	//base/hiviewdfx/hiview/plugins/event_store/event_export/test:EventExportMgrTest	test	bundle-prefix
hiviewdfx	hiview	base/hiviewdfx/hiview	base/hiviewdfx/hiview/plugins/event_store/event_export/test/BUILD.gn	129	ohos_unittest	EventExportWriteTest	//base/hiviewdfx/hiview/plugins/event_store/event_export/test:EventExportWriteTest	test	bundle-prefix
hiviewdfx	hiview	base/hiviewdfx/hiview	base/hiviewdfx/hiview/plugins/event_store/event_export/test/BUILD.gn	156	ohos_unittest	TriggerExportTest	//base/hiviewdfx/hiview/plugins/event_store/event_export/test:TriggerExportTest	test	bundle-prefix
hiviewdfx	hiview	base/hiviewdfx/hiview	base/hiviewdfx/hiview/plugins/event_validator/BUILD.gn	16	config	event_validator_config	//base/hiviewdfx/hiview/plugins/event_validator:event_validator_config	build-support	bundle-prefix
hiviewdfx	hiview	base/hiviewdfx/hiview	base/hiviewdfx/hiview/plugins/event_validator/BUILD.gn	26	ohos_source_set	event_validator	//base/hiviewdfx/hiview/plugins/event_validator:event_validator	test	bundle-prefix
hiviewdfx	hiview	base/hiviewdfx/hiview	base/hiviewdfx/hiview/plugins/event_validator/BUILD.gn	70	group	unittest	//base/hiviewdfx/hiview/plugins/event_validator:unittest	test	bundle-prefix
hiviewdfx	hiview	base/hiviewdfx/hiview	base/hiviewdfx/hiview/plugins/event_validator/BUILD.gn	78	group	moduletest	//base/hiviewdfx/hiview/plugins/event_validator:moduletest	test	bundle-prefix
hiviewdfx	hiview	base/hiviewdfx/hiview	base/hiviewdfx/hiview/plugins/event_validator/BUILD.gn	83	group	fuzztest	//base/hiviewdfx/hiview/plugins/event_validator:fuzztest	test	bundle-prefix
hiviewdfx	hiview	base/hiviewdfx/hiview	base/hiviewdfx/hiview/plugins/event_validator/test/unittest/common/BUILD.gn	18	config	unittest_config	//base/hiviewdfx/hiview/plugins/event_validator/test/unittest/common:unittest_config	build-support	bundle-prefix
hiviewdfx	hiview	base/hiviewdfx/hiview	base/hiviewdfx/hiview/plugins/event_validator/test/unittest/common/BUILD.gn	32	ohos_unittest	DailyControllerTest	//base/hiviewdfx/hiview/plugins/event_validator/test/unittest/common:DailyControllerTest	test	bundle-prefix
hiviewdfx	hiview	base/hiviewdfx/hiview	base/hiviewdfx/hiview/plugins/event_validator/test/unittest/common/BUILD.gn	58	ohos_unittest	EventValidatorTest	//base/hiviewdfx/hiview/plugins/event_validator/test/unittest/common:EventValidatorTest	test	bundle-prefix
hiviewdfx	hiview	base/hiviewdfx/hiview	base/hiviewdfx/hiview/plugins/eventlogger/BUILD.gn	15	config	event_logger_config	//base/hiviewdfx/hiview/plugins/eventlogger:event_logger_config	build-support	bundle-prefix
hiviewdfx	hiview	base/hiviewdfx/hiview	base/hiviewdfx/hiview/plugins/eventlogger/BUILD.gn	24	ohos_source_set	eventlogger	//base/hiviewdfx/hiview/plugins/eventlogger:eventlogger	production	bundle-prefix
hiviewdfx	hiview	base/hiviewdfx/hiview	base/hiviewdfx/hiview/plugins/eventlogger/BUILD.gn	74	ohos_shared_library	eventloggerso	//base/hiviewdfx/hiview/plugins/eventlogger:eventloggerso	production	bundle-prefix
hiviewdfx	hiview	base/hiviewdfx/hiview	base/hiviewdfx/hiview/plugins/eventlogger/BUILD.gn	93	group	unittest	//base/hiviewdfx/hiview/plugins/eventlogger:unittest	test	bundle-prefix
hiviewdfx	hiview	base/hiviewdfx/hiview	base/hiviewdfx/hiview/plugins/eventlogger/BUILD.gn	106	group	moduletest	//base/hiviewdfx/hiview/plugins/eventlogger:moduletest	test	bundle-prefix
hiviewdfx	hiview	base/hiviewdfx/hiview	base/hiviewdfx/hiview/plugins/eventlogger/config/BUILD.gn	16	config	eventlogger_config_config	//base/hiviewdfx/hiview/plugins/eventlogger/config:eventlogger_config_config	build-support	bundle-prefix
hiviewdfx	hiview	base/hiviewdfx/hiview	base/hiviewdfx/hiview/plugins/eventlogger/config/BUILD.gn	21	ohos_prebuilt_etc	event_logger_config	//base/hiviewdfx/hiview/plugins/eventlogger/config:event_logger_config	production	bundle-prefix
hiviewdfx	hiview	base/hiviewdfx/hiview	base/hiviewdfx/hiview/plugins/eventlogger/config/BUILD.gn	28	ohos_prebuilt_etc	EventloggerPipeline	//base/hiviewdfx/hiview/plugins/eventlogger/config:EventloggerPipeline	production	bundle-prefix
hiviewdfx	hiview	base/hiviewdfx/hiview	base/hiviewdfx/hiview/plugins/eventlogger/config/BUILD.gn	35	ohos_prebuilt_etc	eventloggerso_plugin_config	//base/hiviewdfx/hiview/plugins/eventlogger/config:eventloggerso_plugin_config	production	bundle-prefix
hiviewdfx	hiview	base/hiviewdfx/hiview	base/hiviewdfx/hiview/plugins/eventlogger/config/BUILD.gn	42	ohos_source_set	eventlogger_config	//base/hiviewdfx/hiview/plugins/eventlogger/config:eventlogger_config	production	bundle-prefix
hiviewdfx	hiview	base/hiviewdfx/hiview	base/hiviewdfx/hiview/plugins/eventlogger/config/test/BUILD.gn	17	config	unittest_config	//base/hiviewdfx/hiview/plugins/eventlogger/config/test:unittest_config	build-support	bundle-prefix
hiviewdfx	hiview	base/hiviewdfx/hiview	base/hiviewdfx/hiview/plugins/eventlogger/config/test/BUILD.gn	29	ohos_unittest	EventloggerConfigTest	//base/hiviewdfx/hiview/plugins/eventlogger/config/test:EventloggerConfigTest	test	bundle-prefix
hiviewdfx	hiview	base/hiviewdfx/hiview	base/hiviewdfx/hiview/plugins/eventlogger/log_catcher/BUILD.gn	16	config	log_catcher_config	//base/hiviewdfx/hiview/plugins/eventlogger/log_catcher:log_catcher_config	build-support	bundle-prefix
hiviewdfx	hiview	base/hiviewdfx/hiview	base/hiviewdfx/hiview/plugins/eventlogger/log_catcher/BUILD.gn	28	ohos_source_set	log_catcher	//base/hiviewdfx/hiview/plugins/eventlogger/log_catcher:log_catcher	production	bundle-prefix
hiviewdfx	hiview	base/hiviewdfx/hiview	base/hiviewdfx/hiview/plugins/eventlogger/log_catcher/test/BUILD.gn	19	config	unittest_config	//base/hiviewdfx/hiview/plugins/eventlogger/log_catcher/test:unittest_config	build-support	bundle-prefix
hiviewdfx	hiview	base/hiviewdfx/hiview	base/hiviewdfx/hiview/plugins/eventlogger/log_catcher/test/BUILD.gn	32	ohos_unittest	EventloggerCatcherTest	//base/hiviewdfx/hiview/plugins/eventlogger/log_catcher/test:EventloggerCatcherTest	test	bundle-prefix
hiviewdfx	hiview	base/hiviewdfx/hiview	base/hiviewdfx/hiview/plugins/eventlogger/manager/BUILD.gn	16	config	eventlogger_manager_config	//base/hiviewdfx/hiview/plugins/eventlogger/manager:eventlogger_manager_config	build-support	bundle-prefix
hiviewdfx	hiview	base/hiviewdfx/hiview	base/hiviewdfx/hiview/plugins/eventlogger/manager/BUILD.gn	23	ohos_source_set	eventlogger_manager	//base/hiviewdfx/hiview/plugins/eventlogger/manager:eventlogger_manager	production	bundle-prefix
hiviewdfx	hiview	base/hiviewdfx/hiview	base/hiviewdfx/hiview/plugins/eventlogger/manager/test/BUILD.gn	19	config	unittest_config	//base/hiviewdfx/hiview/plugins/eventlogger/manager/test:unittest_config	build-support	bundle-prefix
hiviewdfx	hiview	base/hiviewdfx/hiview	base/hiviewdfx/hiview/plugins/eventlogger/manager/test/BUILD.gn	32	ohos_unittest	EventloggerManagerTest	//base/hiviewdfx/hiview/plugins/eventlogger/manager/test:EventloggerManagerTest	test	bundle-prefix
hiviewdfx	hiview	base/hiviewdfx/hiview	base/hiviewdfx/hiview/plugins/eventlogger/test/BUILD.gn	19	config	unittest_config	//base/hiviewdfx/hiview/plugins/eventlogger/test:unittest_config	build-support	bundle-prefix
hiviewdfx	hiview	base/hiviewdfx/hiview	base/hiviewdfx/hiview/plugins/eventlogger/test/BUILD.gn	35	ohos_unittest	EventloggerPluginTest	//base/hiviewdfx/hiview/plugins/eventlogger/test:EventloggerPluginTest	test	bundle-prefix
hiviewdfx	hiview	base/hiviewdfx/hiview	base/hiviewdfx/hiview/plugins/eventlogger/test/BUILD.gn	64	ohos_unittest	EventLoggerTest	//base/hiviewdfx/hiview/plugins/eventlogger/test:EventLoggerTest	test	bundle-prefix
hiviewdfx	hiview	base/hiviewdfx/hiview	base/hiviewdfx/hiview/plugins/faultlogger/BUILD.gn	16	ohos_shared_library	libfaultlogger	//base/hiviewdfx/hiview/plugins/faultlogger:libfaultlogger	production	bundle-prefix
hiviewdfx	hiview	base/hiviewdfx/hiview	base/hiviewdfx/hiview/plugins/faultlogger/BUILD.gn	38	ohos_source_set	faultlogger	//base/hiviewdfx/hiview/plugins/faultlogger:faultlogger	production	bundle-prefix
hiviewdfx	hiview	base/hiviewdfx/hiview	base/hiviewdfx/hiview/plugins/faultlogger/BUILD.gn	57	group	fuzztest	//base/hiviewdfx/hiview/plugins/faultlogger:fuzztest	test	bundle-prefix
hiviewdfx	hiview	base/hiviewdfx/hiview	base/hiviewdfx/hiview/plugins/faultlogger/BUILD.gn	65	group	unittest	//base/hiviewdfx/hiview/plugins/faultlogger:unittest	test	bundle-prefix
hiviewdfx	hiview	base/hiviewdfx/hiview	base/hiviewdfx/hiview/plugins/faultlogger/BUILD.gn	77	group	moduletest	//base/hiviewdfx/hiview/plugins/faultlogger:moduletest	test	bundle-prefix
hiviewdfx	hiview	base/hiviewdfx/hiview	base/hiviewdfx/hiview/plugins/faultlogger/BUILD.gn	82	group	fwk_group_fault_log_extension	//base/hiviewdfx/hiview/plugins/faultlogger:fwk_group_fault_log_extension	aggregate-codegen	bundle-prefix
hiviewdfx	hiview	base/hiviewdfx/hiview	base/hiviewdfx/hiview/plugins/faultlogger/config/BUILD.gn	17	ohos_prebuilt_etc	faultloggerPipeline	//base/hiviewdfx/hiview/plugins/faultlogger/config:faultloggerPipeline	production	bundle-prefix
hiviewdfx	hiview	base/hiviewdfx/hiview	base/hiviewdfx/hiview/plugins/faultlogger/config/BUILD.gn	24	ohos_prebuilt_etc	Faultlogger	//base/hiviewdfx/hiview/plugins/faultlogger/config:Faultlogger	production	bundle-prefix
hiviewdfx	hiview	base/hiviewdfx/hiview	base/hiviewdfx/hiview/plugins/faultlogger/framework/native/extension/BUILD.gn	17	config	faultlog_ext_private_config	//base/hiviewdfx/hiview/plugins/faultlogger/framework/native/extension:faultlog_ext_private_config	build-support	bundle-prefix
hiviewdfx	hiview	base/hiviewdfx/hiview	base/hiviewdfx/hiview/plugins/faultlogger/framework/native/extension/BUILD.gn	21	config	faultlog_ext_public_config	//base/hiviewdfx/hiview/plugins/faultlogger/framework/native/extension:faultlog_ext_public_config	build-support	bundle-prefix
hiviewdfx	hiview	base/hiviewdfx/hiview	base/hiviewdfx/hiview/plugins/faultlogger/framework/native/extension/BUILD.gn	25	ohos_shared_library	faultlogextension	//base/hiviewdfx/hiview/plugins/faultlogger/framework/native/extension:faultlogextension	production	bundle-prefix
hiviewdfx	hiview	base/hiviewdfx/hiview	base/hiviewdfx/hiview/plugins/faultlogger/framework/native/extension/zidl/BUILD.gn	17	idl_gen_interface	faultlog_ext_interface	//base/hiviewdfx/hiview/plugins/faultlogger/framework/native/extension/zidl:faultlog_ext_interface	production	bundle-prefix
hiviewdfx	hiview	base/hiviewdfx/hiview	base/hiviewdfx/hiview/plugins/faultlogger/framework/native/extension/zidl/BUILD.gn	23	config	faultlog_ext_public_config	//base/hiviewdfx/hiview/plugins/faultlogger/framework/native/extension/zidl:faultlog_ext_public_config	build-support	bundle-prefix
hiviewdfx	hiview	base/hiviewdfx/hiview	base/hiviewdfx/hiview/plugins/faultlogger/framework/native/extension/zidl/BUILD.gn	30	ohos_source_set	faultlog_extservice_zidl_stub	//base/hiviewdfx/hiview/plugins/faultlogger/framework/native/extension/zidl:faultlog_extservice_zidl_stub	production	bundle-prefix
hiviewdfx	hiview	base/hiviewdfx/hiview	base/hiviewdfx/hiview/plugins/faultlogger/framework/native/extension/zidl/BUILD.gn	55	ohos_source_set	faultlog_ext_zidl_proxy_for_test	//base/hiviewdfx/hiview/plugins/faultlogger/framework/native/extension/zidl:faultlog_ext_zidl_proxy_for_test	test	bundle-prefix
hiviewdfx	hiview	base/hiviewdfx/hiview	base/hiviewdfx/hiview/plugins/faultlogger/framework/native/extension/zidl/BUILD.gn	74	ohos_source_set	faultlog_ext_zidl_proxy	//base/hiviewdfx/hiview/plugins/faultlogger/framework/native/extension/zidl:faultlog_ext_zidl_proxy	production	bundle-prefix
hiviewdfx	hiview	base/hiviewdfx/hiview	base/hiviewdfx/hiview/plugins/faultlogger/interfaces/cj/BUILD.gn	16	ohos_shared_library	cj_faultlogger_ffi	//base/hiviewdfx/hiview/plugins/faultlogger/interfaces/cj:cj_faultlogger_ffi	production	bundle-prefix
hiviewdfx	hiview	base/hiviewdfx/hiview	base/hiviewdfx/hiview/plugins/faultlogger/interfaces/cpp/innerkits/BUILD.gn	16	config	faultlogger_innerkits_config	//base/hiviewdfx/hiview/plugins/faultlogger/interfaces/cpp/innerkits:faultlogger_innerkits_config	build-support	bundle-prefix
hiviewdfx	hiview	base/hiviewdfx/hiview	base/hiviewdfx/hiview/plugins/faultlogger/interfaces/cpp/innerkits/BUILD.gn	22	ohos_source_set	faultlogger_client_impl	//base/hiviewdfx/hiview/plugins/faultlogger/interfaces/cpp/innerkits:faultlogger_client_impl	production	bundle-prefix
hiviewdfx	hiview	base/hiviewdfx/hiview	base/hiviewdfx/hiview/plugins/faultlogger/interfaces/cpp/innerkits/BUILD.gn	50	ohos_source_set	faultlogger_client_impl_with_cfi	//base/hiviewdfx/hiview/plugins/faultlogger/interfaces/cpp/innerkits:faultlogger_client_impl_with_cfi	production	bundle-prefix
hiviewdfx	hiview	base/hiviewdfx/hiview	base/hiviewdfx/hiview/plugins/faultlogger/interfaces/cpp/innerkits/test/BUILD.gn	18	config	hiview_faultlogger_interface_test_config	//base/hiviewdfx/hiview/plugins/faultlogger/interfaces/cpp/innerkits/test:hiview_faultlogger_interface_test_config	build-support	bundle-prefix
hiviewdfx	hiview	base/hiviewdfx/hiview	base/hiviewdfx/hiview/plugins/faultlogger/interfaces/cpp/innerkits/test/BUILD.gn	28	ohos_moduletest	FaultloggerNativeInterfaceTest	//base/hiviewdfx/hiview/plugins/faultlogger/interfaces/cpp/innerkits/test:FaultloggerNativeInterfaceTest	test	bundle-prefix
hiviewdfx	hiview	base/hiviewdfx/hiview	base/hiviewdfx/hiview/plugins/faultlogger/interfaces/ets/ani/faultlogger/BUILD.gn	18	generate_static_abc	faultlog_extension_ability_ani_abc	//base/hiviewdfx/hiview/plugins/faultlogger/interfaces/ets/ani/faultlogger:faultlog_extension_ability_ani_abc	aggregate-codegen	bundle-prefix
hiviewdfx	hiview	base/hiviewdfx/hiview	base/hiviewdfx/hiview/plugins/faultlogger/interfaces/ets/ani/faultlogger/BUILD.gn	32	ohos_prebuilt_etc	faultlog_extension_ability_ani_etc	//base/hiviewdfx/hiview/plugins/faultlogger/interfaces/ets/ani/faultlogger:faultlog_extension_ability_ani_etc	production	bundle-prefix
hiviewdfx	hiview	base/hiviewdfx/hiview	base/hiviewdfx/hiview/plugins/faultlogger/interfaces/js/napi/BUILD.gn	16	ohos_shared_library	faultlogger_napi	//base/hiviewdfx/hiview/plugins/faultlogger/interfaces/js/napi:faultlogger_napi	production	bundle-prefix
hiviewdfx	hiview	base/hiviewdfx/hiview	base/hiviewdfx/hiview/plugins/faultlogger/interfaces/js/napi/fault_log_extension_context/BUILD.gn	17	es2abc_gen_abc	gen_fault_log_extension_context_abc	//base/hiviewdfx/hiview/plugins/faultlogger/interfaces/js/napi/fault_log_extension_context:gen_fault_log_extension_context_abc	production	bundle-prefix
hiviewdfx	hiview	base/hiviewdfx/hiview	base/hiviewdfx/hiview/plugins/faultlogger/interfaces/js/napi/fault_log_extension_context/BUILD.gn	25	gen_js_obj	fault_log_extension_context_js	//base/hiviewdfx/hiview/plugins/faultlogger/interfaces/js/napi/fault_log_extension_context:fault_log_extension_context_js	aggregate-codegen	bundle-prefix
hiviewdfx	hiview	base/hiviewdfx/hiview	base/hiviewdfx/hiview/plugins/faultlogger/interfaces/js/napi/fault_log_extension_context/BUILD.gn	30	gen_js_obj	fault_log_extension_context_abc	//base/hiviewdfx/hiview/plugins/faultlogger/interfaces/js/napi/fault_log_extension_context:fault_log_extension_context_abc	aggregate-codegen	bundle-prefix
hiviewdfx	hiview	base/hiviewdfx/hiview	base/hiviewdfx/hiview/plugins/faultlogger/interfaces/js/napi/fault_log_extension_context/BUILD.gn	37	ohos_shared_library	faultlogextensioncontext_napi	//base/hiviewdfx/hiview/plugins/faultlogger/interfaces/js/napi/fault_log_extension_context:faultlogextensioncontext_napi	production	bundle-prefix
hiviewdfx	hiview	base/hiviewdfx/hiview	base/hiviewdfx/hiview/plugins/faultlogger/interfaces/js/napi/fault_log_extension/BUILD.gn	17	es2abc_gen_abc	gen_fault_log_extension_ability_abc	//base/hiviewdfx/hiview/plugins/faultlogger/interfaces/js/napi/fault_log_extension:gen_fault_log_extension_ability_abc	production	bundle-prefix
hiviewdfx	hiview	base/hiviewdfx/hiview	base/hiviewdfx/hiview/plugins/faultlogger/interfaces/js/napi/fault_log_extension/BUILD.gn	25	gen_js_obj	fault_log_extension_ability_js	//base/hiviewdfx/hiview/plugins/faultlogger/interfaces/js/napi/fault_log_extension:fault_log_extension_ability_js	aggregate-codegen	bundle-prefix
hiviewdfx	hiview	base/hiviewdfx/hiview	base/hiviewdfx/hiview/plugins/faultlogger/interfaces/js/napi/fault_log_extension/BUILD.gn	30	gen_js_obj	fault_log_extension_ability_abc	//base/hiviewdfx/hiview/plugins/faultlogger/interfaces/js/napi/fault_log_extension:fault_log_extension_ability_abc	aggregate-codegen	bundle-prefix
hiviewdfx	hiview	base/hiviewdfx/hiview	base/hiviewdfx/hiview/plugins/faultlogger/interfaces/js/napi/fault_log_extension/BUILD.gn	37	ohos_shared_library	faultlogextensionability_napi	//base/hiviewdfx/hiview/plugins/faultlogger/interfaces/js/napi/fault_log_extension:faultlogextensionability_napi	production	bundle-prefix
hiviewdfx	hiview	base/hiviewdfx/hiview	base/hiviewdfx/hiview/plugins/faultlogger/interfaces/js/test/unittest/BUILD.gn	18	ohos_js_unittest	FaultlogJsTest	//base/hiviewdfx/hiview/plugins/faultlogger/interfaces/js/test/unittest:FaultlogJsTest	test	bundle-prefix
hiviewdfx	hiview	base/hiviewdfx/hiview	base/hiviewdfx/hiview/plugins/faultlogger/interfaces/js/test/unittest/BUILD.gn	25	group	unittest	//base/hiviewdfx/hiview/plugins/faultlogger/interfaces/js/test/unittest:unittest	test	bundle-prefix
hiviewdfx	hiview	base/hiviewdfx/hiview	base/hiviewdfx/hiview/plugins/faultlogger/interfaces/js/test/unittest/cpp/BUILD.gn	17	config	config	//base/hiviewdfx/hiview/plugins/faultlogger/interfaces/js/test/unittest/cpp:config	build-support	bundle-prefix
hiviewdfx	hiview	base/hiviewdfx/hiview	base/hiviewdfx/hiview/plugins/faultlogger/interfaces/js/test/unittest/cpp/BUILD.gn	28	config	public_config	//base/hiviewdfx/hiview/plugins/faultlogger/interfaces/js/test/unittest/cpp:public_config	build-support	bundle-prefix
hiviewdfx	hiview	base/hiviewdfx/hiview	base/hiviewdfx/hiview/plugins/faultlogger/interfaces/js/test/unittest/cpp/BUILD.gn	31	ohos_shared_library	faultlogger_test_napi	//base/hiviewdfx/hiview/plugins/faultlogger/interfaces/js/test/unittest/cpp:faultlogger_test_napi	test	bundle-prefix
hiviewdfx	hiview	base/hiviewdfx/hiview	base/hiviewdfx/hiview/plugins/faultlogger/service/bdfr_base/BUILD.gn	16	config	bdfr_base_public_include	//base/hiviewdfx/hiview/plugins/faultlogger/service/bdfr_base:bdfr_base_public_include	build-support	bundle-prefix
hiviewdfx	hiview	base/hiviewdfx/hiview	base/hiviewdfx/hiview/plugins/faultlogger/service/bdfr_base/BUILD.gn	24	config	bdfr_base_local_include	//base/hiviewdfx/hiview/plugins/faultlogger/service/bdfr_base:bdfr_base_local_include	build-support	bundle-prefix
hiviewdfx	hiview	base/hiviewdfx/hiview	base/hiviewdfx/hiview/plugins/faultlogger/service/bdfr_base/BUILD.gn	73	ohos_shared_library	bdfr_base	//base/hiviewdfx/hiview/plugins/faultlogger/service/bdfr_base:bdfr_base	production	bundle-prefix
hiviewdfx	hiview	base/hiviewdfx/hiview	base/hiviewdfx/hiview/plugins/faultlogger/service/bdfr_base/BUILD.gn	130	ohos_static_library	export_bdfr_base	//base/hiviewdfx/hiview/plugins/faultlogger/service/bdfr_base:export_bdfr_base	production	bundle-prefix
hiviewdfx	hiview	base/hiviewdfx/hiview	base/hiviewdfx/hiview/plugins/faultlogger/service/bdfr_base/sanitizer_collector/gwp_asan/BUILD.gn	16	ohos_shared_library	libasan_logger	//base/hiviewdfx/hiview/plugins/faultlogger/service/bdfr_base/sanitizer_collector/gwp_asan:libasan_logger	production	bundle-prefix
hiviewdfx	hiview	base/hiviewdfx/hiview	base/hiviewdfx/hiview/plugins/faultlogger/service/bdfr_base/test/BUILD.gn	18	config	hiview_faultlogger_test_config	//base/hiviewdfx/hiview/plugins/faultlogger/service/bdfr_base/test:hiview_faultlogger_test_config	build-support	bundle-prefix
hiviewdfx	hiview	base/hiviewdfx/hiview	base/hiviewdfx/hiview/plugins/faultlogger/service/bdfr_base/test/BUILD.gn	41	ohos_unittest	FaultloggerBaseUnittest	//base/hiviewdfx/hiview/plugins/faultlogger/service/bdfr_base/test:FaultloggerBaseUnittest	test	bundle-prefix
hiviewdfx	hiview	base/hiviewdfx/hiview	base/hiviewdfx/hiview/plugins/faultlogger/service/bdfr_base/test/BUILD.gn	154	ohos_unittest	AsanUnittest	//base/hiviewdfx/hiview/plugins/faultlogger/service/bdfr_base/test:AsanUnittest	test	bundle-prefix
hiviewdfx	hiview	base/hiviewdfx/hiview	base/hiviewdfx/hiview/plugins/faultlogger/service/bdfr_base/test/BUILD.gn	187	ohos_unittest	FreezeJsonGeneratorUnittest	//base/hiviewdfx/hiview/plugins/faultlogger/service/bdfr_base/test:FreezeJsonGeneratorUnittest	test	bundle-prefix
hiviewdfx	hiview	base/hiviewdfx/hiview	base/hiviewdfx/hiview/plugins/faultlogger/service/BUILD.gn	16	config	bdfr_public_include	//base/hiviewdfx/hiview/plugins/faultlogger/service:bdfr_public_include	build-support	bundle-prefix
hiviewdfx	hiview	base/hiviewdfx/hiview	base/hiviewdfx/hiview/plugins/faultlogger/service/BUILD.gn	26	ohos_source_set	faultlogger_service_with_cfi	//base/hiviewdfx/hiview/plugins/faultlogger/service:faultlogger_service_with_cfi	production	bundle-prefix
hiviewdfx	hiview	base/hiviewdfx/hiview	base/hiviewdfx/hiview/plugins/faultlogger/service/BUILD.gn	76	ohos_source_set	faultlogger_service_fuzz_src	//base/hiviewdfx/hiview/plugins/faultlogger/service:faultlogger_service_fuzz_src	test	bundle-prefix
hiviewdfx	hiview	base/hiviewdfx/hiview	base/hiviewdfx/hiview/plugins/faultlogger/service/idl/BUILD.gn	16	config	faultlogger_service_ohos_private_config	//base/hiviewdfx/hiview/plugins/faultlogger/service/idl:faultlogger_service_ohos_private_config	build-support	bundle-prefix
hiviewdfx	hiview	base/hiviewdfx/hiview	base/hiviewdfx/hiview/plugins/faultlogger/service/idl/BUILD.gn	20	config	faultlogger_service_impl_config	//base/hiviewdfx/hiview/plugins/faultlogger/service/idl:faultlogger_service_impl_config	build-support	bundle-prefix
hiviewdfx	hiview	base/hiviewdfx/hiview	base/hiviewdfx/hiview/plugins/faultlogger/service/idl/BUILD.gn	24	ohos_source_set	faultlogger_service_ohos_common	//base/hiviewdfx/hiview/plugins/faultlogger/service/idl:faultlogger_service_ohos_common	production	bundle-prefix
hiviewdfx	hiview	base/hiviewdfx/hiview	base/hiviewdfx/hiview/plugins/faultlogger/service/idl/BUILD.gn	52	ohos_source_set	faultlogger_service_ohos_common_with_cfi	//base/hiviewdfx/hiview/plugins/faultlogger/service/idl:faultlogger_service_ohos_common_with_cfi	production	bundle-prefix
hiviewdfx	hiview	base/hiviewdfx/hiview	base/hiviewdfx/hiview/plugins/faultlogger/service/idl/BUILD.gn	90	ohos_source_set	faultlogger_service_impl	//base/hiviewdfx/hiview/plugins/faultlogger/service/idl:faultlogger_service_impl	production	bundle-prefix
hiviewdfx	hiview	base/hiviewdfx/hiview	base/hiviewdfx/hiview/plugins/faultlogger/service/idl/BUILD.gn	123	ohos_source_set	faultlogger_service_impl_with_cfi	//base/hiviewdfx/hiview/plugins/faultlogger/service/idl:faultlogger_service_impl_with_cfi	production	bundle-prefix
hiviewdfx	hiview	base/hiviewdfx/hiview	base/hiviewdfx/hiview/plugins/faultlogger/service/page_history/BUILD.gn	16	ohos_source_set	page_history_with_cfi	//base/hiviewdfx/hiview/plugins/faultlogger/service/page_history:page_history_with_cfi	production	bundle-prefix
hiviewdfx	hiview	base/hiviewdfx/hiview	base/hiviewdfx/hiview/plugins/faultlogger/test/BUILD.gn	18	config	hiview_faultlogger_test_config	//base/hiviewdfx/hiview/plugins/faultlogger/test:hiview_faultlogger_test_config	build-support	bundle-prefix
hiviewdfx	hiview	base/hiviewdfx/hiview	base/hiviewdfx/hiview/plugins/faultlogger/test/BUILD.gn	41	ohos_unittest	FaultloggerUnittest	//base/hiviewdfx/hiview/plugins/faultlogger/test:FaultloggerUnittest	test	bundle-prefix
hiviewdfx	hiview	base/hiviewdfx/hiview	base/hiviewdfx/hiview/plugins/faultlogger/test/BUILD.gn	114	ohos_unittest	FaultloggerClientUnittest	//base/hiviewdfx/hiview/plugins/faultlogger/test:FaultloggerClientUnittest	test	bundle-prefix
hiviewdfx	hiview	base/hiviewdfx/hiview	base/hiviewdfx/hiview/plugins/faultlogger/test/common/fuzztest/faultloggerclient_fuzzer/BUILD.gn	18	ohos_fuzztest	FaultloggerClientFuzzTest	//base/hiviewdfx/hiview/plugins/faultlogger/test/common/fuzztest/faultloggerclient_fuzzer:FaultloggerClientFuzzTest	test	bundle-prefix
hiviewdfx	hiview	base/hiviewdfx/hiview	base/hiviewdfx/hiview/plugins/faultlogger/test/common/fuzztest/faultloggerclient_fuzzer/BUILD.gn	42	group	fuzztest	//base/hiviewdfx/hiview/plugins/faultlogger/test/common/fuzztest/faultloggerclient_fuzzer:fuzztest	test	bundle-prefix
hiviewdfx	hiview	base/hiviewdfx/hiview	base/hiviewdfx/hiview/plugins/faultlogger/test/common/fuzztest/faultloggerservice_fuzzer/BUILD.gn	17	ohos_fuzztest	FaultloggerServiceFuzzTest	//base/hiviewdfx/hiview/plugins/faultlogger/test/common/fuzztest/faultloggerservice_fuzzer:FaultloggerServiceFuzzTest	test	bundle-prefix
hiviewdfx	hiview	base/hiviewdfx/hiview	base/hiviewdfx/hiview/plugins/faultlogger/test/common/fuzztest/faultloggerservice_fuzzer/BUILD.gn	69	group	fuzztest	//base/hiviewdfx/hiview/plugins/faultlogger/test/common/fuzztest/faultloggerservice_fuzzer:fuzztest	test	bundle-prefix
hiviewdfx	hiview	base/hiviewdfx/hiview	base/hiviewdfx/hiview/plugins/freeze_detector/BUILD.gn	17	config	freeze_detector_config	//base/hiviewdfx/hiview/plugins/freeze_detector:freeze_detector_config	build-support	bundle-prefix
hiviewdfx	hiview	base/hiviewdfx/hiview	base/hiviewdfx/hiview/plugins/freeze_detector/BUILD.gn	28	ohos_source_set	freeze_detector	//base/hiviewdfx/hiview/plugins/freeze_detector:freeze_detector	production	bundle-prefix
hiviewdfx	hiview	base/hiviewdfx/hiview	base/hiviewdfx/hiview/plugins/freeze_detector/BUILD.gn	75	group	unittest	//base/hiviewdfx/hiview/plugins/freeze_detector:unittest	test	bundle-prefix
hiviewdfx	hiview	base/hiviewdfx/hiview	base/hiviewdfx/hiview/plugins/freeze_detector/BUILD.gn	86	group	moduletest	//base/hiviewdfx/hiview/plugins/freeze_detector:moduletest	test	bundle-prefix
hiviewdfx	hiview	base/hiviewdfx/hiview	base/hiviewdfx/hiview/plugins/freeze_detector/config/BUILD.gn	17	group	config	//base/hiviewdfx/hiview/plugins/freeze_detector/config:config	aggregate-codegen	bundle-prefix
hiviewdfx	hiview	base/hiviewdfx/hiview	base/hiviewdfx/hiview/plugins/freeze_detector/config/BUILD.gn	21	ohos_prebuilt_etc	freeze_detector_rules	//base/hiviewdfx/hiview/plugins/freeze_detector/config:freeze_detector_rules	production	bundle-prefix
hiviewdfx	hiview	base/hiviewdfx/hiview	base/hiviewdfx/hiview/plugins/freeze_detector/test/BUILD.gn	19	config	unittest_config	//base/hiviewdfx/hiview/plugins/freeze_detector/test:unittest_config	build-support	bundle-prefix
hiviewdfx	hiview	base/hiviewdfx/hiview	base/hiviewdfx/hiview/plugins/freeze_detector/test/BUILD.gn	31	ohos_unittest	FreezeDetectorTest	//base/hiviewdfx/hiview/plugins/freeze_detector/test:FreezeDetectorTest	test	bundle-prefix
hiviewdfx	hiview	base/hiviewdfx/hiview	base/hiviewdfx/hiview/plugins/freeze_detector/test/BUILD.gn	56	ohos_unittest	FreezeDetectorGetratiotest	//base/hiviewdfx/hiview/plugins/freeze_detector/test:FreezeDetectorGetratiotest	test	bundle-prefix
hiviewdfx	hiview	base/hiviewdfx/hiview	base/hiviewdfx/hiview/plugins/freeze_detector/test/BUILD.gn	82	ohos_unittest	FreezeDetectorIpcfullTest	//base/hiviewdfx/hiview/plugins/freeze_detector/test:FreezeDetectorIpcfullTest	test	bundle-prefix
hiviewdfx	hiview	base/hiviewdfx/hiview	base/hiviewdfx/hiview/plugins/freeze_detector/test/BUILD.gn	106	ohos_unittest	FreezeDetectorUnittest	//base/hiviewdfx/hiview/plugins/freeze_detector/test:FreezeDetectorUnittest	test	bundle-prefix
hiviewdfx	hiview	base/hiviewdfx/hiview	base/hiviewdfx/hiview/plugins/freeze_detector/test/BUILD.gn	137	ohos_unittest	FreezeManagerTest	//base/hiviewdfx/hiview/plugins/freeze_detector/test:FreezeManagerTest	test	bundle-prefix
hiviewdfx	hiview	base/hiviewdfx/hiview	base/hiviewdfx/hiview/plugins/freeze_detector/test/moduletest/common/BUILD.gn	17	ohos_moduletest	FreezeDetectorPluginModuleTest	//base/hiviewdfx/hiview/plugins/freeze_detector/test/moduletest/common:FreezeDetectorPluginModuleTest	test	bundle-prefix
hiviewdfx	hiview	base/hiviewdfx/hiview	base/hiviewdfx/hiview/plugins/freeze_detector/test/moduletest/common/BUILD.gn	50	group	moduletest	//base/hiviewdfx/hiview/plugins/freeze_detector/test/moduletest/common:moduletest	test	bundle-prefix
hiviewdfx	hiview	base/hiviewdfx/hiview	base/hiviewdfx/hiview/plugins/performance/BUILD.gn	18	config	xperf_service_config	//base/hiviewdfx/hiview/plugins/performance:xperf_service_config	build-support	bundle-prefix
hiviewdfx	hiview	base/hiviewdfx/hiview	base/hiviewdfx/hiview/plugins/performance/BUILD.gn	61	ohos_prebuilt_etc	hiviewxperf_event_file	//base/hiviewdfx/hiview/plugins/performance:hiviewxperf_event_file	production	bundle-prefix
hiviewdfx	hiview	base/hiviewdfx/hiview	base/hiviewdfx/hiview/plugins/performance/BUILD.gn	68	ohos_prebuilt_etc	xperfplugins_config	//base/hiviewdfx/hiview/plugins/performance:xperfplugins_config	production	bundle-prefix
hiviewdfx	hiview	base/hiviewdfx/hiview	base/hiviewdfx/hiview/plugins/performance/BUILD.gn	75	ohos_shared_library	xperformance	//base/hiviewdfx/hiview/plugins/performance:xperformance	production	bundle-prefix
hiviewdfx	hiview	base/hiviewdfx/hiview	base/hiviewdfx/hiview/plugins/performance/BUILD.gn	129	group	unittest	//base/hiviewdfx/hiview/plugins/performance:unittest	test	bundle-prefix
hiviewdfx	hiview	base/hiviewdfx/hiview	base/hiviewdfx/hiview/plugins/performance/BUILD.gn	134	group	moduletest	//base/hiviewdfx/hiview/plugins/performance:moduletest	test	bundle-prefix
hiviewdfx	hiview	base/hiviewdfx/hiview	base/hiviewdfx/hiview/plugins/performance/config/BUILD.gn	17	group	config	//base/hiviewdfx/hiview/plugins/performance/config:config	aggregate-codegen	bundle-prefix
hiviewdfx	hiview	base/hiviewdfx/hiview	base/hiviewdfx/hiview/plugins/performance/config/BUILD.gn	21	ohos_prebuilt_etc	xperfcfg	//base/hiviewdfx/hiview/plugins/performance/config:xperfcfg	production	bundle-prefix
hiviewdfx	hiview	base/hiviewdfx/hiview	base/hiviewdfx/hiview/plugins/performance/perfmonitor/BUILD.gn	19	config	xperf_perfmonitor_config	//base/hiviewdfx/hiview/plugins/performance/perfmonitor:xperf_perfmonitor_config	build-support	bundle-prefix
hiviewdfx	hiview	base/hiviewdfx/hiview	base/hiviewdfx/hiview/plugins/performance/perfmonitor/BUILD.gn	49	config	xperf_perfmonitor_public_config	//base/hiviewdfx/hiview/plugins/performance/perfmonitor:xperf_perfmonitor_public_config	build-support	bundle-prefix
hiviewdfx	hiview	base/hiviewdfx/hiview	base/hiviewdfx/hiview/plugins/performance/perfmonitor/BUILD.gn	56	ohos_shared_library	libperfmonitor	//base/hiviewdfx/hiview/plugins/performance/perfmonitor:libperfmonitor	production	bundle-prefix
hiviewdfx	hiview	base/hiviewdfx/hiview	base/hiviewdfx/hiview/plugins/performance/perfmonitor/BUILD.gn	121	group	unittest	//base/hiviewdfx/hiview/plugins/performance/perfmonitor:unittest	test	bundle-prefix
hiviewdfx	hiview	base/hiviewdfx/hiview	base/hiviewdfx/hiview/plugins/performance/perfmonitor/BUILD.gn	126	group	moduletest	//base/hiviewdfx/hiview/plugins/performance/perfmonitor:moduletest	test	bundle-prefix
hiviewdfx	hiview	base/hiviewdfx/hiview	base/hiviewdfx/hiview/plugins/performance/xperf_service/BUILD.gn	17	group	fwk_group_xperf_client_all	//base/hiviewdfx/hiview/plugins/performance/xperf_service:fwk_group_xperf_client_all	aggregate-codegen	bundle-prefix
hiviewdfx	hiview	base/hiviewdfx/hiview	base/hiviewdfx/hiview/plugins/performance/xperf_service/BUILD.gn	21	group	service_group_xperf_all	//base/hiviewdfx/hiview/plugins/performance/xperf_service:service_group_xperf_all	aggregate-codegen	bundle-prefix
hiviewdfx	hiview	base/hiviewdfx/hiview	base/hiviewdfx/hiview/plugins/performance/xperf_service/interfaces/inner_api/xperfservice_client/BUILD.gn	18	idl_gen_interface	xperf_service_interface	//base/hiviewdfx/hiview/plugins/performance/xperf_service/interfaces/inner_api/xperfservice_client:xperf_service_interface	production	bundle-prefix
hiviewdfx	hiview	base/hiviewdfx/hiview	base/hiviewdfx/hiview/plugins/performance/xperf_service/interfaces/inner_api/xperfservice_client/BUILD.gn	31	config	xperf_service_client_public_config	//base/hiviewdfx/hiview/plugins/performance/xperf_service/interfaces/inner_api/xperfservice_client:xperf_service_client_public_config	build-support	bundle-prefix
hiviewdfx	hiview	base/hiviewdfx/hiview	base/hiviewdfx/hiview/plugins/performance/xperf_service/interfaces/inner_api/xperfservice_client/BUILD.gn	39	ohos_shared_library	xperfservice_client	//base/hiviewdfx/hiview/plugins/performance/xperf_service/interfaces/inner_api/xperfservice_client:xperfservice_client	production	bundle-prefix
hiviewdfx	hiview	base/hiviewdfx/hiview	base/hiviewdfx/hiview/plugins/performance/xperf_service/interfaces/inner_api/xperfservice_client/BUILD.gn	102	ohos_source_set	xperfservice_stub	//base/hiviewdfx/hiview/plugins/performance/xperf_service/interfaces/inner_api/xperfservice_client:xperfservice_stub	production	bundle-prefix
hiviewdfx	hiview	base/hiviewdfx/hiview	base/hiviewdfx/hiview/plugins/performance/xperf_service/sa_profile/BUILD.gn	16	ohos_sa_profile	xperfservice_sa_profile	//base/hiviewdfx/hiview/plugins/performance/xperf_service/sa_profile:xperfservice_sa_profile	production	bundle-prefix
hiviewdfx	hiview	base/hiviewdfx/hiview	base/hiviewdfx/hiview/plugins/performance/xperf_service/services/BUILD.gn	18	config	xperfservice_server_config	//base/hiviewdfx/hiview/plugins/performance/xperf_service/services:xperfservice_server_config	build-support	bundle-prefix
hiviewdfx	hiview	base/hiviewdfx/hiview	base/hiviewdfx/hiview/plugins/performance/xperf_service/services/BUILD.gn	40	ohos_shared_library	xperfservice_server	//base/hiviewdfx/hiview/plugins/performance/xperf_service/services:xperfservice_server	production	bundle-prefix
hiviewdfx	hiview	base/hiviewdfx/hiview	base/hiviewdfx/hiview/plugins/performance/xperf_service/services/BUILD.gn	128	ohos_static_library	xperfservice_server_static	//base/hiviewdfx/hiview/plugins/performance/xperf_service/services:xperfservice_server_static	production	bundle-prefix
hiviewdfx	hiview	base/hiviewdfx/hiview	base/hiviewdfx/hiview/plugins/plugin_build/BUILD.gn	16	ohos_prebuilt_etc	adft_plugin_config	//base/hiviewdfx/hiview/plugins/plugin_build:adft_plugin_config	production	bundle-prefix
hiviewdfx	hiview	base/hiviewdfx/hiview	base/hiviewdfx/hiview/plugins/plugin_build/BUILD.gn	23	ohos_shared_library	adft	//base/hiviewdfx/hiview/plugins/plugin_build:adft	production	bundle-prefix
hiviewdfx	hiview	base/hiviewdfx/hiview	base/hiviewdfx/hiview/plugins/plugin_build/BUILD.gn	63	ohos_shared_library	bdfr	//base/hiviewdfx/hiview/plugins/plugin_build:bdfr	production	bundle-prefix
hiviewdfx	hiview	base/hiviewdfx/hiview	base/hiviewdfx/hiview/plugins/plugin_build/BUILD.gn	89	ohos_prebuilt_etc	bdfr_plugin_config	//base/hiviewdfx/hiview/plugins/plugin_build:bdfr_plugin_config	production	bundle-prefix
hiviewdfx	hiview	base/hiviewdfx/hiview	base/hiviewdfx/hiview/plugins/privacy_controller/BUILD.gn	16	config	privacy_controller_config	//base/hiviewdfx/hiview/plugins/privacy_controller:privacy_controller_config	build-support	bundle-prefix
hiviewdfx	hiview	base/hiviewdfx/hiview	base/hiviewdfx/hiview/plugins/privacy_controller/BUILD.gn	24	ohos_source_set	privacy_controller	//base/hiviewdfx/hiview/plugins/privacy_controller:privacy_controller	production	bundle-prefix
hiviewdfx	hiview	base/hiviewdfx/hiview	base/hiviewdfx/hiview/plugins/privacy_controller/BUILD.gn	51	group	unittest	//base/hiviewdfx/hiview/plugins/privacy_controller:unittest	test	bundle-prefix
hiviewdfx	hiview	base/hiviewdfx/hiview	base/hiviewdfx/hiview/plugins/privacy_controller/test/unittest/common/BUILD.gn	18	config	unittest_config	//base/hiviewdfx/hiview/plugins/privacy_controller/test/unittest/common:unittest_config	build-support	bundle-prefix
hiviewdfx	hiview	base/hiviewdfx/hiview	base/hiviewdfx/hiview/plugins/privacy_controller/test/unittest/common/BUILD.gn	30	ohos_unittest	PrivacyControllerTest	//base/hiviewdfx/hiview/plugins/privacy_controller/test/unittest/common:PrivacyControllerTest	test	bundle-prefix
hiviewdfx	hiview	base/hiviewdfx/hiview	base/hiviewdfx/hiview/plugins/reliability/bbox_detectors/bdfr_base/BUILD.gn	16	config	public_consfig_bbox_detectors_base	//base/hiviewdfx/hiview/plugins/reliability/bbox_detectors/bdfr_base:public_consfig_bbox_detectors_base	build-support	bundle-prefix
hiviewdfx	hiview	base/hiviewdfx/hiview	base/hiviewdfx/hiview/plugins/reliability/bbox_detectors/bdfr_base/BUILD.gn	31	ohos_source_set	bbox_detectors_base_src	//base/hiviewdfx/hiview/plugins/reliability/bbox_detectors/bdfr_base:bbox_detectors_base_src	production	bundle-prefix
hiviewdfx	hiview	base/hiviewdfx/hiview	base/hiviewdfx/hiview/plugins/reliability/bbox_detectors/bdfr_base/BUILD.gn	70	ohos_static_library	export_bbox_detectors_base	//base/hiviewdfx/hiview/plugins/reliability/bbox_detectors/bdfr_base:export_bbox_detectors_base	production	bundle-prefix
hiviewdfx	hiview	base/hiviewdfx/hiview	base/hiviewdfx/hiview/plugins/reliability/bbox_detectors/bdfr_base/test/BUILD.gn	19	config	bbox_detector_test_config	//base/hiviewdfx/hiview/plugins/reliability/bbox_detectors/bdfr_base/test:bbox_detector_test_config	build-support	bundle-prefix
hiviewdfx	hiview	base/hiviewdfx/hiview	base/hiviewdfx/hiview/plugins/reliability/bbox_detectors/bdfr_base/test/BUILD.gn	41	ohos_unittest	BBoxDetectorBaseUnitTest	//base/hiviewdfx/hiview/plugins/reliability/bbox_detectors/bdfr_base/test:BBoxDetectorBaseUnitTest	test	bundle-prefix
hiviewdfx	hiview	base/hiviewdfx/hiview	base/hiviewdfx/hiview/plugins/reliability/bbox_detectors/BUILD.gn	16	config	bbox_detector_config	//base/hiviewdfx/hiview/plugins/reliability/bbox_detectors:bbox_detector_config	build-support	bundle-prefix
hiviewdfx	hiview	base/hiviewdfx/hiview	base/hiviewdfx/hiview/plugins/reliability/bbox_detectors/BUILD.gn	24	ohos_source_set	bbox_detector_with_cfi	//base/hiviewdfx/hiview/plugins/reliability/bbox_detectors:bbox_detector_with_cfi	production	bundle-prefix
hiviewdfx	hiview	base/hiviewdfx/hiview	base/hiviewdfx/hiview/plugins/reliability/bbox_detectors/BUILD.gn	56	group	unittest	//base/hiviewdfx/hiview/plugins/reliability/bbox_detectors:unittest	test	bundle-prefix
hiviewdfx	hiview	base/hiviewdfx/hiview	base/hiviewdfx/hiview/plugins/reliability/bbox_detectors/BUILD.gn	64	group	moduletest	//base/hiviewdfx/hiview/plugins/reliability/bbox_detectors:moduletest	test	bundle-prefix
hiviewdfx	hiview	base/hiviewdfx/hiview	base/hiviewdfx/hiview/plugins/reliability/bbox_detectors/config/BUILD.gn	17	group	config	//base/hiviewdfx/hiview/plugins/reliability/bbox_detectors/config:config	aggregate-codegen	bundle-prefix
hiviewdfx	hiview	base/hiviewdfx/hiview	base/hiviewdfx/hiview/plugins/reliability/bbox_detectors/config/BUILD.gn	21	ohos_prebuilt_etc	BBoxDetectorPipeline	//base/hiviewdfx/hiview/plugins/reliability/bbox_detectors/config:BBoxDetectorPipeline	production	bundle-prefix
hiviewdfx	hiview	base/hiviewdfx/hiview	base/hiviewdfx/hiview/plugins/reliability/bbox_detectors/test/BUILD.gn	19	config	bbox_detector_test_config	//base/hiviewdfx/hiview/plugins/reliability/bbox_detectors/test:bbox_detector_test_config	build-support	bundle-prefix
hiviewdfx	hiview	base/hiviewdfx/hiview	base/hiviewdfx/hiview/plugins/reliability/bbox_detectors/test/BUILD.gn	44	ohos_unittest	BBoxDetectorUnitTest	//base/hiviewdfx/hiview/plugins/reliability/bbox_detectors/test:BBoxDetectorUnitTest	test	bundle-prefix
hiviewdfx	hiview	base/hiviewdfx/hiview	base/hiviewdfx/hiview/plugins/reliability/bbox_detectors/test/BUILD.gn	85	ohos_moduletest	BBoxDetectorModuleTest	//base/hiviewdfx/hiview/plugins/reliability/bbox_detectors/test:BBoxDetectorModuleTest	test	bundle-prefix
hiviewdfx	hiview	base/hiviewdfx/hiview	base/hiviewdfx/hiview/plugins/reliability/leak_detectors/BUILD.gn	18	config	leak_detector_config	//base/hiviewdfx/hiview/plugins/reliability/leak_detectors:leak_detector_config	build-support	bundle-prefix
hiviewdfx	hiview	base/hiviewdfx/hiview	base/hiviewdfx/hiview/plugins/reliability/leak_detectors/BUILD.gn	38	ohos_source_set	leak_detector	//base/hiviewdfx/hiview/plugins/reliability/leak_detectors:leak_detector	production	bundle-prefix
hiviewdfx	hiview	base/hiviewdfx/hiview	base/hiviewdfx/hiview/plugins/reliability/leak_detectors/BUILD.gn	75	group	unittest	//base/hiviewdfx/hiview/plugins/reliability/leak_detectors:unittest	test	bundle-prefix
hiviewdfx	hiview	base/hiviewdfx/hiview	base/hiviewdfx/hiview/plugins/reliability/leak_detectors/BUILD.gn	80	group	moduletest	//base/hiviewdfx/hiview/plugins/reliability/leak_detectors:moduletest	test	bundle-prefix
hiviewdfx	hiview	base/hiviewdfx/hiview	base/hiviewdfx/hiview/plugins/reliability/leak_detectors/config/BUILD.gn	17	group	config	//base/hiviewdfx/hiview/plugins/reliability/leak_detectors/config:config	aggregate-codegen	bundle-prefix
hiviewdfx	hiview	base/hiviewdfx/hiview	base/hiviewdfx/hiview/plugins/reliability/leak_detectors/config/BUILD.gn	21	ohos_prebuilt_etc	memory_leak_threshold	//base/hiviewdfx/hiview/plugins/reliability/leak_detectors/config:memory_leak_threshold	production	bundle-prefix
hiviewdfx	hiview	base/hiviewdfx/hiview	base/hiviewdfx/hiview/plugins/reliability/leak_detectors/test/BUILD.gn	20	config	leak_detector_test_config	//base/hiviewdfx/hiview/plugins/reliability/leak_detectors/test:leak_detector_test_config	build-support	bundle-prefix
hiviewdfx	hiview	base/hiviewdfx/hiview	base/hiviewdfx/hiview/plugins/reliability/leak_detectors/test/BUILD.gn	40	ohos_unittest	LeakDetectorUnitTest	//base/hiviewdfx/hiview/plugins/reliability/leak_detectors/test:LeakDetectorUnitTest	test	bundle-prefix
hiviewdfx	hiview	base/hiviewdfx/hiview	base/hiviewdfx/hiview/plugins/reliability/leak_detectors/test/BUILD.gn	74	ohos_moduletest	LeakDetectorModuleTest	//base/hiviewdfx/hiview/plugins/reliability/leak_detectors/test:LeakDetectorModuleTest	test	bundle-prefix
hiviewdfx	hiview	base/hiviewdfx/hiview	base/hiviewdfx/hiview/plugins/reliability/thread_leak_detector/BUILD.gn	17	config	thread_leak_detector_config	//base/hiviewdfx/hiview/plugins/reliability/thread_leak_detector:thread_leak_detector_config	build-support	bundle-prefix
hiviewdfx	hiview	base/hiviewdfx/hiview	base/hiviewdfx/hiview/plugins/reliability/thread_leak_detector/BUILD.gn	30	ohos_source_set	thread_leak_detector	//base/hiviewdfx/hiview/plugins/reliability/thread_leak_detector:thread_leak_detector	production	bundle-prefix
hiviewdfx	hiview	base/hiviewdfx/hiview	base/hiviewdfx/hiview/plugins/reliability/thread_leak_detector/BUILD.gn	73	group	unittest	//base/hiviewdfx/hiview/plugins/reliability/thread_leak_detector:unittest	test	bundle-prefix
hiviewdfx	hiview	base/hiviewdfx/hiview	base/hiviewdfx/hiview/plugins/reliability/thread_leak_detector/BUILD.gn	78	group	moduletest	//base/hiviewdfx/hiview/plugins/reliability/thread_leak_detector:moduletest	test	bundle-prefix
hiviewdfx	hiview	base/hiviewdfx/hiview	base/hiviewdfx/hiview/plugins/reliability/thread_leak_detector/config/BUILD.gn	17	group	config	//base/hiviewdfx/hiview/plugins/reliability/thread_leak_detector/config:config	aggregate-codegen	bundle-prefix
hiviewdfx	hiview	base/hiviewdfx/hiview	base/hiviewdfx/hiview/plugins/reliability/thread_leak_detector/config/BUILD.gn	21	ohos_prebuilt_etc	thread_leak_threshold	//base/hiviewdfx/hiview/plugins/reliability/thread_leak_detector/config:thread_leak_threshold	production	bundle-prefix
hiviewdfx	hiview	base/hiviewdfx/hiview	base/hiviewdfx/hiview/plugins/reliability/thread_leak_detector/test/BUILD.gn	20	config	thread_leak_detector_test_config	//base/hiviewdfx/hiview/plugins/reliability/thread_leak_detector/test:thread_leak_detector_test_config	build-support	bundle-prefix
hiviewdfx	hiview	base/hiviewdfx/hiview	base/hiviewdfx/hiview/plugins/reliability/thread_leak_detector/test/BUILD.gn	34	ohos_unittest	ThreadLeakDetectorUnitTest	//base/hiviewdfx/hiview/plugins/reliability/thread_leak_detector/test:ThreadLeakDetectorUnitTest	test	bundle-prefix
hiviewdfx	hiview	base/hiviewdfx/hiview	base/hiviewdfx/hiview/plugins/reliability/thread_leak_detector/test/BUILD.gn	72	group	unittest	//base/hiviewdfx/hiview/plugins/reliability/thread_leak_detector/test:unittest	test	bundle-prefix
hiviewdfx	hiview	base/hiviewdfx/hiview	base/hiviewdfx/hiview/plugins/reliability/thread_leak_detector/test/BUILD.gn	77	ohos_moduletest	ThreadLeakDetectorModuleTest	//base/hiviewdfx/hiview/plugins/reliability/thread_leak_detector/test:ThreadLeakDetectorModuleTest	test	bundle-prefix
hiviewdfx	hiview	base/hiviewdfx/hiview	base/hiviewdfx/hiview/plugins/reliability/thread_leak_detector/test/BUILD.gn	115	group	moduletest	//base/hiviewdfx/hiview/plugins/reliability/thread_leak_detector/test:moduletest	test	bundle-prefix
hiviewdfx	hiview	base/hiviewdfx/hiview	base/hiviewdfx/hiview/plugins/sys_dispatcher/BUILD.gn	16	config	sys_dispatcher_config	//base/hiviewdfx/hiview/plugins/sys_dispatcher:sys_dispatcher_config	build-support	bundle-prefix
hiviewdfx	hiview	base/hiviewdfx/hiview	base/hiviewdfx/hiview/plugins/sys_dispatcher/BUILD.gn	22	ohos_source_set	sys_dispatcher	//base/hiviewdfx/hiview/plugins/sys_dispatcher:sys_dispatcher	production	bundle-prefix
hiviewdfx	hiview	base/hiviewdfx/hiview	base/hiviewdfx/hiview/plugins/sys_dispatcher/BUILD.gn	54	group	unittest	//base/hiviewdfx/hiview/plugins/sys_dispatcher:unittest	test	bundle-prefix
hiviewdfx	hiview	base/hiviewdfx/hiview	base/hiviewdfx/hiview/plugins/sys_dispatcher/BUILD.gn	59	group	moduletest	//base/hiviewdfx/hiview/plugins/sys_dispatcher:moduletest	test	bundle-prefix
hiviewdfx	hiview	base/hiviewdfx/hiview	base/hiviewdfx/hiview/plugins/sys_dispatcher/BUILD.gn	64	group	fuzztest	//base/hiviewdfx/hiview/plugins/sys_dispatcher:fuzztest	test	bundle-prefix
hiviewdfx	hiview	base/hiviewdfx/hiview	base/hiviewdfx/hiview/plugins/sysevent_source/BUILD.gn	16	config	sysevent_source_config	//base/hiviewdfx/hiview/plugins/sysevent_source:sysevent_source_config	build-support	bundle-prefix
hiviewdfx	hiview	base/hiviewdfx/hiview	base/hiviewdfx/hiview/plugins/sysevent_source/BUILD.gn	24	ohos_prebuilt_etc	hiview.para.dac	//base/hiviewdfx/hiview/plugins/sysevent_source:hiview.para.dac	production	bundle-prefix
hiviewdfx	hiview	base/hiviewdfx/hiview	base/hiviewdfx/hiview/plugins/sysevent_source/BUILD.gn	31	ohos_prebuilt_etc	monitor_config	//base/hiviewdfx/hiview/plugins/sysevent_source:monitor_config	production	bundle-prefix
hiviewdfx	hiview	base/hiviewdfx/hiview	base/hiviewdfx/hiview/plugins/sysevent_source/BUILD.gn	38	ohos_source_set	sysevent_source	//base/hiviewdfx/hiview/plugins/sysevent_source:sysevent_source	production	bundle-prefix
hiviewdfx	hiview	base/hiviewdfx/hiview	base/hiviewdfx/hiview/plugins/sysevent_source/BUILD.gn	81	group	unittest	//base/hiviewdfx/hiview/plugins/sysevent_source:unittest	test	bundle-prefix
hiviewdfx	hiview	base/hiviewdfx/hiview	base/hiviewdfx/hiview/plugins/sysevent_source/BUILD.gn	86	group	moduletest	//base/hiviewdfx/hiview/plugins/sysevent_source:moduletest	test	bundle-prefix
hiviewdfx	hiview	base/hiviewdfx/hiview	base/hiviewdfx/hiview/plugins/sysevent_source/BUILD.gn	91	group	fuzztest	//base/hiviewdfx/hiview/plugins/sysevent_source:fuzztest	test	bundle-prefix
hiviewdfx	hiview	base/hiviewdfx/hiview	base/hiviewdfx/hiview/plugins/sysevent_source/test/fuzztest/common/eventserver_fuzzer/BUILD.gn	17	ohos_fuzztest	EventServerFuzzTest	//base/hiviewdfx/hiview/plugins/sysevent_source/test/fuzztest/common/eventserver_fuzzer:EventServerFuzzTest	test	bundle-prefix
hiviewdfx	hiview	base/hiviewdfx/hiview	base/hiviewdfx/hiview/plugins/sysevent_source/test/fuzztest/common/eventserversocket_fuzzer/BUILD.gn	17	ohos_fuzztest	EventServerSocketFuzzTest	//base/hiviewdfx/hiview/plugins/sysevent_source/test/fuzztest/common/eventserversocket_fuzzer:EventServerSocketFuzzTest	test	bundle-prefix
hiviewdfx	hiview	base/hiviewdfx/hiview	base/hiviewdfx/hiview/plugins/sysevent_source/test/fuzztest/common/eventsource_fuzzer/BUILD.gn	17	ohos_fuzztest	EventSourceFuzzTest	//base/hiviewdfx/hiview/plugins/sysevent_source/test/fuzztest/common/eventsource_fuzzer:EventSourceFuzzTest	test	bundle-prefix
hiviewdfx	hiview	base/hiviewdfx/hiview	base/hiviewdfx/hiview/plugins/sysevent_source/test/unittest/common/BUILD.gn	18	config	unittest_config	//base/hiviewdfx/hiview/plugins/sysevent_source/test/unittest/common:unittest_config	build-support	bundle-prefix
hiviewdfx	hiview	base/hiviewdfx/hiview	base/hiviewdfx/hiview/plugins/sysevent_source/test/unittest/common/BUILD.gn	29	ohos_unittest	EventServerTest	//base/hiviewdfx/hiview/plugins/sysevent_source/test/unittest/common:EventServerTest	test	bundle-prefix
hiviewdfx	hiview	base/hiviewdfx/hiview	base/hiviewdfx/hiview/plugins/unified_collector/BUILD.gn	16	config	unified_collector_config	//base/hiviewdfx/hiview/plugins/unified_collector:unified_collector_config	build-support	bundle-prefix
hiviewdfx	hiview	base/hiviewdfx/hiview	base/hiviewdfx/hiview/plugins/unified_collector/BUILD.gn	34	ohos_source_set	unified_collector	//base/hiviewdfx/hiview/plugins/unified_collector:unified_collector	production	bundle-prefix
hiviewdfx	hiview	base/hiviewdfx/hiview	base/hiviewdfx/hiview/plugins/unified_collector/BUILD.gn	117	group	unittest	//base/hiviewdfx/hiview/plugins/unified_collector:unittest	test	bundle-prefix
hiviewdfx	hiview	base/hiviewdfx/hiview	base/hiviewdfx/hiview/plugins/unified_collector/BUILD.gn	125	group	moduletest	//base/hiviewdfx/hiview/plugins/unified_collector:moduletest	test	bundle-prefix
hiviewdfx	hiview	base/hiviewdfx/hiview	base/hiviewdfx/hiview/plugins/unified_collector/config/BUILD.gn	15	ohos_prebuilt_etc	UnifiedCollector_event	//base/hiviewdfx/hiview/plugins/unified_collector/config:UnifiedCollector_event	production	bundle-prefix
hiviewdfx	hiview	base/hiviewdfx/hiview	base/hiviewdfx/hiview/plugins/unified_collector/test/unittest/common/BUILD.gn	19	config	unittest_config	//base/hiviewdfx/hiview/plugins/unified_collector/test/unittest/common:unittest_config	build-support	bundle-prefix
hiviewdfx	hiview	base/hiviewdfx/hiview	base/hiviewdfx/hiview/plugins/unified_collector/test/unittest/common/BUILD.gn	37	config	state_observer_config	//base/hiviewdfx/hiview/plugins/unified_collector/test/unittest/common:state_observer_config	build-support	bundle-prefix
hiviewdfx	hiview	base/hiviewdfx/hiview	base/hiviewdfx/hiview/plugins/unified_collector/test/unittest/common/BUILD.gn	49	ohos_unittest	CpuStorageTest	//base/hiviewdfx/hiview/plugins/unified_collector/test/unittest/common:CpuStorageTest	test	bundle-prefix
hiviewdfx	hiview	base/hiviewdfx/hiview	base/hiviewdfx/hiview/plugins/unified_collector/test/unittest/common/BUILD.gn	81	ohos_unittest	UCStateObserverTest	//base/hiviewdfx/hiview/plugins/unified_collector/test/unittest/common:UCStateObserverTest	test	bundle-prefix
hiviewdfx	hiview	base/hiviewdfx/hiview	base/hiviewdfx/hiview/plugins/usage_event_report/BUILD.gn	17	config	usage_event_report_config	//base/hiviewdfx/hiview/plugins/usage_event_report:usage_event_report_config	build-support	bundle-prefix
hiviewdfx	hiview	base/hiviewdfx/hiview	base/hiviewdfx/hiview/plugins/usage_event_report/BUILD.gn	40	ohos_source_set	usage_event_report	//base/hiviewdfx/hiview/plugins/usage_event_report:usage_event_report	production	bundle-prefix
hiviewdfx	hiview	base/hiviewdfx/hiview	base/hiviewdfx/hiview/plugins/usage_event_report/BUILD.gn	115	config	usage_fold_event_report_config_for_test	//base/hiviewdfx/hiview/plugins/usage_event_report:usage_fold_event_report_config_for_test	build-support	bundle-prefix
hiviewdfx	hiview	base/hiviewdfx/hiview	base/hiviewdfx/hiview/plugins/usage_event_report/BUILD.gn	124	ohos_source_set	usage_event_report_for_test	//base/hiviewdfx/hiview/plugins/usage_event_report:usage_event_report_for_test	test	bundle-prefix
hiviewdfx	hiview	base/hiviewdfx/hiview	base/hiviewdfx/hiview/plugins/usage_event_report/BUILD.gn	181	ohos_source_set	usage_event_report	//base/hiviewdfx/hiview/plugins/usage_event_report:usage_event_report	production	bundle-prefix
hiviewdfx	hiview	base/hiviewdfx/hiview	base/hiviewdfx/hiview/plugins/usage_event_report/BUILD.gn	184	ohos_source_set	usage_event_report_for_test	//base/hiviewdfx/hiview/plugins/usage_event_report:usage_event_report_for_test	test	bundle-prefix
hiviewdfx	hiview	base/hiviewdfx/hiview	base/hiviewdfx/hiview/plugins/usage_event_report/BUILD.gn	188	group	unittest	//base/hiviewdfx/hiview/plugins/usage_event_report:unittest	test	bundle-prefix
hiviewdfx	hiview	base/hiviewdfx/hiview	base/hiviewdfx/hiview/plugins/usage_event_report/BUILD.gn	201	group	moduletest	//base/hiviewdfx/hiview/plugins/usage_event_report:moduletest	test	bundle-prefix
hiviewdfx	hiview	base/hiviewdfx/hiview	base/hiviewdfx/hiview/plugins/usage_event_report/config/BUILD.gn	17	ohos_prebuilt_etc	usageEventPipeline	//base/hiviewdfx/hiview/plugins/usage_event_report/config:usageEventPipeline	production	bundle-prefix
hiviewdfx	hiview	base/hiviewdfx/hiview	base/hiviewdfx/hiview/plugins/usage_event_report/service/BUILD.gn	16	config	usage_report_config	//base/hiviewdfx/hiview/plugins/usage_event_report/service:usage_report_config	build-support	bundle-prefix
hiviewdfx	hiview	base/hiviewdfx/hiview	base/hiviewdfx/hiview/plugins/usage_event_report/service/BUILD.gn	27	ohos_executable	usage_report	//base/hiviewdfx/hiview/plugins/usage_event_report/service:usage_report	production	bundle-prefix
hiviewdfx	hiview	base/hiviewdfx/hiview	base/hiviewdfx/hiview/plugins/usage_event_report/test/unittest/BUILD.gn	19	config	usage_event_report_test_config	//base/hiviewdfx/hiview/plugins/usage_event_report/test/unittest:usage_event_report_test_config	build-support	bundle-prefix
hiviewdfx	hiview	base/hiviewdfx/hiview	base/hiviewdfx/hiview/plugins/usage_event_report/test/unittest/BUILD.gn	40	ohos_unittest	UsageEventReportTest	//base/hiviewdfx/hiview/plugins/usage_event_report/test/unittest:UsageEventReportTest	test	bundle-prefix
hiviewdfx	hiview	base/hiviewdfx/hiview	base/hiviewdfx/hiview/plugins/usage_event_report/test/unittest/BUILD.gn	74	ohos_unittest	UsageEventReportCacheTest	//base/hiviewdfx/hiview/plugins/usage_event_report/test/unittest:UsageEventReportCacheTest	test	bundle-prefix
hiviewdfx	hiview	base/hiviewdfx/hiview	base/hiviewdfx/hiview/plugins/usage_event_report/test/unittest/BUILD.gn	96	ohos_unittest	FoldAppUsageTest	//base/hiviewdfx/hiview/plugins/usage_event_report/test/unittest:FoldAppUsageTest	test	bundle-prefix
hiviewdfx	hiview	base/hiviewdfx/hiview	base/hiviewdfx/hiview/service/BUILD.gn	16	config	hiview_service_config	//base/hiviewdfx/hiview/service:hiview_service_config	build-support	bundle-prefix
hiviewdfx	hiview	base/hiviewdfx/hiview	base/hiviewdfx/hiview/service/BUILD.gn	28	ohos_prebuilt_etc	hiview.cfg	//base/hiviewdfx/hiview/service:hiview.cfg	production	bundle-prefix
hiviewdfx	hiview	base/hiviewdfx/hiview	base/hiviewdfx/hiview/service/BUILD.gn	35	ohos_prebuilt_etc	log_type.json	//base/hiviewdfx/hiview/service:log_type.json	production	bundle-prefix
hiviewdfx	hiview	base/hiviewdfx/hiview	base/hiviewdfx/hiview/service/BUILD.gn	42	ohos_source_set	hiview_service	//base/hiviewdfx/hiview/service:hiview_service	production	bundle-prefix
hiviewdfx	hiview	base/hiviewdfx/hiview	base/hiviewdfx/hiview/service/BUILD.gn	88	group	fuzztest	//base/hiviewdfx/hiview/service:fuzztest	test	bundle-prefix
hiviewdfx	hiview	base/hiviewdfx/hiview	base/hiviewdfx/hiview/service/test/fuzztest/common/hiviewservice_fuzzer/BUILD.gn	17	ohos_fuzztest	HiviewServiceFuzzTest	//base/hiviewdfx/hiview/service/test/fuzztest/common/hiviewservice_fuzzer:HiviewServiceFuzzTest	test	bundle-prefix
hiviewdfx	hiview	base/hiviewdfx/hiview	base/hiviewdfx/hiview/test/BUILD.gn	19	group	moduletest	//base/hiviewdfx/hiview/test:moduletest	test	bundle-prefix
hiviewdfx	hiview	base/hiviewdfx/hiview	base/hiviewdfx/hiview/test/BUILD.gn	23	ohos_unittest	HiviewPlatformModuleTest	//base/hiviewdfx/hiview/test:HiviewPlatformModuleTest	test	bundle-prefix
hiviewdfx	hiview	base/hiviewdfx/hiview	base/hiviewdfx/hiview/test/BUILD.gn	38	config	HolisticPlatformTest_config	//base/hiviewdfx/hiview/test:HolisticPlatformTest_config	build-support	bundle-prefix
hiviewdfx	hiview	base/hiviewdfx/hiview	base/hiviewdfx/hiview/test/BUILD.gn	52	ohos_unittest	HolisticPlatformTest	//base/hiviewdfx/hiview/test:HolisticPlatformTest	test	bundle-prefix
hiviewdfx	hiview	base/hiviewdfx/hiview	base/hiviewdfx/hiview/test/BUILD.gn	82	ohos_unittest	ReportXPowerEventTest	//base/hiviewdfx/hiview/test:ReportXPowerEventTest	test	bundle-prefix
hiviewdfx	hiview	base/hiviewdfx/hiview	base/hiviewdfx/hiview/test/BUILD.gn	100	ohos_unittest	ReportXPowerJsEventTest	//base/hiviewdfx/hiview/test:ReportXPowerJsEventTest	test	bundle-prefix
hiviewdfx	hiview	base/hiviewdfx/hiview	base/hiviewdfx/hiview/test/BUILD.gn	122	group	unittest	//base/hiviewdfx/hiview/test:unittest	test	bundle-prefix
hiviewdfx	hiview	base/hiviewdfx/hiview	base/hiviewdfx/hiview/test/plugins/examples_bundle/BUILD.gn	17	ohos_shared_library	bundleplugintest	//base/hiviewdfx/hiview/test/plugins/examples_bundle:bundleplugintest	test	bundle-prefix
hiviewdfx	hiview	base/hiviewdfx/hiview	base/hiviewdfx/hiview/test/plugins/examples_bundle/bundle_event_source_example/BUILD.gn	17	config	event_source_example_config	//base/hiviewdfx/hiview/test/plugins/examples_bundle/bundle_event_source_example:event_source_example_config	build-support	bundle-prefix
hiviewdfx	hiview	base/hiviewdfx/hiview	base/hiviewdfx/hiview/test/plugins/examples_bundle/bundle_event_source_example/BUILD.gn	21	ohos_source_set	bundle_event_source_example	//base/hiviewdfx/hiview/test/plugins/examples_bundle/bundle_event_source_example:bundle_event_source_example	test	bundle-prefix
hiviewdfx	hiview	base/hiviewdfx/hiview	base/hiviewdfx/hiview/test/plugins/examples_bundle/bundle_plugin_example1/BUILD.gn	15	config	bundle_example1_config	//base/hiviewdfx/hiview/test/plugins/examples_bundle/bundle_plugin_example1:bundle_example1_config	build-support	bundle-prefix
hiviewdfx	hiview	base/hiviewdfx/hiview	base/hiviewdfx/hiview/test/plugins/examples_bundle/bundle_plugin_example1/BUILD.gn	22	ohos_source_set	bundle_plugin_example1	//base/hiviewdfx/hiview/test/plugins/examples_bundle/bundle_plugin_example1:bundle_plugin_example1	test	bundle-prefix
hiviewdfx	hiview	base/hiviewdfx/hiview	base/hiviewdfx/hiview/test/plugins/examples_bundle/bundle_plugin_example2/BUILD.gn	15	ohos_source_set	bundle_plugin_example2	//base/hiviewdfx/hiview/test/plugins/examples_bundle/bundle_plugin_example2:bundle_plugin_example2	test	bundle-prefix
hiviewdfx	hiview	base/hiviewdfx/hiview	base/hiviewdfx/hiview/test/plugins/examples_bundle/bundle_plugin_example3/BUILD.gn	15	ohos_source_set	bundle_plugin_example3	//base/hiviewdfx/hiview/test/plugins/examples_bundle/bundle_plugin_example3:bundle_plugin_example3	test	bundle-prefix
hiviewdfx	hiview	base/hiviewdfx/hiview	base/hiviewdfx/hiview/test/plugins/examples/BUILD.gn	17	ohos_shared_library	bundletest	//base/hiviewdfx/hiview/test/plugins/examples:bundletest	test	bundle-prefix
hiviewdfx	hiview	base/hiviewdfx/hiview	base/hiviewdfx/hiview/test/plugins/examples/dynamic_load_plugin_example/BUILD.gn	15	ohos_shared_library	dynamicloadpluginexample	//base/hiviewdfx/hiview/test/plugins/examples/dynamic_load_plugin_example:dynamicloadpluginexample	test	bundle-prefix
hiviewdfx	hiview	base/hiviewdfx/hiview	base/hiviewdfx/hiview/test/plugins/examples/event_processor_example1/BUILD.gn	15	config	event_processor_example1_config	//base/hiviewdfx/hiview/test/plugins/examples/event_processor_example1:event_processor_example1_config	build-support	bundle-prefix
hiviewdfx	hiview	base/hiviewdfx/hiview	base/hiviewdfx/hiview/test/plugins/examples/event_processor_example1/BUILD.gn	19	ohos_source_set	event_processor_example1	//base/hiviewdfx/hiview/test/plugins/examples/event_processor_example1:event_processor_example1	test	bundle-prefix
hiviewdfx	hiview	base/hiviewdfx/hiview	base/hiviewdfx/hiview/test/plugins/examples/event_processor_example2/BUILD.gn	15	ohos_source_set	event_processor_example2	//base/hiviewdfx/hiview/test/plugins/examples/event_processor_example2:event_processor_example2	test	bundle-prefix
hiviewdfx	hiview	base/hiviewdfx/hiview	base/hiviewdfx/hiview/test/plugins/examples/event_processor_example3/BUILD.gn	15	ohos_source_set	event_processor_example3	//base/hiviewdfx/hiview/test/plugins/examples/event_processor_example3:event_processor_example3	test	bundle-prefix
hiviewdfx	hiview	base/hiviewdfx/hiview	base/hiviewdfx/hiview/test/plugins/examples/event_processor_example4/BUILD.gn	15	ohos_source_set	event_processor_example4	//base/hiviewdfx/hiview/test/plugins/examples/event_processor_example4:event_processor_example4	test	bundle-prefix
hiviewdfx	hiview	base/hiviewdfx/hiview	base/hiviewdfx/hiview/test/plugins/examples/event_processor_example5/BUILD.gn	15	ohos_source_set	event_processor_example5	//base/hiviewdfx/hiview/test/plugins/examples/event_processor_example5:event_processor_example5	test	bundle-prefix
hiviewdfx	hiview	base/hiviewdfx/hiview	base/hiviewdfx/hiview/test/plugins/examples/event_source_example/BUILD.gn	17	config	event_source_example_config	//base/hiviewdfx/hiview/test/plugins/examples/event_source_example:event_source_example_config	build-support	bundle-prefix
hiviewdfx	hiview	base/hiviewdfx/hiview	base/hiviewdfx/hiview/test/plugins/examples/event_source_example/BUILD.gn	21	ohos_source_set	event_source_example	//base/hiviewdfx/hiview/test/plugins/examples/event_source_example:event_source_example	test	bundle-prefix
hiviewdfx	hiview	base/hiviewdfx/hiview	base/hiviewdfx/hiview/test/plugins/test_plugin/BUILD.gn	15	ohos_shared_library	tracetest	//base/hiviewdfx/hiview/test/plugins/test_plugin:tracetest	test	bundle-prefix
hiviewdfx	hiview	base/hiviewdfx/hiview	base/hiviewdfx/hiview/test/unittest/unified_collection/client/BUILD.gn	17	config	ucollection_client_test_config	//base/hiviewdfx/hiview/test/unittest/unified_collection/client:ucollection_client_test_config	build-support	bundle-prefix
hiviewdfx	hiview	base/hiviewdfx/hiview	base/hiviewdfx/hiview/test/unittest/unified_collection/client/BUILD.gn	25	ohos_unittest	UCollectionClientUnitTest	//base/hiviewdfx/hiview/test/unittest/unified_collection/client:UCollectionClientUnitTest	test	bundle-prefix
hiviewdfx	hiview	base/hiviewdfx/hiview	base/hiviewdfx/hiview/test/unittest/unified_collection/utility/BUILD.gn	17	config	ucollection_utility_test_config	//base/hiviewdfx/hiview/test/unittest/unified_collection/utility:ucollection_utility_test_config	build-support	bundle-prefix
hiviewdfx	hiview	base/hiviewdfx/hiview	base/hiviewdfx/hiview/test/unittest/unified_collection/utility/BUILD.gn	28	ohos_unittest	UCollectionUtilityUnitTest	//base/hiviewdfx/hiview/test/unittest/unified_collection/utility:UCollectionUtilityUnitTest	test	bundle-prefix
hiviewdfx	hiview	base/hiviewdfx/hiview	base/hiviewdfx/hiview/test/unittest/unified_collection/utility/BUILD.gn	130	config	ucollection_trace_test_config	//base/hiviewdfx/hiview/test/unittest/unified_collection/utility:ucollection_trace_test_config	build-support	bundle-prefix
hiviewdfx	hiview	base/hiviewdfx/hiview	base/hiviewdfx/hiview/test/unittest/unified_collection/utility/BUILD.gn	144	ohos_unittest	UCollectionTraceUnitTest	//base/hiviewdfx/hiview/test/unittest/unified_collection/utility:UCollectionTraceUnitTest	test	bundle-prefix
hiviewdfx	hiview	base/hiviewdfx/hiview	base/hiviewdfx/hiview/utility/analysis_faultlog/BUILD.gn	17	ohos_executable	analysis_faultlog	//base/hiviewdfx/hiview/utility/analysis_faultlog:analysis_faultlog	production	bundle-prefix
hiviewdfx	hiview	base/hiviewdfx/hiview	base/hiviewdfx/hiview/utility/common_utils/BUILD.gn	17	config	hiview_reliability_common_utils_config	//base/hiviewdfx/hiview/utility/common_utils:hiview_reliability_common_utils_config	build-support	bundle-prefix
hiviewdfx	hiview	base/hiviewdfx/hiview	base/hiviewdfx/hiview/utility/common_utils/BUILD.gn	26	ohos_source_set	hiview_reliability_common_utils	//base/hiviewdfx/hiview/utility/common_utils:hiview_reliability_common_utils	production	bundle-prefix
hiviewdfx	hiview	base/hiviewdfx/hiview	base/hiviewdfx/hiview/utility/common_utils/BUILD.gn	50	ohos_source_set	hiview_reliability_common_utils_with_cfi	//base/hiviewdfx/hiview/utility/common_utils:hiview_reliability_common_utils_with_cfi	production	bundle-prefix
hiviewdfx	hiview	base/hiviewdfx/hiview	base/hiviewdfx/hiview/utility/common_utils/BUILD.gn	77	group	unittest	//base/hiviewdfx/hiview/utility/common_utils:unittest	test	bundle-prefix
hiviewdfx	hiview	base/hiviewdfx/hiview	base/hiviewdfx/hiview/utility/common_utils/test/BUILD.gn	19	group	unittest	//base/hiviewdfx/hiview/utility/common_utils/test:unittest	test	bundle-prefix
hiviewdfx	hiview	base/hiviewdfx/hiview	base/hiviewdfx/hiview/utility/common_utils/test/BUILD.gn	24	config	unittest_config	//base/hiviewdfx/hiview/utility/common_utils/test:unittest_config	build-support	bundle-prefix
hiviewdfx	hiview	base/hiviewdfx/hiview	base/hiviewdfx/hiview/utility/common_utils/test/BUILD.gn	37	ohos_unittest	UtilityCommonUtilsTest	//base/hiviewdfx/hiview/utility/common_utils/test:UtilityCommonUtilsTest	test	bundle-prefix
hiviewdfx	hiview	base/hiviewdfx/hiview	base/hiviewdfx/hiview/utility/smart_parser/BUILD.gn	17	config	smart_parser_config	//base/hiviewdfx/hiview/utility/smart_parser:smart_parser_config	build-support	bundle-prefix
hiviewdfx	hiview	base/hiviewdfx/hiview	base/hiviewdfx/hiview/utility/smart_parser/BUILD.gn	29	ohos_source_set	smart_parser	//base/hiviewdfx/hiview/utility/smart_parser:smart_parser	production	bundle-prefix
hiviewdfx	hiview	base/hiviewdfx/hiview	base/hiviewdfx/hiview/utility/smart_parser/BUILD.gn	55	ohos_source_set	smart_parser_with_cfi	//base/hiviewdfx/hiview/utility/smart_parser:smart_parser_with_cfi	production	bundle-prefix
hiviewdfx	hiview	base/hiviewdfx/hiview	base/hiviewdfx/hiview/utility/smart_parser/BUILD.gn	88	group	moduletest	//base/hiviewdfx/hiview/utility/smart_parser:moduletest	test	bundle-prefix
hiviewdfx	hiview	base/hiviewdfx/hiview	base/hiviewdfx/hiview/utility/smart_parser/config/BUILD.gn	17	group	config	//base/hiviewdfx/hiview/utility/smart_parser/config:config	aggregate-codegen	bundle-prefix
hiviewdfx	hiview	base/hiviewdfx/hiview	base/hiviewdfx/hiview/utility/smart_parser/config/BUILD.gn	24	ohos_prebuilt_etc	composeRule.json	//base/hiviewdfx/hiview/utility/smart_parser/config:composeRule.json	production	bundle-prefix
hiviewdfx	hiview	base/hiviewdfx/hiview	base/hiviewdfx/hiview/utility/smart_parser/config/BUILD.gn	31	ohos_prebuilt_etc	extractRule.json	//base/hiviewdfx/hiview/utility/smart_parser/config:extractRule.json	production	bundle-prefix
hiviewdfx	hiview	base/hiviewdfx/hiview	base/hiviewdfx/hiview/utility/smart_parser/test/BUILD.gn	20	config	smart_parser_test_config	//base/hiviewdfx/hiview/utility/smart_parser/test:smart_parser_test_config	build-support	bundle-prefix
hiviewdfx	hiview	base/hiviewdfx/hiview	base/hiviewdfx/hiview/utility/smart_parser/test/BUILD.gn	30	ohos_moduletest	SmartParserModuleTest	//base/hiviewdfx/hiview/utility/smart_parser/test:SmartParserModuleTest	test	bundle-prefix
hiviewdfx	hiview	base/hiviewdfx/hiview	base/hiviewdfx/hiview/utility/test/BUILD.gn	17	ohos_unittest	SmartParserUnitTest	//base/hiviewdfx/hiview/utility/test:SmartParserUnitTest	test	bundle-prefix
hiviewdfx	hiview	base/hiviewdfx/hiview	base/hiviewdfx/hiview/utility/test/BUILD.gn	51	group	unittest	//base/hiviewdfx/hiview/utility/test:unittest	test	bundle-prefix
hiviewdfx	hiview_lite	base/hiviewdfx/hiview_lite	base/hiviewdfx/hiview_lite/BUILD.gn	30	config	hiview_lite_config	//base/hiviewdfx/hiview_lite:hiview_lite_config	build-support	bundle-prefix
hiviewdfx	hiview_lite	base/hiviewdfx/hiview_lite	base/hiviewdfx/hiview_lite/BUILD.gn	41	static_library	hiview_lite_static	//base/hiviewdfx/hiview_lite:hiview_lite_static	production	bundle-prefix
hiviewdfx	hiview_lite	base/hiviewdfx/hiview_lite	base/hiviewdfx/hiview_lite/BUILD.gn	79	group	hiview_lite	//base/hiviewdfx/hiview_lite:hiview_lite	aggregate-codegen	bundle-prefix
hiviewdfx	hiviewdfx_cangjie_wrapper	base/hiviewdfx/hiviewdfx_cangjie_wrapper	base/hiviewdfx/hiviewdfx_cangjie_wrapper/BUILD.gn	26	copy_ohos_cangjie_sdk_api_lib	copy_sdk_hiviewdfx_cangjie_libs	//base/hiviewdfx/hiviewdfx_cangjie_wrapper:copy_sdk_hiviewdfx_cangjie_libs	aggregate-codegen	bundle-prefix
hiviewdfx	hiviewdfx_cangjie_wrapper	base/hiviewdfx/hiviewdfx_cangjie_wrapper	base/hiviewdfx/hiviewdfx_cangjie_wrapper/kit/PerformanceAnalysisKit/BUILD.gn	19	ohos_cangjie_shared_library	kit.PerformanceAnalysisKit	//base/hiviewdfx/hiviewdfx_cangjie_wrapper/kit/PerformanceAnalysisKit:kit.PerformanceAnalysisKit	production	bundle-prefix
hiviewdfx	hiviewdfx_cangjie_wrapper	base/hiviewdfx/hiviewdfx_cangjie_wrapper	base/hiviewdfx/hiviewdfx_cangjie_wrapper/ohos/hi_trace_meter/BUILD.gn	19	ohos_cangjie_shared_library	ohos.hi_trace_meter	//base/hiviewdfx/hiviewdfx_cangjie_wrapper/ohos/hi_trace_meter:ohos.hi_trace_meter	production	bundle-prefix
hiviewdfx	hiviewdfx_cangjie_wrapper	base/hiviewdfx/hiviewdfx_cangjie_wrapper	base/hiviewdfx/hiviewdfx_cangjie_wrapper/ohos/hilog/BUILD.gn	19	ohos_cangjie_shared_library	ohos.hilog	//base/hiviewdfx/hiviewdfx_cangjie_wrapper/ohos/hilog:ohos.hilog	production	bundle-prefix
hiviewdfx	hiviewdfx_cangjie_wrapper	base/hiviewdfx/hiviewdfx_cangjie_wrapper	base/hiviewdfx/hiviewdfx_cangjie_wrapper/ohos/hiviewdfx/BUILD.gn	19	ohos_cangjie_shared_library	ohos.hiviewdfx	//base/hiviewdfx/hiviewdfx_cangjie_wrapper/ohos/hiviewdfx:ohos.hiviewdfx	production	bundle-prefix
hiviewdfx	hiviewdfx_cangjie_wrapper	base/hiviewdfx/hiviewdfx_cangjie_wrapper	base/hiviewdfx/hiviewdfx_cangjie_wrapper/ohos/hiviewdfx/hi_app_event/BUILD.gn	19	ohos_cangjie_shared_library	ohos.hiviewdfx.hi_app_event	//base/hiviewdfx/hiviewdfx_cangjie_wrapper/ohos/hiviewdfx/hi_app_event:ohos.hiviewdfx.hi_app_event	production	bundle-prefix
